ISO-10303-21;
HEADER;
FILE_DESCRIPTION(('Open CASCADE Model'),'2;1');
FILE_NAME('Open CASCADE Shape Model','2026-09-05T11:48:16',('Author'),(
    'Open CASCADE'),'Open CASCADE STEP processor 7.9','Open CASCADE 7.9'
  ,'Unknown');
FILE_SCHEMA(('AUTOMOTIVE_DESIGN { 1 0 10303 214 1 1 1 1 }'));
ENDSEC;
DATA;
#1 = APPLICATION_PROTOCOL_DEFINITION('international standard',
  'automotive_design',2000,#2);
#2 = APPLICATION_CONTEXT(
  'core data for automotive mechanical design processes');
#3 = SHAPE_DEFINITION_REPRESENTATION(#4,#10);
#4 = PRODUCT_DEFINITION_SHAPE('','',#5);
#5 = PRODUCT_DEFINITION('design','',#6,#9);
#6 = PRODUCT_DEFINITION_FORMATION('','',#7);
#7 = PRODUCT('Open CASCADE STEP translator 7.9 3',
  'Open CASCADE STEP translator 7.9 3','',(#8));
#8 = PRODUCT_CONTEXT('',#2,'mechanical');
#9 = PRODUCT_DEFINITION_CONTEXT('part definition',#2,'design');
#10 = ADVANCED_BREP_SHAPE_REPRESENTATION('',(#11,#15),#13478);
#11 = AXIS2_PLACEMENT_3D('',#12,#13,#14);
#12 = CARTESIAN_POINT('',(0.,0.,0.));
#13 = DIRECTION('',(0.,0.,1.));
#14 = DIRECTION('',(1.,0.,-0.));
#15 = MANIFOLD_SOLID_BREP('',#16);
#16 = CLOSED_SHELL('',(#17,#215,#601,#679,#755,#828,#1279,#1356,#2154,
    #2213,#2217,#2276,#2280,#2339,#2343,#2402,#2406,#2465,#2469,#2528,
    #2532,#2591,#2595,#2654,#2658,#2717,#2721,#2780,#2784,#2843,#2847,
    #2906,#2910,#2969,#2973,#3032,#3036,#3095,#3099,#3158,#3162,#3221,
    #3225,#3284,#3288,#3347,#3351,#3410,#3414,#3441,#3468,#3495,#3522,
    #3549,#3576,#3583,#3660,#4387,#4507,#4655,#5088,#5160,#5209,#5259,
    #5393,#5585,#5768,#6114,#6202,#6573,#6896,#7170,#7463,#7722,#8179,
    #8322,#8446,#8575,#8651,#8779,#8828,#8939,#9015,#9145,#9217,#9267,
    #9294,#9346,#9395,#9445,#9452,#9477,#9502,#9531,#9556,#9587,#9615,
    #9640,#9669,#9694,#9763,#9791,#9875,#9947,#9974,#10002,#10029,#10116
    ,#10143,#10170,#10225,#10275,#10924,#11010,#11469,#11555,#11748,
    #11775,#11802,#11829,#11856,#11883,#11910,#11917,#11944,#11971,
    #11998,#12025,#12052,#12079,#12086,#12162,#12365,#12392,#12419,
    #12446,#12473,#12500,#12527,#12534,#12609,#12636,#12663,#12928,
    #13005,#13183,#13210,#13237,#13264,#13291,#13318,#13345,#13352,
    #13379,#13406,#13433,#13471));
#17 = ADVANCED_FACE('',(#18),#32,.T.);
#18 = FACE_BOUND('',#19,.F.);
#19 = EDGE_LOOP('',(#20,#55,#83,#122,#150,#189));
#20 = ORIENTED_EDGE('',*,*,#21,.F.);
#21 = EDGE_CURVE('',#22,#24,#26,.T.);
#22 = VERTEX_POINT('',#23);
#23 = CARTESIAN_POINT('',(20.25,26.590970726667,41.673826819612));
#24 = VERTEX_POINT('',#25);
#25 = CARTESIAN_POINT('',(-20.25,26.590970726667,41.673826819612));
#26 = SURFACE_CURVE('',#27,(#31,#43),.PCURVE_S1.);
#27 = LINE('',#28,#29);
#28 = CARTESIAN_POINT('',(30.,26.590970726667,41.673826819612));
#29 = VECTOR('',#30,1.);
#30 = DIRECTION('',(-1.,-0.,-0.));
#31 = PCURVE('',#32,#37);
#32 = PLANE('',#33);
#33 = AXIS2_PLACEMENT_3D('',#34,#35,#36);
#34 = CARTESIAN_POINT('',(30.,37.661650403704,20.384058209926));
#35 = DIRECTION('',(-0.,-0.887216801235,-0.461352736642));
#36 = DIRECTION('',(0.,0.461352736642,-0.887216801235));
#37 = DEFINITIONAL_REPRESENTATION('',(#38),#42);
#38 = LINE('',#39,#40);
#39 = CARTESIAN_POINT('',(-23.99612877039,0.));
#40 = VECTOR('',#41,1.);
#41 = DIRECTION('',(-0.,-1.));
#42 = ( GEOMETRIC_REPRESENTATION_CONTEXT(2) 
PARAMETRIC_REPRESENTATION_CONTEXT() REPRESENTATION_CONTEXT('2D SPACE',''
  ) );
#43 = PCURVE('',#44,#49);
#44 = CYLINDRICAL_SURFACE('',#45,15.879765304335);
#45 = AXIS2_PLACEMENT_3D('',#46,#47,#48);
#46 = CARTESIAN_POINT('',(30.,40.679765304335,49.));
#47 = DIRECTION('',(1.,-0.,-0.));
#48 = DIRECTION('',(0.,-0.887216801235,-0.461352736642));
#49 = DEFINITIONAL_REPRESENTATION('',(#50),#54);
#50 = LINE('',#51,#52);
#51 = CARTESIAN_POINT('',(-0.,0.));
#52 = VECTOR('',#53,1.);
#53 = DIRECTION('',(-0.,-1.));
#54 = ( GEOMETRIC_REPRESENTATION_CONTEXT(2) 
PARAMETRIC_REPRESENTATION_CONTEXT() REPRESENTATION_CONTEXT('2D SPACE',''
  ) );
#55 = ORIENTED_EDGE('',*,*,#56,.T.);
#56 = EDGE_CURVE('',#22,#57,#59,.T.);
#57 = VERTEX_POINT('',#58);
#58 = CARTESIAN_POINT('',(20.25,34.325360672865,26.8));
#59 = SURFACE_CURVE('',#60,(#64,#71),.PCURVE_S1.);
#60 = LINE('',#61,#62);
#61 = CARTESIAN_POINT('',(20.25,7.191877103956,78.979776094057));
#62 = VECTOR('',#63,1.);
#63 = DIRECTION('',(-0.,0.461352736642,-0.887216801235));
#64 = PCURVE('',#32,#65);
#65 = DEFINITIONAL_REPRESENTATION('',(#66),#70);
#66 = LINE('',#67,#68);
#67 = CARTESIAN_POINT('',(-66.0444186839,-9.75));
#68 = VECTOR('',#69,1.);
#69 = DIRECTION('',(1.,-0.));
#70 = ( GEOMETRIC_REPRESENTATION_CONTEXT(2) 
PARAMETRIC_REPRESENTATION_CONTEXT() REPRESENTATION_CONTEXT('2D SPACE',''
  ) );
#71 = PCURVE('',#72,#77);
#72 = PLANE('',#73);
#73 = AXIS2_PLACEMENT_3D('',#74,#75,#76);
#74 = CARTESIAN_POINT('',(20.25,16.,158.));
#75 = DIRECTION('',(1.,-0.,-0.));
#76 = DIRECTION('',(0.,0.,1.));
#77 = DEFINITIONAL_REPRESENTATION('',(#78),#82);
#78 = LINE('',#79,#80);
#79 = CARTESIAN_POINT('',(-79.02022390594,8.808122896044));
#80 = VECTOR('',#81,1.);
#81 = DIRECTION('',(-0.887216801235,-0.461352736642));
#82 = ( GEOMETRIC_REPRESENTATION_CONTEXT(2) 
PARAMETRIC_REPRESENTATION_CONTEXT() REPRESENTATION_CONTEXT('2D SPACE',''
  ) );
#83 = ORIENTED_EDGE('',*,*,#84,.T.);
#84 = EDGE_CURVE('',#57,#85,#87,.T.);
#85 = VERTEX_POINT('',#86);
#86 = CARTESIAN_POINT('',(16.45,36.301360672865,23.));
#87 = SURFACE_CURVE('',#88,(#93,#104),.PCURVE_S1.);
#88 = ELLIPSE('',#89,4.283056852296,3.8);
#89 = AXIS2_PLACEMENT_3D('',#90,#91,#92);
#90 = CARTESIAN_POINT('',(16.45,34.325360672865,26.8));
#91 = DIRECTION('',(-0.,0.887216801235,0.461352736642));
#92 = DIRECTION('',(-0.,0.461352736642,-0.887216801235));
#93 = PCURVE('',#32,#94);
#94 = DEFINITIONAL_REPRESENTATION('',(#95),#103);
#95 = ( BOUNDED_CURVE() B_SPLINE_CURVE(2,(#96,#97,#98,#99,#100,#101,#102
),.UNSPECIFIED.,.T.,.F.) B_SPLINE_CURVE_WITH_KNOTS((1,2,2,2,2,1),(
    -2.094395102393,0.,2.094395102393,4.188790204786,6.28318530718,
8.377580409573),.UNSPECIFIED.) CURVE() GEOMETRIC_REPRESENTATION_ITEM() 
RATIONAL_B_SPLINE_CURVE((1.,0.5,1.,0.5,1.,0.5,1.)) REPRESENTATION_ITEM(
  '') );
#96 = CARTESIAN_POINT('',(-2.948480897154,-13.55));
#97 = CARTESIAN_POINT('',(-2.948480897154,-20.13179306876));
#98 = CARTESIAN_POINT('',(-9.373066175598,-16.84089653438));
#99 = CARTESIAN_POINT('',(-15.79765145404,-13.55));
#100 = CARTESIAN_POINT('',(-9.373066175598,-10.25910346561));
#101 = CARTESIAN_POINT('',(-2.948480897154,-6.968206931238));
#102 = CARTESIAN_POINT('',(-2.948480897154,-13.55));
#103 = ( GEOMETRIC_REPRESENTATION_CONTEXT(2) 
PARAMETRIC_REPRESENTATION_CONTEXT() REPRESENTATION_CONTEXT('2D SPACE',''
  ) );
#104 = PCURVE('',#105,#110);
#105 = CYLINDRICAL_SURFACE('',#106,3.8);
#106 = AXIS2_PLACEMENT_3D('',#107,#108,#109);
#107 = CARTESIAN_POINT('',(16.45,16.,26.8));
#108 = DIRECTION('',(-0.,1.,-0.));
#109 = DIRECTION('',(-0.,-0.,-1.));
#110 = DEFINITIONAL_REPRESENTATION('',(#111),#121);
#111 = B_SPLINE_CURVE_WITH_KNOTS('',8,(#112,#113,#114,#115,#116,#117,
    #118,#119,#120),.UNSPECIFIED.,.F.,.F.,(9,9),(4.712388980385,
    6.28318530718),.PIECEWISE_BEZIER_KNOTS.);
#112 = CARTESIAN_POINT('',(-1.570796326795,18.325360672865));
#113 = CARTESIAN_POINT('',(-1.374446785946,18.713347365584));
#114 = CARTESIAN_POINT('',(-1.178097245096,19.101334150399));
#115 = CARTESIAN_POINT('',(-0.981747704244,19.466526877072));
#116 = CARTESIAN_POINT('',(-0.785398163398,19.786135963869));
#117 = CARTESIAN_POINT('',(-0.589048622545,20.040169132474));
#118 = CARTESIAN_POINT('',(-0.392699081699,20.21429657949));
#119 = CARTESIAN_POINT('',(-0.196349540849,20.301360672865));
#120 = CARTESIAN_POINT('',(0.,20.301360672865));
#121 = ( GEOMETRIC_REPRESENTATION_CONTEXT(2) 
PARAMETRIC_REPRESENTATION_CONTEXT() REPRESENTATION_CONTEXT('2D SPACE',''
  ) );
#122 = ORIENTED_EDGE('',*,*,#123,.T.);
#123 = EDGE_CURVE('',#85,#124,#126,.T.);
#124 = VERTEX_POINT('',#125);
#125 = CARTESIAN_POINT('',(-16.45,36.301360672865,23.));
#126 = SURFACE_CURVE('',#127,(#131,#138),.PCURVE_S1.);
#127 = LINE('',#128,#129);
#128 = CARTESIAN_POINT('',(25.125,36.301360672865,23.));
#129 = VECTOR('',#130,1.);
#130 = DIRECTION('',(-1.,-0.,-0.));
#131 = PCURVE('',#32,#132);
#132 = DEFINITIONAL_REPRESENTATION('',(#133),#137);
#133 = LINE('',#134,#135);
#134 = CARTESIAN_POINT('',(-2.948480897154,-4.875));
#135 = VECTOR('',#136,1.);
#136 = DIRECTION('',(-0.,-1.));
#137 = ( GEOMETRIC_REPRESENTATION_CONTEXT(2) 
PARAMETRIC_REPRESENTATION_CONTEXT() REPRESENTATION_CONTEXT('2D SPACE',''
  ) );
#138 = PCURVE('',#139,#144);
#139 = PLANE('',#140);
#140 = AXIS2_PLACEMENT_3D('',#141,#142,#143);
#141 = CARTESIAN_POINT('',(20.25,16.,23.));
#142 = DIRECTION('',(-0.,-0.,-1.));
#143 = DIRECTION('',(1.,0.,0.));
#144 = DEFINITIONAL_REPRESENTATION('',(#145),#149);
#145 = LINE('',#146,#147);
#146 = CARTESIAN_POINT('',(4.875,-20.30136067286));
#147 = VECTOR('',#148,1.);
#148 = DIRECTION('',(-1.,0.));
#149 = ( GEOMETRIC_REPRESENTATION_CONTEXT(2) 
PARAMETRIC_REPRESENTATION_CONTEXT() REPRESENTATION_CONTEXT('2D SPACE',''
  ) );
#150 = ORIENTED_EDGE('',*,*,#151,.T.);
#151 = EDGE_CURVE('',#124,#152,#154,.T.);
#152 = VERTEX_POINT('',#153);
#153 = CARTESIAN_POINT('',(-20.25,34.325360672865,26.8));
#154 = SURFACE_CURVE('',#155,(#160,#171),.PCURVE_S1.);
#155 = ELLIPSE('',#156,4.283056852296,3.8);
#156 = AXIS2_PLACEMENT_3D('',#157,#158,#159);
#157 = CARTESIAN_POINT('',(-16.45,34.325360672865,26.8));
#158 = DIRECTION('',(-0.,0.887216801235,0.461352736642));
#159 = DIRECTION('',(-0.,0.461352736642,-0.887216801235));
#160 = PCURVE('',#32,#161);
#161 = DEFINITIONAL_REPRESENTATION('',(#162),#170);
#162 = ( BOUNDED_CURVE() B_SPLINE_CURVE(2,(#163,#164,#165,#166,#167,#168
,#169),.UNSPECIFIED.,.T.,.F.) B_SPLINE_CURVE_WITH_KNOTS((1,2,2,2,2,1),(
    -2.094395102393,0.,2.094395102393,4.188790204786,6.28318530718,
8.377580409573),.UNSPECIFIED.) CURVE() GEOMETRIC_REPRESENTATION_ITEM() 
RATIONAL_B_SPLINE_CURVE((1.,0.5,1.,0.5,1.,0.5,1.)) REPRESENTATION_ITEM(
  '') );
#163 = CARTESIAN_POINT('',(-2.948480897154,-46.45));
#164 = CARTESIAN_POINT('',(-2.948480897154,-53.03179306876));
#165 = CARTESIAN_POINT('',(-9.373066175598,-49.74089653438));
#166 = CARTESIAN_POINT('',(-15.79765145404,-46.45));
#167 = CARTESIAN_POINT('',(-9.373066175598,-43.15910346561));
#168 = CARTESIAN_POINT('',(-2.948480897154,-39.86820693123));
#169 = CARTESIAN_POINT('',(-2.948480897154,-46.45));
#170 = ( GEOMETRIC_REPRESENTATION_CONTEXT(2) 
PARAMETRIC_REPRESENTATION_CONTEXT() REPRESENTATION_CONTEXT('2D SPACE',''
  ) );
#171 = PCURVE('',#172,#177);
#172 = CYLINDRICAL_SURFACE('',#173,3.8);
#173 = AXIS2_PLACEMENT_3D('',#174,#175,#176);
#174 = CARTESIAN_POINT('',(-16.45,16.,26.8));
#175 = DIRECTION('',(-0.,1.,-0.));
#176 = DIRECTION('',(-0.,-0.,-1.));
#177 = DEFINITIONAL_REPRESENTATION('',(#178),#188);
#178 = B_SPLINE_CURVE_WITH_KNOTS('',8,(#179,#180,#181,#182,#183,#184,
    #185,#186,#187),.UNSPECIFIED.,.F.,.F.,(9,9),(1.135381031785E-17,
    1.570796326795),.PIECEWISE_BEZIER_KNOTS.);
#179 = CARTESIAN_POINT('',(0.,20.301360672865));
#180 = CARTESIAN_POINT('',(0.196349540849,20.301360672865));
#181 = CARTESIAN_POINT('',(0.392699081699,20.21429657949));
#182 = CARTESIAN_POINT('',(0.589048622546,20.040169132491));
#183 = CARTESIAN_POINT('',(0.785398163398,19.786135963819));
#184 = CARTESIAN_POINT('',(0.981747704245,19.466526877064));
#185 = CARTESIAN_POINT('',(1.178097245096,19.101334150396));
#186 = CARTESIAN_POINT('',(1.374446785946,18.713347365584));
#187 = CARTESIAN_POINT('',(1.570796326795,18.325360672865));
#188 = ( GEOMETRIC_REPRESENTATION_CONTEXT(2) 
PARAMETRIC_REPRESENTATION_CONTEXT() REPRESENTATION_CONTEXT('2D SPACE',''
  ) );
#189 = ORIENTED_EDGE('',*,*,#190,.T.);
#190 = EDGE_CURVE('',#152,#24,#191,.T.);
#191 = SURFACE_CURVE('',#192,(#196,#203),.PCURVE_S1.);
#192 = LINE('',#193,#194);
#193 = CARTESIAN_POINT('',(-20.25,34.820970302948,25.846904557533));
#194 = VECTOR('',#195,1.);
#195 = DIRECTION('',(-0.,-0.461352736642,0.887216801235));
#196 = PCURVE('',#32,#197);
#197 = DEFINITIONAL_REPRESENTATION('',(#198),#202);
#198 = LINE('',#199,#200);
#199 = CARTESIAN_POINT('',(-6.157284600568,-50.25));
#200 = VECTOR('',#201,1.);
#201 = DIRECTION('',(-1.,0.));
#202 = ( GEOMETRIC_REPRESENTATION_CONTEXT(2) 
PARAMETRIC_REPRESENTATION_CONTEXT() REPRESENTATION_CONTEXT('2D SPACE',''
  ) );
#203 = PCURVE('',#204,#209);
#204 = PLANE('',#205);
#205 = AXIS2_PLACEMENT_3D('',#206,#207,#208);
#206 = CARTESIAN_POINT('',(-20.25,16.,23.));
#207 = DIRECTION('',(-1.,-0.,-0.));
#208 = DIRECTION('',(0.,0.,-1.));
#209 = DEFINITIONAL_REPRESENTATION('',(#210),#214);
#210 = LINE('',#211,#212);
#211 = CARTESIAN_POINT('',(-2.846904557533,-18.82097030294));
#212 = VECTOR('',#213,1.);
#213 = DIRECTION('',(-0.887216801235,0.461352736642));
#214 = ( GEOMETRIC_REPRESENTATION_CONTEXT(2) 
PARAMETRIC_REPRESENTATION_CONTEXT() REPRESENTATION_CONTEXT('2D SPACE',''
  ) );
#215 = ADVANCED_FACE('',(#216),#72,.T.);
#216 = FACE_BOUND('',#217,.F.);
#217 = EDGE_LOOP('',(#218,#248,#276,#304,#337,#370,#398,#431,#459,#480,
    #481,#509,#537,#570));
#218 = ORIENTED_EDGE('',*,*,#219,.F.);
#219 = EDGE_CURVE('',#220,#222,#224,.T.);
#220 = VERTEX_POINT('',#221);
#221 = CARTESIAN_POINT('',(20.25,32.6,154.2));
#222 = VERTEX_POINT('',#223);
#223 = CARTESIAN_POINT('',(20.25,32.6,138.));
#224 = SURFACE_CURVE('',#225,(#229,#236),.PCURVE_S1.);
#225 = LINE('',#226,#227);
#226 = CARTESIAN_POINT('',(20.25,32.6,148.));
#227 = VECTOR('',#228,1.);
#228 = DIRECTION('',(-0.,-0.,-1.));
#229 = PCURVE('',#72,#230);
#230 = DEFINITIONAL_REPRESENTATION('',(#231),#235);
#231 = LINE('',#232,#233);
#232 = CARTESIAN_POINT('',(-10.,-16.6));
#233 = VECTOR('',#234,1.);
#234 = DIRECTION('',(-1.,0.));
#235 = ( GEOMETRIC_REPRESENTATION_CONTEXT(2) 
PARAMETRIC_REPRESENTATION_CONTEXT() REPRESENTATION_CONTEXT('2D SPACE',''
  ) );
#236 = PCURVE('',#237,#242);
#237 = PLANE('',#238);
#238 = AXIS2_PLACEMENT_3D('',#239,#240,#241);
#239 = CARTESIAN_POINT('',(30.,32.6,138.));
#240 = DIRECTION('',(-0.,-1.,-0.));
#241 = DIRECTION('',(0.,0.,-1.));
#242 = DEFINITIONAL_REPRESENTATION('',(#243),#247);
#243 = LINE('',#244,#245);
#244 = CARTESIAN_POINT('',(-10.,-9.75));
#245 = VECTOR('',#246,1.);
#246 = DIRECTION('',(1.,-0.));
#247 = ( GEOMETRIC_REPRESENTATION_CONTEXT(2) 
PARAMETRIC_REPRESENTATION_CONTEXT() REPRESENTATION_CONTEXT('2D SPACE',''
  ) );
#248 = ORIENTED_EDGE('',*,*,#249,.T.);
#249 = EDGE_CURVE('',#220,#250,#252,.T.);
#250 = VERTEX_POINT('',#251);
#251 = CARTESIAN_POINT('',(20.25,34.25,154.2));
#252 = SURFACE_CURVE('',#253,(#257,#264),.PCURVE_S1.);
#253 = LINE('',#254,#255);
#254 = CARTESIAN_POINT('',(20.25,16.,154.2));
#255 = VECTOR('',#256,1.);
#256 = DIRECTION('',(-0.,1.,-0.));
#257 = PCURVE('',#72,#258);
#258 = DEFINITIONAL_REPRESENTATION('',(#259),#263);
#259 = LINE('',#260,#261);
#260 = CARTESIAN_POINT('',(-3.8,0.));
#261 = VECTOR('',#262,1.);
#262 = DIRECTION('',(-0.,-1.));
#263 = ( GEOMETRIC_REPRESENTATION_CONTEXT(2) 
PARAMETRIC_REPRESENTATION_CONTEXT() REPRESENTATION_CONTEXT('2D SPACE',''
  ) );
#264 = PCURVE('',#265,#270);
#265 = CYLINDRICAL_SURFACE('',#266,3.8);
#266 = AXIS2_PLACEMENT_3D('',#267,#268,#269);
#267 = CARTESIAN_POINT('',(16.45,16.,154.2));
#268 = DIRECTION('',(-0.,1.,-0.));
#269 = DIRECTION('',(-0.,-0.,1.));
#270 = DEFINITIONAL_REPRESENTATION('',(#271),#275);
#271 = LINE('',#272,#273);
#272 = CARTESIAN_POINT('',(1.570796326795,0.));
#273 = VECTOR('',#274,1.);
#274 = DIRECTION('',(0.,1.));
#275 = ( GEOMETRIC_REPRESENTATION_CONTEXT(2) 
PARAMETRIC_REPRESENTATION_CONTEXT() REPRESENTATION_CONTEXT('2D SPACE',''
  ) );
#276 = ORIENTED_EDGE('',*,*,#277,.T.);
#277 = EDGE_CURVE('',#250,#278,#280,.T.);
#278 = VERTEX_POINT('',#279);
#279 = CARTESIAN_POINT('',(20.25,34.25,138.));
#280 = SURFACE_CURVE('',#281,(#285,#292),.PCURVE_S1.);
#281 = LINE('',#282,#283);
#282 = CARTESIAN_POINT('',(20.25,34.25,148.));
#283 = VECTOR('',#284,1.);
#284 = DIRECTION('',(-0.,-0.,-1.));
#285 = PCURVE('',#72,#286);
#286 = DEFINITIONAL_REPRESENTATION('',(#287),#291);
#287 = LINE('',#288,#289);
#288 = CARTESIAN_POINT('',(-10.,-18.25));
#289 = VECTOR('',#290,1.);
#290 = DIRECTION('',(-1.,0.));
#291 = ( GEOMETRIC_REPRESENTATION_CONTEXT(2) 
PARAMETRIC_REPRESENTATION_CONTEXT() REPRESENTATION_CONTEXT('2D SPACE',''
  ) );
#292 = PCURVE('',#293,#298);
#293 = PLANE('',#294);
#294 = AXIS2_PLACEMENT_3D('',#295,#296,#297);
#295 = CARTESIAN_POINT('',(30.,34.25,138.));
#296 = DIRECTION('',(-0.,-1.,-0.));
#297 = DIRECTION('',(0.,0.,-1.));
#298 = DEFINITIONAL_REPRESENTATION('',(#299),#303);
#299 = LINE('',#300,#301);
#300 = CARTESIAN_POINT('',(-10.,-9.75));
#301 = VECTOR('',#302,1.);
#302 = DIRECTION('',(1.,-0.));
#303 = ( GEOMETRIC_REPRESENTATION_CONTEXT(2) 
PARAMETRIC_REPRESENTATION_CONTEXT() REPRESENTATION_CONTEXT('2D SPACE',''
  ) );
#304 = ORIENTED_EDGE('',*,*,#305,.T.);
#305 = EDGE_CURVE('',#278,#306,#308,.T.);
#306 = VERTEX_POINT('',#307);
#307 = CARTESIAN_POINT('',(20.25,30.35,129.));
#308 = SURFACE_CURVE('',#309,(#314,#325),.PCURVE_S1.);
#309 = CIRCLE('',#310,12.334615384615);
#310 = AXIS2_PLACEMENT_3D('',#311,#312,#313);
#311 = CARTESIAN_POINT('',(20.25,21.915384615385,138.));
#312 = DIRECTION('',(-1.,0.,0.));
#313 = DIRECTION('',(-0.,0.683816651076,-0.729653882133));
#314 = PCURVE('',#72,#315);
#315 = DEFINITIONAL_REPRESENTATION('',(#316),#324);
#316 = ( BOUNDED_CURVE() B_SPLINE_CURVE(2,(#317,#318,#319,#320,#321,#322
,#323),.UNSPECIFIED.,.T.,.F.) B_SPLINE_CURVE_WITH_KNOTS((1,2,2,2,2,1),(
    -2.094395102393,0.,2.094395102393,4.188790204786,6.28318530718,
8.377580409573),.UNSPECIFIED.) CURVE() GEOMETRIC_REPRESENTATION_ITEM() 
RATIONAL_B_SPLINE_CURVE((1.,0.5,1.,0.5,1.,0.5,1.)) REPRESENTATION_ITEM(
  '') );
#317 = CARTESIAN_POINT('',(-29.,-14.35));
#318 = CARTESIAN_POINT('',(-43.60918238845,1.23845726812));
#319 = CARTESIAN_POINT('',(-22.80459119422,6.096151710983));
#320 = CARTESIAN_POINT('',(-2.,10.953846153846));
#321 = CARTESIAN_POINT('',(-8.195408805772,-9.492305557137));
#322 = CARTESIAN_POINT('',(-14.39081761154,-29.93845726812));
#323 = CARTESIAN_POINT('',(-29.,-14.35));
#324 = ( GEOMETRIC_REPRESENTATION_CONTEXT(2) 
PARAMETRIC_REPRESENTATION_CONTEXT() REPRESENTATION_CONTEXT('2D SPACE',''
  ) );
#325 = PCURVE('',#326,#331);
#326 = CYLINDRICAL_SURFACE('',#327,12.334615384615);
#327 = AXIS2_PLACEMENT_3D('',#328,#329,#330);
#328 = CARTESIAN_POINT('',(30.,21.915384615385,138.));
#329 = DIRECTION('',(1.,-0.,-0.));
#330 = DIRECTION('',(-0.,0.683816651076,-0.729653882133));
#331 = DEFINITIONAL_REPRESENTATION('',(#332),#336);
#332 = LINE('',#333,#334);
#333 = CARTESIAN_POINT('',(6.28318530718,-9.75));
#334 = VECTOR('',#335,1.);
#335 = DIRECTION('',(-1.,0.));
#336 = ( GEOMETRIC_REPRESENTATION_CONTEXT(2) 
PARAMETRIC_REPRESENTATION_CONTEXT() REPRESENTATION_CONTEXT('2D SPACE',''
  ) );
#337 = ORIENTED_EDGE('',*,*,#338,.F.);
#338 = EDGE_CURVE('',#339,#306,#341,.T.);
#339 = VERTEX_POINT('',#340);
#340 = CARTESIAN_POINT('',(20.25,26.45,120.));
#341 = SURFACE_CURVE('',#342,(#347,#358),.PCURVE_S1.);
#342 = CIRCLE('',#343,12.334615384615);
#343 = AXIS2_PLACEMENT_3D('',#344,#345,#346);
#344 = CARTESIAN_POINT('',(20.25,38.784615384615,120.));
#345 = DIRECTION('',(-1.,0.,-0.));
#346 = DIRECTION('',(0.,-1.,-1.152111701264E-15));
#347 = PCURVE('',#72,#348);
#348 = DEFINITIONAL_REPRESENTATION('',(#349),#357);
#349 = ( BOUNDED_CURVE() B_SPLINE_CURVE(2,(#350,#351,#352,#353,#354,#355
,#356),.UNSPECIFIED.,.T.,.F.) B_SPLINE_CURVE_WITH_KNOTS((1,2,2,2,2,1),(
    -2.094395102393,0.,2.094395102393,4.188790204786,6.28318530718,
8.377580409573),.UNSPECIFIED.) CURVE() GEOMETRIC_REPRESENTATION_ITEM() 
RATIONAL_B_SPLINE_CURVE((1.,0.5,1.,0.5,1.,0.5,1.)) REPRESENTATION_ITEM(
  '') );
#350 = CARTESIAN_POINT('',(-38.,-10.45));
#351 = CARTESIAN_POINT('',(-16.63581946202,-10.45));
#352 = CARTESIAN_POINT('',(-27.31790973101,-28.95192307692));
#353 = CARTESIAN_POINT('',(-38.,-47.45384615384));
#354 = CARTESIAN_POINT('',(-48.68209026898,-28.95192307692));
#355 = CARTESIAN_POINT('',(-59.36418053797,-10.45));
#356 = CARTESIAN_POINT('',(-38.,-10.45));
#357 = ( GEOMETRIC_REPRESENTATION_CONTEXT(2) 
PARAMETRIC_REPRESENTATION_CONTEXT() REPRESENTATION_CONTEXT('2D SPACE',''
  ) );
#358 = PCURVE('',#359,#364);
#359 = CYLINDRICAL_SURFACE('',#360,12.334615384615);
#360 = AXIS2_PLACEMENT_3D('',#361,#362,#363);
#361 = CARTESIAN_POINT('',(30.,38.784615384615,120.));
#362 = DIRECTION('',(1.,-0.,-0.));
#363 = DIRECTION('',(0.,-1.,-1.152111701264E-15));
#364 = DEFINITIONAL_REPRESENTATION('',(#365),#369);
#365 = LINE('',#366,#367);
#366 = CARTESIAN_POINT('',(-0.,-9.75));
#367 = VECTOR('',#368,1.);
#368 = DIRECTION('',(-1.,0.));
#369 = ( GEOMETRIC_REPRESENTATION_CONTEXT(2) 
PARAMETRIC_REPRESENTATION_CONTEXT() REPRESENTATION_CONTEXT('2D SPACE',''
  ) );
#370 = ORIENTED_EDGE('',*,*,#371,.T.);
#371 = EDGE_CURVE('',#339,#372,#374,.T.);
#372 = VERTEX_POINT('',#373);
#373 = CARTESIAN_POINT('',(20.25,26.45,49.));
#374 = SURFACE_CURVE('',#375,(#379,#386),.PCURVE_S1.);
#375 = LINE('',#376,#377);
#376 = CARTESIAN_POINT('',(20.25,26.45,103.5));
#377 = VECTOR('',#378,1.);
#378 = DIRECTION('',(-0.,-0.,-1.));
#379 = PCURVE('',#72,#380);
#380 = DEFINITIONAL_REPRESENTATION('',(#381),#385);
#381 = LINE('',#382,#383);
#382 = CARTESIAN_POINT('',(-54.5,-10.45));
#383 = VECTOR('',#384,1.);
#384 = DIRECTION('',(-1.,0.));
#385 = ( GEOMETRIC_REPRESENTATION_CONTEXT(2) 
PARAMETRIC_REPRESENTATION_CONTEXT() REPRESENTATION_CONTEXT('2D SPACE',''
  ) );
#386 = PCURVE('',#387,#392);
#387 = PLANE('',#388);
#388 = AXIS2_PLACEMENT_3D('',#389,#390,#391);
#389 = CARTESIAN_POINT('',(30.,26.45,49.));
#390 = DIRECTION('',(-0.,-1.,-0.));
#391 = DIRECTION('',(0.,0.,-1.));
#392 = DEFINITIONAL_REPRESENTATION('',(#393),#397);
#393 = LINE('',#394,#395);
#394 = CARTESIAN_POINT('',(-54.5,-9.75));
#395 = VECTOR('',#396,1.);
#396 = DIRECTION('',(1.,-0.));
#397 = ( GEOMETRIC_REPRESENTATION_CONTEXT(2) 
PARAMETRIC_REPRESENTATION_CONTEXT() REPRESENTATION_CONTEXT('2D SPACE',''
  ) );
#398 = ORIENTED_EDGE('',*,*,#399,.F.);
#399 = EDGE_CURVE('',#400,#372,#402,.T.);
#400 = VERTEX_POINT('',#401);
#401 = CARTESIAN_POINT('',(20.25,28.240970726667,41.673826819612));
#402 = SURFACE_CURVE('',#403,(#408,#419),.PCURVE_S1.);
#403 = CIRCLE('',#404,15.879765304335);
#404 = AXIS2_PLACEMENT_3D('',#405,#406,#407);
#405 = CARTESIAN_POINT('',(20.25,42.329765304335,49.));
#406 = DIRECTION('',(-1.,0.,-0.));
#407 = DIRECTION('',(0.,-0.887216801235,-0.461352736642));
#408 = PCURVE('',#72,#409);
#409 = DEFINITIONAL_REPRESENTATION('',(#410),#418);
#410 = ( BOUNDED_CURVE() B_SPLINE_CURVE(2,(#411,#412,#413,#414,#415,#416
,#417),.UNSPECIFIED.,.T.,.F.) B_SPLINE_CURVE_WITH_KNOTS((1,2,2,2,2,1),(
    -2.094395102393,0.,2.094395102393,4.188790204786,6.28318530718,
8.377580409573),.UNSPECIFIED.) CURVE() GEOMETRIC_REPRESENTATION_ITEM() 
RATIONAL_B_SPLINE_CURVE((1.,0.5,1.,0.5,1.,0.5,1.)) REPRESENTATION_ITEM(
  '') );
#411 = CARTESIAN_POINT('',(-116.3261731803,-12.24097072666));
#412 = CARTESIAN_POINT('',(-91.92366515446,0.448333446813));
#413 = CARTESIAN_POINT('',(-93.13565939684,-27.02951050642));
#414 = CARTESIAN_POINT('',(-94.34765363922,-54.50735445967));
#415 = CARTESIAN_POINT('',(-117.5381674227,-39.7188146799));
#416 = CARTESIAN_POINT('',(-140.7286812063,-24.93027490014));
#417 = CARTESIAN_POINT('',(-116.3261731803,-12.24097072666));
#418 = ( GEOMETRIC_REPRESENTATION_CONTEXT(2) 
PARAMETRIC_REPRESENTATION_CONTEXT() REPRESENTATION_CONTEXT('2D SPACE',''
  ) );
#419 = PCURVE('',#420,#425);
#420 = CYLINDRICAL_SURFACE('',#421,15.879765304335);
#421 = AXIS2_PLACEMENT_3D('',#422,#423,#424);
#422 = CARTESIAN_POINT('',(30.,42.329765304335,49.));
#423 = DIRECTION('',(1.,-0.,-0.));
#424 = DIRECTION('',(0.,-0.887216801235,-0.461352736642));
#425 = DEFINITIONAL_REPRESENTATION('',(#426),#430);
#426 = LINE('',#427,#428);
#427 = CARTESIAN_POINT('',(-1.036778536477E-17,-9.75));
#428 = VECTOR('',#429,1.);
#429 = DIRECTION('',(-1.,0.));
#430 = ( GEOMETRIC_REPRESENTATION_CONTEXT(2) 
PARAMETRIC_REPRESENTATION_CONTEXT() REPRESENTATION_CONTEXT('2D SPACE',''
  ) );
#431 = ORIENTED_EDGE('',*,*,#432,.T.);
#432 = EDGE_CURVE('',#400,#433,#435,.T.);
#433 = VERTEX_POINT('',#434);
#434 = CARTESIAN_POINT('',(20.25,35.975360672865,26.8));
#435 = SURFACE_CURVE('',#436,(#440,#447),.PCURVE_S1.);
#436 = LINE('',#437,#438);
#437 = CARTESIAN_POINT('',(20.25,8.66627886718,79.317465010934));
#438 = VECTOR('',#439,1.);
#439 = DIRECTION('',(-0.,0.461352736642,-0.887216801235));
#440 = PCURVE('',#72,#441);
#441 = DEFINITIONAL_REPRESENTATION('',(#442),#446);
#442 = LINE('',#443,#444);
#443 = CARTESIAN_POINT('',(-78.68253498906,7.33372113282));
#444 = VECTOR('',#445,1.);
#445 = DIRECTION('',(-0.887216801235,-0.461352736642));
#446 = ( GEOMETRIC_REPRESENTATION_CONTEXT(2) 
PARAMETRIC_REPRESENTATION_CONTEXT() REPRESENTATION_CONTEXT('2D SPACE',''
  ) );
#447 = PCURVE('',#448,#453);
#448 = PLANE('',#449);
#449 = AXIS2_PLACEMENT_3D('',#450,#451,#452);
#450 = CARTESIAN_POINT('',(30.,39.311650403704,20.384058209926));
#451 = DIRECTION('',(-0.,-0.887216801235,-0.461352736642));
#452 = DIRECTION('',(0.,0.461352736642,-0.887216801235));
#453 = DEFINITIONAL_REPRESENTATION('',(#454),#458);
#454 = LINE('',#455,#456);
#455 = CARTESIAN_POINT('',(-66.42503469163,-9.75));
#456 = VECTOR('',#457,1.);
#457 = DIRECTION('',(1.,-0.));
#458 = ( GEOMETRIC_REPRESENTATION_CONTEXT(2) 
PARAMETRIC_REPRESENTATION_CONTEXT() REPRESENTATION_CONTEXT('2D SPACE',''
  ) );
#459 = ORIENTED_EDGE('',*,*,#460,.F.);
#460 = EDGE_CURVE('',#57,#433,#461,.T.);
#461 = SURFACE_CURVE('',#462,(#466,#473),.PCURVE_S1.);
#462 = LINE('',#463,#464);
#463 = CARTESIAN_POINT('',(20.25,16.,26.8));
#464 = VECTOR('',#465,1.);
#465 = DIRECTION('',(-0.,1.,-0.));
#466 = PCURVE('',#72,#467);
#467 = DEFINITIONAL_REPRESENTATION('',(#468),#472);
#468 = LINE('',#469,#470);
#469 = CARTESIAN_POINT('',(-131.2,0.));
#470 = VECTOR('',#471,1.);
#471 = DIRECTION('',(-0.,-1.));
#472 = ( GEOMETRIC_REPRESENTATION_CONTEXT(2) 
PARAMETRIC_REPRESENTATION_CONTEXT() REPRESENTATION_CONTEXT('2D SPACE',''
  ) );
#473 = PCURVE('',#105,#474);
#474 = DEFINITIONAL_REPRESENTATION('',(#475),#479);
#475 = LINE('',#476,#477);
#476 = CARTESIAN_POINT('',(-1.570796326795,0.));
#477 = VECTOR('',#478,1.);
#478 = DIRECTION('',(-0.,1.));
#479 = ( GEOMETRIC_REPRESENTATION_CONTEXT(2) 
PARAMETRIC_REPRESENTATION_CONTEXT() REPRESENTATION_CONTEXT('2D SPACE',''
  ) );
#480 = ORIENTED_EDGE('',*,*,#56,.F.);
#481 = ORIENTED_EDGE('',*,*,#482,.T.);
#482 = EDGE_CURVE('',#22,#483,#485,.T.);
#483 = VERTEX_POINT('',#484);
#484 = CARTESIAN_POINT('',(20.25,24.8,49.));
#485 = SURFACE_CURVE('',#486,(#491,#502),.PCURVE_S1.);
#486 = CIRCLE('',#487,15.879765304335);
#487 = AXIS2_PLACEMENT_3D('',#488,#489,#490);
#488 = CARTESIAN_POINT('',(20.25,40.679765304335,49.));
#489 = DIRECTION('',(-1.,0.,-0.));
#490 = DIRECTION('',(0.,-0.887216801235,-0.461352736642));
#491 = PCURVE('',#72,#492);
#492 = DEFINITIONAL_REPRESENTATION('',(#493),#501);
#493 = ( BOUNDED_CURVE() B_SPLINE_CURVE(2,(#494,#495,#496,#497,#498,#499
,#500),.UNSPECIFIED.,.T.,.F.) B_SPLINE_CURVE_WITH_KNOTS((1,2,2,2,2,1),(
    -2.094395102393,0.,2.094395102393,4.188790204786,6.28318530718,
8.377580409573),.UNSPECIFIED.) CURVE() GEOMETRIC_REPRESENTATION_ITEM() 
RATIONAL_B_SPLINE_CURVE((1.,0.5,1.,0.5,1.,0.5,1.)) REPRESENTATION_ITEM(
  '') );
#494 = CARTESIAN_POINT('',(-116.3261731803,-10.59097072666));
#495 = CARTESIAN_POINT('',(-91.92366515446,2.098333446813));
#496 = CARTESIAN_POINT('',(-93.13565939684,-25.37951050642));
#497 = CARTESIAN_POINT('',(-94.34765363922,-52.85735445967));
#498 = CARTESIAN_POINT('',(-117.5381674227,-38.0688146799));
#499 = CARTESIAN_POINT('',(-140.7286812063,-23.28027490014));
#500 = CARTESIAN_POINT('',(-116.3261731803,-10.59097072666));
#501 = ( GEOMETRIC_REPRESENTATION_CONTEXT(2) 
PARAMETRIC_REPRESENTATION_CONTEXT() REPRESENTATION_CONTEXT('2D SPACE',''
  ) );
#502 = PCURVE('',#44,#503);
#503 = DEFINITIONAL_REPRESENTATION('',(#504),#508);
#504 = LINE('',#505,#506);
#505 = CARTESIAN_POINT('',(-1.036778536477E-17,-9.75));
#506 = VECTOR('',#507,1.);
#507 = DIRECTION('',(-1.,0.));
#508 = ( GEOMETRIC_REPRESENTATION_CONTEXT(2) 
PARAMETRIC_REPRESENTATION_CONTEXT() REPRESENTATION_CONTEXT('2D SPACE',''
  ) );
#509 = ORIENTED_EDGE('',*,*,#510,.F.);
#510 = EDGE_CURVE('',#511,#483,#513,.T.);
#511 = VERTEX_POINT('',#512);
#512 = CARTESIAN_POINT('',(20.25,24.8,120.));
#513 = SURFACE_CURVE('',#514,(#518,#525),.PCURVE_S1.);
#514 = LINE('',#515,#516);
#515 = CARTESIAN_POINT('',(20.25,24.8,103.5));
#516 = VECTOR('',#517,1.);
#517 = DIRECTION('',(-0.,-0.,-1.));
#518 = PCURVE('',#72,#519);
#519 = DEFINITIONAL_REPRESENTATION('',(#520),#524);
#520 = LINE('',#521,#522);
#521 = CARTESIAN_POINT('',(-54.5,-8.8));
#522 = VECTOR('',#523,1.);
#523 = DIRECTION('',(-1.,0.));
#524 = ( GEOMETRIC_REPRESENTATION_CONTEXT(2) 
PARAMETRIC_REPRESENTATION_CONTEXT() REPRESENTATION_CONTEXT('2D SPACE',''
  ) );
#525 = PCURVE('',#526,#531);
#526 = PLANE('',#527);
#527 = AXIS2_PLACEMENT_3D('',#528,#529,#530);
#528 = CARTESIAN_POINT('',(30.,24.8,49.));
#529 = DIRECTION('',(-0.,-1.,-0.));
#530 = DIRECTION('',(0.,0.,-1.));
#531 = DEFINITIONAL_REPRESENTATION('',(#532),#536);
#532 = LINE('',#533,#534);
#533 = CARTESIAN_POINT('',(-54.5,-9.75));
#534 = VECTOR('',#535,1.);
#535 = DIRECTION('',(1.,-0.));
#536 = ( GEOMETRIC_REPRESENTATION_CONTEXT(2) 
PARAMETRIC_REPRESENTATION_CONTEXT() REPRESENTATION_CONTEXT('2D SPACE',''
  ) );
#537 = ORIENTED_EDGE('',*,*,#538,.T.);
#538 = EDGE_CURVE('',#511,#539,#541,.T.);
#539 = VERTEX_POINT('',#540);
#540 = CARTESIAN_POINT('',(20.25,28.7,129.));
#541 = SURFACE_CURVE('',#542,(#547,#558),.PCURVE_S1.);
#542 = CIRCLE('',#543,12.334615384615);
#543 = AXIS2_PLACEMENT_3D('',#544,#545,#546);
#544 = CARTESIAN_POINT('',(20.25,37.134615384615,120.));
#545 = DIRECTION('',(-1.,0.,-0.));
#546 = DIRECTION('',(0.,-1.,-1.152111701264E-15));
#547 = PCURVE('',#72,#548);
#548 = DEFINITIONAL_REPRESENTATION('',(#549),#557);
#549 = ( BOUNDED_CURVE() B_SPLINE_CURVE(2,(#550,#551,#552,#553,#554,#555
,#556),.UNSPECIFIED.,.T.,.F.) B_SPLINE_CURVE_WITH_KNOTS((1,2,2,2,2,1),(
    -2.094395102393,0.,2.094395102393,4.188790204786,6.28318530718,
8.377580409573),.UNSPECIFIED.) CURVE() GEOMETRIC_REPRESENTATION_ITEM() 
RATIONAL_B_SPLINE_CURVE((1.,0.5,1.,0.5,1.,0.5,1.)) REPRESENTATION_ITEM(
  '') );
#550 = CARTESIAN_POINT('',(-38.,-8.8));
#551 = CARTESIAN_POINT('',(-16.63581946202,-8.8));
#552 = CARTESIAN_POINT('',(-27.31790973101,-27.30192307692));
#553 = CARTESIAN_POINT('',(-38.,-45.80384615384));
#554 = CARTESIAN_POINT('',(-48.68209026898,-27.30192307692));
#555 = CARTESIAN_POINT('',(-59.36418053797,-8.8));
#556 = CARTESIAN_POINT('',(-38.,-8.8));
#557 = ( GEOMETRIC_REPRESENTATION_CONTEXT(2) 
PARAMETRIC_REPRESENTATION_CONTEXT() REPRESENTATION_CONTEXT('2D SPACE',''
  ) );
#558 = PCURVE('',#559,#564);
#559 = CYLINDRICAL_SURFACE('',#560,12.334615384615);
#560 = AXIS2_PLACEMENT_3D('',#561,#562,#563);
#561 = CARTESIAN_POINT('',(30.,37.134615384615,120.));
#562 = DIRECTION('',(1.,-0.,-0.));
#563 = DIRECTION('',(0.,-1.,-1.152111701264E-15));
#564 = DEFINITIONAL_REPRESENTATION('',(#565),#569);
#565 = LINE('',#566,#567);
#566 = CARTESIAN_POINT('',(-0.,-9.75));
#567 = VECTOR('',#568,1.);
#568 = DIRECTION('',(-1.,0.));
#569 = ( GEOMETRIC_REPRESENTATION_CONTEXT(2) 
PARAMETRIC_REPRESENTATION_CONTEXT() REPRESENTATION_CONTEXT('2D SPACE',''
  ) );
#570 = ORIENTED_EDGE('',*,*,#571,.F.);
#571 = EDGE_CURVE('',#222,#539,#572,.T.);
#572 = SURFACE_CURVE('',#573,(#578,#589),.PCURVE_S1.);
#573 = CIRCLE('',#574,12.334615384615);
#574 = AXIS2_PLACEMENT_3D('',#575,#576,#577);
#575 = CARTESIAN_POINT('',(20.25,20.265384615385,138.));
#576 = DIRECTION('',(-1.,0.,0.));
#577 = DIRECTION('',(-0.,0.683816651076,-0.729653882133));
#578 = PCURVE('',#72,#579);
#579 = DEFINITIONAL_REPRESENTATION('',(#580),#588);
#580 = ( BOUNDED_CURVE() B_SPLINE_CURVE(2,(#581,#582,#583,#584,#585,#586
,#587),.UNSPECIFIED.,.T.,.F.) B_SPLINE_CURVE_WITH_KNOTS((1,2,2,2,2,1),(
    -2.094395102393,0.,2.094395102393,4.188790204786,6.28318530718,
8.377580409573),.UNSPECIFIED.) CURVE() GEOMETRIC_REPRESENTATION_ITEM() 
RATIONAL_B_SPLINE_CURVE((1.,0.5,1.,0.5,1.,0.5,1.)) REPRESENTATION_ITEM(
  '') );
#581 = CARTESIAN_POINT('',(-29.,-12.7));
#582 = CARTESIAN_POINT('',(-43.60918238845,2.88845726812));
#583 = CARTESIAN_POINT('',(-22.80459119422,7.746151710983));
#584 = CARTESIAN_POINT('',(-2.,12.603846153846));
#585 = CARTESIAN_POINT('',(-8.195408805772,-7.842305557137));
#586 = CARTESIAN_POINT('',(-14.39081761154,-28.28845726812));
#587 = CARTESIAN_POINT('',(-29.,-12.7));
#588 = ( GEOMETRIC_REPRESENTATION_CONTEXT(2) 
PARAMETRIC_REPRESENTATION_CONTEXT() REPRESENTATION_CONTEXT('2D SPACE',''
  ) );
#589 = PCURVE('',#590,#595);
#590 = CYLINDRICAL_SURFACE('',#591,12.334615384615);
#591 = AXIS2_PLACEMENT_3D('',#592,#593,#594);
#592 = CARTESIAN_POINT('',(30.,20.265384615385,138.));
#593 = DIRECTION('',(1.,-0.,-0.));
#594 = DIRECTION('',(-0.,0.683816651076,-0.729653882133));
#595 = DEFINITIONAL_REPRESENTATION('',(#596),#600);
#596 = LINE('',#597,#598);
#597 = CARTESIAN_POINT('',(6.28318530718,-9.75));
#598 = VECTOR('',#599,1.);
#599 = DIRECTION('',(-1.,0.));
#600 = ( GEOMETRIC_REPRESENTATION_CONTEXT(2) 
PARAMETRIC_REPRESENTATION_CONTEXT() REPRESENTATION_CONTEXT('2D SPACE',''
  ) );
#601 = ADVANCED_FACE('',(#602),#265,.T.);
#602 = FACE_BOUND('',#603,.T.);
#603 = EDGE_LOOP('',(#604,#634,#656,#657));
#604 = ORIENTED_EDGE('',*,*,#605,.F.);
#605 = EDGE_CURVE('',#606,#608,#610,.T.);
#606 = VERTEX_POINT('',#607);
#607 = CARTESIAN_POINT('',(16.45,32.6,158.));
#608 = VERTEX_POINT('',#609);
#609 = CARTESIAN_POINT('',(16.45,34.25,158.));
#610 = SURFACE_CURVE('',#611,(#615,#622),.PCURVE_S1.);
#611 = LINE('',#612,#613);
#612 = CARTESIAN_POINT('',(16.45,16.,158.));
#613 = VECTOR('',#614,1.);
#614 = DIRECTION('',(-0.,1.,-0.));
#615 = PCURVE('',#265,#616);
#616 = DEFINITIONAL_REPRESENTATION('',(#617),#621);
#617 = LINE('',#618,#619);
#618 = CARTESIAN_POINT('',(0.,0.));
#619 = VECTOR('',#620,1.);
#620 = DIRECTION('',(0.,1.));
#621 = ( GEOMETRIC_REPRESENTATION_CONTEXT(2) 
PARAMETRIC_REPRESENTATION_CONTEXT() REPRESENTATION_CONTEXT('2D SPACE',''
  ) );
#622 = PCURVE('',#623,#628);
#623 = PLANE('',#624);
#624 = AXIS2_PLACEMENT_3D('',#625,#626,#627);
#625 = CARTESIAN_POINT('',(-20.25,16.,158.));
#626 = DIRECTION('',(-0.,-0.,1.));
#627 = DIRECTION('',(-1.,0.,0.));
#628 = DEFINITIONAL_REPRESENTATION('',(#629),#633);
#629 = LINE('',#630,#631);
#630 = CARTESIAN_POINT('',(-36.7,-0.));
#631 = VECTOR('',#632,1.);
#632 = DIRECTION('',(-0.,-1.));
#633 = ( GEOMETRIC_REPRESENTATION_CONTEXT(2) 
PARAMETRIC_REPRESENTATION_CONTEXT() REPRESENTATION_CONTEXT('2D SPACE',''
  ) );
#634 = ORIENTED_EDGE('',*,*,#635,.F.);
#635 = EDGE_CURVE('',#220,#606,#636,.T.);
#636 = SURFACE_CURVE('',#637,(#642,#649),.PCURVE_S1.);
#637 = CIRCLE('',#638,3.8);
#638 = AXIS2_PLACEMENT_3D('',#639,#640,#641);
#639 = CARTESIAN_POINT('',(16.45,32.6,154.2));
#640 = DIRECTION('',(0.,-1.,0.));
#641 = DIRECTION('',(-0.,-0.,1.));
#642 = PCURVE('',#265,#643);
#643 = DEFINITIONAL_REPRESENTATION('',(#644),#648);
#644 = LINE('',#645,#646);
#645 = CARTESIAN_POINT('',(6.28318530718,16.6));
#646 = VECTOR('',#647,1.);
#647 = DIRECTION('',(-1.,0.));
#648 = ( GEOMETRIC_REPRESENTATION_CONTEXT(2) 
PARAMETRIC_REPRESENTATION_CONTEXT() REPRESENTATION_CONTEXT('2D SPACE',''
  ) );
#649 = PCURVE('',#237,#650);
#650 = DEFINITIONAL_REPRESENTATION('',(#651),#655);
#651 = CIRCLE('',#652,3.8);
#652 = AXIS2_PLACEMENT_2D('',#653,#654);
#653 = CARTESIAN_POINT('',(-16.2,-13.55));
#654 = DIRECTION('',(-1.,0.));
#655 = ( GEOMETRIC_REPRESENTATION_CONTEXT(2) 
PARAMETRIC_REPRESENTATION_CONTEXT() REPRESENTATION_CONTEXT('2D SPACE',''
  ) );
#656 = ORIENTED_EDGE('',*,*,#249,.T.);
#657 = ORIENTED_EDGE('',*,*,#658,.T.);
#658 = EDGE_CURVE('',#250,#608,#659,.T.);
#659 = SURFACE_CURVE('',#660,(#665,#672),.PCURVE_S1.);
#660 = CIRCLE('',#661,3.8);
#661 = AXIS2_PLACEMENT_3D('',#662,#663,#664);
#662 = CARTESIAN_POINT('',(16.45,34.25,154.2));
#663 = DIRECTION('',(0.,-1.,0.));
#664 = DIRECTION('',(-0.,-0.,1.));
#665 = PCURVE('',#265,#666);
#666 = DEFINITIONAL_REPRESENTATION('',(#667),#671);
#667 = LINE('',#668,#669);
#668 = CARTESIAN_POINT('',(6.28318530718,18.25));
#669 = VECTOR('',#670,1.);
#670 = DIRECTION('',(-1.,0.));
#671 = ( GEOMETRIC_REPRESENTATION_CONTEXT(2) 
PARAMETRIC_REPRESENTATION_CONTEXT() REPRESENTATION_CONTEXT('2D SPACE',''
  ) );
#672 = PCURVE('',#293,#673);
#673 = DEFINITIONAL_REPRESENTATION('',(#674),#678);
#674 = CIRCLE('',#675,3.8);
#675 = AXIS2_PLACEMENT_2D('',#676,#677);
#676 = CARTESIAN_POINT('',(-16.2,-13.55));
#677 = DIRECTION('',(-1.,0.));
#678 = ( GEOMETRIC_REPRESENTATION_CONTEXT(2) 
PARAMETRIC_REPRESENTATION_CONTEXT() REPRESENTATION_CONTEXT('2D SPACE',''
  ) );
#679 = ADVANCED_FACE('',(#680),#623,.T.);
#680 = FACE_BOUND('',#681,.F.);
#681 = EDGE_LOOP('',(#682,#705,#733,#754));
#682 = ORIENTED_EDGE('',*,*,#683,.F.);
#683 = EDGE_CURVE('',#684,#606,#686,.T.);
#684 = VERTEX_POINT('',#685);
#685 = CARTESIAN_POINT('',(-16.45,32.6,158.));
#686 = SURFACE_CURVE('',#687,(#691,#698),.PCURVE_S1.);
#687 = LINE('',#688,#689);
#688 = CARTESIAN_POINT('',(4.875,32.6,158.));
#689 = VECTOR('',#690,1.);
#690 = DIRECTION('',(1.,-0.,-0.));
#691 = PCURVE('',#623,#692);
#692 = DEFINITIONAL_REPRESENTATION('',(#693),#697);
#693 = LINE('',#694,#695);
#694 = CARTESIAN_POINT('',(-25.125,-16.6));
#695 = VECTOR('',#696,1.);
#696 = DIRECTION('',(-1.,0.));
#697 = ( GEOMETRIC_REPRESENTATION_CONTEXT(2) 
PARAMETRIC_REPRESENTATION_CONTEXT() REPRESENTATION_CONTEXT('2D SPACE',''
  ) );
#698 = PCURVE('',#237,#699);
#699 = DEFINITIONAL_REPRESENTATION('',(#700),#704);
#700 = LINE('',#701,#702);
#701 = CARTESIAN_POINT('',(-20.,-25.125));
#702 = VECTOR('',#703,1.);
#703 = DIRECTION('',(-0.,1.));
#704 = ( GEOMETRIC_REPRESENTATION_CONTEXT(2) 
PARAMETRIC_REPRESENTATION_CONTEXT() REPRESENTATION_CONTEXT('2D SPACE',''
  ) );
#705 = ORIENTED_EDGE('',*,*,#706,.T.);
#706 = EDGE_CURVE('',#684,#707,#709,.T.);
#707 = VERTEX_POINT('',#708);
#708 = CARTESIAN_POINT('',(-16.45,34.25,158.));
#709 = SURFACE_CURVE('',#710,(#714,#721),.PCURVE_S1.);
#710 = LINE('',#711,#712);
#711 = CARTESIAN_POINT('',(-16.45,16.,158.));
#712 = VECTOR('',#713,1.);
#713 = DIRECTION('',(-0.,1.,-0.));
#714 = PCURVE('',#623,#715);
#715 = DEFINITIONAL_REPRESENTATION('',(#716),#720);
#716 = LINE('',#717,#718);
#717 = CARTESIAN_POINT('',(-3.8,-0.));
#718 = VECTOR('',#719,1.);
#719 = DIRECTION('',(-0.,-1.));
#720 = ( GEOMETRIC_REPRESENTATION_CONTEXT(2) 
PARAMETRIC_REPRESENTATION_CONTEXT() REPRESENTATION_CONTEXT('2D SPACE',''
  ) );
#721 = PCURVE('',#722,#727);
#722 = CYLINDRICAL_SURFACE('',#723,3.8);
#723 = AXIS2_PLACEMENT_3D('',#724,#725,#726);
#724 = CARTESIAN_POINT('',(-16.45,16.,154.2));
#725 = DIRECTION('',(-0.,1.,-0.));
#726 = DIRECTION('',(-1.,-0.,-0.));
#727 = DEFINITIONAL_REPRESENTATION('',(#728),#732);
#728 = LINE('',#729,#730);
#729 = CARTESIAN_POINT('',(1.570796326795,0.));
#730 = VECTOR('',#731,1.);
#731 = DIRECTION('',(0.,1.));
#732 = ( GEOMETRIC_REPRESENTATION_CONTEXT(2) 
PARAMETRIC_REPRESENTATION_CONTEXT() REPRESENTATION_CONTEXT('2D SPACE',''
  ) );
#733 = ORIENTED_EDGE('',*,*,#734,.T.);
#734 = EDGE_CURVE('',#707,#608,#735,.T.);
#735 = SURFACE_CURVE('',#736,(#740,#747),.PCURVE_S1.);
#736 = LINE('',#737,#738);
#737 = CARTESIAN_POINT('',(4.875,34.25,158.));
#738 = VECTOR('',#739,1.);
#739 = DIRECTION('',(1.,-0.,-0.));
#740 = PCURVE('',#623,#741);
#741 = DEFINITIONAL_REPRESENTATION('',(#742),#746);
#742 = LINE('',#743,#744);
#743 = CARTESIAN_POINT('',(-25.125,-18.25));
#744 = VECTOR('',#745,1.);
#745 = DIRECTION('',(-1.,0.));
#746 = ( GEOMETRIC_REPRESENTATION_CONTEXT(2) 
PARAMETRIC_REPRESENTATION_CONTEXT() REPRESENTATION_CONTEXT('2D SPACE',''
  ) );
#747 = PCURVE('',#293,#748);
#748 = DEFINITIONAL_REPRESENTATION('',(#749),#753);
#749 = LINE('',#750,#751);
#750 = CARTESIAN_POINT('',(-20.,-25.125));
#751 = VECTOR('',#752,1.);
#752 = DIRECTION('',(-0.,1.));
#753 = ( GEOMETRIC_REPRESENTATION_CONTEXT(2) 
PARAMETRIC_REPRESENTATION_CONTEXT() REPRESENTATION_CONTEXT('2D SPACE',''
  ) );
#754 = ORIENTED_EDGE('',*,*,#605,.F.);
#755 = ADVANCED_FACE('',(#756),#722,.T.);
#756 = FACE_BOUND('',#757,.T.);
#757 = EDGE_LOOP('',(#758,#783,#805,#806));
#758 = ORIENTED_EDGE('',*,*,#759,.F.);
#759 = EDGE_CURVE('',#760,#762,#764,.T.);
#760 = VERTEX_POINT('',#761);
#761 = CARTESIAN_POINT('',(-20.25,32.6,154.2));
#762 = VERTEX_POINT('',#763);
#763 = CARTESIAN_POINT('',(-20.25,34.25,154.2));
#764 = SURFACE_CURVE('',#765,(#769,#776),.PCURVE_S1.);
#765 = LINE('',#766,#767);
#766 = CARTESIAN_POINT('',(-20.25,16.,154.2));
#767 = VECTOR('',#768,1.);
#768 = DIRECTION('',(-0.,1.,-0.));
#769 = PCURVE('',#722,#770);
#770 = DEFINITIONAL_REPRESENTATION('',(#771),#775);
#771 = LINE('',#772,#773);
#772 = CARTESIAN_POINT('',(0.,0.));
#773 = VECTOR('',#774,1.);
#774 = DIRECTION('',(0.,1.));
#775 = ( GEOMETRIC_REPRESENTATION_CONTEXT(2) 
PARAMETRIC_REPRESENTATION_CONTEXT() REPRESENTATION_CONTEXT('2D SPACE',''
  ) );
#776 = PCURVE('',#204,#777);
#777 = DEFINITIONAL_REPRESENTATION('',(#778),#782);
#778 = LINE('',#779,#780);
#779 = CARTESIAN_POINT('',(-131.2,-0.));
#780 = VECTOR('',#781,1.);
#781 = DIRECTION('',(-0.,-1.));
#782 = ( GEOMETRIC_REPRESENTATION_CONTEXT(2) 
PARAMETRIC_REPRESENTATION_CONTEXT() REPRESENTATION_CONTEXT('2D SPACE',''
  ) );
#783 = ORIENTED_EDGE('',*,*,#784,.F.);
#784 = EDGE_CURVE('',#684,#760,#785,.T.);
#785 = SURFACE_CURVE('',#786,(#791,#798),.PCURVE_S1.);
#786 = CIRCLE('',#787,3.8);
#787 = AXIS2_PLACEMENT_3D('',#788,#789,#790);
#788 = CARTESIAN_POINT('',(-16.45,32.6,154.2));
#789 = DIRECTION('',(0.,-1.,0.));
#790 = DIRECTION('',(-1.,-0.,-0.));
#791 = PCURVE('',#722,#792);
#792 = DEFINITIONAL_REPRESENTATION('',(#793),#797);
#793 = LINE('',#794,#795);
#794 = CARTESIAN_POINT('',(6.28318530718,16.6));
#795 = VECTOR('',#796,1.);
#796 = DIRECTION('',(-1.,0.));
#797 = ( GEOMETRIC_REPRESENTATION_CONTEXT(2) 
PARAMETRIC_REPRESENTATION_CONTEXT() REPRESENTATION_CONTEXT('2D SPACE',''
  ) );
#798 = PCURVE('',#237,#799);
#799 = DEFINITIONAL_REPRESENTATION('',(#800),#804);
#800 = CIRCLE('',#801,3.8);
#801 = AXIS2_PLACEMENT_2D('',#802,#803);
#802 = CARTESIAN_POINT('',(-16.2,-46.45));
#803 = DIRECTION('',(-0.,-1.));
#804 = ( GEOMETRIC_REPRESENTATION_CONTEXT(2) 
PARAMETRIC_REPRESENTATION_CONTEXT() REPRESENTATION_CONTEXT('2D SPACE',''
  ) );
#805 = ORIENTED_EDGE('',*,*,#706,.T.);
#806 = ORIENTED_EDGE('',*,*,#807,.T.);
#807 = EDGE_CURVE('',#707,#762,#808,.T.);
#808 = SURFACE_CURVE('',#809,(#814,#821),.PCURVE_S1.);
#809 = CIRCLE('',#810,3.8);
#810 = AXIS2_PLACEMENT_3D('',#811,#812,#813);
#811 = CARTESIAN_POINT('',(-16.45,34.25,154.2));
#812 = DIRECTION('',(0.,-1.,0.));
#813 = DIRECTION('',(-1.,-0.,-0.));
#814 = PCURVE('',#722,#815);
#815 = DEFINITIONAL_REPRESENTATION('',(#816),#820);
#816 = LINE('',#817,#818);
#817 = CARTESIAN_POINT('',(6.28318530718,18.25));
#818 = VECTOR('',#819,1.);
#819 = DIRECTION('',(-1.,0.));
#820 = ( GEOMETRIC_REPRESENTATION_CONTEXT(2) 
PARAMETRIC_REPRESENTATION_CONTEXT() REPRESENTATION_CONTEXT('2D SPACE',''
  ) );
#821 = PCURVE('',#293,#822);
#822 = DEFINITIONAL_REPRESENTATION('',(#823),#827);
#823 = CIRCLE('',#824,3.8);
#824 = AXIS2_PLACEMENT_2D('',#825,#826);
#825 = CARTESIAN_POINT('',(-16.2,-46.45));
#826 = DIRECTION('',(-0.,-1.));
#827 = ( GEOMETRIC_REPRESENTATION_CONTEXT(2) 
PARAMETRIC_REPRESENTATION_CONTEXT() REPRESENTATION_CONTEXT('2D SPACE',''
  ) );
#828 = ADVANCED_FACE('',(#829,#1049),#293,.F.);
#829 = FACE_BOUND('',#830,.T.);
#830 = EDGE_LOOP('',(#831,#832,#833,#856,#884,#913,#941,#970,#998,#1026,
    #1047,#1048));
#831 = ORIENTED_EDGE('',*,*,#658,.F.);
#832 = ORIENTED_EDGE('',*,*,#277,.T.);
#833 = ORIENTED_EDGE('',*,*,#834,.T.);
#834 = EDGE_CURVE('',#278,#835,#837,.T.);
#835 = VERTEX_POINT('',#836);
#836 = CARTESIAN_POINT('',(18.8,34.25,138.));
#837 = SURFACE_CURVE('',#838,(#842,#849),.PCURVE_S1.);
#838 = LINE('',#839,#840);
#839 = CARTESIAN_POINT('',(30.,34.25,138.));
#840 = VECTOR('',#841,1.);
#841 = DIRECTION('',(-1.,-0.,-0.));
#842 = PCURVE('',#293,#843);
#843 = DEFINITIONAL_REPRESENTATION('',(#844),#848);
#844 = LINE('',#845,#846);
#845 = CARTESIAN_POINT('',(-0.,0.));
#846 = VECTOR('',#847,1.);
#847 = DIRECTION('',(-0.,-1.));
#848 = ( GEOMETRIC_REPRESENTATION_CONTEXT(2) 
PARAMETRIC_REPRESENTATION_CONTEXT() REPRESENTATION_CONTEXT('2D SPACE',''
  ) );
#849 = PCURVE('',#326,#850);
#850 = DEFINITIONAL_REPRESENTATION('',(#851),#855);
#851 = LINE('',#852,#853);
#852 = CARTESIAN_POINT('',(0.817815657902,0.));
#853 = VECTOR('',#854,1.);
#854 = DIRECTION('',(0.,-1.));
#855 = ( GEOMETRIC_REPRESENTATION_CONTEXT(2) 
PARAMETRIC_REPRESENTATION_CONTEXT() REPRESENTATION_CONTEXT('2D SPACE',''
  ) );
#856 = ORIENTED_EDGE('',*,*,#857,.F.);
#857 = EDGE_CURVE('',#858,#835,#860,.T.);
#858 = VERTEX_POINT('',#859);
#859 = CARTESIAN_POINT('',(18.8,34.25,140.75));
#860 = SURFACE_CURVE('',#861,(#865,#872),.PCURVE_S1.);
#861 = LINE('',#862,#863);
#862 = CARTESIAN_POINT('',(18.8,34.25,142.125));
#863 = VECTOR('',#864,1.);
#864 = DIRECTION('',(-0.,-0.,-1.));
#865 = PCURVE('',#293,#866);
#866 = DEFINITIONAL_REPRESENTATION('',(#867),#871);
#867 = LINE('',#868,#869);
#868 = CARTESIAN_POINT('',(-4.125,-11.2));
#869 = VECTOR('',#870,1.);
#870 = DIRECTION('',(1.,-0.));
#871 = ( GEOMETRIC_REPRESENTATION_CONTEXT(2) 
PARAMETRIC_REPRESENTATION_CONTEXT() REPRESENTATION_CONTEXT('2D SPACE',''
  ) );
#872 = PCURVE('',#873,#878);
#873 = PLANE('',#874);
#874 = AXIS2_PLACEMENT_3D('',#875,#876,#877);
#875 = CARTESIAN_POINT('',(18.8,24.4,146.25));
#876 = DIRECTION('',(1.,-0.,-0.));
#877 = DIRECTION('',(0.,0.,1.));
#878 = DEFINITIONAL_REPRESENTATION('',(#879),#883);
#879 = LINE('',#880,#881);
#880 = CARTESIAN_POINT('',(-4.125,-9.85));
#881 = VECTOR('',#882,1.);
#882 = DIRECTION('',(-1.,0.));
#883 = ( GEOMETRIC_REPRESENTATION_CONTEXT(2) 
PARAMETRIC_REPRESENTATION_CONTEXT() REPRESENTATION_CONTEXT('2D SPACE',''
  ) );
#884 = ORIENTED_EDGE('',*,*,#885,.T.);
#885 = EDGE_CURVE('',#858,#886,#888,.T.);
#886 = VERTEX_POINT('',#887);
#887 = CARTESIAN_POINT('',(13.3,34.25,146.25));
#888 = SURFACE_CURVE('',#889,(#894,#901),.PCURVE_S1.);
#889 = CIRCLE('',#890,5.5);
#890 = AXIS2_PLACEMENT_3D('',#891,#892,#893);
#891 = CARTESIAN_POINT('',(13.3,34.25,140.75));
#892 = DIRECTION('',(0.,-1.,0.));
#893 = DIRECTION('',(-0.,-0.,1.));
#894 = PCURVE('',#293,#895);
#895 = DEFINITIONAL_REPRESENTATION('',(#896),#900);
#896 = CIRCLE('',#897,5.5);
#897 = AXIS2_PLACEMENT_2D('',#898,#899);
#898 = CARTESIAN_POINT('',(-2.75,-16.7));
#899 = DIRECTION('',(-1.,0.));
#900 = ( GEOMETRIC_REPRESENTATION_CONTEXT(2) 
PARAMETRIC_REPRESENTATION_CONTEXT() REPRESENTATION_CONTEXT('2D SPACE',''
  ) );
#901 = PCURVE('',#902,#907);
#902 = CYLINDRICAL_SURFACE('',#903,5.5);
#903 = AXIS2_PLACEMENT_3D('',#904,#905,#906);
#904 = CARTESIAN_POINT('',(13.3,24.4,140.75));
#905 = DIRECTION('',(-0.,1.,-0.));
#906 = DIRECTION('',(-0.,-0.,1.));
#907 = DEFINITIONAL_REPRESENTATION('',(#908),#912);
#908 = LINE('',#909,#910);
#909 = CARTESIAN_POINT('',(6.28318530718,9.85));
#910 = VECTOR('',#911,1.);
#911 = DIRECTION('',(-1.,0.));
#912 = ( GEOMETRIC_REPRESENTATION_CONTEXT(2) 
PARAMETRIC_REPRESENTATION_CONTEXT() REPRESENTATION_CONTEXT('2D SPACE',''
  ) );
#913 = ORIENTED_EDGE('',*,*,#914,.F.);
#914 = EDGE_CURVE('',#915,#886,#917,.T.);
#915 = VERTEX_POINT('',#916);
#916 = CARTESIAN_POINT('',(-13.3,34.25,146.25));
#917 = SURFACE_CURVE('',#918,(#922,#929),.PCURVE_S1.);
#918 = LINE('',#919,#920);
#919 = CARTESIAN_POINT('',(5.6,34.25,146.25));
#920 = VECTOR('',#921,1.);
#921 = DIRECTION('',(1.,-0.,-0.));
#922 = PCURVE('',#293,#923);
#923 = DEFINITIONAL_REPRESENTATION('',(#924),#928);
#924 = LINE('',#925,#926);
#925 = CARTESIAN_POINT('',(-8.25,-24.4));
#926 = VECTOR('',#927,1.);
#927 = DIRECTION('',(-0.,1.));
#928 = ( GEOMETRIC_REPRESENTATION_CONTEXT(2) 
PARAMETRIC_REPRESENTATION_CONTEXT() REPRESENTATION_CONTEXT('2D SPACE',''
  ) );
#929 = PCURVE('',#930,#935);
#930 = PLANE('',#931);
#931 = AXIS2_PLACEMENT_3D('',#932,#933,#934);
#932 = CARTESIAN_POINT('',(-18.8,24.4,146.25));
#933 = DIRECTION('',(-0.,-0.,1.));
#934 = DIRECTION('',(-1.,0.,0.));
#935 = DEFINITIONAL_REPRESENTATION('',(#936),#940);
#936 = LINE('',#937,#938);
#937 = CARTESIAN_POINT('',(-24.4,-9.85));
#938 = VECTOR('',#939,1.);
#939 = DIRECTION('',(-1.,0.));
#940 = ( GEOMETRIC_REPRESENTATION_CONTEXT(2) 
PARAMETRIC_REPRESENTATION_CONTEXT() REPRESENTATION_CONTEXT('2D SPACE',''
  ) );
#941 = ORIENTED_EDGE('',*,*,#942,.T.);
#942 = EDGE_CURVE('',#915,#943,#945,.T.);
#943 = VERTEX_POINT('',#944);
#944 = CARTESIAN_POINT('',(-18.8,34.25,140.75));
#945 = SURFACE_CURVE('',#946,(#951,#958),.PCURVE_S1.);
#946 = CIRCLE('',#947,5.5);
#947 = AXIS2_PLACEMENT_3D('',#948,#949,#950);
#948 = CARTESIAN_POINT('',(-13.3,34.25,140.75));
#949 = DIRECTION('',(0.,-1.,0.));
#950 = DIRECTION('',(-1.,-0.,-0.));
#951 = PCURVE('',#293,#952);
#952 = DEFINITIONAL_REPRESENTATION('',(#953),#957);
#953 = CIRCLE('',#954,5.5);
#954 = AXIS2_PLACEMENT_2D('',#955,#956);
#955 = CARTESIAN_POINT('',(-2.75,-43.3));
#956 = DIRECTION('',(-0.,-1.));
#957 = ( GEOMETRIC_REPRESENTATION_CONTEXT(2) 
PARAMETRIC_REPRESENTATION_CONTEXT() REPRESENTATION_CONTEXT('2D SPACE',''
  ) );
#958 = PCURVE('',#959,#964);
#959 = CYLINDRICAL_SURFACE('',#960,5.5);
#960 = AXIS2_PLACEMENT_3D('',#961,#962,#963);
#961 = CARTESIAN_POINT('',(-13.3,24.4,140.75));
#962 = DIRECTION('',(-0.,1.,-0.));
#963 = DIRECTION('',(-1.,-0.,-0.));
#964 = DEFINITIONAL_REPRESENTATION('',(#965),#969);
#965 = LINE('',#966,#967);
#966 = CARTESIAN_POINT('',(6.28318530718,9.85));
#967 = VECTOR('',#968,1.);
#968 = DIRECTION('',(-1.,0.));
#969 = ( GEOMETRIC_REPRESENTATION_CONTEXT(2) 
PARAMETRIC_REPRESENTATION_CONTEXT() REPRESENTATION_CONTEXT('2D SPACE',''
  ) );
#970 = ORIENTED_EDGE('',*,*,#971,.F.);
#971 = EDGE_CURVE('',#972,#943,#974,.T.);
#972 = VERTEX_POINT('',#973);
#973 = CARTESIAN_POINT('',(-18.8,34.25,138.));
#974 = SURFACE_CURVE('',#975,(#979,#986),.PCURVE_S1.);
#975 = LINE('',#976,#977);
#976 = CARTESIAN_POINT('',(-18.8,34.25,95.625));
#977 = VECTOR('',#978,1.);
#978 = DIRECTION('',(-0.,-0.,1.));
#979 = PCURVE('',#293,#980);
#980 = DEFINITIONAL_REPRESENTATION('',(#981),#985);
#981 = LINE('',#982,#983);
#982 = CARTESIAN_POINT('',(42.375,-48.8));
#983 = VECTOR('',#984,1.);
#984 = DIRECTION('',(-1.,0.));
#985 = ( GEOMETRIC_REPRESENTATION_CONTEXT(2) 
PARAMETRIC_REPRESENTATION_CONTEXT() REPRESENTATION_CONTEXT('2D SPACE',''
  ) );
#986 = PCURVE('',#987,#992);
#987 = PLANE('',#988);
#988 = AXIS2_PLACEMENT_3D('',#989,#990,#991);
#989 = CARTESIAN_POINT('',(-18.8,24.4,53.25));
#990 = DIRECTION('',(-1.,-0.,-0.));
#991 = DIRECTION('',(0.,0.,-1.));
#992 = DEFINITIONAL_REPRESENTATION('',(#993),#997);
#993 = LINE('',#994,#995);
#994 = CARTESIAN_POINT('',(-42.375,-9.85));
#995 = VECTOR('',#996,1.);
#996 = DIRECTION('',(-1.,-0.));
#997 = ( GEOMETRIC_REPRESENTATION_CONTEXT(2) 
PARAMETRIC_REPRESENTATION_CONTEXT() REPRESENTATION_CONTEXT('2D SPACE',''
  ) );
#998 = ORIENTED_EDGE('',*,*,#999,.T.);
#999 = EDGE_CURVE('',#972,#1000,#1002,.T.);
#1000 = VERTEX_POINT('',#1001);
#1001 = CARTESIAN_POINT('',(-20.25,34.25,138.));
#1002 = SURFACE_CURVE('',#1003,(#1007,#1014),.PCURVE_S1.);
#1003 = LINE('',#1004,#1005);
#1004 = CARTESIAN_POINT('',(30.,34.25,138.));
#1005 = VECTOR('',#1006,1.);
#1006 = DIRECTION('',(-1.,-0.,-0.));
#1007 = PCURVE('',#293,#1008);
#1008 = DEFINITIONAL_REPRESENTATION('',(#1009),#1013);
#1009 = LINE('',#1010,#1011);
#1010 = CARTESIAN_POINT('',(-0.,0.));
#1011 = VECTOR('',#1012,1.);
#1012 = DIRECTION('',(-0.,-1.));
#1013 = ( GEOMETRIC_REPRESENTATION_CONTEXT(2) 
PARAMETRIC_REPRESENTATION_CONTEXT() REPRESENTATION_CONTEXT('2D SPACE',''
  ) );
#1014 = PCURVE('',#1015,#1020);
#1015 = CYLINDRICAL_SURFACE('',#1016,12.334615384615);
#1016 = AXIS2_PLACEMENT_3D('',#1017,#1018,#1019);
#1017 = CARTESIAN_POINT('',(30.,21.915384615385,138.));
#1018 = DIRECTION('',(1.,-0.,-0.));
#1019 = DIRECTION('',(-0.,0.683816651076,-0.729653882133));
#1020 = DEFINITIONAL_REPRESENTATION('',(#1021),#1025);
#1021 = LINE('',#1022,#1023);
#1022 = CARTESIAN_POINT('',(0.817815657902,0.));
#1023 = VECTOR('',#1024,1.);
#1024 = DIRECTION('',(0.,-1.));
#1025 = ( GEOMETRIC_REPRESENTATION_CONTEXT(2) 
PARAMETRIC_REPRESENTATION_CONTEXT() REPRESENTATION_CONTEXT('2D SPACE',''
  ) );
#1026 = ORIENTED_EDGE('',*,*,#1027,.T.);
#1027 = EDGE_CURVE('',#1000,#762,#1028,.T.);
#1028 = SURFACE_CURVE('',#1029,(#1033,#1040),.PCURVE_S1.);
#1029 = LINE('',#1030,#1031);
#1030 = CARTESIAN_POINT('',(-20.25,34.25,80.5));
#1031 = VECTOR('',#1032,1.);
#1032 = DIRECTION('',(-0.,-0.,1.));
#1033 = PCURVE('',#293,#1034);
#1034 = DEFINITIONAL_REPRESENTATION('',(#1035),#1039);
#1035 = LINE('',#1036,#1037);
#1036 = CARTESIAN_POINT('',(57.5,-50.25));
#1037 = VECTOR('',#1038,1.);
#1038 = DIRECTION('',(-1.,0.));
#1039 = ( GEOMETRIC_REPRESENTATION_CONTEXT(2) 
PARAMETRIC_REPRESENTATION_CONTEXT() REPRESENTATION_CONTEXT('2D SPACE',''
  ) );
#1040 = PCURVE('',#204,#1041);
#1041 = DEFINITIONAL_REPRESENTATION('',(#1042),#1046);
#1042 = LINE('',#1043,#1044);
#1043 = CARTESIAN_POINT('',(-57.5,-18.25));
#1044 = VECTOR('',#1045,1.);
#1045 = DIRECTION('',(-1.,-0.));
#1046 = ( GEOMETRIC_REPRESENTATION_CONTEXT(2) 
PARAMETRIC_REPRESENTATION_CONTEXT() REPRESENTATION_CONTEXT('2D SPACE',''
  ) );
#1047 = ORIENTED_EDGE('',*,*,#807,.F.);
#1048 = ORIENTED_EDGE('',*,*,#734,.T.);
#1049 = FACE_BOUND('',#1050,.T.);
#1050 = EDGE_LOOP('',(#1051,#1081,#1110,#1138,#1167,#1195,#1224,#1252));
#1051 = ORIENTED_EDGE('',*,*,#1052,.F.);
#1052 = EDGE_CURVE('',#1053,#1055,#1057,.T.);
#1053 = VERTEX_POINT('',#1054);
#1054 = CARTESIAN_POINT('',(15.75,34.25,147.25));
#1055 = VERTEX_POINT('',#1056);
#1056 = CARTESIAN_POINT('',(-15.75,34.25,147.25));
#1057 = SURFACE_CURVE('',#1058,(#1062,#1069),.PCURVE_S1.);
#1058 = LINE('',#1059,#1060);
#1059 = CARTESIAN_POINT('',(23.375,34.25,147.25));
#1060 = VECTOR('',#1061,1.);
#1061 = DIRECTION('',(-1.,-0.,-0.));
#1062 = PCURVE('',#293,#1063);
#1063 = DEFINITIONAL_REPRESENTATION('',(#1064),#1068);
#1064 = LINE('',#1065,#1066);
#1065 = CARTESIAN_POINT('',(-9.25,-6.625));
#1066 = VECTOR('',#1067,1.);
#1067 = DIRECTION('',(-0.,-1.));
#1068 = ( GEOMETRIC_REPRESENTATION_CONTEXT(2) 
PARAMETRIC_REPRESENTATION_CONTEXT() REPRESENTATION_CONTEXT('2D SPACE',''
  ) );
#1069 = PCURVE('',#1070,#1075);
#1070 = PLANE('',#1071);
#1071 = AXIS2_PLACEMENT_3D('',#1072,#1073,#1074);
#1072 = CARTESIAN_POINT('',(16.75,32.7,147.25));
#1073 = DIRECTION('',(-0.,-0.,-1.));
#1074 = DIRECTION('',(1.,0.,0.));
#1075 = DEFINITIONAL_REPRESENTATION('',(#1076),#1080);
#1076 = LINE('',#1077,#1078);
#1077 = CARTESIAN_POINT('',(6.625,-1.55));
#1078 = VECTOR('',#1079,1.);
#1079 = DIRECTION('',(-1.,0.));
#1080 = ( GEOMETRIC_REPRESENTATION_CONTEXT(2) 
PARAMETRIC_REPRESENTATION_CONTEXT() REPRESENTATION_CONTEXT('2D SPACE',''
  ) );
#1081 = ORIENTED_EDGE('',*,*,#1082,.T.);
#1082 = EDGE_CURVE('',#1053,#1083,#1085,.T.);
#1083 = VERTEX_POINT('',#1084);
#1084 = CARTESIAN_POINT('',(16.75,34.25,148.25));
#1085 = SURFACE_CURVE('',#1086,(#1091,#1098),.PCURVE_S1.);
#1086 = CIRCLE('',#1087,1.);
#1087 = AXIS2_PLACEMENT_3D('',#1088,#1089,#1090);
#1088 = CARTESIAN_POINT('',(15.75,34.25,148.25));
#1089 = DIRECTION('',(0.,-1.,0.));
#1090 = DIRECTION('',(-0.,-0.,-1.));
#1091 = PCURVE('',#293,#1092);
#1092 = DEFINITIONAL_REPRESENTATION('',(#1093),#1097);
#1093 = CIRCLE('',#1094,1.);
#1094 = AXIS2_PLACEMENT_2D('',#1095,#1096);
#1095 = CARTESIAN_POINT('',(-10.25,-14.25));
#1096 = DIRECTION('',(1.,-0.));
#1097 = ( GEOMETRIC_REPRESENTATION_CONTEXT(2) 
PARAMETRIC_REPRESENTATION_CONTEXT() REPRESENTATION_CONTEXT('2D SPACE',''
  ) );
#1098 = PCURVE('',#1099,#1104);
#1099 = CYLINDRICAL_SURFACE('',#1100,1.);
#1100 = AXIS2_PLACEMENT_3D('',#1101,#1102,#1103);
#1101 = CARTESIAN_POINT('',(15.75,32.7,148.25));
#1102 = DIRECTION('',(-0.,1.,-0.));
#1103 = DIRECTION('',(-0.,-0.,-1.));
#1104 = DEFINITIONAL_REPRESENTATION('',(#1105),#1109);
#1105 = LINE('',#1106,#1107);
#1106 = CARTESIAN_POINT('',(-0.,1.55));
#1107 = VECTOR('',#1108,1.);
#1108 = DIRECTION('',(-1.,0.));
#1109 = ( GEOMETRIC_REPRESENTATION_CONTEXT(2) 
PARAMETRIC_REPRESENTATION_CONTEXT() REPRESENTATION_CONTEXT('2D SPACE',''
  ) );
#1110 = ORIENTED_EDGE('',*,*,#1111,.F.);
#1111 = EDGE_CURVE('',#1112,#1083,#1114,.T.);
#1112 = VERTEX_POINT('',#1113);
#1113 = CARTESIAN_POINT('',(16.75,34.25,153.75));
#1114 = SURFACE_CURVE('',#1115,(#1119,#1126),.PCURVE_S1.);
#1115 = LINE('',#1116,#1117);
#1116 = CARTESIAN_POINT('',(16.75,34.25,146.375));
#1117 = VECTOR('',#1118,1.);
#1118 = DIRECTION('',(-0.,-0.,-1.));
#1119 = PCURVE('',#293,#1120);
#1120 = DEFINITIONAL_REPRESENTATION('',(#1121),#1125);
#1121 = LINE('',#1122,#1123);
#1122 = CARTESIAN_POINT('',(-8.375,-13.25));
#1123 = VECTOR('',#1124,1.);
#1124 = DIRECTION('',(1.,-0.));
#1125 = ( GEOMETRIC_REPRESENTATION_CONTEXT(2) 
PARAMETRIC_REPRESENTATION_CONTEXT() REPRESENTATION_CONTEXT('2D SPACE',''
  ) );
#1126 = PCURVE('',#1127,#1132);
#1127 = PLANE('',#1128);
#1128 = AXIS2_PLACEMENT_3D('',#1129,#1130,#1131);
#1129 = CARTESIAN_POINT('',(16.75,32.7,154.75));
#1130 = DIRECTION('',(1.,-0.,-0.));
#1131 = DIRECTION('',(0.,0.,1.));
#1132 = DEFINITIONAL_REPRESENTATION('',(#1133),#1137);
#1133 = LINE('',#1134,#1135);
#1134 = CARTESIAN_POINT('',(-8.375,-1.55));
#1135 = VECTOR('',#1136,1.);
#1136 = DIRECTION('',(-1.,0.));
#1137 = ( GEOMETRIC_REPRESENTATION_CONTEXT(2) 
PARAMETRIC_REPRESENTATION_CONTEXT() REPRESENTATION_CONTEXT('2D SPACE',''
  ) );
#1138 = ORIENTED_EDGE('',*,*,#1139,.T.);
#1139 = EDGE_CURVE('',#1112,#1140,#1142,.T.);
#1140 = VERTEX_POINT('',#1141);
#1141 = CARTESIAN_POINT('',(15.75,34.25,154.75));
#1142 = SURFACE_CURVE('',#1143,(#1148,#1155),.PCURVE_S1.);
#1143 = CIRCLE('',#1144,1.);
#1144 = AXIS2_PLACEMENT_3D('',#1145,#1146,#1147);
#1145 = CARTESIAN_POINT('',(15.75,34.25,153.75));
#1146 = DIRECTION('',(0.,-1.,0.));
#1147 = DIRECTION('',(-0.,-0.,1.));
#1148 = PCURVE('',#293,#1149);
#1149 = DEFINITIONAL_REPRESENTATION('',(#1150),#1154);
#1150 = CIRCLE('',#1151,1.);
#1151 = AXIS2_PLACEMENT_2D('',#1152,#1153);
#1152 = CARTESIAN_POINT('',(-15.75,-14.25));
#1153 = DIRECTION('',(-1.,0.));
#1154 = ( GEOMETRIC_REPRESENTATION_CONTEXT(2) 
PARAMETRIC_REPRESENTATION_CONTEXT() REPRESENTATION_CONTEXT('2D SPACE',''
  ) );
#1155 = PCURVE('',#1156,#1161);
#1156 = CYLINDRICAL_SURFACE('',#1157,1.);
#1157 = AXIS2_PLACEMENT_3D('',#1158,#1159,#1160);
#1158 = CARTESIAN_POINT('',(15.75,32.7,153.75));
#1159 = DIRECTION('',(-0.,1.,-0.));
#1160 = DIRECTION('',(-0.,-0.,1.));
#1161 = DEFINITIONAL_REPRESENTATION('',(#1162),#1166);
#1162 = LINE('',#1163,#1164);
#1163 = CARTESIAN_POINT('',(6.28318530718,1.55));
#1164 = VECTOR('',#1165,1.);
#1165 = DIRECTION('',(-1.,0.));
#1166 = ( GEOMETRIC_REPRESENTATION_CONTEXT(2) 
PARAMETRIC_REPRESENTATION_CONTEXT() REPRESENTATION_CONTEXT('2D SPACE',''
  ) );
#1167 = ORIENTED_EDGE('',*,*,#1168,.F.);
#1168 = EDGE_CURVE('',#1169,#1140,#1171,.T.);
#1169 = VERTEX_POINT('',#1170);
#1170 = CARTESIAN_POINT('',(-15.75,34.25,154.75));
#1171 = SURFACE_CURVE('',#1172,(#1176,#1183),.PCURVE_S1.);
#1172 = LINE('',#1173,#1174);
#1173 = CARTESIAN_POINT('',(6.625,34.25,154.75));
#1174 = VECTOR('',#1175,1.);
#1175 = DIRECTION('',(1.,-0.,-0.));
#1176 = PCURVE('',#293,#1177);
#1177 = DEFINITIONAL_REPRESENTATION('',(#1178),#1182);
#1178 = LINE('',#1179,#1180);
#1179 = CARTESIAN_POINT('',(-16.75,-23.375));
#1180 = VECTOR('',#1181,1.);
#1181 = DIRECTION('',(-0.,1.));
#1182 = ( GEOMETRIC_REPRESENTATION_CONTEXT(2) 
PARAMETRIC_REPRESENTATION_CONTEXT() REPRESENTATION_CONTEXT('2D SPACE',''
  ) );
#1183 = PCURVE('',#1184,#1189);
#1184 = PLANE('',#1185);
#1185 = AXIS2_PLACEMENT_3D('',#1186,#1187,#1188);
#1186 = CARTESIAN_POINT('',(-16.75,32.7,154.75));
#1187 = DIRECTION('',(-0.,-0.,1.));
#1188 = DIRECTION('',(-1.,0.,0.));
#1189 = DEFINITIONAL_REPRESENTATION('',(#1190),#1194);
#1190 = LINE('',#1191,#1192);
#1191 = CARTESIAN_POINT('',(-23.375,-1.55));
#1192 = VECTOR('',#1193,1.);
#1193 = DIRECTION('',(-1.,0.));
#1194 = ( GEOMETRIC_REPRESENTATION_CONTEXT(2) 
PARAMETRIC_REPRESENTATION_CONTEXT() REPRESENTATION_CONTEXT('2D SPACE',''
  ) );
#1195 = ORIENTED_EDGE('',*,*,#1196,.T.);
#1196 = EDGE_CURVE('',#1169,#1197,#1199,.T.);
#1197 = VERTEX_POINT('',#1198);
#1198 = CARTESIAN_POINT('',(-16.75,34.25,153.75));
#1199 = SURFACE_CURVE('',#1200,(#1205,#1212),.PCURVE_S1.);
#1200 = CIRCLE('',#1201,1.);
#1201 = AXIS2_PLACEMENT_3D('',#1202,#1203,#1204);
#1202 = CARTESIAN_POINT('',(-15.75,34.25,153.75));
#1203 = DIRECTION('',(0.,-1.,0.));
#1204 = DIRECTION('',(-1.,-0.,-0.));
#1205 = PCURVE('',#293,#1206);
#1206 = DEFINITIONAL_REPRESENTATION('',(#1207),#1211);
#1207 = CIRCLE('',#1208,1.);
#1208 = AXIS2_PLACEMENT_2D('',#1209,#1210);
#1209 = CARTESIAN_POINT('',(-15.75,-45.75));
#1210 = DIRECTION('',(-0.,-1.));
#1211 = ( GEOMETRIC_REPRESENTATION_CONTEXT(2) 
PARAMETRIC_REPRESENTATION_CONTEXT() REPRESENTATION_CONTEXT('2D SPACE',''
  ) );
#1212 = PCURVE('',#1213,#1218);
#1213 = CYLINDRICAL_SURFACE('',#1214,1.);
#1214 = AXIS2_PLACEMENT_3D('',#1215,#1216,#1217);
#1215 = CARTESIAN_POINT('',(-15.75,32.7,153.75));
#1216 = DIRECTION('',(-0.,1.,-0.));
#1217 = DIRECTION('',(-1.,-0.,-0.));
#1218 = DEFINITIONAL_REPRESENTATION('',(#1219),#1223);
#1219 = LINE('',#1220,#1221);
#1220 = CARTESIAN_POINT('',(6.28318530718,1.55));
#1221 = VECTOR('',#1222,1.);
#1222 = DIRECTION('',(-1.,0.));
#1223 = ( GEOMETRIC_REPRESENTATION_CONTEXT(2) 
PARAMETRIC_REPRESENTATION_CONTEXT() REPRESENTATION_CONTEXT('2D SPACE',''
  ) );
#1224 = ORIENTED_EDGE('',*,*,#1225,.F.);
#1225 = EDGE_CURVE('',#1226,#1197,#1228,.T.);
#1226 = VERTEX_POINT('',#1227);
#1227 = CARTESIAN_POINT('',(-16.75,34.25,148.25));
#1228 = SURFACE_CURVE('',#1229,(#1233,#1240),.PCURVE_S1.);
#1229 = LINE('',#1230,#1231);
#1230 = CARTESIAN_POINT('',(-16.75,34.25,142.625));
#1231 = VECTOR('',#1232,1.);
#1232 = DIRECTION('',(-0.,-0.,1.));
#1233 = PCURVE('',#293,#1234);
#1234 = DEFINITIONAL_REPRESENTATION('',(#1235),#1239);
#1235 = LINE('',#1236,#1237);
#1236 = CARTESIAN_POINT('',(-4.625,-46.75));
#1237 = VECTOR('',#1238,1.);
#1238 = DIRECTION('',(-1.,0.));
#1239 = ( GEOMETRIC_REPRESENTATION_CONTEXT(2) 
PARAMETRIC_REPRESENTATION_CONTEXT() REPRESENTATION_CONTEXT('2D SPACE',''
  ) );
#1240 = PCURVE('',#1241,#1246);
#1241 = PLANE('',#1242);
#1242 = AXIS2_PLACEMENT_3D('',#1243,#1244,#1245);
#1243 = CARTESIAN_POINT('',(-16.75,32.7,147.25));
#1244 = DIRECTION('',(-1.,-0.,-0.));
#1245 = DIRECTION('',(0.,0.,-1.));
#1246 = DEFINITIONAL_REPRESENTATION('',(#1247),#1251);
#1247 = LINE('',#1248,#1249);
#1248 = CARTESIAN_POINT('',(4.625,-1.55));
#1249 = VECTOR('',#1250,1.);
#1250 = DIRECTION('',(-1.,-0.));
#1251 = ( GEOMETRIC_REPRESENTATION_CONTEXT(2) 
PARAMETRIC_REPRESENTATION_CONTEXT() REPRESENTATION_CONTEXT('2D SPACE',''
  ) );
#1252 = ORIENTED_EDGE('',*,*,#1253,.T.);
#1253 = EDGE_CURVE('',#1226,#1055,#1254,.T.);
#1254 = SURFACE_CURVE('',#1255,(#1260,#1267),.PCURVE_S1.);
#1255 = CIRCLE('',#1256,1.);
#1256 = AXIS2_PLACEMENT_3D('',#1257,#1258,#1259);
#1257 = CARTESIAN_POINT('',(-15.75,34.25,148.25));
#1258 = DIRECTION('',(0.,-1.,0.));
#1259 = DIRECTION('',(-0.,-0.,-1.));
#1260 = PCURVE('',#293,#1261);
#1261 = DEFINITIONAL_REPRESENTATION('',(#1262),#1266);
#1262 = CIRCLE('',#1263,1.);
#1263 = AXIS2_PLACEMENT_2D('',#1264,#1265);
#1264 = CARTESIAN_POINT('',(-10.25,-45.75));
#1265 = DIRECTION('',(1.,-0.));
#1266 = ( GEOMETRIC_REPRESENTATION_CONTEXT(2) 
PARAMETRIC_REPRESENTATION_CONTEXT() REPRESENTATION_CONTEXT('2D SPACE',''
  ) );
#1267 = PCURVE('',#1268,#1273);
#1268 = CYLINDRICAL_SURFACE('',#1269,1.);
#1269 = AXIS2_PLACEMENT_3D('',#1270,#1271,#1272);
#1270 = CARTESIAN_POINT('',(-15.75,32.7,148.25));
#1271 = DIRECTION('',(-0.,1.,-0.));
#1272 = DIRECTION('',(-0.,-0.,-1.));
#1273 = DEFINITIONAL_REPRESENTATION('',(#1274),#1278);
#1274 = LINE('',#1275,#1276);
#1275 = CARTESIAN_POINT('',(6.28318530718,1.55));
#1276 = VECTOR('',#1277,1.);
#1277 = DIRECTION('',(-1.,0.));
#1278 = ( GEOMETRIC_REPRESENTATION_CONTEXT(2) 
PARAMETRIC_REPRESENTATION_CONTEXT() REPRESENTATION_CONTEXT('2D SPACE',''
  ) );
#1279 = ADVANCED_FACE('',(#1280),#1099,.F.);
#1280 = FACE_BOUND('',#1281,.T.);
#1281 = EDGE_LOOP('',(#1282,#1305,#1334,#1355));
#1282 = ORIENTED_EDGE('',*,*,#1283,.F.);
#1283 = EDGE_CURVE('',#1284,#1053,#1286,.T.);
#1284 = VERTEX_POINT('',#1285);
#1285 = CARTESIAN_POINT('',(15.75,32.7,147.25));
#1286 = SURFACE_CURVE('',#1287,(#1291,#1298),.PCURVE_S1.);
#1287 = LINE('',#1288,#1289);
#1288 = CARTESIAN_POINT('',(15.75,32.7,147.25));
#1289 = VECTOR('',#1290,1.);
#1290 = DIRECTION('',(-0.,1.,-0.));
#1291 = PCURVE('',#1099,#1292);
#1292 = DEFINITIONAL_REPRESENTATION('',(#1293),#1297);
#1293 = LINE('',#1294,#1295);
#1294 = CARTESIAN_POINT('',(-0.,0.));
#1295 = VECTOR('',#1296,1.);
#1296 = DIRECTION('',(-0.,1.));
#1297 = ( GEOMETRIC_REPRESENTATION_CONTEXT(2) 
PARAMETRIC_REPRESENTATION_CONTEXT() REPRESENTATION_CONTEXT('2D SPACE',''
  ) );
#1298 = PCURVE('',#1070,#1299);
#1299 = DEFINITIONAL_REPRESENTATION('',(#1300),#1304);
#1300 = LINE('',#1301,#1302);
#1301 = CARTESIAN_POINT('',(-1.,0.));
#1302 = VECTOR('',#1303,1.);
#1303 = DIRECTION('',(-0.,-1.));
#1304 = ( GEOMETRIC_REPRESENTATION_CONTEXT(2) 
PARAMETRIC_REPRESENTATION_CONTEXT() REPRESENTATION_CONTEXT('2D SPACE',''
  ) );
#1305 = ORIENTED_EDGE('',*,*,#1306,.T.);
#1306 = EDGE_CURVE('',#1284,#1307,#1309,.T.);
#1307 = VERTEX_POINT('',#1308);
#1308 = CARTESIAN_POINT('',(16.75,32.7,148.25));
#1309 = SURFACE_CURVE('',#1310,(#1315,#1322),.PCURVE_S1.);
#1310 = CIRCLE('',#1311,1.);
#1311 = AXIS2_PLACEMENT_3D('',#1312,#1313,#1314);
#1312 = CARTESIAN_POINT('',(15.75,32.7,148.25));
#1313 = DIRECTION('',(0.,-1.,0.));
#1314 = DIRECTION('',(-0.,-0.,1.));
#1315 = PCURVE('',#1099,#1316);
#1316 = DEFINITIONAL_REPRESENTATION('',(#1317),#1321);
#1317 = LINE('',#1318,#1319);
#1318 = CARTESIAN_POINT('',(3.14159265359,-0.));
#1319 = VECTOR('',#1320,1.);
#1320 = DIRECTION('',(-1.,0.));
#1321 = ( GEOMETRIC_REPRESENTATION_CONTEXT(2) 
PARAMETRIC_REPRESENTATION_CONTEXT() REPRESENTATION_CONTEXT('2D SPACE',''
  ) );
#1322 = PCURVE('',#1323,#1328);
#1323 = PLANE('',#1324);
#1324 = AXIS2_PLACEMENT_3D('',#1325,#1326,#1327);
#1325 = CARTESIAN_POINT('',(0.,32.7,151.));
#1326 = DIRECTION('',(0.,-1.,-0.));
#1327 = DIRECTION('',(0.,0.,1.));
#1328 = DEFINITIONAL_REPRESENTATION('',(#1329),#1333);
#1329 = CIRCLE('',#1330,1.);
#1330 = AXIS2_PLACEMENT_2D('',#1331,#1332);
#1331 = CARTESIAN_POINT('',(-2.75,-15.75));
#1332 = DIRECTION('',(1.,-0.));
#1333 = ( GEOMETRIC_REPRESENTATION_CONTEXT(2) 
PARAMETRIC_REPRESENTATION_CONTEXT() REPRESENTATION_CONTEXT('2D SPACE',''
  ) );
#1334 = ORIENTED_EDGE('',*,*,#1335,.T.);
#1335 = EDGE_CURVE('',#1307,#1083,#1336,.T.);
#1336 = SURFACE_CURVE('',#1337,(#1341,#1348),.PCURVE_S1.);
#1337 = LINE('',#1338,#1339);
#1338 = CARTESIAN_POINT('',(16.75,32.7,148.25));
#1339 = VECTOR('',#1340,1.);
#1340 = DIRECTION('',(-0.,1.,-0.));
#1341 = PCURVE('',#1099,#1342);
#1342 = DEFINITIONAL_REPRESENTATION('',(#1343),#1347);
#1343 = LINE('',#1344,#1345);
#1344 = CARTESIAN_POINT('',(-1.570796326795,0.));
#1345 = VECTOR('',#1346,1.);
#1346 = DIRECTION('',(-0.,1.));
#1347 = ( GEOMETRIC_REPRESENTATION_CONTEXT(2) 
PARAMETRIC_REPRESENTATION_CONTEXT() REPRESENTATION_CONTEXT('2D SPACE',''
  ) );
#1348 = PCURVE('',#1127,#1349);
#1349 = DEFINITIONAL_REPRESENTATION('',(#1350),#1354);
#1350 = LINE('',#1351,#1352);
#1351 = CARTESIAN_POINT('',(-6.5,0.));
#1352 = VECTOR('',#1353,1.);
#1353 = DIRECTION('',(-0.,-1.));
#1354 = ( GEOMETRIC_REPRESENTATION_CONTEXT(2) 
PARAMETRIC_REPRESENTATION_CONTEXT() REPRESENTATION_CONTEXT('2D SPACE',''
  ) );
#1355 = ORIENTED_EDGE('',*,*,#1082,.F.);
#1356 = ADVANCED_FACE('',(#1357,#1534,#1565,#1596,#1627,#1658,#1689,
    #1720,#1751,#1782,#1813,#1844,#1875,#1906,#1937,#1968,#1999,#2030,
    #2061,#2092,#2123),#1323,.F.);
#1357 = FACE_BOUND('',#1358,.T.);
#1358 = EDGE_LOOP('',(#1359,#1382,#1410,#1433,#1461,#1484,#1512,#1533));
#1359 = ORIENTED_EDGE('',*,*,#1360,.T.);
#1360 = EDGE_CURVE('',#1284,#1361,#1363,.T.);
#1361 = VERTEX_POINT('',#1362);
#1362 = CARTESIAN_POINT('',(-15.75,32.7,147.25));
#1363 = SURFACE_CURVE('',#1364,(#1368,#1375),.PCURVE_S1.);
#1364 = LINE('',#1365,#1366);
#1365 = CARTESIAN_POINT('',(16.75,32.7,147.25));
#1366 = VECTOR('',#1367,1.);
#1367 = DIRECTION('',(-1.,-0.,-0.));
#1368 = PCURVE('',#1323,#1369);
#1369 = DEFINITIONAL_REPRESENTATION('',(#1370),#1374);
#1370 = LINE('',#1371,#1372);
#1371 = CARTESIAN_POINT('',(-3.75,-16.75));
#1372 = VECTOR('',#1373,1.);
#1373 = DIRECTION('',(-0.,1.));
#1374 = ( GEOMETRIC_REPRESENTATION_CONTEXT(2) 
PARAMETRIC_REPRESENTATION_CONTEXT() REPRESENTATION_CONTEXT('2D SPACE',''
  ) );
#1375 = PCURVE('',#1070,#1376);
#1376 = DEFINITIONAL_REPRESENTATION('',(#1377),#1381);
#1377 = LINE('',#1378,#1379);
#1378 = CARTESIAN_POINT('',(-0.,-0.));
#1379 = VECTOR('',#1380,1.);
#1380 = DIRECTION('',(-1.,0.));
#1381 = ( GEOMETRIC_REPRESENTATION_CONTEXT(2) 
PARAMETRIC_REPRESENTATION_CONTEXT() REPRESENTATION_CONTEXT('2D SPACE',''
  ) );
#1382 = ORIENTED_EDGE('',*,*,#1383,.T.);
#1383 = EDGE_CURVE('',#1361,#1384,#1386,.T.);
#1384 = VERTEX_POINT('',#1385);
#1385 = CARTESIAN_POINT('',(-16.75,32.7,148.25));
#1386 = SURFACE_CURVE('',#1387,(#1392,#1403),.PCURVE_S1.);
#1387 = CIRCLE('',#1388,1.);
#1388 = AXIS2_PLACEMENT_3D('',#1389,#1390,#1391);
#1389 = CARTESIAN_POINT('',(-15.75,32.7,148.25));
#1390 = DIRECTION('',(0.,1.,0.));
#1391 = DIRECTION('',(-0.,-0.,1.));
#1392 = PCURVE('',#1323,#1393);
#1393 = DEFINITIONAL_REPRESENTATION('',(#1394),#1402);
#1394 = ( BOUNDED_CURVE() B_SPLINE_CURVE(2,(#1395,#1396,#1397,#1398,
#1399,#1400,#1401),.UNSPECIFIED.,.T.,.F.) B_SPLINE_CURVE_WITH_KNOTS((1,2
    ,2,2,2,1),(-2.094395102393,0.,2.094395102393,4.188790204786,
6.28318530718,8.377580409573),.UNSPECIFIED.) CURVE() 
GEOMETRIC_REPRESENTATION_ITEM() RATIONAL_B_SPLINE_CURVE((1.,0.5,1.,0.5,
1.,0.5,1.)) REPRESENTATION_ITEM('') );
#1395 = CARTESIAN_POINT('',(-1.75,15.75));
#1396 = CARTESIAN_POINT('',(-1.75,14.017949192431));
#1397 = CARTESIAN_POINT('',(-3.25,14.883974596216));
#1398 = CARTESIAN_POINT('',(-4.75,15.75));
#1399 = CARTESIAN_POINT('',(-3.25,16.616025403784));
#1400 = CARTESIAN_POINT('',(-1.75,17.482050807569));
#1401 = CARTESIAN_POINT('',(-1.75,15.75));
#1402 = ( GEOMETRIC_REPRESENTATION_CONTEXT(2) 
PARAMETRIC_REPRESENTATION_CONTEXT() REPRESENTATION_CONTEXT('2D SPACE',''
  ) );
#1403 = PCURVE('',#1268,#1404);
#1404 = DEFINITIONAL_REPRESENTATION('',(#1405),#1409);
#1405 = LINE('',#1406,#1407);
#1406 = CARTESIAN_POINT('',(-3.14159265359,0.));
#1407 = VECTOR('',#1408,1.);
#1408 = DIRECTION('',(1.,0.));
#1409 = ( GEOMETRIC_REPRESENTATION_CONTEXT(2) 
PARAMETRIC_REPRESENTATION_CONTEXT() REPRESENTATION_CONTEXT('2D SPACE',''
  ) );
#1410 = ORIENTED_EDGE('',*,*,#1411,.T.);
#1411 = EDGE_CURVE('',#1384,#1412,#1414,.T.);
#1412 = VERTEX_POINT('',#1413);
#1413 = CARTESIAN_POINT('',(-16.75,32.7,153.75));
#1414 = SURFACE_CURVE('',#1415,(#1419,#1426),.PCURVE_S1.);
#1415 = LINE('',#1416,#1417);
#1416 = CARTESIAN_POINT('',(-16.75,32.7,147.25));
#1417 = VECTOR('',#1418,1.);
#1418 = DIRECTION('',(-0.,-0.,1.));
#1419 = PCURVE('',#1323,#1420);
#1420 = DEFINITIONAL_REPRESENTATION('',(#1421),#1425);
#1421 = LINE('',#1422,#1423);
#1422 = CARTESIAN_POINT('',(-3.75,16.75));
#1423 = VECTOR('',#1424,1.);
#1424 = DIRECTION('',(1.,-0.));
#1425 = ( GEOMETRIC_REPRESENTATION_CONTEXT(2) 
PARAMETRIC_REPRESENTATION_CONTEXT() REPRESENTATION_CONTEXT('2D SPACE',''
  ) );
#1426 = PCURVE('',#1241,#1427);
#1427 = DEFINITIONAL_REPRESENTATION('',(#1428),#1432);
#1428 = LINE('',#1429,#1430);
#1429 = CARTESIAN_POINT('',(-0.,-0.));
#1430 = VECTOR('',#1431,1.);
#1431 = DIRECTION('',(-1.,-0.));
#1432 = ( GEOMETRIC_REPRESENTATION_CONTEXT(2) 
PARAMETRIC_REPRESENTATION_CONTEXT() REPRESENTATION_CONTEXT('2D SPACE',''
  ) );
#1433 = ORIENTED_EDGE('',*,*,#1434,.T.);
#1434 = EDGE_CURVE('',#1412,#1435,#1437,.T.);
#1435 = VERTEX_POINT('',#1436);
#1436 = CARTESIAN_POINT('',(-15.75,32.7,154.75));
#1437 = SURFACE_CURVE('',#1438,(#1443,#1454),.PCURVE_S1.);
#1438 = CIRCLE('',#1439,1.);
#1439 = AXIS2_PLACEMENT_3D('',#1440,#1441,#1442);
#1440 = CARTESIAN_POINT('',(-15.75,32.7,153.75));
#1441 = DIRECTION('',(0.,1.,0.));
#1442 = DIRECTION('',(-0.,-0.,1.));
#1443 = PCURVE('',#1323,#1444);
#1444 = DEFINITIONAL_REPRESENTATION('',(#1445),#1453);
#1445 = ( BOUNDED_CURVE() B_SPLINE_CURVE(2,(#1446,#1447,#1448,#1449,
#1450,#1451,#1452),.UNSPECIFIED.,.T.,.F.) B_SPLINE_CURVE_WITH_KNOTS((1,2
    ,2,2,2,1),(-2.094395102393,0.,2.094395102393,4.188790204786,
6.28318530718,8.377580409573),.UNSPECIFIED.) CURVE() 
GEOMETRIC_REPRESENTATION_ITEM() RATIONAL_B_SPLINE_CURVE((1.,0.5,1.,0.5,
1.,0.5,1.)) REPRESENTATION_ITEM('') );
#1446 = CARTESIAN_POINT('',(3.75,15.75));
#1447 = CARTESIAN_POINT('',(3.75,14.017949192431));
#1448 = CARTESIAN_POINT('',(2.25,14.883974596216));
#1449 = CARTESIAN_POINT('',(0.75,15.75));
#1450 = CARTESIAN_POINT('',(2.25,16.616025403784));
#1451 = CARTESIAN_POINT('',(3.75,17.482050807569));
#1452 = CARTESIAN_POINT('',(3.75,15.75));
#1453 = ( GEOMETRIC_REPRESENTATION_CONTEXT(2) 
PARAMETRIC_REPRESENTATION_CONTEXT() REPRESENTATION_CONTEXT('2D SPACE',''
  ) );
#1454 = PCURVE('',#1213,#1455);
#1455 = DEFINITIONAL_REPRESENTATION('',(#1456),#1460);
#1456 = LINE('',#1457,#1458);
#1457 = CARTESIAN_POINT('',(-4.712388980385,0.));
#1458 = VECTOR('',#1459,1.);
#1459 = DIRECTION('',(1.,0.));
#1460 = ( GEOMETRIC_REPRESENTATION_CONTEXT(2) 
PARAMETRIC_REPRESENTATION_CONTEXT() REPRESENTATION_CONTEXT('2D SPACE',''
  ) );
#1461 = ORIENTED_EDGE('',*,*,#1462,.T.);
#1462 = EDGE_CURVE('',#1435,#1463,#1465,.T.);
#1463 = VERTEX_POINT('',#1464);
#1464 = CARTESIAN_POINT('',(15.75,32.7,154.75));
#1465 = SURFACE_CURVE('',#1466,(#1470,#1477),.PCURVE_S1.);
#1466 = LINE('',#1467,#1468);
#1467 = CARTESIAN_POINT('',(-16.75,32.7,154.75));
#1468 = VECTOR('',#1469,1.);
#1469 = DIRECTION('',(1.,-0.,-0.));
#1470 = PCURVE('',#1323,#1471);
#1471 = DEFINITIONAL_REPRESENTATION('',(#1472),#1476);
#1472 = LINE('',#1473,#1474);
#1473 = CARTESIAN_POINT('',(3.75,16.75));
#1474 = VECTOR('',#1475,1.);
#1475 = DIRECTION('',(-0.,-1.));
#1476 = ( GEOMETRIC_REPRESENTATION_CONTEXT(2) 
PARAMETRIC_REPRESENTATION_CONTEXT() REPRESENTATION_CONTEXT('2D SPACE',''
  ) );
#1477 = PCURVE('',#1184,#1478);
#1478 = DEFINITIONAL_REPRESENTATION('',(#1479),#1483);
#1479 = LINE('',#1480,#1481);
#1480 = CARTESIAN_POINT('',(-0.,-0.));
#1481 = VECTOR('',#1482,1.);
#1482 = DIRECTION('',(-1.,0.));
#1483 = ( GEOMETRIC_REPRESENTATION_CONTEXT(2) 
PARAMETRIC_REPRESENTATION_CONTEXT() REPRESENTATION_CONTEXT('2D SPACE',''
  ) );
#1484 = ORIENTED_EDGE('',*,*,#1485,.T.);
#1485 = EDGE_CURVE('',#1463,#1486,#1488,.T.);
#1486 = VERTEX_POINT('',#1487);
#1487 = CARTESIAN_POINT('',(16.75,32.7,153.75));
#1488 = SURFACE_CURVE('',#1489,(#1494,#1505),.PCURVE_S1.);
#1489 = CIRCLE('',#1490,1.);
#1490 = AXIS2_PLACEMENT_3D('',#1491,#1492,#1493);
#1491 = CARTESIAN_POINT('',(15.75,32.7,153.75));
#1492 = DIRECTION('',(0.,1.,0.));
#1493 = DIRECTION('',(-0.,-0.,1.));
#1494 = PCURVE('',#1323,#1495);
#1495 = DEFINITIONAL_REPRESENTATION('',(#1496),#1504);
#1496 = ( BOUNDED_CURVE() B_SPLINE_CURVE(2,(#1497,#1498,#1499,#1500,
#1501,#1502,#1503),.UNSPECIFIED.,.T.,.F.) B_SPLINE_CURVE_WITH_KNOTS((1,2
    ,2,2,2,1),(-2.094395102393,0.,2.094395102393,4.188790204786,
6.28318530718,8.377580409573),.UNSPECIFIED.) CURVE() 
GEOMETRIC_REPRESENTATION_ITEM() RATIONAL_B_SPLINE_CURVE((1.,0.5,1.,0.5,
1.,0.5,1.)) REPRESENTATION_ITEM('') );
#1497 = CARTESIAN_POINT('',(3.75,-15.75));
#1498 = CARTESIAN_POINT('',(3.75,-17.48205080756));
#1499 = CARTESIAN_POINT('',(2.25,-16.61602540378));
#1500 = CARTESIAN_POINT('',(0.75,-15.75));
#1501 = CARTESIAN_POINT('',(2.25,-14.88397459621));
#1502 = CARTESIAN_POINT('',(3.75,-14.01794919243));
#1503 = CARTESIAN_POINT('',(3.75,-15.75));
#1504 = ( GEOMETRIC_REPRESENTATION_CONTEXT(2) 
PARAMETRIC_REPRESENTATION_CONTEXT() REPRESENTATION_CONTEXT('2D SPACE',''
  ) );
#1505 = PCURVE('',#1156,#1506);
#1506 = DEFINITIONAL_REPRESENTATION('',(#1507),#1511);
#1507 = LINE('',#1508,#1509);
#1508 = CARTESIAN_POINT('',(0.,0.));
#1509 = VECTOR('',#1510,1.);
#1510 = DIRECTION('',(1.,0.));
#1511 = ( GEOMETRIC_REPRESENTATION_CONTEXT(2) 
PARAMETRIC_REPRESENTATION_CONTEXT() REPRESENTATION_CONTEXT('2D SPACE',''
  ) );
#1512 = ORIENTED_EDGE('',*,*,#1513,.T.);
#1513 = EDGE_CURVE('',#1486,#1307,#1514,.T.);
#1514 = SURFACE_CURVE('',#1515,(#1519,#1526),.PCURVE_S1.);
#1515 = LINE('',#1516,#1517);
#1516 = CARTESIAN_POINT('',(16.75,32.7,154.75));
#1517 = VECTOR('',#1518,1.);
#1518 = DIRECTION('',(-0.,-0.,-1.));
#1519 = PCURVE('',#1323,#1520);
#1520 = DEFINITIONAL_REPRESENTATION('',(#1521),#1525);
#1521 = LINE('',#1522,#1523);
#1522 = CARTESIAN_POINT('',(3.75,-16.75));
#1523 = VECTOR('',#1524,1.);
#1524 = DIRECTION('',(-1.,0.));
#1525 = ( GEOMETRIC_REPRESENTATION_CONTEXT(2) 
PARAMETRIC_REPRESENTATION_CONTEXT() REPRESENTATION_CONTEXT('2D SPACE',''
  ) );
#1526 = PCURVE('',#1127,#1527);
#1527 = DEFINITIONAL_REPRESENTATION('',(#1528),#1532);
#1528 = LINE('',#1529,#1530);
#1529 = CARTESIAN_POINT('',(-0.,-0.));
#1530 = VECTOR('',#1531,1.);
#1531 = DIRECTION('',(-1.,0.));
#1532 = ( GEOMETRIC_REPRESENTATION_CONTEXT(2) 
PARAMETRIC_REPRESENTATION_CONTEXT() REPRESENTATION_CONTEXT('2D SPACE',''
  ) );
#1533 = ORIENTED_EDGE('',*,*,#1306,.F.);
#1534 = FACE_BOUND('',#1535,.T.);
#1535 = EDGE_LOOP('',(#1536));
#1536 = ORIENTED_EDGE('',*,*,#1537,.T.);
#1537 = EDGE_CURVE('',#1538,#1538,#1540,.T.);
#1538 = VERTEX_POINT('',#1539);
#1539 = CARTESIAN_POINT('',(13.725,32.7,153.27));
#1540 = SURFACE_CURVE('',#1541,(#1546,#1553),.PCURVE_S1.);
#1541 = CIRCLE('',#1542,0.82);
#1542 = AXIS2_PLACEMENT_3D('',#1543,#1544,#1545);
#1543 = CARTESIAN_POINT('',(13.725,32.7,152.45));
#1544 = DIRECTION('',(0.,-1.,0.));
#1545 = DIRECTION('',(-0.,-0.,1.));
#1546 = PCURVE('',#1323,#1547);
#1547 = DEFINITIONAL_REPRESENTATION('',(#1548),#1552);
#1548 = CIRCLE('',#1549,0.82);
#1549 = AXIS2_PLACEMENT_2D('',#1550,#1551);
#1550 = CARTESIAN_POINT('',(1.45,-13.725));
#1551 = DIRECTION('',(1.,-0.));
#1552 = ( GEOMETRIC_REPRESENTATION_CONTEXT(2) 
PARAMETRIC_REPRESENTATION_CONTEXT() REPRESENTATION_CONTEXT('2D SPACE',''
  ) );
#1553 = PCURVE('',#1554,#1559);
#1554 = CYLINDRICAL_SURFACE('',#1555,0.82);
#1555 = AXIS2_PLACEMENT_3D('',#1556,#1557,#1558);
#1556 = CARTESIAN_POINT('',(13.725,29.8,152.45));
#1557 = DIRECTION('',(-0.,1.,-0.));
#1558 = DIRECTION('',(-0.,-0.,1.));
#1559 = DEFINITIONAL_REPRESENTATION('',(#1560),#1564);
#1560 = LINE('',#1561,#1562);
#1561 = CARTESIAN_POINT('',(-0.,2.9));
#1562 = VECTOR('',#1563,1.);
#1563 = DIRECTION('',(-1.,0.));
#1564 = ( GEOMETRIC_REPRESENTATION_CONTEXT(2) 
PARAMETRIC_REPRESENTATION_CONTEXT() REPRESENTATION_CONTEXT('2D SPACE',''
  ) );
#1565 = FACE_BOUND('',#1566,.T.);
#1566 = EDGE_LOOP('',(#1567));
#1567 = ORIENTED_EDGE('',*,*,#1568,.T.);
#1568 = EDGE_CURVE('',#1569,#1569,#1571,.T.);
#1569 = VERTEX_POINT('',#1570);
#1570 = CARTESIAN_POINT('',(10.675,32.7,153.27));
#1571 = SURFACE_CURVE('',#1572,(#1577,#1584),.PCURVE_S1.);
#1572 = CIRCLE('',#1573,0.82);
#1573 = AXIS2_PLACEMENT_3D('',#1574,#1575,#1576);
#1574 = CARTESIAN_POINT('',(10.675,32.7,152.45));
#1575 = DIRECTION('',(0.,-1.,0.));
#1576 = DIRECTION('',(-0.,-0.,1.));
#1577 = PCURVE('',#1323,#1578);
#1578 = DEFINITIONAL_REPRESENTATION('',(#1579),#1583);
#1579 = CIRCLE('',#1580,0.82);
#1580 = AXIS2_PLACEMENT_2D('',#1581,#1582);
#1581 = CARTESIAN_POINT('',(1.45,-10.675));
#1582 = DIRECTION('',(1.,-0.));
#1583 = ( GEOMETRIC_REPRESENTATION_CONTEXT(2) 
PARAMETRIC_REPRESENTATION_CONTEXT() REPRESENTATION_CONTEXT('2D SPACE',''
  ) );
#1584 = PCURVE('',#1585,#1590);
#1585 = CYLINDRICAL_SURFACE('',#1586,0.82);
#1586 = AXIS2_PLACEMENT_3D('',#1587,#1588,#1589);
#1587 = CARTESIAN_POINT('',(10.675,29.8,152.45));
#1588 = DIRECTION('',(-0.,1.,-0.));
#1589 = DIRECTION('',(-0.,-0.,1.));
#1590 = DEFINITIONAL_REPRESENTATION('',(#1591),#1595);
#1591 = LINE('',#1592,#1593);
#1592 = CARTESIAN_POINT('',(-0.,2.9));
#1593 = VECTOR('',#1594,1.);
#1594 = DIRECTION('',(-1.,0.));
#1595 = ( GEOMETRIC_REPRESENTATION_CONTEXT(2) 
PARAMETRIC_REPRESENTATION_CONTEXT() REPRESENTATION_CONTEXT('2D SPACE',''
  ) );
#1596 = FACE_BOUND('',#1597,.T.);
#1597 = EDGE_LOOP('',(#1598));
#1598 = ORIENTED_EDGE('',*,*,#1599,.T.);
#1599 = EDGE_CURVE('',#1600,#1600,#1602,.T.);
#1600 = VERTEX_POINT('',#1601);
#1601 = CARTESIAN_POINT('',(7.625,32.7,153.27));
#1602 = SURFACE_CURVE('',#1603,(#1608,#1615),.PCURVE_S1.);
#1603 = CIRCLE('',#1604,0.82);
#1604 = AXIS2_PLACEMENT_3D('',#1605,#1606,#1607);
#1605 = CARTESIAN_POINT('',(7.625,32.7,152.45));
#1606 = DIRECTION('',(0.,-1.,0.));
#1607 = DIRECTION('',(-0.,-0.,1.));
#1608 = PCURVE('',#1323,#1609);
#1609 = DEFINITIONAL_REPRESENTATION('',(#1610),#1614);
#1610 = CIRCLE('',#1611,0.82);
#1611 = AXIS2_PLACEMENT_2D('',#1612,#1613);
#1612 = CARTESIAN_POINT('',(1.45,-7.625));
#1613 = DIRECTION('',(1.,-0.));
#1614 = ( GEOMETRIC_REPRESENTATION_CONTEXT(2) 
PARAMETRIC_REPRESENTATION_CONTEXT() REPRESENTATION_CONTEXT('2D SPACE',''
  ) );
#1615 = PCURVE('',#1616,#1621);
#1616 = CYLINDRICAL_SURFACE('',#1617,0.82);
#1617 = AXIS2_PLACEMENT_3D('',#1618,#1619,#1620);
#1618 = CARTESIAN_POINT('',(7.625,29.8,152.45));
#1619 = DIRECTION('',(-0.,1.,-0.));
#1620 = DIRECTION('',(-0.,-0.,1.));
#1621 = DEFINITIONAL_REPRESENTATION('',(#1622),#1626);
#1622 = LINE('',#1623,#1624);
#1623 = CARTESIAN_POINT('',(-0.,2.9));
#1624 = VECTOR('',#1625,1.);
#1625 = DIRECTION('',(-1.,0.));
#1626 = ( GEOMETRIC_REPRESENTATION_CONTEXT(2) 
PARAMETRIC_REPRESENTATION_CONTEXT() REPRESENTATION_CONTEXT('2D SPACE',''
  ) );
#1627 = FACE_BOUND('',#1628,.T.);
#1628 = EDGE_LOOP('',(#1629));
#1629 = ORIENTED_EDGE('',*,*,#1630,.T.);
#1630 = EDGE_CURVE('',#1631,#1631,#1633,.T.);
#1631 = VERTEX_POINT('',#1632);
#1632 = CARTESIAN_POINT('',(4.575,32.7,153.27));
#1633 = SURFACE_CURVE('',#1634,(#1639,#1646),.PCURVE_S1.);
#1634 = CIRCLE('',#1635,0.82);
#1635 = AXIS2_PLACEMENT_3D('',#1636,#1637,#1638);
#1636 = CARTESIAN_POINT('',(4.575,32.7,152.45));
#1637 = DIRECTION('',(0.,-1.,0.));
#1638 = DIRECTION('',(-0.,-0.,1.));
#1639 = PCURVE('',#1323,#1640);
#1640 = DEFINITIONAL_REPRESENTATION('',(#1641),#1645);
#1641 = CIRCLE('',#1642,0.82);
#1642 = AXIS2_PLACEMENT_2D('',#1643,#1644);
#1643 = CARTESIAN_POINT('',(1.45,-4.575));
#1644 = DIRECTION('',(1.,-0.));
#1645 = ( GEOMETRIC_REPRESENTATION_CONTEXT(2) 
PARAMETRIC_REPRESENTATION_CONTEXT() REPRESENTATION_CONTEXT('2D SPACE',''
  ) );
#1646 = PCURVE('',#1647,#1652);
#1647 = CYLINDRICAL_SURFACE('',#1648,0.82);
#1648 = AXIS2_PLACEMENT_3D('',#1649,#1650,#1651);
#1649 = CARTESIAN_POINT('',(4.575,29.8,152.45));
#1650 = DIRECTION('',(-0.,1.,-0.));
#1651 = DIRECTION('',(-0.,-0.,1.));
#1652 = DEFINITIONAL_REPRESENTATION('',(#1653),#1657);
#1653 = LINE('',#1654,#1655);
#1654 = CARTESIAN_POINT('',(-0.,2.9));
#1655 = VECTOR('',#1656,1.);
#1656 = DIRECTION('',(-1.,0.));
#1657 = ( GEOMETRIC_REPRESENTATION_CONTEXT(2) 
PARAMETRIC_REPRESENTATION_CONTEXT() REPRESENTATION_CONTEXT('2D SPACE',''
  ) );
#1658 = FACE_BOUND('',#1659,.T.);
#1659 = EDGE_LOOP('',(#1660));
#1660 = ORIENTED_EDGE('',*,*,#1661,.T.);
#1661 = EDGE_CURVE('',#1662,#1662,#1664,.T.);
#1662 = VERTEX_POINT('',#1663);
#1663 = CARTESIAN_POINT('',(1.525,32.7,153.27));
#1664 = SURFACE_CURVE('',#1665,(#1670,#1677),.PCURVE_S1.);
#1665 = CIRCLE('',#1666,0.82);
#1666 = AXIS2_PLACEMENT_3D('',#1667,#1668,#1669);
#1667 = CARTESIAN_POINT('',(1.525,32.7,152.45));
#1668 = DIRECTION('',(0.,-1.,0.));
#1669 = DIRECTION('',(-0.,-0.,1.));
#1670 = PCURVE('',#1323,#1671);
#1671 = DEFINITIONAL_REPRESENTATION('',(#1672),#1676);
#1672 = CIRCLE('',#1673,0.82);
#1673 = AXIS2_PLACEMENT_2D('',#1674,#1675);
#1674 = CARTESIAN_POINT('',(1.45,-1.525));
#1675 = DIRECTION('',(1.,-0.));
#1676 = ( GEOMETRIC_REPRESENTATION_CONTEXT(2) 
PARAMETRIC_REPRESENTATION_CONTEXT() REPRESENTATION_CONTEXT('2D SPACE',''
  ) );
#1677 = PCURVE('',#1678,#1683);
#1678 = CYLINDRICAL_SURFACE('',#1679,0.82);
#1679 = AXIS2_PLACEMENT_3D('',#1680,#1681,#1682);
#1680 = CARTESIAN_POINT('',(1.525,29.8,152.45));
#1681 = DIRECTION('',(-0.,1.,-0.));
#1682 = DIRECTION('',(-0.,-0.,1.));
#1683 = DEFINITIONAL_REPRESENTATION('',(#1684),#1688);
#1684 = LINE('',#1685,#1686);
#1685 = CARTESIAN_POINT('',(-0.,2.9));
#1686 = VECTOR('',#1687,1.);
#1687 = DIRECTION('',(-1.,0.));
#1688 = ( GEOMETRIC_REPRESENTATION_CONTEXT(2) 
PARAMETRIC_REPRESENTATION_CONTEXT() REPRESENTATION_CONTEXT('2D SPACE',''
  ) );
#1689 = FACE_BOUND('',#1690,.T.);
#1690 = EDGE_LOOP('',(#1691));
#1691 = ORIENTED_EDGE('',*,*,#1692,.T.);
#1692 = EDGE_CURVE('',#1693,#1693,#1695,.T.);
#1693 = VERTEX_POINT('',#1694);
#1694 = CARTESIAN_POINT('',(13.725,32.7,150.37));
#1695 = SURFACE_CURVE('',#1696,(#1701,#1708),.PCURVE_S1.);
#1696 = CIRCLE('',#1697,0.82);
#1697 = AXIS2_PLACEMENT_3D('',#1698,#1699,#1700);
#1698 = CARTESIAN_POINT('',(13.725,32.7,149.55));
#1699 = DIRECTION('',(0.,-1.,0.));
#1700 = DIRECTION('',(-0.,-0.,1.));
#1701 = PCURVE('',#1323,#1702);
#1702 = DEFINITIONAL_REPRESENTATION('',(#1703),#1707);
#1703 = CIRCLE('',#1704,0.82);
#1704 = AXIS2_PLACEMENT_2D('',#1705,#1706);
#1705 = CARTESIAN_POINT('',(-1.45,-13.725));
#1706 = DIRECTION('',(1.,-0.));
#1707 = ( GEOMETRIC_REPRESENTATION_CONTEXT(2) 
PARAMETRIC_REPRESENTATION_CONTEXT() REPRESENTATION_CONTEXT('2D SPACE',''
  ) );
#1708 = PCURVE('',#1709,#1714);
#1709 = CYLINDRICAL_SURFACE('',#1710,0.82);
#1710 = AXIS2_PLACEMENT_3D('',#1711,#1712,#1713);
#1711 = CARTESIAN_POINT('',(13.725,29.8,149.55));
#1712 = DIRECTION('',(-0.,1.,-0.));
#1713 = DIRECTION('',(-0.,-0.,1.));
#1714 = DEFINITIONAL_REPRESENTATION('',(#1715),#1719);
#1715 = LINE('',#1716,#1717);
#1716 = CARTESIAN_POINT('',(-0.,2.9));
#1717 = VECTOR('',#1718,1.);
#1718 = DIRECTION('',(-1.,0.));
#1719 = ( GEOMETRIC_REPRESENTATION_CONTEXT(2) 
PARAMETRIC_REPRESENTATION_CONTEXT() REPRESENTATION_CONTEXT('2D SPACE',''
  ) );
#1720 = FACE_BOUND('',#1721,.T.);
#1721 = EDGE_LOOP('',(#1722));
#1722 = ORIENTED_EDGE('',*,*,#1723,.T.);
#1723 = EDGE_CURVE('',#1724,#1724,#1726,.T.);
#1724 = VERTEX_POINT('',#1725);
#1725 = CARTESIAN_POINT('',(10.675,32.7,150.37));
#1726 = SURFACE_CURVE('',#1727,(#1732,#1739),.PCURVE_S1.);
#1727 = CIRCLE('',#1728,0.82);
#1728 = AXIS2_PLACEMENT_3D('',#1729,#1730,#1731);
#1729 = CARTESIAN_POINT('',(10.675,32.7,149.55));
#1730 = DIRECTION('',(0.,-1.,0.));
#1731 = DIRECTION('',(-0.,-0.,1.));
#1732 = PCURVE('',#1323,#1733);
#1733 = DEFINITIONAL_REPRESENTATION('',(#1734),#1738);
#1734 = CIRCLE('',#1735,0.82);
#1735 = AXIS2_PLACEMENT_2D('',#1736,#1737);
#1736 = CARTESIAN_POINT('',(-1.45,-10.675));
#1737 = DIRECTION('',(1.,-0.));
#1738 = ( GEOMETRIC_REPRESENTATION_CONTEXT(2) 
PARAMETRIC_REPRESENTATION_CONTEXT() REPRESENTATION_CONTEXT('2D SPACE',''
  ) );
#1739 = PCURVE('',#1740,#1745);
#1740 = CYLINDRICAL_SURFACE('',#1741,0.82);
#1741 = AXIS2_PLACEMENT_3D('',#1742,#1743,#1744);
#1742 = CARTESIAN_POINT('',(10.675,29.8,149.55));
#1743 = DIRECTION('',(-0.,1.,-0.));
#1744 = DIRECTION('',(-0.,-0.,1.));
#1745 = DEFINITIONAL_REPRESENTATION('',(#1746),#1750);
#1746 = LINE('',#1747,#1748);
#1747 = CARTESIAN_POINT('',(-0.,2.9));
#1748 = VECTOR('',#1749,1.);
#1749 = DIRECTION('',(-1.,0.));
#1750 = ( GEOMETRIC_REPRESENTATION_CONTEXT(2) 
PARAMETRIC_REPRESENTATION_CONTEXT() REPRESENTATION_CONTEXT('2D SPACE',''
  ) );
#1751 = FACE_BOUND('',#1752,.T.);
#1752 = EDGE_LOOP('',(#1753));
#1753 = ORIENTED_EDGE('',*,*,#1754,.T.);
#1754 = EDGE_CURVE('',#1755,#1755,#1757,.T.);
#1755 = VERTEX_POINT('',#1756);
#1756 = CARTESIAN_POINT('',(7.625,32.7,150.37));
#1757 = SURFACE_CURVE('',#1758,(#1763,#1770),.PCURVE_S1.);
#1758 = CIRCLE('',#1759,0.82);
#1759 = AXIS2_PLACEMENT_3D('',#1760,#1761,#1762);
#1760 = CARTESIAN_POINT('',(7.625,32.7,149.55));
#1761 = DIRECTION('',(0.,-1.,0.));
#1762 = DIRECTION('',(-0.,-0.,1.));
#1763 = PCURVE('',#1323,#1764);
#1764 = DEFINITIONAL_REPRESENTATION('',(#1765),#1769);
#1765 = CIRCLE('',#1766,0.82);
#1766 = AXIS2_PLACEMENT_2D('',#1767,#1768);
#1767 = CARTESIAN_POINT('',(-1.45,-7.625));
#1768 = DIRECTION('',(1.,-0.));
#1769 = ( GEOMETRIC_REPRESENTATION_CONTEXT(2) 
PARAMETRIC_REPRESENTATION_CONTEXT() REPRESENTATION_CONTEXT('2D SPACE',''
  ) );
#1770 = PCURVE('',#1771,#1776);
#1771 = CYLINDRICAL_SURFACE('',#1772,0.82);
#1772 = AXIS2_PLACEMENT_3D('',#1773,#1774,#1775);
#1773 = CARTESIAN_POINT('',(7.625,29.8,149.55));
#1774 = DIRECTION('',(-0.,1.,-0.));
#1775 = DIRECTION('',(-0.,-0.,1.));
#1776 = DEFINITIONAL_REPRESENTATION('',(#1777),#1781);
#1777 = LINE('',#1778,#1779);
#1778 = CARTESIAN_POINT('',(-0.,2.9));
#1779 = VECTOR('',#1780,1.);
#1780 = DIRECTION('',(-1.,0.));
#1781 = ( GEOMETRIC_REPRESENTATION_CONTEXT(2) 
PARAMETRIC_REPRESENTATION_CONTEXT() REPRESENTATION_CONTEXT('2D SPACE',''
  ) );
#1782 = FACE_BOUND('',#1783,.T.);
#1783 = EDGE_LOOP('',(#1784));
#1784 = ORIENTED_EDGE('',*,*,#1785,.T.);
#1785 = EDGE_CURVE('',#1786,#1786,#1788,.T.);
#1786 = VERTEX_POINT('',#1787);
#1787 = CARTESIAN_POINT('',(4.575,32.7,150.37));
#1788 = SURFACE_CURVE('',#1789,(#1794,#1801),.PCURVE_S1.);
#1789 = CIRCLE('',#1790,0.82);
#1790 = AXIS2_PLACEMENT_3D('',#1791,#1792,#1793);
#1791 = CARTESIAN_POINT('',(4.575,32.7,149.55));
#1792 = DIRECTION('',(0.,-1.,0.));
#1793 = DIRECTION('',(-0.,-0.,1.));
#1794 = PCURVE('',#1323,#1795);
#1795 = DEFINITIONAL_REPRESENTATION('',(#1796),#1800);
#1796 = CIRCLE('',#1797,0.82);
#1797 = AXIS2_PLACEMENT_2D('',#1798,#1799);
#1798 = CARTESIAN_POINT('',(-1.45,-4.575));
#1799 = DIRECTION('',(1.,-0.));
#1800 = ( GEOMETRIC_REPRESENTATION_CONTEXT(2) 
PARAMETRIC_REPRESENTATION_CONTEXT() REPRESENTATION_CONTEXT('2D SPACE',''
  ) );
#1801 = PCURVE('',#1802,#1807);
#1802 = CYLINDRICAL_SURFACE('',#1803,0.82);
#1803 = AXIS2_PLACEMENT_3D('',#1804,#1805,#1806);
#1804 = CARTESIAN_POINT('',(4.575,29.8,149.55));
#1805 = DIRECTION('',(-0.,1.,-0.));
#1806 = DIRECTION('',(-0.,-0.,1.));
#1807 = DEFINITIONAL_REPRESENTATION('',(#1808),#1812);
#1808 = LINE('',#1809,#1810);
#1809 = CARTESIAN_POINT('',(-0.,2.9));
#1810 = VECTOR('',#1811,1.);
#1811 = DIRECTION('',(-1.,0.));
#1812 = ( GEOMETRIC_REPRESENTATION_CONTEXT(2) 
PARAMETRIC_REPRESENTATION_CONTEXT() REPRESENTATION_CONTEXT('2D SPACE',''
  ) );
#1813 = FACE_BOUND('',#1814,.T.);
#1814 = EDGE_LOOP('',(#1815));
#1815 = ORIENTED_EDGE('',*,*,#1816,.T.);
#1816 = EDGE_CURVE('',#1817,#1817,#1819,.T.);
#1817 = VERTEX_POINT('',#1818);
#1818 = CARTESIAN_POINT('',(1.525,32.7,150.37));
#1819 = SURFACE_CURVE('',#1820,(#1825,#1832),.PCURVE_S1.);
#1820 = CIRCLE('',#1821,0.82);
#1821 = AXIS2_PLACEMENT_3D('',#1822,#1823,#1824);
#1822 = CARTESIAN_POINT('',(1.525,32.7,149.55));
#1823 = DIRECTION('',(0.,-1.,0.));
#1824 = DIRECTION('',(-0.,-0.,1.));
#1825 = PCURVE('',#1323,#1826);
#1826 = DEFINITIONAL_REPRESENTATION('',(#1827),#1831);
#1827 = CIRCLE('',#1828,0.82);
#1828 = AXIS2_PLACEMENT_2D('',#1829,#1830);
#1829 = CARTESIAN_POINT('',(-1.45,-1.525));
#1830 = DIRECTION('',(1.,-0.));
#1831 = ( GEOMETRIC_REPRESENTATION_CONTEXT(2) 
PARAMETRIC_REPRESENTATION_CONTEXT() REPRESENTATION_CONTEXT('2D SPACE',''
  ) );
#1832 = PCURVE('',#1833,#1838);
#1833 = CYLINDRICAL_SURFACE('',#1834,0.82);
#1834 = AXIS2_PLACEMENT_3D('',#1835,#1836,#1837);
#1835 = CARTESIAN_POINT('',(1.525,29.8,149.55));
#1836 = DIRECTION('',(-0.,1.,-0.));
#1837 = DIRECTION('',(-0.,-0.,1.));
#1838 = DEFINITIONAL_REPRESENTATION('',(#1839),#1843);
#1839 = LINE('',#1840,#1841);
#1840 = CARTESIAN_POINT('',(-0.,2.9));
#1841 = VECTOR('',#1842,1.);
#1842 = DIRECTION('',(-1.,0.));
#1843 = ( GEOMETRIC_REPRESENTATION_CONTEXT(2) 
PARAMETRIC_REPRESENTATION_CONTEXT() REPRESENTATION_CONTEXT('2D SPACE',''
  ) );
#1844 = FACE_BOUND('',#1845,.T.);
#1845 = EDGE_LOOP('',(#1846));
#1846 = ORIENTED_EDGE('',*,*,#1847,.T.);
#1847 = EDGE_CURVE('',#1848,#1848,#1850,.T.);
#1848 = VERTEX_POINT('',#1849);
#1849 = CARTESIAN_POINT('',(-1.525,32.7,153.27));
#1850 = SURFACE_CURVE('',#1851,(#1856,#1863),.PCURVE_S1.);
#1851 = CIRCLE('',#1852,0.82);
#1852 = AXIS2_PLACEMENT_3D('',#1853,#1854,#1855);
#1853 = CARTESIAN_POINT('',(-1.525,32.7,152.45));
#1854 = DIRECTION('',(0.,-1.,0.));
#1855 = DIRECTION('',(-0.,-0.,1.));
#1856 = PCURVE('',#1323,#1857);
#1857 = DEFINITIONAL_REPRESENTATION('',(#1858),#1862);
#1858 = CIRCLE('',#1859,0.82);
#1859 = AXIS2_PLACEMENT_2D('',#1860,#1861);
#1860 = CARTESIAN_POINT('',(1.45,1.525));
#1861 = DIRECTION('',(1.,-0.));
#1862 = ( GEOMETRIC_REPRESENTATION_CONTEXT(2) 
PARAMETRIC_REPRESENTATION_CONTEXT() REPRESENTATION_CONTEXT('2D SPACE',''
  ) );
#1863 = PCURVE('',#1864,#1869);
#1864 = CYLINDRICAL_SURFACE('',#1865,0.82);
#1865 = AXIS2_PLACEMENT_3D('',#1866,#1867,#1868);
#1866 = CARTESIAN_POINT('',(-1.525,29.8,152.45));
#1867 = DIRECTION('',(-0.,1.,-0.));
#1868 = DIRECTION('',(-0.,-0.,1.));
#1869 = DEFINITIONAL_REPRESENTATION('',(#1870),#1874);
#1870 = LINE('',#1871,#1872);
#1871 = CARTESIAN_POINT('',(-0.,2.9));
#1872 = VECTOR('',#1873,1.);
#1873 = DIRECTION('',(-1.,0.));
#1874 = ( GEOMETRIC_REPRESENTATION_CONTEXT(2) 
PARAMETRIC_REPRESENTATION_CONTEXT() REPRESENTATION_CONTEXT('2D SPACE',''
  ) );
#1875 = FACE_BOUND('',#1876,.T.);
#1876 = EDGE_LOOP('',(#1877));
#1877 = ORIENTED_EDGE('',*,*,#1878,.T.);
#1878 = EDGE_CURVE('',#1879,#1879,#1881,.T.);
#1879 = VERTEX_POINT('',#1880);
#1880 = CARTESIAN_POINT('',(-4.575,32.7,153.27));
#1881 = SURFACE_CURVE('',#1882,(#1887,#1894),.PCURVE_S1.);
#1882 = CIRCLE('',#1883,0.82);
#1883 = AXIS2_PLACEMENT_3D('',#1884,#1885,#1886);
#1884 = CARTESIAN_POINT('',(-4.575,32.7,152.45));
#1885 = DIRECTION('',(0.,-1.,0.));
#1886 = DIRECTION('',(-0.,-0.,1.));
#1887 = PCURVE('',#1323,#1888);
#1888 = DEFINITIONAL_REPRESENTATION('',(#1889),#1893);
#1889 = CIRCLE('',#1890,0.82);
#1890 = AXIS2_PLACEMENT_2D('',#1891,#1892);
#1891 = CARTESIAN_POINT('',(1.45,4.575));
#1892 = DIRECTION('',(1.,-0.));
#1893 = ( GEOMETRIC_REPRESENTATION_CONTEXT(2) 
PARAMETRIC_REPRESENTATION_CONTEXT() REPRESENTATION_CONTEXT('2D SPACE',''
  ) );
#1894 = PCURVE('',#1895,#1900);
#1895 = CYLINDRICAL_SURFACE('',#1896,0.82);
#1896 = AXIS2_PLACEMENT_3D('',#1897,#1898,#1899);
#1897 = CARTESIAN_POINT('',(-4.575,29.8,152.45));
#1898 = DIRECTION('',(-0.,1.,-0.));
#1899 = DIRECTION('',(-0.,-0.,1.));
#1900 = DEFINITIONAL_REPRESENTATION('',(#1901),#1905);
#1901 = LINE('',#1902,#1903);
#1902 = CARTESIAN_POINT('',(-0.,2.9));
#1903 = VECTOR('',#1904,1.);
#1904 = DIRECTION('',(-1.,0.));
#1905 = ( GEOMETRIC_REPRESENTATION_CONTEXT(2) 
PARAMETRIC_REPRESENTATION_CONTEXT() REPRESENTATION_CONTEXT('2D SPACE',''
  ) );
#1906 = FACE_BOUND('',#1907,.T.);
#1907 = EDGE_LOOP('',(#1908));
#1908 = ORIENTED_EDGE('',*,*,#1909,.T.);
#1909 = EDGE_CURVE('',#1910,#1910,#1912,.T.);
#1910 = VERTEX_POINT('',#1911);
#1911 = CARTESIAN_POINT('',(-7.625,32.7,153.27));
#1912 = SURFACE_CURVE('',#1913,(#1918,#1925),.PCURVE_S1.);
#1913 = CIRCLE('',#1914,0.82);
#1914 = AXIS2_PLACEMENT_3D('',#1915,#1916,#1917);
#1915 = CARTESIAN_POINT('',(-7.625,32.7,152.45));
#1916 = DIRECTION('',(0.,-1.,0.));
#1917 = DIRECTION('',(-0.,-0.,1.));
#1918 = PCURVE('',#1323,#1919);
#1919 = DEFINITIONAL_REPRESENTATION('',(#1920),#1924);
#1920 = CIRCLE('',#1921,0.82);
#1921 = AXIS2_PLACEMENT_2D('',#1922,#1923);
#1922 = CARTESIAN_POINT('',(1.45,7.625));
#1923 = DIRECTION('',(1.,-0.));
#1924 = ( GEOMETRIC_REPRESENTATION_CONTEXT(2) 
PARAMETRIC_REPRESENTATION_CONTEXT() REPRESENTATION_CONTEXT('2D SPACE',''
  ) );
#1925 = PCURVE('',#1926,#1931);
#1926 = CYLINDRICAL_SURFACE('',#1927,0.82);
#1927 = AXIS2_PLACEMENT_3D('',#1928,#1929,#1930);
#1928 = CARTESIAN_POINT('',(-7.625,29.8,152.45));
#1929 = DIRECTION('',(-0.,1.,-0.));
#1930 = DIRECTION('',(-0.,-0.,1.));
#1931 = DEFINITIONAL_REPRESENTATION('',(#1932),#1936);
#1932 = LINE('',#1933,#1934);
#1933 = CARTESIAN_POINT('',(-0.,2.9));
#1934 = VECTOR('',#1935,1.);
#1935 = DIRECTION('',(-1.,0.));
#1936 = ( GEOMETRIC_REPRESENTATION_CONTEXT(2) 
PARAMETRIC_REPRESENTATION_CONTEXT() REPRESENTATION_CONTEXT('2D SPACE',''
  ) );
#1937 = FACE_BOUND('',#1938,.T.);
#1938 = EDGE_LOOP('',(#1939));
#1939 = ORIENTED_EDGE('',*,*,#1940,.T.);
#1940 = EDGE_CURVE('',#1941,#1941,#1943,.T.);
#1941 = VERTEX_POINT('',#1942);
#1942 = CARTESIAN_POINT('',(-10.675,32.7,153.27));
#1943 = SURFACE_CURVE('',#1944,(#1949,#1956),.PCURVE_S1.);
#1944 = CIRCLE('',#1945,0.82);
#1945 = AXIS2_PLACEMENT_3D('',#1946,#1947,#1948);
#1946 = CARTESIAN_POINT('',(-10.675,32.7,152.45));
#1947 = DIRECTION('',(0.,-1.,0.));
#1948 = DIRECTION('',(-0.,-0.,1.));
#1949 = PCURVE('',#1323,#1950);
#1950 = DEFINITIONAL_REPRESENTATION('',(#1951),#1955);
#1951 = CIRCLE('',#1952,0.82);
#1952 = AXIS2_PLACEMENT_2D('',#1953,#1954);
#1953 = CARTESIAN_POINT('',(1.45,10.675));
#1954 = DIRECTION('',(1.,-0.));
#1955 = ( GEOMETRIC_REPRESENTATION_CONTEXT(2) 
PARAMETRIC_REPRESENTATION_CONTEXT() REPRESENTATION_CONTEXT('2D SPACE',''
  ) );
#1956 = PCURVE('',#1957,#1962);
#1957 = CYLINDRICAL_SURFACE('',#1958,0.82);
#1958 = AXIS2_PLACEMENT_3D('',#1959,#1960,#1961);
#1959 = CARTESIAN_POINT('',(-10.675,29.8,152.45));
#1960 = DIRECTION('',(-0.,1.,-0.));
#1961 = DIRECTION('',(-0.,-0.,1.));
#1962 = DEFINITIONAL_REPRESENTATION('',(#1963),#1967);
#1963 = LINE('',#1964,#1965);
#1964 = CARTESIAN_POINT('',(-0.,2.9));
#1965 = VECTOR('',#1966,1.);
#1966 = DIRECTION('',(-1.,0.));
#1967 = ( GEOMETRIC_REPRESENTATION_CONTEXT(2) 
PARAMETRIC_REPRESENTATION_CONTEXT() REPRESENTATION_CONTEXT('2D SPACE',''
  ) );
#1968 = FACE_BOUND('',#1969,.T.);
#1969 = EDGE_LOOP('',(#1970));
#1970 = ORIENTED_EDGE('',*,*,#1971,.T.);
#1971 = EDGE_CURVE('',#1972,#1972,#1974,.T.);
#1972 = VERTEX_POINT('',#1973);
#1973 = CARTESIAN_POINT('',(-13.725,32.7,153.27));
#1974 = SURFACE_CURVE('',#1975,(#1980,#1987),.PCURVE_S1.);
#1975 = CIRCLE('',#1976,0.82);
#1976 = AXIS2_PLACEMENT_3D('',#1977,#1978,#1979);
#1977 = CARTESIAN_POINT('',(-13.725,32.7,152.45));
#1978 = DIRECTION('',(0.,-1.,0.));
#1979 = DIRECTION('',(-0.,-0.,1.));
#1980 = PCURVE('',#1323,#1981);
#1981 = DEFINITIONAL_REPRESENTATION('',(#1982),#1986);
#1982 = CIRCLE('',#1983,0.82);
#1983 = AXIS2_PLACEMENT_2D('',#1984,#1985);
#1984 = CARTESIAN_POINT('',(1.45,13.725));
#1985 = DIRECTION('',(1.,-0.));
#1986 = ( GEOMETRIC_REPRESENTATION_CONTEXT(2) 
PARAMETRIC_REPRESENTATION_CONTEXT() REPRESENTATION_CONTEXT('2D SPACE',''
  ) );
#1987 = PCURVE('',#1988,#1993);
#1988 = CYLINDRICAL_SURFACE('',#1989,0.82);
#1989 = AXIS2_PLACEMENT_3D('',#1990,#1991,#1992);
#1990 = CARTESIAN_POINT('',(-13.725,29.8,152.45));
#1991 = DIRECTION('',(-0.,1.,-0.));
#1992 = DIRECTION('',(-0.,-0.,1.));
#1993 = DEFINITIONAL_REPRESENTATION('',(#1994),#1998);
#1994 = LINE('',#1995,#1996);
#1995 = CARTESIAN_POINT('',(-0.,2.9));
#1996 = VECTOR('',#1997,1.);
#1997 = DIRECTION('',(-1.,0.));
#1998 = ( GEOMETRIC_REPRESENTATION_CONTEXT(2) 
PARAMETRIC_REPRESENTATION_CONTEXT() REPRESENTATION_CONTEXT('2D SPACE',''
  ) );
#1999 = FACE_BOUND('',#2000,.T.);
#2000 = EDGE_LOOP('',(#2001));
#2001 = ORIENTED_EDGE('',*,*,#2002,.T.);
#2002 = EDGE_CURVE('',#2003,#2003,#2005,.T.);
#2003 = VERTEX_POINT('',#2004);
#2004 = CARTESIAN_POINT('',(-1.525,32.7,150.37));
#2005 = SURFACE_CURVE('',#2006,(#2011,#2018),.PCURVE_S1.);
#2006 = CIRCLE('',#2007,0.82);
#2007 = AXIS2_PLACEMENT_3D('',#2008,#2009,#2010);
#2008 = CARTESIAN_POINT('',(-1.525,32.7,149.55));
#2009 = DIRECTION('',(0.,-1.,0.));
#2010 = DIRECTION('',(-0.,-0.,1.));
#2011 = PCURVE('',#1323,#2012);
#2012 = DEFINITIONAL_REPRESENTATION('',(#2013),#2017);
#2013 = CIRCLE('',#2014,0.82);
#2014 = AXIS2_PLACEMENT_2D('',#2015,#2016);
#2015 = CARTESIAN_POINT('',(-1.45,1.525));
#2016 = DIRECTION('',(1.,-0.));
#2017 = ( GEOMETRIC_REPRESENTATION_CONTEXT(2) 
PARAMETRIC_REPRESENTATION_CONTEXT() REPRESENTATION_CONTEXT('2D SPACE',''
  ) );
#2018 = PCURVE('',#2019,#2024);
#2019 = CYLINDRICAL_SURFACE('',#2020,0.82);
#2020 = AXIS2_PLACEMENT_3D('',#2021,#2022,#2023);
#2021 = CARTESIAN_POINT('',(-1.525,29.8,149.55));
#2022 = DIRECTION('',(-0.,1.,-0.));
#2023 = DIRECTION('',(-0.,-0.,1.));
#2024 = DEFINITIONAL_REPRESENTATION('',(#2025),#2029);
#2025 = LINE('',#2026,#2027);
#2026 = CARTESIAN_POINT('',(-0.,2.9));
#2027 = VECTOR('',#2028,1.);
#2028 = DIRECTION('',(-1.,0.));
#2029 = ( GEOMETRIC_REPRESENTATION_CONTEXT(2) 
PARAMETRIC_REPRESENTATION_CONTEXT() REPRESENTATION_CONTEXT('2D SPACE',''
  ) );
#2030 = FACE_BOUND('',#2031,.T.);
#2031 = EDGE_LOOP('',(#2032));
#2032 = ORIENTED_EDGE('',*,*,#2033,.T.);
#2033 = EDGE_CURVE('',#2034,#2034,#2036,.T.);
#2034 = VERTEX_POINT('',#2035);
#2035 = CARTESIAN_POINT('',(-4.575,32.7,150.37));
#2036 = SURFACE_CURVE('',#2037,(#2042,#2049),.PCURVE_S1.);
#2037 = CIRCLE('',#2038,0.82);
#2038 = AXIS2_PLACEMENT_3D('',#2039,#2040,#2041);
#2039 = CARTESIAN_POINT('',(-4.575,32.7,149.55));
#2040 = DIRECTION('',(0.,-1.,0.));
#2041 = DIRECTION('',(-0.,-0.,1.));
#2042 = PCURVE('',#1323,#2043);
#2043 = DEFINITIONAL_REPRESENTATION('',(#2044),#2048);
#2044 = CIRCLE('',#2045,0.82);
#2045 = AXIS2_PLACEMENT_2D('',#2046,#2047);
#2046 = CARTESIAN_POINT('',(-1.45,4.575));
#2047 = DIRECTION('',(1.,-0.));
#2048 = ( GEOMETRIC_REPRESENTATION_CONTEXT(2) 
PARAMETRIC_REPRESENTATION_CONTEXT() REPRESENTATION_CONTEXT('2D SPACE',''
  ) );
#2049 = PCURVE('',#2050,#2055);
#2050 = CYLINDRICAL_SURFACE('',#2051,0.82);
#2051 = AXIS2_PLACEMENT_3D('',#2052,#2053,#2054);
#2052 = CARTESIAN_POINT('',(-4.575,29.8,149.55));
#2053 = DIRECTION('',(-0.,1.,-0.));
#2054 = DIRECTION('',(-0.,-0.,1.));
#2055 = DEFINITIONAL_REPRESENTATION('',(#2056),#2060);
#2056 = LINE('',#2057,#2058);
#2057 = CARTESIAN_POINT('',(-0.,2.9));
#2058 = VECTOR('',#2059,1.);
#2059 = DIRECTION('',(-1.,0.));
#2060 = ( GEOMETRIC_REPRESENTATION_CONTEXT(2) 
PARAMETRIC_REPRESENTATION_CONTEXT() REPRESENTATION_CONTEXT('2D SPACE',''
  ) );
#2061 = FACE_BOUND('',#2062,.T.);
#2062 = EDGE_LOOP('',(#2063));
#2063 = ORIENTED_EDGE('',*,*,#2064,.T.);
#2064 = EDGE_CURVE('',#2065,#2065,#2067,.T.);
#2065 = VERTEX_POINT('',#2066);
#2066 = CARTESIAN_POINT('',(-7.625,32.7,150.37));
#2067 = SURFACE_CURVE('',#2068,(#2073,#2080),.PCURVE_S1.);
#2068 = CIRCLE('',#2069,0.82);
#2069 = AXIS2_PLACEMENT_3D('',#2070,#2071,#2072);
#2070 = CARTESIAN_POINT('',(-7.625,32.7,149.55));
#2071 = DIRECTION('',(0.,-1.,0.));
#2072 = DIRECTION('',(-0.,-0.,1.));
#2073 = PCURVE('',#1323,#2074);
#2074 = DEFINITIONAL_REPRESENTATION('',(#2075),#2079);
#2075 = CIRCLE('',#2076,0.82);
#2076 = AXIS2_PLACEMENT_2D('',#2077,#2078);
#2077 = CARTESIAN_POINT('',(-1.45,7.625));
#2078 = DIRECTION('',(1.,-0.));
#2079 = ( GEOMETRIC_REPRESENTATION_CONTEXT(2) 
PARAMETRIC_REPRESENTATION_CONTEXT() REPRESENTATION_CONTEXT('2D SPACE',''
  ) );
#2080 = PCURVE('',#2081,#2086);
#2081 = CYLINDRICAL_SURFACE('',#2082,0.82);
#2082 = AXIS2_PLACEMENT_3D('',#2083,#2084,#2085);
#2083 = CARTESIAN_POINT('',(-7.625,29.8,149.55));
#2084 = DIRECTION('',(-0.,1.,-0.));
#2085 = DIRECTION('',(-0.,-0.,1.));
#2086 = DEFINITIONAL_REPRESENTATION('',(#2087),#2091);
#2087 = LINE('',#2088,#2089);
#2088 = CARTESIAN_POINT('',(-0.,2.9));
#2089 = VECTOR('',#2090,1.);
#2090 = DIRECTION('',(-1.,0.));
#2091 = ( GEOMETRIC_REPRESENTATION_CONTEXT(2) 
PARAMETRIC_REPRESENTATION_CONTEXT() REPRESENTATION_CONTEXT('2D SPACE',''
  ) );
#2092 = FACE_BOUND('',#2093,.T.);
#2093 = EDGE_LOOP('',(#2094));
#2094 = ORIENTED_EDGE('',*,*,#2095,.T.);
#2095 = EDGE_CURVE('',#2096,#2096,#2098,.T.);
#2096 = VERTEX_POINT('',#2097);
#2097 = CARTESIAN_POINT('',(-10.675,32.7,150.37));
#2098 = SURFACE_CURVE('',#2099,(#2104,#2111),.PCURVE_S1.);
#2099 = CIRCLE('',#2100,0.82);
#2100 = AXIS2_PLACEMENT_3D('',#2101,#2102,#2103);
#2101 = CARTESIAN_POINT('',(-10.675,32.7,149.55));
#2102 = DIRECTION('',(0.,-1.,0.));
#2103 = DIRECTION('',(-0.,-0.,1.));
#2104 = PCURVE('',#1323,#2105);
#2105 = DEFINITIONAL_REPRESENTATION('',(#2106),#2110);
#2106 = CIRCLE('',#2107,0.82);
#2107 = AXIS2_PLACEMENT_2D('',#2108,#2109);
#2108 = CARTESIAN_POINT('',(-1.45,10.675));
#2109 = DIRECTION('',(1.,-0.));
#2110 = ( GEOMETRIC_REPRESENTATION_CONTEXT(2) 
PARAMETRIC_REPRESENTATION_CONTEXT() REPRESENTATION_CONTEXT('2D SPACE',''
  ) );
#2111 = PCURVE('',#2112,#2117);
#2112 = CYLINDRICAL_SURFACE('',#2113,0.82);
#2113 = AXIS2_PLACEMENT_3D('',#2114,#2115,#2116);
#2114 = CARTESIAN_POINT('',(-10.675,29.8,149.55));
#2115 = DIRECTION('',(-0.,1.,-0.));
#2116 = DIRECTION('',(-0.,-0.,1.));
#2117 = DEFINITIONAL_REPRESENTATION('',(#2118),#2122);
#2118 = LINE('',#2119,#2120);
#2119 = CARTESIAN_POINT('',(-0.,2.9));
#2120 = VECTOR('',#2121,1.);
#2121 = DIRECTION('',(-1.,0.));
#2122 = ( GEOMETRIC_REPRESENTATION_CONTEXT(2) 
PARAMETRIC_REPRESENTATION_CONTEXT() REPRESENTATION_CONTEXT('2D SPACE',''
  ) );
#2123 = FACE_BOUND('',#2124,.T.);
#2124 = EDGE_LOOP('',(#2125));
#2125 = ORIENTED_EDGE('',*,*,#2126,.T.);
#2126 = EDGE_CURVE('',#2127,#2127,#2129,.T.);
#2127 = VERTEX_POINT('',#2128);
#2128 = CARTESIAN_POINT('',(-13.725,32.7,150.37));
#2129 = SURFACE_CURVE('',#2130,(#2135,#2142),.PCURVE_S1.);
#2130 = CIRCLE('',#2131,0.82);
#2131 = AXIS2_PLACEMENT_3D('',#2132,#2133,#2134);
#2132 = CARTESIAN_POINT('',(-13.725,32.7,149.55));
#2133 = DIRECTION('',(0.,-1.,0.));
#2134 = DIRECTION('',(-0.,-0.,1.));
#2135 = PCURVE('',#1323,#2136);
#2136 = DEFINITIONAL_REPRESENTATION('',(#2137),#2141);
#2137 = CIRCLE('',#2138,0.82);
#2138 = AXIS2_PLACEMENT_2D('',#2139,#2140);
#2139 = CARTESIAN_POINT('',(-1.45,13.725));
#2140 = DIRECTION('',(1.,-0.));
#2141 = ( GEOMETRIC_REPRESENTATION_CONTEXT(2) 
PARAMETRIC_REPRESENTATION_CONTEXT() REPRESENTATION_CONTEXT('2D SPACE',''
  ) );
#2142 = PCURVE('',#2143,#2148);
#2143 = CYLINDRICAL_SURFACE('',#2144,0.82);
#2144 = AXIS2_PLACEMENT_3D('',#2145,#2146,#2147);
#2145 = CARTESIAN_POINT('',(-13.725,29.8,149.55));
#2146 = DIRECTION('',(-0.,1.,-0.));
#2147 = DIRECTION('',(-0.,-0.,1.));
#2148 = DEFINITIONAL_REPRESENTATION('',(#2149),#2153);
#2149 = LINE('',#2150,#2151);
#2150 = CARTESIAN_POINT('',(-0.,2.9));
#2151 = VECTOR('',#2152,1.);
#2152 = DIRECTION('',(-1.,0.));
#2153 = ( GEOMETRIC_REPRESENTATION_CONTEXT(2) 
PARAMETRIC_REPRESENTATION_CONTEXT() REPRESENTATION_CONTEXT('2D SPACE',''
  ) );
#2154 = ADVANCED_FACE('',(#2155),#2143,.F.);
#2155 = FACE_BOUND('',#2156,.T.);
#2156 = EDGE_LOOP('',(#2157,#2158,#2181,#2212));
#2157 = ORIENTED_EDGE('',*,*,#2126,.F.);
#2158 = ORIENTED_EDGE('',*,*,#2159,.F.);
#2159 = EDGE_CURVE('',#2160,#2127,#2162,.T.);
#2160 = VERTEX_POINT('',#2161);
#2161 = CARTESIAN_POINT('',(-13.725,29.8,150.37));
#2162 = SEAM_CURVE('',#2163,(#2167,#2174),.PCURVE_S1.);
#2163 = LINE('',#2164,#2165);
#2164 = CARTESIAN_POINT('',(-13.725,29.8,150.37));
#2165 = VECTOR('',#2166,1.);
#2166 = DIRECTION('',(-0.,1.,-0.));
#2167 = PCURVE('',#2143,#2168);
#2168 = DEFINITIONAL_REPRESENTATION('',(#2169),#2173);
#2169 = LINE('',#2170,#2171);
#2170 = CARTESIAN_POINT('',(-6.28318530718,-0.));
#2171 = VECTOR('',#2172,1.);
#2172 = DIRECTION('',(-0.,1.));
#2173 = ( GEOMETRIC_REPRESENTATION_CONTEXT(2) 
PARAMETRIC_REPRESENTATION_CONTEXT() REPRESENTATION_CONTEXT('2D SPACE',''
  ) );
#2174 = PCURVE('',#2143,#2175);
#2175 = DEFINITIONAL_REPRESENTATION('',(#2176),#2180);
#2176 = LINE('',#2177,#2178);
#2177 = CARTESIAN_POINT('',(-0.,-0.));
#2178 = VECTOR('',#2179,1.);
#2179 = DIRECTION('',(-0.,1.));
#2180 = ( GEOMETRIC_REPRESENTATION_CONTEXT(2) 
PARAMETRIC_REPRESENTATION_CONTEXT() REPRESENTATION_CONTEXT('2D SPACE',''
  ) );
#2181 = ORIENTED_EDGE('',*,*,#2182,.T.);
#2182 = EDGE_CURVE('',#2160,#2160,#2183,.T.);
#2183 = SURFACE_CURVE('',#2184,(#2189,#2196),.PCURVE_S1.);
#2184 = CIRCLE('',#2185,0.82);
#2185 = AXIS2_PLACEMENT_3D('',#2186,#2187,#2188);
#2186 = CARTESIAN_POINT('',(-13.725,29.8,149.55));
#2187 = DIRECTION('',(0.,-1.,0.));
#2188 = DIRECTION('',(-0.,-0.,1.));
#2189 = PCURVE('',#2143,#2190);
#2190 = DEFINITIONAL_REPRESENTATION('',(#2191),#2195);
#2191 = LINE('',#2192,#2193);
#2192 = CARTESIAN_POINT('',(-0.,0.));
#2193 = VECTOR('',#2194,1.);
#2194 = DIRECTION('',(-1.,0.));
#2195 = ( GEOMETRIC_REPRESENTATION_CONTEXT(2) 
PARAMETRIC_REPRESENTATION_CONTEXT() REPRESENTATION_CONTEXT('2D SPACE',''
  ) );
#2196 = PCURVE('',#2197,#2202);
#2197 = PLANE('',#2198);
#2198 = AXIS2_PLACEMENT_3D('',#2199,#2200,#2201);
#2199 = CARTESIAN_POINT('',(-13.725,29.8,149.55));
#2200 = DIRECTION('',(-0.,1.,-0.));
#2201 = DIRECTION('',(0.,0.,-1.));
#2202 = DEFINITIONAL_REPRESENTATION('',(#2203),#2211);
#2203 = ( BOUNDED_CURVE() B_SPLINE_CURVE(2,(#2204,#2205,#2206,#2207,
#2208,#2209,#2210),.UNSPECIFIED.,.T.,.F.) B_SPLINE_CURVE_WITH_KNOTS((1,2
    ,2,2,2,1),(-2.094395102393,0.,2.094395102393,4.188790204786,
6.28318530718,8.377580409573),.UNSPECIFIED.) CURVE() 
GEOMETRIC_REPRESENTATION_ITEM() RATIONAL_B_SPLINE_CURVE((1.,0.5,1.,0.5,
1.,0.5,1.)) REPRESENTATION_ITEM('') );
#2204 = CARTESIAN_POINT('',(-0.82,0.));
#2205 = CARTESIAN_POINT('',(-0.82,1.420281662206));
#2206 = CARTESIAN_POINT('',(0.41,0.710140831103));
#2207 = CARTESIAN_POINT('',(1.64,2.008420750602E-16));
#2208 = CARTESIAN_POINT('',(0.41,-0.710140831103));
#2209 = CARTESIAN_POINT('',(-0.82,-1.420281662206));
#2210 = CARTESIAN_POINT('',(-0.82,0.));
#2211 = ( GEOMETRIC_REPRESENTATION_CONTEXT(2) 
PARAMETRIC_REPRESENTATION_CONTEXT() REPRESENTATION_CONTEXT('2D SPACE',''
  ) );
#2212 = ORIENTED_EDGE('',*,*,#2159,.T.);
#2213 = ADVANCED_FACE('',(#2214),#2197,.T.);
#2214 = FACE_BOUND('',#2215,.T.);
#2215 = EDGE_LOOP('',(#2216));
#2216 = ORIENTED_EDGE('',*,*,#2182,.F.);
#2217 = ADVANCED_FACE('',(#2218),#2112,.F.);
#2218 = FACE_BOUND('',#2219,.T.);
#2219 = EDGE_LOOP('',(#2220,#2221,#2244,#2275));
#2220 = ORIENTED_EDGE('',*,*,#2095,.F.);
#2221 = ORIENTED_EDGE('',*,*,#2222,.F.);
#2222 = EDGE_CURVE('',#2223,#2096,#2225,.T.);
#2223 = VERTEX_POINT('',#2224);
#2224 = CARTESIAN_POINT('',(-10.675,29.8,150.37));
#2225 = SEAM_CURVE('',#2226,(#2230,#2237),.PCURVE_S1.);
#2226 = LINE('',#2227,#2228);
#2227 = CARTESIAN_POINT('',(-10.675,29.8,150.37));
#2228 = VECTOR('',#2229,1.);
#2229 = DIRECTION('',(-0.,1.,-0.));
#2230 = PCURVE('',#2112,#2231);
#2231 = DEFINITIONAL_REPRESENTATION('',(#2232),#2236);
#2232 = LINE('',#2233,#2234);
#2233 = CARTESIAN_POINT('',(-6.28318530718,-0.));
#2234 = VECTOR('',#2235,1.);
#2235 = DIRECTION('',(-0.,1.));
#2236 = ( GEOMETRIC_REPRESENTATION_CONTEXT(2) 
PARAMETRIC_REPRESENTATION_CONTEXT() REPRESENTATION_CONTEXT('2D SPACE',''
  ) );
#2237 = PCURVE('',#2112,#2238);
#2238 = DEFINITIONAL_REPRESENTATION('',(#2239),#2243);
#2239 = LINE('',#2240,#2241);
#2240 = CARTESIAN_POINT('',(-0.,-0.));
#2241 = VECTOR('',#2242,1.);
#2242 = DIRECTION('',(-0.,1.));
#2243 = ( GEOMETRIC_REPRESENTATION_CONTEXT(2) 
PARAMETRIC_REPRESENTATION_CONTEXT() REPRESENTATION_CONTEXT('2D SPACE',''
  ) );
#2244 = ORIENTED_EDGE('',*,*,#2245,.T.);
#2245 = EDGE_CURVE('',#2223,#2223,#2246,.T.);
#2246 = SURFACE_CURVE('',#2247,(#2252,#2259),.PCURVE_S1.);
#2247 = CIRCLE('',#2248,0.82);
#2248 = AXIS2_PLACEMENT_3D('',#2249,#2250,#2251);
#2249 = CARTESIAN_POINT('',(-10.675,29.8,149.55));
#2250 = DIRECTION('',(0.,-1.,0.));
#2251 = DIRECTION('',(-0.,-0.,1.));
#2252 = PCURVE('',#2112,#2253);
#2253 = DEFINITIONAL_REPRESENTATION('',(#2254),#2258);
#2254 = LINE('',#2255,#2256);
#2255 = CARTESIAN_POINT('',(-0.,0.));
#2256 = VECTOR('',#2257,1.);
#2257 = DIRECTION('',(-1.,0.));
#2258 = ( GEOMETRIC_REPRESENTATION_CONTEXT(2) 
PARAMETRIC_REPRESENTATION_CONTEXT() REPRESENTATION_CONTEXT('2D SPACE',''
  ) );
#2259 = PCURVE('',#2260,#2265);
#2260 = PLANE('',#2261);
#2261 = AXIS2_PLACEMENT_3D('',#2262,#2263,#2264);
#2262 = CARTESIAN_POINT('',(-10.675,29.8,149.55));
#2263 = DIRECTION('',(-0.,1.,-0.));
#2264 = DIRECTION('',(0.,0.,-1.));
#2265 = DEFINITIONAL_REPRESENTATION('',(#2266),#2274);
#2266 = ( BOUNDED_CURVE() B_SPLINE_CURVE(2,(#2267,#2268,#2269,#2270,
#2271,#2272,#2273),.UNSPECIFIED.,.T.,.F.) B_SPLINE_CURVE_WITH_KNOTS((1,2
    ,2,2,2,1),(-2.094395102393,0.,2.094395102393,4.188790204786,
6.28318530718,8.377580409573),.UNSPECIFIED.) CURVE() 
GEOMETRIC_REPRESENTATION_ITEM() RATIONAL_B_SPLINE_CURVE((1.,0.5,1.,0.5,
1.,0.5,1.)) REPRESENTATION_ITEM('') );
#2267 = CARTESIAN_POINT('',(-0.82,0.));
#2268 = CARTESIAN_POINT('',(-0.82,1.420281662206));
#2269 = CARTESIAN_POINT('',(0.41,0.710140831103));
#2270 = CARTESIAN_POINT('',(1.64,2.008420750602E-16));
#2271 = CARTESIAN_POINT('',(0.41,-0.710140831103));
#2272 = CARTESIAN_POINT('',(-0.82,-1.420281662206));
#2273 = CARTESIAN_POINT('',(-0.82,0.));
#2274 = ( GEOMETRIC_REPRESENTATION_CONTEXT(2) 
PARAMETRIC_REPRESENTATION_CONTEXT() REPRESENTATION_CONTEXT('2D SPACE',''
  ) );
#2275 = ORIENTED_EDGE('',*,*,#2222,.T.);
#2276 = ADVANCED_FACE('',(#2277),#2260,.T.);
#2277 = FACE_BOUND('',#2278,.T.);
#2278 = EDGE_LOOP('',(#2279));
#2279 = ORIENTED_EDGE('',*,*,#2245,.F.);
#2280 = ADVANCED_FACE('',(#2281),#2081,.F.);
#2281 = FACE_BOUND('',#2282,.T.);
#2282 = EDGE_LOOP('',(#2283,#2284,#2307,#2338));
#2283 = ORIENTED_EDGE('',*,*,#2064,.F.);
#2284 = ORIENTED_EDGE('',*,*,#2285,.F.);
#2285 = EDGE_CURVE('',#2286,#2065,#2288,.T.);
#2286 = VERTEX_POINT('',#2287);
#2287 = CARTESIAN_POINT('',(-7.625,29.8,150.37));
#2288 = SEAM_CURVE('',#2289,(#2293,#2300),.PCURVE_S1.);
#2289 = LINE('',#2290,#2291);
#2290 = CARTESIAN_POINT('',(-7.625,29.8,150.37));
#2291 = VECTOR('',#2292,1.);
#2292 = DIRECTION('',(-0.,1.,-0.));
#2293 = PCURVE('',#2081,#2294);
#2294 = DEFINITIONAL_REPRESENTATION('',(#2295),#2299);
#2295 = LINE('',#2296,#2297);
#2296 = CARTESIAN_POINT('',(-6.28318530718,-0.));
#2297 = VECTOR('',#2298,1.);
#2298 = DIRECTION('',(-0.,1.));
#2299 = ( GEOMETRIC_REPRESENTATION_CONTEXT(2) 
PARAMETRIC_REPRESENTATION_CONTEXT() REPRESENTATION_CONTEXT('2D SPACE',''
  ) );
#2300 = PCURVE('',#2081,#2301);
#2301 = DEFINITIONAL_REPRESENTATION('',(#2302),#2306);
#2302 = LINE('',#2303,#2304);
#2303 = CARTESIAN_POINT('',(-0.,-0.));
#2304 = VECTOR('',#2305,1.);
#2305 = DIRECTION('',(-0.,1.));
#2306 = ( GEOMETRIC_REPRESENTATION_CONTEXT(2) 
PARAMETRIC_REPRESENTATION_CONTEXT() REPRESENTATION_CONTEXT('2D SPACE',''
  ) );
#2307 = ORIENTED_EDGE('',*,*,#2308,.T.);
#2308 = EDGE_CURVE('',#2286,#2286,#2309,.T.);
#2309 = SURFACE_CURVE('',#2310,(#2315,#2322),.PCURVE_S1.);
#2310 = CIRCLE('',#2311,0.82);
#2311 = AXIS2_PLACEMENT_3D('',#2312,#2313,#2314);
#2312 = CARTESIAN_POINT('',(-7.625,29.8,149.55));
#2313 = DIRECTION('',(0.,-1.,0.));
#2314 = DIRECTION('',(-0.,-0.,1.));
#2315 = PCURVE('',#2081,#2316);
#2316 = DEFINITIONAL_REPRESENTATION('',(#2317),#2321);
#2317 = LINE('',#2318,#2319);
#2318 = CARTESIAN_POINT('',(-0.,0.));
#2319 = VECTOR('',#2320,1.);
#2320 = DIRECTION('',(-1.,0.));
#2321 = ( GEOMETRIC_REPRESENTATION_CONTEXT(2) 
PARAMETRIC_REPRESENTATION_CONTEXT() REPRESENTATION_CONTEXT('2D SPACE',''
  ) );
#2322 = PCURVE('',#2323,#2328);
#2323 = PLANE('',#2324);
#2324 = AXIS2_PLACEMENT_3D('',#2325,#2326,#2327);
#2325 = CARTESIAN_POINT('',(-7.625,29.8,149.55));
#2326 = DIRECTION('',(-0.,1.,-0.));
#2327 = DIRECTION('',(0.,0.,-1.));
#2328 = DEFINITIONAL_REPRESENTATION('',(#2329),#2337);
#2329 = ( BOUNDED_CURVE() B_SPLINE_CURVE(2,(#2330,#2331,#2332,#2333,
#2334,#2335,#2336),.UNSPECIFIED.,.T.,.F.) B_SPLINE_CURVE_WITH_KNOTS((1,2
    ,2,2,2,1),(-2.094395102393,0.,2.094395102393,4.188790204786,
6.28318530718,8.377580409573),.UNSPECIFIED.) CURVE() 
GEOMETRIC_REPRESENTATION_ITEM() RATIONAL_B_SPLINE_CURVE((1.,0.5,1.,0.5,
1.,0.5,1.)) REPRESENTATION_ITEM('') );
#2330 = CARTESIAN_POINT('',(-0.82,0.));
#2331 = CARTESIAN_POINT('',(-0.82,1.420281662206));
#2332 = CARTESIAN_POINT('',(0.41,0.710140831103));
#2333 = CARTESIAN_POINT('',(1.64,2.008420750602E-16));
#2334 = CARTESIAN_POINT('',(0.41,-0.710140831103));
#2335 = CARTESIAN_POINT('',(-0.82,-1.420281662206));
#2336 = CARTESIAN_POINT('',(-0.82,0.));
#2337 = ( GEOMETRIC_REPRESENTATION_CONTEXT(2) 
PARAMETRIC_REPRESENTATION_CONTEXT() REPRESENTATION_CONTEXT('2D SPACE',''
  ) );
#2338 = ORIENTED_EDGE('',*,*,#2285,.T.);
#2339 = ADVANCED_FACE('',(#2340),#2323,.T.);
#2340 = FACE_BOUND('',#2341,.T.);
#2341 = EDGE_LOOP('',(#2342));
#2342 = ORIENTED_EDGE('',*,*,#2308,.F.);
#2343 = ADVANCED_FACE('',(#2344),#2050,.F.);
#2344 = FACE_BOUND('',#2345,.T.);
#2345 = EDGE_LOOP('',(#2346,#2347,#2370,#2401));
#2346 = ORIENTED_EDGE('',*,*,#2033,.F.);
#2347 = ORIENTED_EDGE('',*,*,#2348,.F.);
#2348 = EDGE_CURVE('',#2349,#2034,#2351,.T.);
#2349 = VERTEX_POINT('',#2350);
#2350 = CARTESIAN_POINT('',(-4.575,29.8,150.37));
#2351 = SEAM_CURVE('',#2352,(#2356,#2363),.PCURVE_S1.);
#2352 = LINE('',#2353,#2354);
#2353 = CARTESIAN_POINT('',(-4.575,29.8,150.37));
#2354 = VECTOR('',#2355,1.);
#2355 = DIRECTION('',(-0.,1.,-0.));
#2356 = PCURVE('',#2050,#2357);
#2357 = DEFINITIONAL_REPRESENTATION('',(#2358),#2362);
#2358 = LINE('',#2359,#2360);
#2359 = CARTESIAN_POINT('',(-6.28318530718,-0.));
#2360 = VECTOR('',#2361,1.);
#2361 = DIRECTION('',(-0.,1.));
#2362 = ( GEOMETRIC_REPRESENTATION_CONTEXT(2) 
PARAMETRIC_REPRESENTATION_CONTEXT() REPRESENTATION_CONTEXT('2D SPACE',''
  ) );
#2363 = PCURVE('',#2050,#2364);
#2364 = DEFINITIONAL_REPRESENTATION('',(#2365),#2369);
#2365 = LINE('',#2366,#2367);
#2366 = CARTESIAN_POINT('',(-0.,-0.));
#2367 = VECTOR('',#2368,1.);
#2368 = DIRECTION('',(-0.,1.));
#2369 = ( GEOMETRIC_REPRESENTATION_CONTEXT(2) 
PARAMETRIC_REPRESENTATION_CONTEXT() REPRESENTATION_CONTEXT('2D SPACE',''
  ) );
#2370 = ORIENTED_EDGE('',*,*,#2371,.T.);
#2371 = EDGE_CURVE('',#2349,#2349,#2372,.T.);
#2372 = SURFACE_CURVE('',#2373,(#2378,#2385),.PCURVE_S1.);
#2373 = CIRCLE('',#2374,0.82);
#2374 = AXIS2_PLACEMENT_3D('',#2375,#2376,#2377);
#2375 = CARTESIAN_POINT('',(-4.575,29.8,149.55));
#2376 = DIRECTION('',(0.,-1.,0.));
#2377 = DIRECTION('',(-0.,-0.,1.));
#2378 = PCURVE('',#2050,#2379);
#2379 = DEFINITIONAL_REPRESENTATION('',(#2380),#2384);
#2380 = LINE('',#2381,#2382);
#2381 = CARTESIAN_POINT('',(-0.,0.));
#2382 = VECTOR('',#2383,1.);
#2383 = DIRECTION('',(-1.,0.));
#2384 = ( GEOMETRIC_REPRESENTATION_CONTEXT(2) 
PARAMETRIC_REPRESENTATION_CONTEXT() REPRESENTATION_CONTEXT('2D SPACE',''
  ) );
#2385 = PCURVE('',#2386,#2391);
#2386 = PLANE('',#2387);
#2387 = AXIS2_PLACEMENT_3D('',#2388,#2389,#2390);
#2388 = CARTESIAN_POINT('',(-4.575,29.8,149.55));
#2389 = DIRECTION('',(-0.,1.,-0.));
#2390 = DIRECTION('',(0.,0.,-1.));
#2391 = DEFINITIONAL_REPRESENTATION('',(#2392),#2400);
#2392 = ( BOUNDED_CURVE() B_SPLINE_CURVE(2,(#2393,#2394,#2395,#2396,
#2397,#2398,#2399),.UNSPECIFIED.,.T.,.F.) B_SPLINE_CURVE_WITH_KNOTS((1,2
    ,2,2,2,1),(-2.094395102393,0.,2.094395102393,4.188790204786,
6.28318530718,8.377580409573),.UNSPECIFIED.) CURVE() 
GEOMETRIC_REPRESENTATION_ITEM() RATIONAL_B_SPLINE_CURVE((1.,0.5,1.,0.5,
1.,0.5,1.)) REPRESENTATION_ITEM('') );
#2393 = CARTESIAN_POINT('',(-0.82,0.));
#2394 = CARTESIAN_POINT('',(-0.82,1.420281662206));
#2395 = CARTESIAN_POINT('',(0.41,0.710140831103));
#2396 = CARTESIAN_POINT('',(1.64,2.008420750602E-16));
#2397 = CARTESIAN_POINT('',(0.41,-0.710140831103));
#2398 = CARTESIAN_POINT('',(-0.82,-1.420281662206));
#2399 = CARTESIAN_POINT('',(-0.82,0.));
#2400 = ( GEOMETRIC_REPRESENTATION_CONTEXT(2) 
PARAMETRIC_REPRESENTATION_CONTEXT() REPRESENTATION_CONTEXT('2D SPACE',''
  ) );
#2401 = ORIENTED_EDGE('',*,*,#2348,.T.);
#2402 = ADVANCED_FACE('',(#2403),#2386,.T.);
#2403 = FACE_BOUND('',#2404,.T.);
#2404 = EDGE_LOOP('',(#2405));
#2405 = ORIENTED_EDGE('',*,*,#2371,.F.);
#2406 = ADVANCED_FACE('',(#2407),#2019,.F.);
#2407 = FACE_BOUND('',#2408,.T.);
#2408 = EDGE_LOOP('',(#2409,#2410,#2433,#2464));
#2409 = ORIENTED_EDGE('',*,*,#2002,.F.);
#2410 = ORIENTED_EDGE('',*,*,#2411,.F.);
#2411 = EDGE_CURVE('',#2412,#2003,#2414,.T.);
#2412 = VERTEX_POINT('',#2413);
#2413 = CARTESIAN_POINT('',(-1.525,29.8,150.37));
#2414 = SEAM_CURVE('',#2415,(#2419,#2426),.PCURVE_S1.);
#2415 = LINE('',#2416,#2417);
#2416 = CARTESIAN_POINT('',(-1.525,29.8,150.37));
#2417 = VECTOR('',#2418,1.);
#2418 = DIRECTION('',(-0.,1.,-0.));
#2419 = PCURVE('',#2019,#2420);
#2420 = DEFINITIONAL_REPRESENTATION('',(#2421),#2425);
#2421 = LINE('',#2422,#2423);
#2422 = CARTESIAN_POINT('',(-6.28318530718,-0.));
#2423 = VECTOR('',#2424,1.);
#2424 = DIRECTION('',(-0.,1.));
#2425 = ( GEOMETRIC_REPRESENTATION_CONTEXT(2) 
PARAMETRIC_REPRESENTATION_CONTEXT() REPRESENTATION_CONTEXT('2D SPACE',''
  ) );
#2426 = PCURVE('',#2019,#2427);
#2427 = DEFINITIONAL_REPRESENTATION('',(#2428),#2432);
#2428 = LINE('',#2429,#2430);
#2429 = CARTESIAN_POINT('',(-0.,-0.));
#2430 = VECTOR('',#2431,1.);
#2431 = DIRECTION('',(-0.,1.));
#2432 = ( GEOMETRIC_REPRESENTATION_CONTEXT(2) 
PARAMETRIC_REPRESENTATION_CONTEXT() REPRESENTATION_CONTEXT('2D SPACE',''
  ) );
#2433 = ORIENTED_EDGE('',*,*,#2434,.T.);
#2434 = EDGE_CURVE('',#2412,#2412,#2435,.T.);
#2435 = SURFACE_CURVE('',#2436,(#2441,#2448),.PCURVE_S1.);
#2436 = CIRCLE('',#2437,0.82);
#2437 = AXIS2_PLACEMENT_3D('',#2438,#2439,#2440);
#2438 = CARTESIAN_POINT('',(-1.525,29.8,149.55));
#2439 = DIRECTION('',(0.,-1.,0.));
#2440 = DIRECTION('',(-0.,-0.,1.));
#2441 = PCURVE('',#2019,#2442);
#2442 = DEFINITIONAL_REPRESENTATION('',(#2443),#2447);
#2443 = LINE('',#2444,#2445);
#2444 = CARTESIAN_POINT('',(-0.,0.));
#2445 = VECTOR('',#2446,1.);
#2446 = DIRECTION('',(-1.,0.));
#2447 = ( GEOMETRIC_REPRESENTATION_CONTEXT(2) 
PARAMETRIC_REPRESENTATION_CONTEXT() REPRESENTATION_CONTEXT('2D SPACE',''
  ) );
#2448 = PCURVE('',#2449,#2454);
#2449 = PLANE('',#2450);
#2450 = AXIS2_PLACEMENT_3D('',#2451,#2452,#2453);
#2451 = CARTESIAN_POINT('',(-1.525,29.8,149.55));
#2452 = DIRECTION('',(-0.,1.,-0.));
#2453 = DIRECTION('',(0.,0.,-1.));
#2454 = DEFINITIONAL_REPRESENTATION('',(#2455),#2463);
#2455 = ( BOUNDED_CURVE() B_SPLINE_CURVE(2,(#2456,#2457,#2458,#2459,
#2460,#2461,#2462),.UNSPECIFIED.,.T.,.F.) B_SPLINE_CURVE_WITH_KNOTS((1,2
    ,2,2,2,1),(-2.094395102393,0.,2.094395102393,4.188790204786,
6.28318530718,8.377580409573),.UNSPECIFIED.) CURVE() 
GEOMETRIC_REPRESENTATION_ITEM() RATIONAL_B_SPLINE_CURVE((1.,0.5,1.,0.5,
1.,0.5,1.)) REPRESENTATION_ITEM('') );
#2456 = CARTESIAN_POINT('',(-0.82,0.));
#2457 = CARTESIAN_POINT('',(-0.82,1.420281662206));
#2458 = CARTESIAN_POINT('',(0.41,0.710140831103));
#2459 = CARTESIAN_POINT('',(1.64,2.008420750602E-16));
#2460 = CARTESIAN_POINT('',(0.41,-0.710140831103));
#2461 = CARTESIAN_POINT('',(-0.82,-1.420281662206));
#2462 = CARTESIAN_POINT('',(-0.82,0.));
#2463 = ( GEOMETRIC_REPRESENTATION_CONTEXT(2) 
PARAMETRIC_REPRESENTATION_CONTEXT() REPRESENTATION_CONTEXT('2D SPACE',''
  ) );
#2464 = ORIENTED_EDGE('',*,*,#2411,.T.);
#2465 = ADVANCED_FACE('',(#2466),#2449,.T.);
#2466 = FACE_BOUND('',#2467,.T.);
#2467 = EDGE_LOOP('',(#2468));
#2468 = ORIENTED_EDGE('',*,*,#2434,.F.);
#2469 = ADVANCED_FACE('',(#2470),#1988,.F.);
#2470 = FACE_BOUND('',#2471,.T.);
#2471 = EDGE_LOOP('',(#2472,#2473,#2496,#2527));
#2472 = ORIENTED_EDGE('',*,*,#1971,.F.);
#2473 = ORIENTED_EDGE('',*,*,#2474,.F.);
#2474 = EDGE_CURVE('',#2475,#1972,#2477,.T.);
#2475 = VERTEX_POINT('',#2476);
#2476 = CARTESIAN_POINT('',(-13.725,29.8,153.27));
#2477 = SEAM_CURVE('',#2478,(#2482,#2489),.PCURVE_S1.);
#2478 = LINE('',#2479,#2480);
#2479 = CARTESIAN_POINT('',(-13.725,29.8,153.27));
#2480 = VECTOR('',#2481,1.);
#2481 = DIRECTION('',(-0.,1.,-0.));
#2482 = PCURVE('',#1988,#2483);
#2483 = DEFINITIONAL_REPRESENTATION('',(#2484),#2488);
#2484 = LINE('',#2485,#2486);
#2485 = CARTESIAN_POINT('',(-6.28318530718,-0.));
#2486 = VECTOR('',#2487,1.);
#2487 = DIRECTION('',(-0.,1.));
#2488 = ( GEOMETRIC_REPRESENTATION_CONTEXT(2) 
PARAMETRIC_REPRESENTATION_CONTEXT() REPRESENTATION_CONTEXT('2D SPACE',''
  ) );
#2489 = PCURVE('',#1988,#2490);
#2490 = DEFINITIONAL_REPRESENTATION('',(#2491),#2495);
#2491 = LINE('',#2492,#2493);
#2492 = CARTESIAN_POINT('',(-0.,-0.));
#2493 = VECTOR('',#2494,1.);
#2494 = DIRECTION('',(-0.,1.));
#2495 = ( GEOMETRIC_REPRESENTATION_CONTEXT(2) 
PARAMETRIC_REPRESENTATION_CONTEXT() REPRESENTATION_CONTEXT('2D SPACE',''
  ) );
#2496 = ORIENTED_EDGE('',*,*,#2497,.T.);
#2497 = EDGE_CURVE('',#2475,#2475,#2498,.T.);
#2498 = SURFACE_CURVE('',#2499,(#2504,#2511),.PCURVE_S1.);
#2499 = CIRCLE('',#2500,0.82);
#2500 = AXIS2_PLACEMENT_3D('',#2501,#2502,#2503);
#2501 = CARTESIAN_POINT('',(-13.725,29.8,152.45));
#2502 = DIRECTION('',(0.,-1.,0.));
#2503 = DIRECTION('',(-0.,-0.,1.));
#2504 = PCURVE('',#1988,#2505);
#2505 = DEFINITIONAL_REPRESENTATION('',(#2506),#2510);
#2506 = LINE('',#2507,#2508);
#2507 = CARTESIAN_POINT('',(-0.,0.));
#2508 = VECTOR('',#2509,1.);
#2509 = DIRECTION('',(-1.,0.));
#2510 = ( GEOMETRIC_REPRESENTATION_CONTEXT(2) 
PARAMETRIC_REPRESENTATION_CONTEXT() REPRESENTATION_CONTEXT('2D SPACE',''
  ) );
#2511 = PCURVE('',#2512,#2517);
#2512 = PLANE('',#2513);
#2513 = AXIS2_PLACEMENT_3D('',#2514,#2515,#2516);
#2514 = CARTESIAN_POINT('',(-13.725,29.8,152.45));
#2515 = DIRECTION('',(-0.,1.,-0.));
#2516 = DIRECTION('',(0.,0.,-1.));
#2517 = DEFINITIONAL_REPRESENTATION('',(#2518),#2526);
#2518 = ( BOUNDED_CURVE() B_SPLINE_CURVE(2,(#2519,#2520,#2521,#2522,
#2523,#2524,#2525),.UNSPECIFIED.,.T.,.F.) B_SPLINE_CURVE_WITH_KNOTS((1,2
    ,2,2,2,1),(-2.094395102393,0.,2.094395102393,4.188790204786,
6.28318530718,8.377580409573),.UNSPECIFIED.) CURVE() 
GEOMETRIC_REPRESENTATION_ITEM() RATIONAL_B_SPLINE_CURVE((1.,0.5,1.,0.5,
1.,0.5,1.)) REPRESENTATION_ITEM('') );
#2519 = CARTESIAN_POINT('',(-0.82,0.));
#2520 = CARTESIAN_POINT('',(-0.82,1.420281662206));
#2521 = CARTESIAN_POINT('',(0.41,0.710140831103));
#2522 = CARTESIAN_POINT('',(1.64,2.008420750602E-16));
#2523 = CARTESIAN_POINT('',(0.41,-0.710140831103));
#2524 = CARTESIAN_POINT('',(-0.82,-1.420281662206));
#2525 = CARTESIAN_POINT('',(-0.82,0.));
#2526 = ( GEOMETRIC_REPRESENTATION_CONTEXT(2) 
PARAMETRIC_REPRESENTATION_CONTEXT() REPRESENTATION_CONTEXT('2D SPACE',''
  ) );
#2527 = ORIENTED_EDGE('',*,*,#2474,.T.);
#2528 = ADVANCED_FACE('',(#2529),#2512,.T.);
#2529 = FACE_BOUND('',#2530,.T.);
#2530 = EDGE_LOOP('',(#2531));
#2531 = ORIENTED_EDGE('',*,*,#2497,.F.);
#2532 = ADVANCED_FACE('',(#2533),#1957,.F.);
#2533 = FACE_BOUND('',#2534,.T.);
#2534 = EDGE_LOOP('',(#2535,#2536,#2559,#2590));
#2535 = ORIENTED_EDGE('',*,*,#1940,.F.);
#2536 = ORIENTED_EDGE('',*,*,#2537,.F.);
#2537 = EDGE_CURVE('',#2538,#1941,#2540,.T.);
#2538 = VERTEX_POINT('',#2539);
#2539 = CARTESIAN_POINT('',(-10.675,29.8,153.27));
#2540 = SEAM_CURVE('',#2541,(#2545,#2552),.PCURVE_S1.);
#2541 = LINE('',#2542,#2543);
#2542 = CARTESIAN_POINT('',(-10.675,29.8,153.27));
#2543 = VECTOR('',#2544,1.);
#2544 = DIRECTION('',(-0.,1.,-0.));
#2545 = PCURVE('',#1957,#2546);
#2546 = DEFINITIONAL_REPRESENTATION('',(#2547),#2551);
#2547 = LINE('',#2548,#2549);
#2548 = CARTESIAN_POINT('',(-6.28318530718,-0.));
#2549 = VECTOR('',#2550,1.);
#2550 = DIRECTION('',(-0.,1.));
#2551 = ( GEOMETRIC_REPRESENTATION_CONTEXT(2) 
PARAMETRIC_REPRESENTATION_CONTEXT() REPRESENTATION_CONTEXT('2D SPACE',''
  ) );
#2552 = PCURVE('',#1957,#2553);
#2553 = DEFINITIONAL_REPRESENTATION('',(#2554),#2558);
#2554 = LINE('',#2555,#2556);
#2555 = CARTESIAN_POINT('',(-0.,-0.));
#2556 = VECTOR('',#2557,1.);
#2557 = DIRECTION('',(-0.,1.));
#2558 = ( GEOMETRIC_REPRESENTATION_CONTEXT(2) 
PARAMETRIC_REPRESENTATION_CONTEXT() REPRESENTATION_CONTEXT('2D SPACE',''
  ) );
#2559 = ORIENTED_EDGE('',*,*,#2560,.T.);
#2560 = EDGE_CURVE('',#2538,#2538,#2561,.T.);
#2561 = SURFACE_CURVE('',#2562,(#2567,#2574),.PCURVE_S1.);
#2562 = CIRCLE('',#2563,0.82);
#2563 = AXIS2_PLACEMENT_3D('',#2564,#2565,#2566);
#2564 = CARTESIAN_POINT('',(-10.675,29.8,152.45));
#2565 = DIRECTION('',(0.,-1.,0.));
#2566 = DIRECTION('',(-0.,-0.,1.));
#2567 = PCURVE('',#1957,#2568);
#2568 = DEFINITIONAL_REPRESENTATION('',(#2569),#2573);
#2569 = LINE('',#2570,#2571);
#2570 = CARTESIAN_POINT('',(-0.,0.));
#2571 = VECTOR('',#2572,1.);
#2572 = DIRECTION('',(-1.,0.));
#2573 = ( GEOMETRIC_REPRESENTATION_CONTEXT(2) 
PARAMETRIC_REPRESENTATION_CONTEXT() REPRESENTATION_CONTEXT('2D SPACE',''
  ) );
#2574 = PCURVE('',#2575,#2580);
#2575 = PLANE('',#2576);
#2576 = AXIS2_PLACEMENT_3D('',#2577,#2578,#2579);
#2577 = CARTESIAN_POINT('',(-10.675,29.8,152.45));
#2578 = DIRECTION('',(-0.,1.,-0.));
#2579 = DIRECTION('',(0.,0.,-1.));
#2580 = DEFINITIONAL_REPRESENTATION('',(#2581),#2589);
#2581 = ( BOUNDED_CURVE() B_SPLINE_CURVE(2,(#2582,#2583,#2584,#2585,
#2586,#2587,#2588),.UNSPECIFIED.,.T.,.F.) B_SPLINE_CURVE_WITH_KNOTS((1,2
    ,2,2,2,1),(-2.094395102393,0.,2.094395102393,4.188790204786,
6.28318530718,8.377580409573),.UNSPECIFIED.) CURVE() 
GEOMETRIC_REPRESENTATION_ITEM() RATIONAL_B_SPLINE_CURVE((1.,0.5,1.,0.5,
1.,0.5,1.)) REPRESENTATION_ITEM('') );
#2582 = CARTESIAN_POINT('',(-0.82,0.));
#2583 = CARTESIAN_POINT('',(-0.82,1.420281662206));
#2584 = CARTESIAN_POINT('',(0.41,0.710140831103));
#2585 = CARTESIAN_POINT('',(1.64,2.008420750602E-16));
#2586 = CARTESIAN_POINT('',(0.41,-0.710140831103));
#2587 = CARTESIAN_POINT('',(-0.82,-1.420281662206));
#2588 = CARTESIAN_POINT('',(-0.82,0.));
#2589 = ( GEOMETRIC_REPRESENTATION_CONTEXT(2) 
PARAMETRIC_REPRESENTATION_CONTEXT() REPRESENTATION_CONTEXT('2D SPACE',''
  ) );
#2590 = ORIENTED_EDGE('',*,*,#2537,.T.);
#2591 = ADVANCED_FACE('',(#2592),#2575,.T.);
#2592 = FACE_BOUND('',#2593,.T.);
#2593 = EDGE_LOOP('',(#2594));
#2594 = ORIENTED_EDGE('',*,*,#2560,.F.);
#2595 = ADVANCED_FACE('',(#2596),#1926,.F.);
#2596 = FACE_BOUND('',#2597,.T.);
#2597 = EDGE_LOOP('',(#2598,#2599,#2622,#2653));
#2598 = ORIENTED_EDGE('',*,*,#1909,.F.);
#2599 = ORIENTED_EDGE('',*,*,#2600,.F.);
#2600 = EDGE_CURVE('',#2601,#1910,#2603,.T.);
#2601 = VERTEX_POINT('',#2602);
#2602 = CARTESIAN_POINT('',(-7.625,29.8,153.27));
#2603 = SEAM_CURVE('',#2604,(#2608,#2615),.PCURVE_S1.);
#2604 = LINE('',#2605,#2606);
#2605 = CARTESIAN_POINT('',(-7.625,29.8,153.27));
#2606 = VECTOR('',#2607,1.);
#2607 = DIRECTION('',(-0.,1.,-0.));
#2608 = PCURVE('',#1926,#2609);
#2609 = DEFINITIONAL_REPRESENTATION('',(#2610),#2614);
#2610 = LINE('',#2611,#2612);
#2611 = CARTESIAN_POINT('',(-6.28318530718,-0.));
#2612 = VECTOR('',#2613,1.);
#2613 = DIRECTION('',(-0.,1.));
#2614 = ( GEOMETRIC_REPRESENTATION_CONTEXT(2) 
PARAMETRIC_REPRESENTATION_CONTEXT() REPRESENTATION_CONTEXT('2D SPACE',''
  ) );
#2615 = PCURVE('',#1926,#2616);
#2616 = DEFINITIONAL_REPRESENTATION('',(#2617),#2621);
#2617 = LINE('',#2618,#2619);
#2618 = CARTESIAN_POINT('',(-0.,-0.));
#2619 = VECTOR('',#2620,1.);
#2620 = DIRECTION('',(-0.,1.));
#2621 = ( GEOMETRIC_REPRESENTATION_CONTEXT(2) 
PARAMETRIC_REPRESENTATION_CONTEXT() REPRESENTATION_CONTEXT('2D SPACE',''
  ) );
#2622 = ORIENTED_EDGE('',*,*,#2623,.T.);
#2623 = EDGE_CURVE('',#2601,#2601,#2624,.T.);
#2624 = SURFACE_CURVE('',#2625,(#2630,#2637),.PCURVE_S1.);
#2625 = CIRCLE('',#2626,0.82);
#2626 = AXIS2_PLACEMENT_3D('',#2627,#2628,#2629);
#2627 = CARTESIAN_POINT('',(-7.625,29.8,152.45));
#2628 = DIRECTION('',(0.,-1.,0.));
#2629 = DIRECTION('',(-0.,-0.,1.));
#2630 = PCURVE('',#1926,#2631);
#2631 = DEFINITIONAL_REPRESENTATION('',(#2632),#2636);
#2632 = LINE('',#2633,#2634);
#2633 = CARTESIAN_POINT('',(-0.,0.));
#2634 = VECTOR('',#2635,1.);
#2635 = DIRECTION('',(-1.,0.));
#2636 = ( GEOMETRIC_REPRESENTATION_CONTEXT(2) 
PARAMETRIC_REPRESENTATION_CONTEXT() REPRESENTATION_CONTEXT('2D SPACE',''
  ) );
#2637 = PCURVE('',#2638,#2643);
#2638 = PLANE('',#2639);
#2639 = AXIS2_PLACEMENT_3D('',#2640,#2641,#2642);
#2640 = CARTESIAN_POINT('',(-7.625,29.8,152.45));
#2641 = DIRECTION('',(-0.,1.,-0.));
#2642 = DIRECTION('',(0.,0.,-1.));
#2643 = DEFINITIONAL_REPRESENTATION('',(#2644),#2652);
#2644 = ( BOUNDED_CURVE() B_SPLINE_CURVE(2,(#2645,#2646,#2647,#2648,
#2649,#2650,#2651),.UNSPECIFIED.,.T.,.F.) B_SPLINE_CURVE_WITH_KNOTS((1,2
    ,2,2,2,1),(-2.094395102393,0.,2.094395102393,4.188790204786,
6.28318530718,8.377580409573),.UNSPECIFIED.) CURVE() 
GEOMETRIC_REPRESENTATION_ITEM() RATIONAL_B_SPLINE_CURVE((1.,0.5,1.,0.5,
1.,0.5,1.)) REPRESENTATION_ITEM('') );
#2645 = CARTESIAN_POINT('',(-0.82,0.));
#2646 = CARTESIAN_POINT('',(-0.82,1.420281662206));
#2647 = CARTESIAN_POINT('',(0.41,0.710140831103));
#2648 = CARTESIAN_POINT('',(1.64,2.008420750602E-16));
#2649 = CARTESIAN_POINT('',(0.41,-0.710140831103));
#2650 = CARTESIAN_POINT('',(-0.82,-1.420281662206));
#2651 = CARTESIAN_POINT('',(-0.82,0.));
#2652 = ( GEOMETRIC_REPRESENTATION_CONTEXT(2) 
PARAMETRIC_REPRESENTATION_CONTEXT() REPRESENTATION_CONTEXT('2D SPACE',''
  ) );
#2653 = ORIENTED_EDGE('',*,*,#2600,.T.);
#2654 = ADVANCED_FACE('',(#2655),#2638,.T.);
#2655 = FACE_BOUND('',#2656,.T.);
#2656 = EDGE_LOOP('',(#2657));
#2657 = ORIENTED_EDGE('',*,*,#2623,.F.);
#2658 = ADVANCED_FACE('',(#2659),#1895,.F.);
#2659 = FACE_BOUND('',#2660,.T.);
#2660 = EDGE_LOOP('',(#2661,#2662,#2685,#2716));
#2661 = ORIENTED_EDGE('',*,*,#1878,.F.);
#2662 = ORIENTED_EDGE('',*,*,#2663,.F.);
#2663 = EDGE_CURVE('',#2664,#1879,#2666,.T.);
#2664 = VERTEX_POINT('',#2665);
#2665 = CARTESIAN_POINT('',(-4.575,29.8,153.27));
#2666 = SEAM_CURVE('',#2667,(#2671,#2678),.PCURVE_S1.);
#2667 = LINE('',#2668,#2669);
#2668 = CARTESIAN_POINT('',(-4.575,29.8,153.27));
#2669 = VECTOR('',#2670,1.);
#2670 = DIRECTION('',(-0.,1.,-0.));
#2671 = PCURVE('',#1895,#2672);
#2672 = DEFINITIONAL_REPRESENTATION('',(#2673),#2677);
#2673 = LINE('',#2674,#2675);
#2674 = CARTESIAN_POINT('',(-6.28318530718,-0.));
#2675 = VECTOR('',#2676,1.);
#2676 = DIRECTION('',(-0.,1.));
#2677 = ( GEOMETRIC_REPRESENTATION_CONTEXT(2) 
PARAMETRIC_REPRESENTATION_CONTEXT() REPRESENTATION_CONTEXT('2D SPACE',''
  ) );
#2678 = PCURVE('',#1895,#2679);
#2679 = DEFINITIONAL_REPRESENTATION('',(#2680),#2684);
#2680 = LINE('',#2681,#2682);
#2681 = CARTESIAN_POINT('',(-0.,-0.));
#2682 = VECTOR('',#2683,1.);
#2683 = DIRECTION('',(-0.,1.));
#2684 = ( GEOMETRIC_REPRESENTATION_CONTEXT(2) 
PARAMETRIC_REPRESENTATION_CONTEXT() REPRESENTATION_CONTEXT('2D SPACE',''
  ) );
#2685 = ORIENTED_EDGE('',*,*,#2686,.T.);
#2686 = EDGE_CURVE('',#2664,#2664,#2687,.T.);
#2687 = SURFACE_CURVE('',#2688,(#2693,#2700),.PCURVE_S1.);
#2688 = CIRCLE('',#2689,0.82);
#2689 = AXIS2_PLACEMENT_3D('',#2690,#2691,#2692);
#2690 = CARTESIAN_POINT('',(-4.575,29.8,152.45));
#2691 = DIRECTION('',(0.,-1.,0.));
#2692 = DIRECTION('',(-0.,-0.,1.));
#2693 = PCURVE('',#1895,#2694);
#2694 = DEFINITIONAL_REPRESENTATION('',(#2695),#2699);
#2695 = LINE('',#2696,#2697);
#2696 = CARTESIAN_POINT('',(-0.,0.));
#2697 = VECTOR('',#2698,1.);
#2698 = DIRECTION('',(-1.,0.));
#2699 = ( GEOMETRIC_REPRESENTATION_CONTEXT(2) 
PARAMETRIC_REPRESENTATION_CONTEXT() REPRESENTATION_CONTEXT('2D SPACE',''
  ) );
#2700 = PCURVE('',#2701,#2706);
#2701 = PLANE('',#2702);
#2702 = AXIS2_PLACEMENT_3D('',#2703,#2704,#2705);
#2703 = CARTESIAN_POINT('',(-4.575,29.8,152.45));
#2704 = DIRECTION('',(-0.,1.,-0.));
#2705 = DIRECTION('',(0.,0.,-1.));
#2706 = DEFINITIONAL_REPRESENTATION('',(#2707),#2715);
#2707 = ( BOUNDED_CURVE() B_SPLINE_CURVE(2,(#2708,#2709,#2710,#2711,
#2712,#2713,#2714),.UNSPECIFIED.,.T.,.F.) B_SPLINE_CURVE_WITH_KNOTS((1,2
    ,2,2,2,1),(-2.094395102393,0.,2.094395102393,4.188790204786,
6.28318530718,8.377580409573),.UNSPECIFIED.) CURVE() 
GEOMETRIC_REPRESENTATION_ITEM() RATIONAL_B_SPLINE_CURVE((1.,0.5,1.,0.5,
1.,0.5,1.)) REPRESENTATION_ITEM('') );
#2708 = CARTESIAN_POINT('',(-0.82,0.));
#2709 = CARTESIAN_POINT('',(-0.82,1.420281662206));
#2710 = CARTESIAN_POINT('',(0.41,0.710140831103));
#2711 = CARTESIAN_POINT('',(1.64,2.008420750602E-16));
#2712 = CARTESIAN_POINT('',(0.41,-0.710140831103));
#2713 = CARTESIAN_POINT('',(-0.82,-1.420281662206));
#2714 = CARTESIAN_POINT('',(-0.82,0.));
#2715 = ( GEOMETRIC_REPRESENTATION_CONTEXT(2) 
PARAMETRIC_REPRESENTATION_CONTEXT() REPRESENTATION_CONTEXT('2D SPACE',''
  ) );
#2716 = ORIENTED_EDGE('',*,*,#2663,.T.);
#2717 = ADVANCED_FACE('',(#2718),#2701,.T.);
#2718 = FACE_BOUND('',#2719,.T.);
#2719 = EDGE_LOOP('',(#2720));
#2720 = ORIENTED_EDGE('',*,*,#2686,.F.);
#2721 = ADVANCED_FACE('',(#2722),#1864,.F.);
#2722 = FACE_BOUND('',#2723,.T.);
#2723 = EDGE_LOOP('',(#2724,#2725,#2748,#2779));
#2724 = ORIENTED_EDGE('',*,*,#1847,.F.);
#2725 = ORIENTED_EDGE('',*,*,#2726,.F.);
#2726 = EDGE_CURVE('',#2727,#1848,#2729,.T.);
#2727 = VERTEX_POINT('',#2728);
#2728 = CARTESIAN_POINT('',(-1.525,29.8,153.27));
#2729 = SEAM_CURVE('',#2730,(#2734,#2741),.PCURVE_S1.);
#2730 = LINE('',#2731,#2732);
#2731 = CARTESIAN_POINT('',(-1.525,29.8,153.27));
#2732 = VECTOR('',#2733,1.);
#2733 = DIRECTION('',(-0.,1.,-0.));
#2734 = PCURVE('',#1864,#2735);
#2735 = DEFINITIONAL_REPRESENTATION('',(#2736),#2740);
#2736 = LINE('',#2737,#2738);
#2737 = CARTESIAN_POINT('',(-6.28318530718,-0.));
#2738 = VECTOR('',#2739,1.);
#2739 = DIRECTION('',(-0.,1.));
#2740 = ( GEOMETRIC_REPRESENTATION_CONTEXT(2) 
PARAMETRIC_REPRESENTATION_CONTEXT() REPRESENTATION_CONTEXT('2D SPACE',''
  ) );
#2741 = PCURVE('',#1864,#2742);
#2742 = DEFINITIONAL_REPRESENTATION('',(#2743),#2747);
#2743 = LINE('',#2744,#2745);
#2744 = CARTESIAN_POINT('',(-0.,-0.));
#2745 = VECTOR('',#2746,1.);
#2746 = DIRECTION('',(-0.,1.));
#2747 = ( GEOMETRIC_REPRESENTATION_CONTEXT(2) 
PARAMETRIC_REPRESENTATION_CONTEXT() REPRESENTATION_CONTEXT('2D SPACE',''
  ) );
#2748 = ORIENTED_EDGE('',*,*,#2749,.T.);
#2749 = EDGE_CURVE('',#2727,#2727,#2750,.T.);
#2750 = SURFACE_CURVE('',#2751,(#2756,#2763),.PCURVE_S1.);
#2751 = CIRCLE('',#2752,0.82);
#2752 = AXIS2_PLACEMENT_3D('',#2753,#2754,#2755);
#2753 = CARTESIAN_POINT('',(-1.525,29.8,152.45));
#2754 = DIRECTION('',(0.,-1.,0.));
#2755 = DIRECTION('',(-0.,-0.,1.));
#2756 = PCURVE('',#1864,#2757);
#2757 = DEFINITIONAL_REPRESENTATION('',(#2758),#2762);
#2758 = LINE('',#2759,#2760);
#2759 = CARTESIAN_POINT('',(-0.,0.));
#2760 = VECTOR('',#2761,1.);
#2761 = DIRECTION('',(-1.,0.));
#2762 = ( GEOMETRIC_REPRESENTATION_CONTEXT(2) 
PARAMETRIC_REPRESENTATION_CONTEXT() REPRESENTATION_CONTEXT('2D SPACE',''
  ) );
#2763 = PCURVE('',#2764,#2769);
#2764 = PLANE('',#2765);
#2765 = AXIS2_PLACEMENT_3D('',#2766,#2767,#2768);
#2766 = CARTESIAN_POINT('',(-1.525,29.8,152.45));
#2767 = DIRECTION('',(-0.,1.,-0.));
#2768 = DIRECTION('',(0.,0.,-1.));
#2769 = DEFINITIONAL_REPRESENTATION('',(#2770),#2778);
#2770 = ( BOUNDED_CURVE() B_SPLINE_CURVE(2,(#2771,#2772,#2773,#2774,
#2775,#2776,#2777),.UNSPECIFIED.,.T.,.F.) B_SPLINE_CURVE_WITH_KNOTS((1,2
    ,2,2,2,1),(-2.094395102393,0.,2.094395102393,4.188790204786,
6.28318530718,8.377580409573),.UNSPECIFIED.) CURVE() 
GEOMETRIC_REPRESENTATION_ITEM() RATIONAL_B_SPLINE_CURVE((1.,0.5,1.,0.5,
1.,0.5,1.)) REPRESENTATION_ITEM('') );
#2771 = CARTESIAN_POINT('',(-0.82,0.));
#2772 = CARTESIAN_POINT('',(-0.82,1.420281662206));
#2773 = CARTESIAN_POINT('',(0.41,0.710140831103));
#2774 = CARTESIAN_POINT('',(1.64,2.008420750602E-16));
#2775 = CARTESIAN_POINT('',(0.41,-0.710140831103));
#2776 = CARTESIAN_POINT('',(-0.82,-1.420281662206));
#2777 = CARTESIAN_POINT('',(-0.82,0.));
#2778 = ( GEOMETRIC_REPRESENTATION_CONTEXT(2) 
PARAMETRIC_REPRESENTATION_CONTEXT() REPRESENTATION_CONTEXT('2D SPACE',''
  ) );
#2779 = ORIENTED_EDGE('',*,*,#2726,.T.);
#2780 = ADVANCED_FACE('',(#2781),#2764,.T.);
#2781 = FACE_BOUND('',#2782,.T.);
#2782 = EDGE_LOOP('',(#2783));
#2783 = ORIENTED_EDGE('',*,*,#2749,.F.);
#2784 = ADVANCED_FACE('',(#2785),#1833,.F.);
#2785 = FACE_BOUND('',#2786,.T.);
#2786 = EDGE_LOOP('',(#2787,#2788,#2811,#2842));
#2787 = ORIENTED_EDGE('',*,*,#1816,.F.);
#2788 = ORIENTED_EDGE('',*,*,#2789,.F.);
#2789 = EDGE_CURVE('',#2790,#1817,#2792,.T.);
#2790 = VERTEX_POINT('',#2791);
#2791 = CARTESIAN_POINT('',(1.525,29.8,150.37));
#2792 = SEAM_CURVE('',#2793,(#2797,#2804),.PCURVE_S1.);
#2793 = LINE('',#2794,#2795);
#2794 = CARTESIAN_POINT('',(1.525,29.8,150.37));
#2795 = VECTOR('',#2796,1.);
#2796 = DIRECTION('',(-0.,1.,-0.));
#2797 = PCURVE('',#1833,#2798);
#2798 = DEFINITIONAL_REPRESENTATION('',(#2799),#2803);
#2799 = LINE('',#2800,#2801);
#2800 = CARTESIAN_POINT('',(-6.28318530718,-0.));
#2801 = VECTOR('',#2802,1.);
#2802 = DIRECTION('',(-0.,1.));
#2803 = ( GEOMETRIC_REPRESENTATION_CONTEXT(2) 
PARAMETRIC_REPRESENTATION_CONTEXT() REPRESENTATION_CONTEXT('2D SPACE',''
  ) );
#2804 = PCURVE('',#1833,#2805);
#2805 = DEFINITIONAL_REPRESENTATION('',(#2806),#2810);
#2806 = LINE('',#2807,#2808);
#2807 = CARTESIAN_POINT('',(-0.,-0.));
#2808 = VECTOR('',#2809,1.);
#2809 = DIRECTION('',(-0.,1.));
#2810 = ( GEOMETRIC_REPRESENTATION_CONTEXT(2) 
PARAMETRIC_REPRESENTATION_CONTEXT() REPRESENTATION_CONTEXT('2D SPACE',''
  ) );
#2811 = ORIENTED_EDGE('',*,*,#2812,.T.);
#2812 = EDGE_CURVE('',#2790,#2790,#2813,.T.);
#2813 = SURFACE_CURVE('',#2814,(#2819,#2826),.PCURVE_S1.);
#2814 = CIRCLE('',#2815,0.82);
#2815 = AXIS2_PLACEMENT_3D('',#2816,#2817,#2818);
#2816 = CARTESIAN_POINT('',(1.525,29.8,149.55));
#2817 = DIRECTION('',(0.,-1.,0.));
#2818 = DIRECTION('',(-0.,-0.,1.));
#2819 = PCURVE('',#1833,#2820);
#2820 = DEFINITIONAL_REPRESENTATION('',(#2821),#2825);
#2821 = LINE('',#2822,#2823);
#2822 = CARTESIAN_POINT('',(-0.,0.));
#2823 = VECTOR('',#2824,1.);
#2824 = DIRECTION('',(-1.,0.));
#2825 = ( GEOMETRIC_REPRESENTATION_CONTEXT(2) 
PARAMETRIC_REPRESENTATION_CONTEXT() REPRESENTATION_CONTEXT('2D SPACE',''
  ) );
#2826 = PCURVE('',#2827,#2832);
#2827 = PLANE('',#2828);
#2828 = AXIS2_PLACEMENT_3D('',#2829,#2830,#2831);
#2829 = CARTESIAN_POINT('',(1.525,29.8,149.55));
#2830 = DIRECTION('',(-0.,1.,-0.));
#2831 = DIRECTION('',(0.,0.,-1.));
#2832 = DEFINITIONAL_REPRESENTATION('',(#2833),#2841);
#2833 = ( BOUNDED_CURVE() B_SPLINE_CURVE(2,(#2834,#2835,#2836,#2837,
#2838,#2839,#2840),.UNSPECIFIED.,.T.,.F.) B_SPLINE_CURVE_WITH_KNOTS((1,2
    ,2,2,2,1),(-2.094395102393,0.,2.094395102393,4.188790204786,
6.28318530718,8.377580409573),.UNSPECIFIED.) CURVE() 
GEOMETRIC_REPRESENTATION_ITEM() RATIONAL_B_SPLINE_CURVE((1.,0.5,1.,0.5,
1.,0.5,1.)) REPRESENTATION_ITEM('') );
#2834 = CARTESIAN_POINT('',(-0.82,0.));
#2835 = CARTESIAN_POINT('',(-0.82,1.420281662206));
#2836 = CARTESIAN_POINT('',(0.41,0.710140831103));
#2837 = CARTESIAN_POINT('',(1.64,2.008420750602E-16));
#2838 = CARTESIAN_POINT('',(0.41,-0.710140831103));
#2839 = CARTESIAN_POINT('',(-0.82,-1.420281662206));
#2840 = CARTESIAN_POINT('',(-0.82,0.));
#2841 = ( GEOMETRIC_REPRESENTATION_CONTEXT(2) 
PARAMETRIC_REPRESENTATION_CONTEXT() REPRESENTATION_CONTEXT('2D SPACE',''
  ) );
#2842 = ORIENTED_EDGE('',*,*,#2789,.T.);
#2843 = ADVANCED_FACE('',(#2844),#2827,.T.);
#2844 = FACE_BOUND('',#2845,.T.);
#2845 = EDGE_LOOP('',(#2846));
#2846 = ORIENTED_EDGE('',*,*,#2812,.F.);
#2847 = ADVANCED_FACE('',(#2848),#1802,.F.);
#2848 = FACE_BOUND('',#2849,.T.);
#2849 = EDGE_LOOP('',(#2850,#2851,#2874,#2905));
#2850 = ORIENTED_EDGE('',*,*,#1785,.F.);
#2851 = ORIENTED_EDGE('',*,*,#2852,.F.);
#2852 = EDGE_CURVE('',#2853,#1786,#2855,.T.);
#2853 = VERTEX_POINT('',#2854);
#2854 = CARTESIAN_POINT('',(4.575,29.8,150.37));
#2855 = SEAM_CURVE('',#2856,(#2860,#2867),.PCURVE_S1.);
#2856 = LINE('',#2857,#2858);
#2857 = CARTESIAN_POINT('',(4.575,29.8,150.37));
#2858 = VECTOR('',#2859,1.);
#2859 = DIRECTION('',(-0.,1.,-0.));
#2860 = PCURVE('',#1802,#2861);
#2861 = DEFINITIONAL_REPRESENTATION('',(#2862),#2866);
#2862 = LINE('',#2863,#2864);
#2863 = CARTESIAN_POINT('',(-6.28318530718,-0.));
#2864 = VECTOR('',#2865,1.);
#2865 = DIRECTION('',(-0.,1.));
#2866 = ( GEOMETRIC_REPRESENTATION_CONTEXT(2) 
PARAMETRIC_REPRESENTATION_CONTEXT() REPRESENTATION_CONTEXT('2D SPACE',''
  ) );
#2867 = PCURVE('',#1802,#2868);
#2868 = DEFINITIONAL_REPRESENTATION('',(#2869),#2873);
#2869 = LINE('',#2870,#2871);
#2870 = CARTESIAN_POINT('',(-0.,-0.));
#2871 = VECTOR('',#2872,1.);
#2872 = DIRECTION('',(-0.,1.));
#2873 = ( GEOMETRIC_REPRESENTATION_CONTEXT(2) 
PARAMETRIC_REPRESENTATION_CONTEXT() REPRESENTATION_CONTEXT('2D SPACE',''
  ) );
#2874 = ORIENTED_EDGE('',*,*,#2875,.T.);
#2875 = EDGE_CURVE('',#2853,#2853,#2876,.T.);
#2876 = SURFACE_CURVE('',#2877,(#2882,#2889),.PCURVE_S1.);
#2877 = CIRCLE('',#2878,0.82);
#2878 = AXIS2_PLACEMENT_3D('',#2879,#2880,#2881);
#2879 = CARTESIAN_POINT('',(4.575,29.8,149.55));
#2880 = DIRECTION('',(0.,-1.,0.));
#2881 = DIRECTION('',(-0.,-0.,1.));
#2882 = PCURVE('',#1802,#2883);
#2883 = DEFINITIONAL_REPRESENTATION('',(#2884),#2888);
#2884 = LINE('',#2885,#2886);
#2885 = CARTESIAN_POINT('',(-0.,0.));
#2886 = VECTOR('',#2887,1.);
#2887 = DIRECTION('',(-1.,0.));
#2888 = ( GEOMETRIC_REPRESENTATION_CONTEXT(2) 
PARAMETRIC_REPRESENTATION_CONTEXT() REPRESENTATION_CONTEXT('2D SPACE',''
  ) );
#2889 = PCURVE('',#2890,#2895);
#2890 = PLANE('',#2891);
#2891 = AXIS2_PLACEMENT_3D('',#2892,#2893,#2894);
#2892 = CARTESIAN_POINT('',(4.575,29.8,149.55));
#2893 = DIRECTION('',(-0.,1.,-0.));
#2894 = DIRECTION('',(0.,0.,-1.));
#2895 = DEFINITIONAL_REPRESENTATION('',(#2896),#2904);
#2896 = ( BOUNDED_CURVE() B_SPLINE_CURVE(2,(#2897,#2898,#2899,#2900,
#2901,#2902,#2903),.UNSPECIFIED.,.T.,.F.) B_SPLINE_CURVE_WITH_KNOTS((1,2
    ,2,2,2,1),(-2.094395102393,0.,2.094395102393,4.188790204786,
6.28318530718,8.377580409573),.UNSPECIFIED.) CURVE() 
GEOMETRIC_REPRESENTATION_ITEM() RATIONAL_B_SPLINE_CURVE((1.,0.5,1.,0.5,
1.,0.5,1.)) REPRESENTATION_ITEM('') );
#2897 = CARTESIAN_POINT('',(-0.82,0.));
#2898 = CARTESIAN_POINT('',(-0.82,1.420281662206));
#2899 = CARTESIAN_POINT('',(0.41,0.710140831103));
#2900 = CARTESIAN_POINT('',(1.64,2.008420750602E-16));
#2901 = CARTESIAN_POINT('',(0.41,-0.710140831103));
#2902 = CARTESIAN_POINT('',(-0.82,-1.420281662206));
#2903 = CARTESIAN_POINT('',(-0.82,0.));
#2904 = ( GEOMETRIC_REPRESENTATION_CONTEXT(2) 
PARAMETRIC_REPRESENTATION_CONTEXT() REPRESENTATION_CONTEXT('2D SPACE',''
  ) );
#2905 = ORIENTED_EDGE('',*,*,#2852,.T.);
#2906 = ADVANCED_FACE('',(#2907),#2890,.T.);
#2907 = FACE_BOUND('',#2908,.T.);
#2908 = EDGE_LOOP('',(#2909));
#2909 = ORIENTED_EDGE('',*,*,#2875,.F.);
#2910 = ADVANCED_FACE('',(#2911),#1771,.F.);
#2911 = FACE_BOUND('',#2912,.T.);
#2912 = EDGE_LOOP('',(#2913,#2914,#2937,#2968));
#2913 = ORIENTED_EDGE('',*,*,#1754,.F.);
#2914 = ORIENTED_EDGE('',*,*,#2915,.F.);
#2915 = EDGE_CURVE('',#2916,#1755,#2918,.T.);
#2916 = VERTEX_POINT('',#2917);
#2917 = CARTESIAN_POINT('',(7.625,29.8,150.37));
#2918 = SEAM_CURVE('',#2919,(#2923,#2930),.PCURVE_S1.);
#2919 = LINE('',#2920,#2921);
#2920 = CARTESIAN_POINT('',(7.625,29.8,150.37));
#2921 = VECTOR('',#2922,1.);
#2922 = DIRECTION('',(-0.,1.,-0.));
#2923 = PCURVE('',#1771,#2924);
#2924 = DEFINITIONAL_REPRESENTATION('',(#2925),#2929);
#2925 = LINE('',#2926,#2927);
#2926 = CARTESIAN_POINT('',(-6.28318530718,-0.));
#2927 = VECTOR('',#2928,1.);
#2928 = DIRECTION('',(-0.,1.));
#2929 = ( GEOMETRIC_REPRESENTATION_CONTEXT(2) 
PARAMETRIC_REPRESENTATION_CONTEXT() REPRESENTATION_CONTEXT('2D SPACE',''
  ) );
#2930 = PCURVE('',#1771,#2931);
#2931 = DEFINITIONAL_REPRESENTATION('',(#2932),#2936);
#2932 = LINE('',#2933,#2934);
#2933 = CARTESIAN_POINT('',(-0.,-0.));
#2934 = VECTOR('',#2935,1.);
#2935 = DIRECTION('',(-0.,1.));
#2936 = ( GEOMETRIC_REPRESENTATION_CONTEXT(2) 
PARAMETRIC_REPRESENTATION_CONTEXT() REPRESENTATION_CONTEXT('2D SPACE',''
  ) );
#2937 = ORIENTED_EDGE('',*,*,#2938,.T.);
#2938 = EDGE_CURVE('',#2916,#2916,#2939,.T.);
#2939 = SURFACE_CURVE('',#2940,(#2945,#2952),.PCURVE_S1.);
#2940 = CIRCLE('',#2941,0.82);
#2941 = AXIS2_PLACEMENT_3D('',#2942,#2943,#2944);
#2942 = CARTESIAN_POINT('',(7.625,29.8,149.55));
#2943 = DIRECTION('',(0.,-1.,0.));
#2944 = DIRECTION('',(-0.,-0.,1.));
#2945 = PCURVE('',#1771,#2946);
#2946 = DEFINITIONAL_REPRESENTATION('',(#2947),#2951);
#2947 = LINE('',#2948,#2949);
#2948 = CARTESIAN_POINT('',(-0.,0.));
#2949 = VECTOR('',#2950,1.);
#2950 = DIRECTION('',(-1.,0.));
#2951 = ( GEOMETRIC_REPRESENTATION_CONTEXT(2) 
PARAMETRIC_REPRESENTATION_CONTEXT() REPRESENTATION_CONTEXT('2D SPACE',''
  ) );
#2952 = PCURVE('',#2953,#2958);
#2953 = PLANE('',#2954);
#2954 = AXIS2_PLACEMENT_3D('',#2955,#2956,#2957);
#2955 = CARTESIAN_POINT('',(7.625,29.8,149.55));
#2956 = DIRECTION('',(-0.,1.,-0.));
#2957 = DIRECTION('',(0.,0.,-1.));
#2958 = DEFINITIONAL_REPRESENTATION('',(#2959),#2967);
#2959 = ( BOUNDED_CURVE() B_SPLINE_CURVE(2,(#2960,#2961,#2962,#2963,
#2964,#2965,#2966),.UNSPECIFIED.,.T.,.F.) B_SPLINE_CURVE_WITH_KNOTS((1,2
    ,2,2,2,1),(-2.094395102393,0.,2.094395102393,4.188790204786,
6.28318530718,8.377580409573),.UNSPECIFIED.) CURVE() 
GEOMETRIC_REPRESENTATION_ITEM() RATIONAL_B_SPLINE_CURVE((1.,0.5,1.,0.5,
1.,0.5,1.)) REPRESENTATION_ITEM('') );
#2960 = CARTESIAN_POINT('',(-0.82,0.));
#2961 = CARTESIAN_POINT('',(-0.82,1.420281662206));
#2962 = CARTESIAN_POINT('',(0.41,0.710140831103));
#2963 = CARTESIAN_POINT('',(1.64,2.008420750602E-16));
#2964 = CARTESIAN_POINT('',(0.41,-0.710140831103));
#2965 = CARTESIAN_POINT('',(-0.82,-1.420281662206));
#2966 = CARTESIAN_POINT('',(-0.82,0.));
#2967 = ( GEOMETRIC_REPRESENTATION_CONTEXT(2) 
PARAMETRIC_REPRESENTATION_CONTEXT() REPRESENTATION_CONTEXT('2D SPACE',''
  ) );
#2968 = ORIENTED_EDGE('',*,*,#2915,.T.);
#2969 = ADVANCED_FACE('',(#2970),#2953,.T.);
#2970 = FACE_BOUND('',#2971,.T.);
#2971 = EDGE_LOOP('',(#2972));
#2972 = ORIENTED_EDGE('',*,*,#2938,.F.);
#2973 = ADVANCED_FACE('',(#2974),#1740,.F.);
#2974 = FACE_BOUND('',#2975,.T.);
#2975 = EDGE_LOOP('',(#2976,#2977,#3000,#3031));
#2976 = ORIENTED_EDGE('',*,*,#1723,.F.);
#2977 = ORIENTED_EDGE('',*,*,#2978,.F.);
#2978 = EDGE_CURVE('',#2979,#1724,#2981,.T.);
#2979 = VERTEX_POINT('',#2980);
#2980 = CARTESIAN_POINT('',(10.675,29.8,150.37));
#2981 = SEAM_CURVE('',#2982,(#2986,#2993),.PCURVE_S1.);
#2982 = LINE('',#2983,#2984);
#2983 = CARTESIAN_POINT('',(10.675,29.8,150.37));
#2984 = VECTOR('',#2985,1.);
#2985 = DIRECTION('',(-0.,1.,-0.));
#2986 = PCURVE('',#1740,#2987);
#2987 = DEFINITIONAL_REPRESENTATION('',(#2988),#2992);
#2988 = LINE('',#2989,#2990);
#2989 = CARTESIAN_POINT('',(-6.28318530718,-0.));
#2990 = VECTOR('',#2991,1.);
#2991 = DIRECTION('',(-0.,1.));
#2992 = ( GEOMETRIC_REPRESENTATION_CONTEXT(2) 
PARAMETRIC_REPRESENTATION_CONTEXT() REPRESENTATION_CONTEXT('2D SPACE',''
  ) );
#2993 = PCURVE('',#1740,#2994);
#2994 = DEFINITIONAL_REPRESENTATION('',(#2995),#2999);
#2995 = LINE('',#2996,#2997);
#2996 = CARTESIAN_POINT('',(-0.,-0.));
#2997 = VECTOR('',#2998,1.);
#2998 = DIRECTION('',(-0.,1.));
#2999 = ( GEOMETRIC_REPRESENTATION_CONTEXT(2) 
PARAMETRIC_REPRESENTATION_CONTEXT() REPRESENTATION_CONTEXT('2D SPACE',''
  ) );
#3000 = ORIENTED_EDGE('',*,*,#3001,.T.);
#3001 = EDGE_CURVE('',#2979,#2979,#3002,.T.);
#3002 = SURFACE_CURVE('',#3003,(#3008,#3015),.PCURVE_S1.);
#3003 = CIRCLE('',#3004,0.82);
#3004 = AXIS2_PLACEMENT_3D('',#3005,#3006,#3007);
#3005 = CARTESIAN_POINT('',(10.675,29.8,149.55));
#3006 = DIRECTION('',(0.,-1.,0.));
#3007 = DIRECTION('',(-0.,-0.,1.));
#3008 = PCURVE('',#1740,#3009);
#3009 = DEFINITIONAL_REPRESENTATION('',(#3010),#3014);
#3010 = LINE('',#3011,#3012);
#3011 = CARTESIAN_POINT('',(-0.,0.));
#3012 = VECTOR('',#3013,1.);
#3013 = DIRECTION('',(-1.,0.));
#3014 = ( GEOMETRIC_REPRESENTATION_CONTEXT(2) 
PARAMETRIC_REPRESENTATION_CONTEXT() REPRESENTATION_CONTEXT('2D SPACE',''
  ) );
#3015 = PCURVE('',#3016,#3021);
#3016 = PLANE('',#3017);
#3017 = AXIS2_PLACEMENT_3D('',#3018,#3019,#3020);
#3018 = CARTESIAN_POINT('',(10.675,29.8,149.55));
#3019 = DIRECTION('',(-0.,1.,-0.));
#3020 = DIRECTION('',(0.,0.,-1.));
#3021 = DEFINITIONAL_REPRESENTATION('',(#3022),#3030);
#3022 = ( BOUNDED_CURVE() B_SPLINE_CURVE(2,(#3023,#3024,#3025,#3026,
#3027,#3028,#3029),.UNSPECIFIED.,.T.,.F.) B_SPLINE_CURVE_WITH_KNOTS((1,2
    ,2,2,2,1),(-2.094395102393,0.,2.094395102393,4.188790204786,
6.28318530718,8.377580409573),.UNSPECIFIED.) CURVE() 
GEOMETRIC_REPRESENTATION_ITEM() RATIONAL_B_SPLINE_CURVE((1.,0.5,1.,0.5,
1.,0.5,1.)) REPRESENTATION_ITEM('') );
#3023 = CARTESIAN_POINT('',(-0.82,0.));
#3024 = CARTESIAN_POINT('',(-0.82,1.420281662206));
#3025 = CARTESIAN_POINT('',(0.41,0.710140831103));
#3026 = CARTESIAN_POINT('',(1.64,2.008420750602E-16));
#3027 = CARTESIAN_POINT('',(0.41,-0.710140831103));
#3028 = CARTESIAN_POINT('',(-0.82,-1.420281662206));
#3029 = CARTESIAN_POINT('',(-0.82,0.));
#3030 = ( GEOMETRIC_REPRESENTATION_CONTEXT(2) 
PARAMETRIC_REPRESENTATION_CONTEXT() REPRESENTATION_CONTEXT('2D SPACE',''
  ) );
#3031 = ORIENTED_EDGE('',*,*,#2978,.T.);
#3032 = ADVANCED_FACE('',(#3033),#3016,.T.);
#3033 = FACE_BOUND('',#3034,.T.);
#3034 = EDGE_LOOP('',(#3035));
#3035 = ORIENTED_EDGE('',*,*,#3001,.F.);
#3036 = ADVANCED_FACE('',(#3037),#1709,.F.);
#3037 = FACE_BOUND('',#3038,.T.);
#3038 = EDGE_LOOP('',(#3039,#3040,#3063,#3094));
#3039 = ORIENTED_EDGE('',*,*,#1692,.F.);
#3040 = ORIENTED_EDGE('',*,*,#3041,.F.);
#3041 = EDGE_CURVE('',#3042,#1693,#3044,.T.);
#3042 = VERTEX_POINT('',#3043);
#3043 = CARTESIAN_POINT('',(13.725,29.8,150.37));
#3044 = SEAM_CURVE('',#3045,(#3049,#3056),.PCURVE_S1.);
#3045 = LINE('',#3046,#3047);
#3046 = CARTESIAN_POINT('',(13.725,29.8,150.37));
#3047 = VECTOR('',#3048,1.);
#3048 = DIRECTION('',(-0.,1.,-0.));
#3049 = PCURVE('',#1709,#3050);
#3050 = DEFINITIONAL_REPRESENTATION('',(#3051),#3055);
#3051 = LINE('',#3052,#3053);
#3052 = CARTESIAN_POINT('',(-6.28318530718,-0.));
#3053 = VECTOR('',#3054,1.);
#3054 = DIRECTION('',(-0.,1.));
#3055 = ( GEOMETRIC_REPRESENTATION_CONTEXT(2) 
PARAMETRIC_REPRESENTATION_CONTEXT() REPRESENTATION_CONTEXT('2D SPACE',''
  ) );
#3056 = PCURVE('',#1709,#3057);
#3057 = DEFINITIONAL_REPRESENTATION('',(#3058),#3062);
#3058 = LINE('',#3059,#3060);
#3059 = CARTESIAN_POINT('',(-0.,-0.));
#3060 = VECTOR('',#3061,1.);
#3061 = DIRECTION('',(-0.,1.));
#3062 = ( GEOMETRIC_REPRESENTATION_CONTEXT(2) 
PARAMETRIC_REPRESENTATION_CONTEXT() REPRESENTATION_CONTEXT('2D SPACE',''
  ) );
#3063 = ORIENTED_EDGE('',*,*,#3064,.T.);
#3064 = EDGE_CURVE('',#3042,#3042,#3065,.T.);
#3065 = SURFACE_CURVE('',#3066,(#3071,#3078),.PCURVE_S1.);
#3066 = CIRCLE('',#3067,0.82);
#3067 = AXIS2_PLACEMENT_3D('',#3068,#3069,#3070);
#3068 = CARTESIAN_POINT('',(13.725,29.8,149.55));
#3069 = DIRECTION('',(0.,-1.,0.));
#3070 = DIRECTION('',(-0.,-0.,1.));
#3071 = PCURVE('',#1709,#3072);
#3072 = DEFINITIONAL_REPRESENTATION('',(#3073),#3077);
#3073 = LINE('',#3074,#3075);
#3074 = CARTESIAN_POINT('',(-0.,0.));
#3075 = VECTOR('',#3076,1.);
#3076 = DIRECTION('',(-1.,0.));
#3077 = ( GEOMETRIC_REPRESENTATION_CONTEXT(2) 
PARAMETRIC_REPRESENTATION_CONTEXT() REPRESENTATION_CONTEXT('2D SPACE',''
  ) );
#3078 = PCURVE('',#3079,#3084);
#3079 = PLANE('',#3080);
#3080 = AXIS2_PLACEMENT_3D('',#3081,#3082,#3083);
#3081 = CARTESIAN_POINT('',(13.725,29.8,149.55));
#3082 = DIRECTION('',(-0.,1.,-0.));
#3083 = DIRECTION('',(0.,0.,-1.));
#3084 = DEFINITIONAL_REPRESENTATION('',(#3085),#3093);
#3085 = ( BOUNDED_CURVE() B_SPLINE_CURVE(2,(#3086,#3087,#3088,#3089,
#3090,#3091,#3092),.UNSPECIFIED.,.T.,.F.) B_SPLINE_CURVE_WITH_KNOTS((1,2
    ,2,2,2,1),(-2.094395102393,0.,2.094395102393,4.188790204786,
6.28318530718,8.377580409573),.UNSPECIFIED.) CURVE() 
GEOMETRIC_REPRESENTATION_ITEM() RATIONAL_B_SPLINE_CURVE((1.,0.5,1.,0.5,
1.,0.5,1.)) REPRESENTATION_ITEM('') );
#3086 = CARTESIAN_POINT('',(-0.82,0.));
#3087 = CARTESIAN_POINT('',(-0.82,1.420281662206));
#3088 = CARTESIAN_POINT('',(0.41,0.710140831103));
#3089 = CARTESIAN_POINT('',(1.64,2.008420750602E-16));
#3090 = CARTESIAN_POINT('',(0.41,-0.710140831103));
#3091 = CARTESIAN_POINT('',(-0.82,-1.420281662206));
#3092 = CARTESIAN_POINT('',(-0.82,0.));
#3093 = ( GEOMETRIC_REPRESENTATION_CONTEXT(2) 
PARAMETRIC_REPRESENTATION_CONTEXT() REPRESENTATION_CONTEXT('2D SPACE',''
  ) );
#3094 = ORIENTED_EDGE('',*,*,#3041,.T.);
#3095 = ADVANCED_FACE('',(#3096),#3079,.T.);
#3096 = FACE_BOUND('',#3097,.T.);
#3097 = EDGE_LOOP('',(#3098));
#3098 = ORIENTED_EDGE('',*,*,#3064,.F.);
#3099 = ADVANCED_FACE('',(#3100),#1678,.F.);
#3100 = FACE_BOUND('',#3101,.T.);
#3101 = EDGE_LOOP('',(#3102,#3103,#3126,#3157));
#3102 = ORIENTED_EDGE('',*,*,#1661,.F.);
#3103 = ORIENTED_EDGE('',*,*,#3104,.F.);
#3104 = EDGE_CURVE('',#3105,#1662,#3107,.T.);
#3105 = VERTEX_POINT('',#3106);
#3106 = CARTESIAN_POINT('',(1.525,29.8,153.27));
#3107 = SEAM_CURVE('',#3108,(#3112,#3119),.PCURVE_S1.);
#3108 = LINE('',#3109,#3110);
#3109 = CARTESIAN_POINT('',(1.525,29.8,153.27));
#3110 = VECTOR('',#3111,1.);
#3111 = DIRECTION('',(-0.,1.,-0.));
#3112 = PCURVE('',#1678,#3113);
#3113 = DEFINITIONAL_REPRESENTATION('',(#3114),#3118);
#3114 = LINE('',#3115,#3116);
#3115 = CARTESIAN_POINT('',(-6.28318530718,-0.));
#3116 = VECTOR('',#3117,1.);
#3117 = DIRECTION('',(-0.,1.));
#3118 = ( GEOMETRIC_REPRESENTATION_CONTEXT(2) 
PARAMETRIC_REPRESENTATION_CONTEXT() REPRESENTATION_CONTEXT('2D SPACE',''
  ) );
#3119 = PCURVE('',#1678,#3120);
#3120 = DEFINITIONAL_REPRESENTATION('',(#3121),#3125);
#3121 = LINE('',#3122,#3123);
#3122 = CARTESIAN_POINT('',(-0.,-0.));
#3123 = VECTOR('',#3124,1.);
#3124 = DIRECTION('',(-0.,1.));
#3125 = ( GEOMETRIC_REPRESENTATION_CONTEXT(2) 
PARAMETRIC_REPRESENTATION_CONTEXT() REPRESENTATION_CONTEXT('2D SPACE',''
  ) );
#3126 = ORIENTED_EDGE('',*,*,#3127,.T.);
#3127 = EDGE_CURVE('',#3105,#3105,#3128,.T.);
#3128 = SURFACE_CURVE('',#3129,(#3134,#3141),.PCURVE_S1.);
#3129 = CIRCLE('',#3130,0.82);
#3130 = AXIS2_PLACEMENT_3D('',#3131,#3132,#3133);
#3131 = CARTESIAN_POINT('',(1.525,29.8,152.45));
#3132 = DIRECTION('',(0.,-1.,0.));
#3133 = DIRECTION('',(-0.,-0.,1.));
#3134 = PCURVE('',#1678,#3135);
#3135 = DEFINITIONAL_REPRESENTATION('',(#3136),#3140);
#3136 = LINE('',#3137,#3138);
#3137 = CARTESIAN_POINT('',(-0.,0.));
#3138 = VECTOR('',#3139,1.);
#3139 = DIRECTION('',(-1.,0.));
#3140 = ( GEOMETRIC_REPRESENTATION_CONTEXT(2) 
PARAMETRIC_REPRESENTATION_CONTEXT() REPRESENTATION_CONTEXT('2D SPACE',''
  ) );
#3141 = PCURVE('',#3142,#3147);
#3142 = PLANE('',#3143);
#3143 = AXIS2_PLACEMENT_3D('',#3144,#3145,#3146);
#3144 = CARTESIAN_POINT('',(1.525,29.8,152.45));
#3145 = DIRECTION('',(-0.,1.,-0.));
#3146 = DIRECTION('',(0.,0.,-1.));
#3147 = DEFINITIONAL_REPRESENTATION('',(#3148),#3156);
#3148 = ( BOUNDED_CURVE() B_SPLINE_CURVE(2,(#3149,#3150,#3151,#3152,
#3153,#3154,#3155),.UNSPECIFIED.,.T.,.F.) B_SPLINE_CURVE_WITH_KNOTS((1,2
    ,2,2,2,1),(-2.094395102393,0.,2.094395102393,4.188790204786,
6.28318530718,8.377580409573),.UNSPECIFIED.) CURVE() 
GEOMETRIC_REPRESENTATION_ITEM() RATIONAL_B_SPLINE_CURVE((1.,0.5,1.,0.5,
1.,0.5,1.)) REPRESENTATION_ITEM('') );
#3149 = CARTESIAN_POINT('',(-0.82,0.));
#3150 = CARTESIAN_POINT('',(-0.82,1.420281662206));
#3151 = CARTESIAN_POINT('',(0.41,0.710140831103));
#3152 = CARTESIAN_POINT('',(1.64,2.008420750602E-16));
#3153 = CARTESIAN_POINT('',(0.41,-0.710140831103));
#3154 = CARTESIAN_POINT('',(-0.82,-1.420281662206));
#3155 = CARTESIAN_POINT('',(-0.82,0.));
#3156 = ( GEOMETRIC_REPRESENTATION_CONTEXT(2) 
PARAMETRIC_REPRESENTATION_CONTEXT() REPRESENTATION_CONTEXT('2D SPACE',''
  ) );
#3157 = ORIENTED_EDGE('',*,*,#3104,.T.);
#3158 = ADVANCED_FACE('',(#3159),#3142,.T.);
#3159 = FACE_BOUND('',#3160,.T.);
#3160 = EDGE_LOOP('',(#3161));
#3161 = ORIENTED_EDGE('',*,*,#3127,.F.);
#3162 = ADVANCED_FACE('',(#3163),#1647,.F.);
#3163 = FACE_BOUND('',#3164,.T.);
#3164 = EDGE_LOOP('',(#3165,#3166,#3189,#3220));
#3165 = ORIENTED_EDGE('',*,*,#1630,.F.);
#3166 = ORIENTED_EDGE('',*,*,#3167,.F.);
#3167 = EDGE_CURVE('',#3168,#1631,#3170,.T.);
#3168 = VERTEX_POINT('',#3169);
#3169 = CARTESIAN_POINT('',(4.575,29.8,153.27));
#3170 = SEAM_CURVE('',#3171,(#3175,#3182),.PCURVE_S1.);
#3171 = LINE('',#3172,#3173);
#3172 = CARTESIAN_POINT('',(4.575,29.8,153.27));
#3173 = VECTOR('',#3174,1.);
#3174 = DIRECTION('',(-0.,1.,-0.));
#3175 = PCURVE('',#1647,#3176);
#3176 = DEFINITIONAL_REPRESENTATION('',(#3177),#3181);
#3177 = LINE('',#3178,#3179);
#3178 = CARTESIAN_POINT('',(-6.28318530718,-0.));
#3179 = VECTOR('',#3180,1.);
#3180 = DIRECTION('',(-0.,1.));
#3181 = ( GEOMETRIC_REPRESENTATION_CONTEXT(2) 
PARAMETRIC_REPRESENTATION_CONTEXT() REPRESENTATION_CONTEXT('2D SPACE',''
  ) );
#3182 = PCURVE('',#1647,#3183);
#3183 = DEFINITIONAL_REPRESENTATION('',(#3184),#3188);
#3184 = LINE('',#3185,#3186);
#3185 = CARTESIAN_POINT('',(-0.,-0.));
#3186 = VECTOR('',#3187,1.);
#3187 = DIRECTION('',(-0.,1.));
#3188 = ( GEOMETRIC_REPRESENTATION_CONTEXT(2) 
PARAMETRIC_REPRESENTATION_CONTEXT() REPRESENTATION_CONTEXT('2D SPACE',''
  ) );
#3189 = ORIENTED_EDGE('',*,*,#3190,.T.);
#3190 = EDGE_CURVE('',#3168,#3168,#3191,.T.);
#3191 = SURFACE_CURVE('',#3192,(#3197,#3204),.PCURVE_S1.);
#3192 = CIRCLE('',#3193,0.82);
#3193 = AXIS2_PLACEMENT_3D('',#3194,#3195,#3196);
#3194 = CARTESIAN_POINT('',(4.575,29.8,152.45));
#3195 = DIRECTION('',(0.,-1.,0.));
#3196 = DIRECTION('',(-0.,-0.,1.));
#3197 = PCURVE('',#1647,#3198);
#3198 = DEFINITIONAL_REPRESENTATION('',(#3199),#3203);
#3199 = LINE('',#3200,#3201);
#3200 = CARTESIAN_POINT('',(-0.,0.));
#3201 = VECTOR('',#3202,1.);
#3202 = DIRECTION('',(-1.,0.));
#3203 = ( GEOMETRIC_REPRESENTATION_CONTEXT(2) 
PARAMETRIC_REPRESENTATION_CONTEXT() REPRESENTATION_CONTEXT('2D SPACE',''
  ) );
#3204 = PCURVE('',#3205,#3210);
#3205 = PLANE('',#3206);
#3206 = AXIS2_PLACEMENT_3D('',#3207,#3208,#3209);
#3207 = CARTESIAN_POINT('',(4.575,29.8,152.45));
#3208 = DIRECTION('',(-0.,1.,-0.));
#3209 = DIRECTION('',(0.,0.,-1.));
#3210 = DEFINITIONAL_REPRESENTATION('',(#3211),#3219);
#3211 = ( BOUNDED_CURVE() B_SPLINE_CURVE(2,(#3212,#3213,#3214,#3215,
#3216,#3217,#3218),.UNSPECIFIED.,.T.,.F.) B_SPLINE_CURVE_WITH_KNOTS((1,2
    ,2,2,2,1),(-2.094395102393,0.,2.094395102393,4.188790204786,
6.28318530718,8.377580409573),.UNSPECIFIED.) CURVE() 
GEOMETRIC_REPRESENTATION_ITEM() RATIONAL_B_SPLINE_CURVE((1.,0.5,1.,0.5,
1.,0.5,1.)) REPRESENTATION_ITEM('') );
#3212 = CARTESIAN_POINT('',(-0.82,0.));
#3213 = CARTESIAN_POINT('',(-0.82,1.420281662206));
#3214 = CARTESIAN_POINT('',(0.41,0.710140831103));
#3215 = CARTESIAN_POINT('',(1.64,2.008420750602E-16));
#3216 = CARTESIAN_POINT('',(0.41,-0.710140831103));
#3217 = CARTESIAN_POINT('',(-0.82,-1.420281662206));
#3218 = CARTESIAN_POINT('',(-0.82,0.));
#3219 = ( GEOMETRIC_REPRESENTATION_CONTEXT(2) 
PARAMETRIC_REPRESENTATION_CONTEXT() REPRESENTATION_CONTEXT('2D SPACE',''
  ) );
#3220 = ORIENTED_EDGE('',*,*,#3167,.T.);
#3221 = ADVANCED_FACE('',(#3222),#3205,.T.);
#3222 = FACE_BOUND('',#3223,.T.);
#3223 = EDGE_LOOP('',(#3224));
#3224 = ORIENTED_EDGE('',*,*,#3190,.F.);
#3225 = ADVANCED_FACE('',(#3226),#1616,.F.);
#3226 = FACE_BOUND('',#3227,.T.);
#3227 = EDGE_LOOP('',(#3228,#3229,#3252,#3283));
#3228 = ORIENTED_EDGE('',*,*,#1599,.F.);
#3229 = ORIENTED_EDGE('',*,*,#3230,.F.);
#3230 = EDGE_CURVE('',#3231,#1600,#3233,.T.);
#3231 = VERTEX_POINT('',#3232);
#3232 = CARTESIAN_POINT('',(7.625,29.8,153.27));
#3233 = SEAM_CURVE('',#3234,(#3238,#3245),.PCURVE_S1.);
#3234 = LINE('',#3235,#3236);
#3235 = CARTESIAN_POINT('',(7.625,29.8,153.27));
#3236 = VECTOR('',#3237,1.);
#3237 = DIRECTION('',(-0.,1.,-0.));
#3238 = PCURVE('',#1616,#3239);
#3239 = DEFINITIONAL_REPRESENTATION('',(#3240),#3244);
#3240 = LINE('',#3241,#3242);
#3241 = CARTESIAN_POINT('',(-6.28318530718,-0.));
#3242 = VECTOR('',#3243,1.);
#3243 = DIRECTION('',(-0.,1.));
#3244 = ( GEOMETRIC_REPRESENTATION_CONTEXT(2) 
PARAMETRIC_REPRESENTATION_CONTEXT() REPRESENTATION_CONTEXT('2D SPACE',''
  ) );
#3245 = PCURVE('',#1616,#3246);
#3246 = DEFINITIONAL_REPRESENTATION('',(#3247),#3251);
#3247 = LINE('',#3248,#3249);
#3248 = CARTESIAN_POINT('',(-0.,-0.));
#3249 = VECTOR('',#3250,1.);
#3250 = DIRECTION('',(-0.,1.));
#3251 = ( GEOMETRIC_REPRESENTATION_CONTEXT(2) 
PARAMETRIC_REPRESENTATION_CONTEXT() REPRESENTATION_CONTEXT('2D SPACE',''
  ) );
#3252 = ORIENTED_EDGE('',*,*,#3253,.T.);
#3253 = EDGE_CURVE('',#3231,#3231,#3254,.T.);
#3254 = SURFACE_CURVE('',#3255,(#3260,#3267),.PCURVE_S1.);
#3255 = CIRCLE('',#3256,0.82);
#3256 = AXIS2_PLACEMENT_3D('',#3257,#3258,#3259);
#3257 = CARTESIAN_POINT('',(7.625,29.8,152.45));
#3258 = DIRECTION('',(0.,-1.,0.));
#3259 = DIRECTION('',(-0.,-0.,1.));
#3260 = PCURVE('',#1616,#3261);
#3261 = DEFINITIONAL_REPRESENTATION('',(#3262),#3266);
#3262 = LINE('',#3263,#3264);
#3263 = CARTESIAN_POINT('',(-0.,0.));
#3264 = VECTOR('',#3265,1.);
#3265 = DIRECTION('',(-1.,0.));
#3266 = ( GEOMETRIC_REPRESENTATION_CONTEXT(2) 
PARAMETRIC_REPRESENTATION_CONTEXT() REPRESENTATION_CONTEXT('2D SPACE',''
  ) );
#3267 = PCURVE('',#3268,#3273);
#3268 = PLANE('',#3269);
#3269 = AXIS2_PLACEMENT_3D('',#3270,#3271,#3272);
#3270 = CARTESIAN_POINT('',(7.625,29.8,152.45));
#3271 = DIRECTION('',(-0.,1.,-0.));
#3272 = DIRECTION('',(0.,0.,-1.));
#3273 = DEFINITIONAL_REPRESENTATION('',(#3274),#3282);
#3274 = ( BOUNDED_CURVE() B_SPLINE_CURVE(2,(#3275,#3276,#3277,#3278,
#3279,#3280,#3281),.UNSPECIFIED.,.T.,.F.) B_SPLINE_CURVE_WITH_KNOTS((1,2
    ,2,2,2,1),(-2.094395102393,0.,2.094395102393,4.188790204786,
6.28318530718,8.377580409573),.UNSPECIFIED.) CURVE() 
GEOMETRIC_REPRESENTATION_ITEM() RATIONAL_B_SPLINE_CURVE((1.,0.5,1.,0.5,
1.,0.5,1.)) REPRESENTATION_ITEM('') );
#3275 = CARTESIAN_POINT('',(-0.82,0.));
#3276 = CARTESIAN_POINT('',(-0.82,1.420281662206));
#3277 = CARTESIAN_POINT('',(0.41,0.710140831103));
#3278 = CARTESIAN_POINT('',(1.64,2.008420750602E-16));
#3279 = CARTESIAN_POINT('',(0.41,-0.710140831103));
#3280 = CARTESIAN_POINT('',(-0.82,-1.420281662206));
#3281 = CARTESIAN_POINT('',(-0.82,0.));
#3282 = ( GEOMETRIC_REPRESENTATION_CONTEXT(2) 
PARAMETRIC_REPRESENTATION_CONTEXT() REPRESENTATION_CONTEXT('2D SPACE',''
  ) );
#3283 = ORIENTED_EDGE('',*,*,#3230,.T.);
#3284 = ADVANCED_FACE('',(#3285),#3268,.T.);
#3285 = FACE_BOUND('',#3286,.T.);
#3286 = EDGE_LOOP('',(#3287));
#3287 = ORIENTED_EDGE('',*,*,#3253,.F.);
#3288 = ADVANCED_FACE('',(#3289),#1585,.F.);
#3289 = FACE_BOUND('',#3290,.T.);
#3290 = EDGE_LOOP('',(#3291,#3292,#3315,#3346));
#3291 = ORIENTED_EDGE('',*,*,#1568,.F.);
#3292 = ORIENTED_EDGE('',*,*,#3293,.F.);
#3293 = EDGE_CURVE('',#3294,#1569,#3296,.T.);
#3294 = VERTEX_POINT('',#3295);
#3295 = CARTESIAN_POINT('',(10.675,29.8,153.27));
#3296 = SEAM_CURVE('',#3297,(#3301,#3308),.PCURVE_S1.);
#3297 = LINE('',#3298,#3299);
#3298 = CARTESIAN_POINT('',(10.675,29.8,153.27));
#3299 = VECTOR('',#3300,1.);
#3300 = DIRECTION('',(-0.,1.,-0.));
#3301 = PCURVE('',#1585,#3302);
#3302 = DEFINITIONAL_REPRESENTATION('',(#3303),#3307);
#3303 = LINE('',#3304,#3305);
#3304 = CARTESIAN_POINT('',(-6.28318530718,-0.));
#3305 = VECTOR('',#3306,1.);
#3306 = DIRECTION('',(-0.,1.));
#3307 = ( GEOMETRIC_REPRESENTATION_CONTEXT(2) 
PARAMETRIC_REPRESENTATION_CONTEXT() REPRESENTATION_CONTEXT('2D SPACE',''
  ) );
#3308 = PCURVE('',#1585,#3309);
#3309 = DEFINITIONAL_REPRESENTATION('',(#3310),#3314);
#3310 = LINE('',#3311,#3312);
#3311 = CARTESIAN_POINT('',(-0.,-0.));
#3312 = VECTOR('',#3313,1.);
#3313 = DIRECTION('',(-0.,1.));
#3314 = ( GEOMETRIC_REPRESENTATION_CONTEXT(2) 
PARAMETRIC_REPRESENTATION_CONTEXT() REPRESENTATION_CONTEXT('2D SPACE',''
  ) );
#3315 = ORIENTED_EDGE('',*,*,#3316,.T.);
#3316 = EDGE_CURVE('',#3294,#3294,#3317,.T.);
#3317 = SURFACE_CURVE('',#3318,(#3323,#3330),.PCURVE_S1.);
#3318 = CIRCLE('',#3319,0.82);
#3319 = AXIS2_PLACEMENT_3D('',#3320,#3321,#3322);
#3320 = CARTESIAN_POINT('',(10.675,29.8,152.45));
#3321 = DIRECTION('',(0.,-1.,0.));
#3322 = DIRECTION('',(-0.,-0.,1.));
#3323 = PCURVE('',#1585,#3324);
#3324 = DEFINITIONAL_REPRESENTATION('',(#3325),#3329);
#3325 = LINE('',#3326,#3327);
#3326 = CARTESIAN_POINT('',(-0.,0.));
#3327 = VECTOR('',#3328,1.);
#3328 = DIRECTION('',(-1.,0.));
#3329 = ( GEOMETRIC_REPRESENTATION_CONTEXT(2) 
PARAMETRIC_REPRESENTATION_CONTEXT() REPRESENTATION_CONTEXT('2D SPACE',''
  ) );
#3330 = PCURVE('',#3331,#3336);
#3331 = PLANE('',#3332);
#3332 = AXIS2_PLACEMENT_3D('',#3333,#3334,#3335);
#3333 = CARTESIAN_POINT('',(10.675,29.8,152.45));
#3334 = DIRECTION('',(-0.,1.,-0.));
#3335 = DIRECTION('',(0.,0.,-1.));
#3336 = DEFINITIONAL_REPRESENTATION('',(#3337),#3345);
#3337 = ( BOUNDED_CURVE() B_SPLINE_CURVE(2,(#3338,#3339,#3340,#3341,
#3342,#3343,#3344),.UNSPECIFIED.,.T.,.F.) B_SPLINE_CURVE_WITH_KNOTS((1,2
    ,2,2,2,1),(-2.094395102393,0.,2.094395102393,4.188790204786,
6.28318530718,8.377580409573),.UNSPECIFIED.) CURVE() 
GEOMETRIC_REPRESENTATION_ITEM() RATIONAL_B_SPLINE_CURVE((1.,0.5,1.,0.5,
1.,0.5,1.)) REPRESENTATION_ITEM('') );
#3338 = CARTESIAN_POINT('',(-0.82,0.));
#3339 = CARTESIAN_POINT('',(-0.82,1.420281662206));
#3340 = CARTESIAN_POINT('',(0.41,0.710140831103));
#3341 = CARTESIAN_POINT('',(1.64,2.008420750602E-16));
#3342 = CARTESIAN_POINT('',(0.41,-0.710140831103));
#3343 = CARTESIAN_POINT('',(-0.82,-1.420281662206));
#3344 = CARTESIAN_POINT('',(-0.82,0.));
#3345 = ( GEOMETRIC_REPRESENTATION_CONTEXT(2) 
PARAMETRIC_REPRESENTATION_CONTEXT() REPRESENTATION_CONTEXT('2D SPACE',''
  ) );
#3346 = ORIENTED_EDGE('',*,*,#3293,.T.);
#3347 = ADVANCED_FACE('',(#3348),#3331,.T.);
#3348 = FACE_BOUND('',#3349,.T.);
#3349 = EDGE_LOOP('',(#3350));
#3350 = ORIENTED_EDGE('',*,*,#3316,.F.);
#3351 = ADVANCED_FACE('',(#3352),#1554,.F.);
#3352 = FACE_BOUND('',#3353,.T.);
#3353 = EDGE_LOOP('',(#3354,#3355,#3378,#3409));
#3354 = ORIENTED_EDGE('',*,*,#1537,.F.);
#3355 = ORIENTED_EDGE('',*,*,#3356,.F.);
#3356 = EDGE_CURVE('',#3357,#1538,#3359,.T.);
#3357 = VERTEX_POINT('',#3358);
#3358 = CARTESIAN_POINT('',(13.725,29.8,153.27));
#3359 = SEAM_CURVE('',#3360,(#3364,#3371),.PCURVE_S1.);
#3360 = LINE('',#3361,#3362);
#3361 = CARTESIAN_POINT('',(13.725,29.8,153.27));
#3362 = VECTOR('',#3363,1.);
#3363 = DIRECTION('',(-0.,1.,-0.));
#3364 = PCURVE('',#1554,#3365);
#3365 = DEFINITIONAL_REPRESENTATION('',(#3366),#3370);
#3366 = LINE('',#3367,#3368);
#3367 = CARTESIAN_POINT('',(-6.28318530718,-0.));
#3368 = VECTOR('',#3369,1.);
#3369 = DIRECTION('',(-0.,1.));
#3370 = ( GEOMETRIC_REPRESENTATION_CONTEXT(2) 
PARAMETRIC_REPRESENTATION_CONTEXT() REPRESENTATION_CONTEXT('2D SPACE',''
  ) );
#3371 = PCURVE('',#1554,#3372);
#3372 = DEFINITIONAL_REPRESENTATION('',(#3373),#3377);
#3373 = LINE('',#3374,#3375);
#3374 = CARTESIAN_POINT('',(-0.,-0.));
#3375 = VECTOR('',#3376,1.);
#3376 = DIRECTION('',(-0.,1.));
#3377 = ( GEOMETRIC_REPRESENTATION_CONTEXT(2) 
PARAMETRIC_REPRESENTATION_CONTEXT() REPRESENTATION_CONTEXT('2D SPACE',''
  ) );
#3378 = ORIENTED_EDGE('',*,*,#3379,.T.);
#3379 = EDGE_CURVE('',#3357,#3357,#3380,.T.);
#3380 = SURFACE_CURVE('',#3381,(#3386,#3393),.PCURVE_S1.);
#3381 = CIRCLE('',#3382,0.82);
#3382 = AXIS2_PLACEMENT_3D('',#3383,#3384,#3385);
#3383 = CARTESIAN_POINT('',(13.725,29.8,152.45));
#3384 = DIRECTION('',(0.,-1.,0.));
#3385 = DIRECTION('',(-0.,-0.,1.));
#3386 = PCURVE('',#1554,#3387);
#3387 = DEFINITIONAL_REPRESENTATION('',(#3388),#3392);
#3388 = LINE('',#3389,#3390);
#3389 = CARTESIAN_POINT('',(-0.,0.));
#3390 = VECTOR('',#3391,1.);
#3391 = DIRECTION('',(-1.,0.));
#3392 = ( GEOMETRIC_REPRESENTATION_CONTEXT(2) 
PARAMETRIC_REPRESENTATION_CONTEXT() REPRESENTATION_CONTEXT('2D SPACE',''
  ) );
#3393 = PCURVE('',#3394,#3399);
#3394 = PLANE('',#3395);
#3395 = AXIS2_PLACEMENT_3D('',#3396,#3397,#3398);
#3396 = CARTESIAN_POINT('',(13.725,29.8,152.45));
#3397 = DIRECTION('',(-0.,1.,-0.));
#3398 = DIRECTION('',(0.,0.,-1.));
#3399 = DEFINITIONAL_REPRESENTATION('',(#3400),#3408);
#3400 = ( BOUNDED_CURVE() B_SPLINE_CURVE(2,(#3401,#3402,#3403,#3404,
#3405,#3406,#3407),.UNSPECIFIED.,.T.,.F.) B_SPLINE_CURVE_WITH_KNOTS((1,2
    ,2,2,2,1),(-2.094395102393,0.,2.094395102393,4.188790204786,
6.28318530718,8.377580409573),.UNSPECIFIED.) CURVE() 
GEOMETRIC_REPRESENTATION_ITEM() RATIONAL_B_SPLINE_CURVE((1.,0.5,1.,0.5,
1.,0.5,1.)) REPRESENTATION_ITEM('') );
#3401 = CARTESIAN_POINT('',(-0.82,0.));
#3402 = CARTESIAN_POINT('',(-0.82,1.420281662206));
#3403 = CARTESIAN_POINT('',(0.41,0.710140831103));
#3404 = CARTESIAN_POINT('',(1.64,2.008420750602E-16));
#3405 = CARTESIAN_POINT('',(0.41,-0.710140831103));
#3406 = CARTESIAN_POINT('',(-0.82,-1.420281662206));
#3407 = CARTESIAN_POINT('',(-0.82,0.));
#3408 = ( GEOMETRIC_REPRESENTATION_CONTEXT(2) 
PARAMETRIC_REPRESENTATION_CONTEXT() REPRESENTATION_CONTEXT('2D SPACE',''
  ) );
#3409 = ORIENTED_EDGE('',*,*,#3356,.T.);
#3410 = ADVANCED_FACE('',(#3411),#3394,.T.);
#3411 = FACE_BOUND('',#3412,.T.);
#3412 = EDGE_LOOP('',(#3413));
#3413 = ORIENTED_EDGE('',*,*,#3379,.F.);
#3414 = ADVANCED_FACE('',(#3415),#1127,.F.);
#3415 = FACE_BOUND('',#3416,.T.);
#3416 = EDGE_LOOP('',(#3417,#3418,#3439,#3440));
#3417 = ORIENTED_EDGE('',*,*,#1513,.F.);
#3418 = ORIENTED_EDGE('',*,*,#3419,.T.);
#3419 = EDGE_CURVE('',#1486,#1112,#3420,.T.);
#3420 = SURFACE_CURVE('',#3421,(#3425,#3432),.PCURVE_S1.);
#3421 = LINE('',#3422,#3423);
#3422 = CARTESIAN_POINT('',(16.75,32.7,153.75));
#3423 = VECTOR('',#3424,1.);
#3424 = DIRECTION('',(-0.,1.,-0.));
#3425 = PCURVE('',#1127,#3426);
#3426 = DEFINITIONAL_REPRESENTATION('',(#3427),#3431);
#3427 = LINE('',#3428,#3429);
#3428 = CARTESIAN_POINT('',(-1.,0.));
#3429 = VECTOR('',#3430,1.);
#3430 = DIRECTION('',(-0.,-1.));
#3431 = ( GEOMETRIC_REPRESENTATION_CONTEXT(2) 
PARAMETRIC_REPRESENTATION_CONTEXT() REPRESENTATION_CONTEXT('2D SPACE',''
  ) );
#3432 = PCURVE('',#1156,#3433);
#3433 = DEFINITIONAL_REPRESENTATION('',(#3434),#3438);
#3434 = LINE('',#3435,#3436);
#3435 = CARTESIAN_POINT('',(1.570796326795,0.));
#3436 = VECTOR('',#3437,1.);
#3437 = DIRECTION('',(0.,1.));
#3438 = ( GEOMETRIC_REPRESENTATION_CONTEXT(2) 
PARAMETRIC_REPRESENTATION_CONTEXT() REPRESENTATION_CONTEXT('2D SPACE',''
  ) );
#3439 = ORIENTED_EDGE('',*,*,#1111,.T.);
#3440 = ORIENTED_EDGE('',*,*,#1335,.F.);
#3441 = ADVANCED_FACE('',(#3442),#1156,.F.);
#3442 = FACE_BOUND('',#3443,.F.);
#3443 = EDGE_LOOP('',(#3444,#3465,#3466,#3467));
#3444 = ORIENTED_EDGE('',*,*,#3445,.F.);
#3445 = EDGE_CURVE('',#1463,#1140,#3446,.T.);
#3446 = SURFACE_CURVE('',#3447,(#3451,#3458),.PCURVE_S1.);
#3447 = LINE('',#3448,#3449);
#3448 = CARTESIAN_POINT('',(15.75,32.7,154.75));
#3449 = VECTOR('',#3450,1.);
#3450 = DIRECTION('',(-0.,1.,-0.));
#3451 = PCURVE('',#1156,#3452);
#3452 = DEFINITIONAL_REPRESENTATION('',(#3453),#3457);
#3453 = LINE('',#3454,#3455);
#3454 = CARTESIAN_POINT('',(0.,0.));
#3455 = VECTOR('',#3456,1.);
#3456 = DIRECTION('',(0.,1.));
#3457 = ( GEOMETRIC_REPRESENTATION_CONTEXT(2) 
PARAMETRIC_REPRESENTATION_CONTEXT() REPRESENTATION_CONTEXT('2D SPACE',''
  ) );
#3458 = PCURVE('',#1184,#3459);
#3459 = DEFINITIONAL_REPRESENTATION('',(#3460),#3464);
#3460 = LINE('',#3461,#3462);
#3461 = CARTESIAN_POINT('',(-32.5,-0.));
#3462 = VECTOR('',#3463,1.);
#3463 = DIRECTION('',(-0.,-1.));
#3464 = ( GEOMETRIC_REPRESENTATION_CONTEXT(2) 
PARAMETRIC_REPRESENTATION_CONTEXT() REPRESENTATION_CONTEXT('2D SPACE',''
  ) );
#3465 = ORIENTED_EDGE('',*,*,#1485,.T.);
#3466 = ORIENTED_EDGE('',*,*,#3419,.T.);
#3467 = ORIENTED_EDGE('',*,*,#1139,.T.);
#3468 = ADVANCED_FACE('',(#3469),#1184,.F.);
#3469 = FACE_BOUND('',#3470,.T.);
#3470 = EDGE_LOOP('',(#3471,#3472,#3493,#3494));
#3471 = ORIENTED_EDGE('',*,*,#1462,.F.);
#3472 = ORIENTED_EDGE('',*,*,#3473,.T.);
#3473 = EDGE_CURVE('',#1435,#1169,#3474,.T.);
#3474 = SURFACE_CURVE('',#3475,(#3479,#3486),.PCURVE_S1.);
#3475 = LINE('',#3476,#3477);
#3476 = CARTESIAN_POINT('',(-15.75,32.7,154.75));
#3477 = VECTOR('',#3478,1.);
#3478 = DIRECTION('',(-0.,1.,-0.));
#3479 = PCURVE('',#1184,#3480);
#3480 = DEFINITIONAL_REPRESENTATION('',(#3481),#3485);
#3481 = LINE('',#3482,#3483);
#3482 = CARTESIAN_POINT('',(-1.,-0.));
#3483 = VECTOR('',#3484,1.);
#3484 = DIRECTION('',(-0.,-1.));
#3485 = ( GEOMETRIC_REPRESENTATION_CONTEXT(2) 
PARAMETRIC_REPRESENTATION_CONTEXT() REPRESENTATION_CONTEXT('2D SPACE',''
  ) );
#3486 = PCURVE('',#1213,#3487);
#3487 = DEFINITIONAL_REPRESENTATION('',(#3488),#3492);
#3488 = LINE('',#3489,#3490);
#3489 = CARTESIAN_POINT('',(1.570796326795,0.));
#3490 = VECTOR('',#3491,1.);
#3491 = DIRECTION('',(0.,1.));
#3492 = ( GEOMETRIC_REPRESENTATION_CONTEXT(2) 
PARAMETRIC_REPRESENTATION_CONTEXT() REPRESENTATION_CONTEXT('2D SPACE',''
  ) );
#3493 = ORIENTED_EDGE('',*,*,#1168,.T.);
#3494 = ORIENTED_EDGE('',*,*,#3445,.F.);
#3495 = ADVANCED_FACE('',(#3496),#1213,.F.);
#3496 = FACE_BOUND('',#3497,.F.);
#3497 = EDGE_LOOP('',(#3498,#3519,#3520,#3521));
#3498 = ORIENTED_EDGE('',*,*,#3499,.F.);
#3499 = EDGE_CURVE('',#1412,#1197,#3500,.T.);
#3500 = SURFACE_CURVE('',#3501,(#3505,#3512),.PCURVE_S1.);
#3501 = LINE('',#3502,#3503);
#3502 = CARTESIAN_POINT('',(-16.75,32.7,153.75));
#3503 = VECTOR('',#3504,1.);
#3504 = DIRECTION('',(-0.,1.,-0.));
#3505 = PCURVE('',#1213,#3506);
#3506 = DEFINITIONAL_REPRESENTATION('',(#3507),#3511);
#3507 = LINE('',#3508,#3509);
#3508 = CARTESIAN_POINT('',(0.,0.));
#3509 = VECTOR('',#3510,1.);
#3510 = DIRECTION('',(0.,1.));
#3511 = ( GEOMETRIC_REPRESENTATION_CONTEXT(2) 
PARAMETRIC_REPRESENTATION_CONTEXT() REPRESENTATION_CONTEXT('2D SPACE',''
  ) );
#3512 = PCURVE('',#1241,#3513);
#3513 = DEFINITIONAL_REPRESENTATION('',(#3514),#3518);
#3514 = LINE('',#3515,#3516);
#3515 = CARTESIAN_POINT('',(-6.5,-0.));
#3516 = VECTOR('',#3517,1.);
#3517 = DIRECTION('',(-0.,-1.));
#3518 = ( GEOMETRIC_REPRESENTATION_CONTEXT(2) 
PARAMETRIC_REPRESENTATION_CONTEXT() REPRESENTATION_CONTEXT('2D SPACE',''
  ) );
#3519 = ORIENTED_EDGE('',*,*,#1434,.T.);
#3520 = ORIENTED_EDGE('',*,*,#3473,.T.);
#3521 = ORIENTED_EDGE('',*,*,#1196,.T.);
#3522 = ADVANCED_FACE('',(#3523),#1241,.F.);
#3523 = FACE_BOUND('',#3524,.T.);
#3524 = EDGE_LOOP('',(#3525,#3526,#3547,#3548));
#3525 = ORIENTED_EDGE('',*,*,#1411,.F.);
#3526 = ORIENTED_EDGE('',*,*,#3527,.T.);
#3527 = EDGE_CURVE('',#1384,#1226,#3528,.T.);
#3528 = SURFACE_CURVE('',#3529,(#3533,#3540),.PCURVE_S1.);
#3529 = LINE('',#3530,#3531);
#3530 = CARTESIAN_POINT('',(-16.75,32.7,148.25));
#3531 = VECTOR('',#3532,1.);
#3532 = DIRECTION('',(-0.,1.,-0.));
#3533 = PCURVE('',#1241,#3534);
#3534 = DEFINITIONAL_REPRESENTATION('',(#3535),#3539);
#3535 = LINE('',#3536,#3537);
#3536 = CARTESIAN_POINT('',(-1.,-0.));
#3537 = VECTOR('',#3538,1.);
#3538 = DIRECTION('',(-0.,-1.));
#3539 = ( GEOMETRIC_REPRESENTATION_CONTEXT(2) 
PARAMETRIC_REPRESENTATION_CONTEXT() REPRESENTATION_CONTEXT('2D SPACE',''
  ) );
#3540 = PCURVE('',#1268,#3541);
#3541 = DEFINITIONAL_REPRESENTATION('',(#3542),#3546);
#3542 = LINE('',#3543,#3544);
#3543 = CARTESIAN_POINT('',(1.570796326795,0.));
#3544 = VECTOR('',#3545,1.);
#3545 = DIRECTION('',(0.,1.));
#3546 = ( GEOMETRIC_REPRESENTATION_CONTEXT(2) 
PARAMETRIC_REPRESENTATION_CONTEXT() REPRESENTATION_CONTEXT('2D SPACE',''
  ) );
#3547 = ORIENTED_EDGE('',*,*,#1225,.T.);
#3548 = ORIENTED_EDGE('',*,*,#3499,.F.);
#3549 = ADVANCED_FACE('',(#3550),#1268,.F.);
#3550 = FACE_BOUND('',#3551,.F.);
#3551 = EDGE_LOOP('',(#3552,#3573,#3574,#3575));
#3552 = ORIENTED_EDGE('',*,*,#3553,.F.);
#3553 = EDGE_CURVE('',#1361,#1055,#3554,.T.);
#3554 = SURFACE_CURVE('',#3555,(#3559,#3566),.PCURVE_S1.);
#3555 = LINE('',#3556,#3557);
#3556 = CARTESIAN_POINT('',(-15.75,32.7,147.25));
#3557 = VECTOR('',#3558,1.);
#3558 = DIRECTION('',(-0.,1.,-0.));
#3559 = PCURVE('',#1268,#3560);
#3560 = DEFINITIONAL_REPRESENTATION('',(#3561),#3565);
#3561 = LINE('',#3562,#3563);
#3562 = CARTESIAN_POINT('',(0.,0.));
#3563 = VECTOR('',#3564,1.);
#3564 = DIRECTION('',(0.,1.));
#3565 = ( GEOMETRIC_REPRESENTATION_CONTEXT(2) 
PARAMETRIC_REPRESENTATION_CONTEXT() REPRESENTATION_CONTEXT('2D SPACE',''
  ) );
#3566 = PCURVE('',#1070,#3567);
#3567 = DEFINITIONAL_REPRESENTATION('',(#3568),#3572);
#3568 = LINE('',#3569,#3570);
#3569 = CARTESIAN_POINT('',(-32.5,0.));
#3570 = VECTOR('',#3571,1.);
#3571 = DIRECTION('',(-0.,-1.));
#3572 = ( GEOMETRIC_REPRESENTATION_CONTEXT(2) 
PARAMETRIC_REPRESENTATION_CONTEXT() REPRESENTATION_CONTEXT('2D SPACE',''
  ) );
#3573 = ORIENTED_EDGE('',*,*,#1383,.T.);
#3574 = ORIENTED_EDGE('',*,*,#3527,.T.);
#3575 = ORIENTED_EDGE('',*,*,#1253,.T.);
#3576 = ADVANCED_FACE('',(#3577),#1070,.F.);
#3577 = FACE_BOUND('',#3578,.T.);
#3578 = EDGE_LOOP('',(#3579,#3580,#3581,#3582));
#3579 = ORIENTED_EDGE('',*,*,#1360,.F.);
#3580 = ORIENTED_EDGE('',*,*,#1283,.T.);
#3581 = ORIENTED_EDGE('',*,*,#1052,.T.);
#3582 = ORIENTED_EDGE('',*,*,#3553,.F.);
#3583 = ADVANCED_FACE('',(#3584),#959,.T.);
#3584 = FACE_BOUND('',#3585,.T.);
#3585 = EDGE_LOOP('',(#3586,#3609,#3610,#3633));
#3586 = ORIENTED_EDGE('',*,*,#3587,.F.);
#3587 = EDGE_CURVE('',#943,#3588,#3590,.T.);
#3588 = VERTEX_POINT('',#3589);
#3589 = CARTESIAN_POINT('',(-18.8,34.6,140.75));
#3590 = SURFACE_CURVE('',#3591,(#3595,#3602),.PCURVE_S1.);
#3591 = LINE('',#3592,#3593);
#3592 = CARTESIAN_POINT('',(-18.8,24.4,140.75));
#3593 = VECTOR('',#3594,1.);
#3594 = DIRECTION('',(-0.,1.,-0.));
#3595 = PCURVE('',#959,#3596);
#3596 = DEFINITIONAL_REPRESENTATION('',(#3597),#3601);
#3597 = LINE('',#3598,#3599);
#3598 = CARTESIAN_POINT('',(0.,0.));
#3599 = VECTOR('',#3600,1.);
#3600 = DIRECTION('',(0.,1.));
#3601 = ( GEOMETRIC_REPRESENTATION_CONTEXT(2) 
PARAMETRIC_REPRESENTATION_CONTEXT() REPRESENTATION_CONTEXT('2D SPACE',''
  ) );
#3602 = PCURVE('',#987,#3603);
#3603 = DEFINITIONAL_REPRESENTATION('',(#3604),#3608);
#3604 = LINE('',#3605,#3606);
#3605 = CARTESIAN_POINT('',(-87.5,-0.));
#3606 = VECTOR('',#3607,1.);
#3607 = DIRECTION('',(-0.,-1.));
#3608 = ( GEOMETRIC_REPRESENTATION_CONTEXT(2) 
PARAMETRIC_REPRESENTATION_CONTEXT() REPRESENTATION_CONTEXT('2D SPACE',''
  ) );
#3609 = ORIENTED_EDGE('',*,*,#942,.F.);
#3610 = ORIENTED_EDGE('',*,*,#3611,.T.);
#3611 = EDGE_CURVE('',#915,#3612,#3614,.T.);
#3612 = VERTEX_POINT('',#3613);
#3613 = CARTESIAN_POINT('',(-13.3,34.6,146.25));
#3614 = SURFACE_CURVE('',#3615,(#3619,#3626),.PCURVE_S1.);
#3615 = LINE('',#3616,#3617);
#3616 = CARTESIAN_POINT('',(-13.3,24.4,146.25));
#3617 = VECTOR('',#3618,1.);
#3618 = DIRECTION('',(-0.,1.,-0.));
#3619 = PCURVE('',#959,#3620);
#3620 = DEFINITIONAL_REPRESENTATION('',(#3621),#3625);
#3621 = LINE('',#3622,#3623);
#3622 = CARTESIAN_POINT('',(1.570796326795,0.));
#3623 = VECTOR('',#3624,1.);
#3624 = DIRECTION('',(0.,1.));
#3625 = ( GEOMETRIC_REPRESENTATION_CONTEXT(2) 
PARAMETRIC_REPRESENTATION_CONTEXT() REPRESENTATION_CONTEXT('2D SPACE',''
  ) );
#3626 = PCURVE('',#930,#3627);
#3627 = DEFINITIONAL_REPRESENTATION('',(#3628),#3632);
#3628 = LINE('',#3629,#3630);
#3629 = CARTESIAN_POINT('',(-5.5,-0.));
#3630 = VECTOR('',#3631,1.);
#3631 = DIRECTION('',(-0.,-1.));
#3632 = ( GEOMETRIC_REPRESENTATION_CONTEXT(2) 
PARAMETRIC_REPRESENTATION_CONTEXT() REPRESENTATION_CONTEXT('2D SPACE',''
  ) );
#3633 = ORIENTED_EDGE('',*,*,#3634,.T.);
#3634 = EDGE_CURVE('',#3612,#3588,#3635,.T.);
#3635 = SURFACE_CURVE('',#3636,(#3641,#3648),.PCURVE_S1.);
#3636 = CIRCLE('',#3637,5.5);
#3637 = AXIS2_PLACEMENT_3D('',#3638,#3639,#3640);
#3638 = CARTESIAN_POINT('',(-13.3,34.6,140.75));
#3639 = DIRECTION('',(0.,-1.,0.));
#3640 = DIRECTION('',(-1.,-0.,-0.));
#3641 = PCURVE('',#959,#3642);
#3642 = DEFINITIONAL_REPRESENTATION('',(#3643),#3647);
#3643 = LINE('',#3644,#3645);
#3644 = CARTESIAN_POINT('',(6.28318530718,10.2));
#3645 = VECTOR('',#3646,1.);
#3646 = DIRECTION('',(-1.,0.));
#3647 = ( GEOMETRIC_REPRESENTATION_CONTEXT(2) 
PARAMETRIC_REPRESENTATION_CONTEXT() REPRESENTATION_CONTEXT('2D SPACE',''
  ) );
#3648 = PCURVE('',#3649,#3654);
#3649 = PLANE('',#3650);
#3650 = AXIS2_PLACEMENT_3D('',#3651,#3652,#3653);
#3651 = CARTESIAN_POINT('',(30.,34.6,138.));
#3652 = DIRECTION('',(-0.,-1.,-0.));
#3653 = DIRECTION('',(0.,0.,-1.));
#3654 = DEFINITIONAL_REPRESENTATION('',(#3655),#3659);
#3655 = CIRCLE('',#3656,5.5);
#3656 = AXIS2_PLACEMENT_2D('',#3657,#3658);
#3657 = CARTESIAN_POINT('',(-2.75,-43.3));
#3658 = DIRECTION('',(-0.,-1.));
#3659 = ( GEOMETRIC_REPRESENTATION_CONTEXT(2) 
PARAMETRIC_REPRESENTATION_CONTEXT() REPRESENTATION_CONTEXT('2D SPACE',''
  ) );
#3660 = ADVANCED_FACE('',(#3661),#3649,.F.);
#3661 = FACE_BOUND('',#3662,.T.);
#3662 = EDGE_LOOP('',(#3663,#3688,#3716,#3741,#4005,#4033,#4267,#4292,
    #4320,#4341,#4342,#4365));
#3663 = ORIENTED_EDGE('',*,*,#3664,.F.);
#3664 = EDGE_CURVE('',#3665,#3667,#3669,.T.);
#3665 = VERTEX_POINT('',#3666);
#3666 = CARTESIAN_POINT('',(18.8,34.6,138.));
#3667 = VERTEX_POINT('',#3668);
#3668 = CARTESIAN_POINT('',(18.8,34.6,140.75));
#3669 = SURFACE_CURVE('',#3670,(#3674,#3681),.PCURVE_S1.);
#3670 = LINE('',#3671,#3672);
#3671 = CARTESIAN_POINT('',(18.8,34.6,142.125));
#3672 = VECTOR('',#3673,1.);
#3673 = DIRECTION('',(-0.,-0.,1.));
#3674 = PCURVE('',#3649,#3675);
#3675 = DEFINITIONAL_REPRESENTATION('',(#3676),#3680);
#3676 = LINE('',#3677,#3678);
#3677 = CARTESIAN_POINT('',(-4.125,-11.2));
#3678 = VECTOR('',#3679,1.);
#3679 = DIRECTION('',(-1.,0.));
#3680 = ( GEOMETRIC_REPRESENTATION_CONTEXT(2) 
PARAMETRIC_REPRESENTATION_CONTEXT() REPRESENTATION_CONTEXT('2D SPACE',''
  ) );
#3681 = PCURVE('',#873,#3682);
#3682 = DEFINITIONAL_REPRESENTATION('',(#3683),#3687);
#3683 = LINE('',#3684,#3685);
#3684 = CARTESIAN_POINT('',(-4.125,-10.2));
#3685 = VECTOR('',#3686,1.);
#3686 = DIRECTION('',(1.,-0.));
#3687 = ( GEOMETRIC_REPRESENTATION_CONTEXT(2) 
PARAMETRIC_REPRESENTATION_CONTEXT() REPRESENTATION_CONTEXT('2D SPACE',''
  ) );
#3688 = ORIENTED_EDGE('',*,*,#3689,.T.);
#3689 = EDGE_CURVE('',#3665,#3690,#3692,.T.);
#3690 = VERTEX_POINT('',#3691);
#3691 = CARTESIAN_POINT('',(17.468235294118,34.6,138.));
#3692 = SURFACE_CURVE('',#3693,(#3697,#3704),.PCURVE_S1.);
#3693 = LINE('',#3694,#3695);
#3694 = CARTESIAN_POINT('',(30.,34.6,138.));
#3695 = VECTOR('',#3696,1.);
#3696 = DIRECTION('',(-1.,-0.,-0.));
#3697 = PCURVE('',#3649,#3698);
#3698 = DEFINITIONAL_REPRESENTATION('',(#3699),#3703);
#3699 = LINE('',#3700,#3701);
#3700 = CARTESIAN_POINT('',(-0.,0.));
#3701 = VECTOR('',#3702,1.);
#3702 = DIRECTION('',(-0.,-1.));
#3703 = ( GEOMETRIC_REPRESENTATION_CONTEXT(2) 
PARAMETRIC_REPRESENTATION_CONTEXT() REPRESENTATION_CONTEXT('2D SPACE',''
  ) );
#3704 = PCURVE('',#3705,#3710);
#3705 = CYLINDRICAL_SURFACE('',#3706,12.334615384615);
#3706 = AXIS2_PLACEMENT_3D('',#3707,#3708,#3709);
#3707 = CARTESIAN_POINT('',(30.,22.265384615385,138.));
#3708 = DIRECTION('',(1.,-0.,-0.));
#3709 = DIRECTION('',(-0.,0.683816651076,-0.729653882133));
#3710 = DEFINITIONAL_REPRESENTATION('',(#3711),#3715);
#3711 = LINE('',#3712,#3713);
#3712 = CARTESIAN_POINT('',(0.817815657902,0.));
#3713 = VECTOR('',#3714,1.);
#3714 = DIRECTION('',(0.,-1.));
#3715 = ( GEOMETRIC_REPRESENTATION_CONTEXT(2) 
PARAMETRIC_REPRESENTATION_CONTEXT() REPRESENTATION_CONTEXT('2D SPACE',''
  ) );
#3716 = ORIENTED_EDGE('',*,*,#3717,.T.);
#3717 = EDGE_CURVE('',#3690,#3718,#3720,.T.);
#3718 = VERTEX_POINT('',#3719);
#3719 = CARTESIAN_POINT('',(17.468235294118,34.6,140.03411764705));
#3720 = SURFACE_CURVE('',#3721,(#3724,#3730),.PCURVE_S1.);
#3721 = B_SPLINE_CURVE_WITH_KNOTS('',1,(#3722,#3723),.UNSPECIFIED.,.F.,
  .F.,(2,2),(0.,1.),.PIECEWISE_BEZIER_KNOTS.);
#3722 = CARTESIAN_POINT('',(17.468235294118,34.6,138.));
#3723 = CARTESIAN_POINT('',(17.468235294118,34.6,140.03411764705));
#3724 = PCURVE('',#3649,#3725);
#3725 = DEFINITIONAL_REPRESENTATION('',(#3726),#3729);
#3726 = B_SPLINE_CURVE_WITH_KNOTS('',1,(#3727,#3728),.UNSPECIFIED.,.F.,
  .F.,(2,2),(0.,1.),.PIECEWISE_BEZIER_KNOTS.);
#3727 = CARTESIAN_POINT('',(0.,-12.53176470588));
#3728 = CARTESIAN_POINT('',(-2.034117647059,-12.53176470588));
#3729 = ( GEOMETRIC_REPRESENTATION_CONTEXT(2) 
PARAMETRIC_REPRESENTATION_CONTEXT() REPRESENTATION_CONTEXT('2D SPACE',''
  ) );
#3730 = PCURVE('',#3731,#3736);
#3731 = PLANE('',#3732);
#3732 = AXIS2_PLACEMENT_3D('',#3733,#3734,#3735);
#3733 = CARTESIAN_POINT('',(17.35,31.25,99.75));
#3734 = DIRECTION('',(0.999377743916,-3.527215566762E-02,
    -1.771872684086E-19));
#3735 = DIRECTION('',(7.488938674673E-19,2.624209137748E-17,-1.));
#3736 = DEFINITIONAL_REPRESENTATION('',(#3737),#3740);
#3737 = B_SPLINE_CURVE_WITH_KNOTS('',1,(#3738,#3739),.UNSPECIFIED.,.F.,
  .F.,(2,2),(0.,1.),.PIECEWISE_BEZIER_KNOTS.);
#3738 = CARTESIAN_POINT('',(-38.25,3.352085855818));
#3739 = CARTESIAN_POINT('',(-40.28411764705,3.352085855818));
#3740 = ( GEOMETRIC_REPRESENTATION_CONTEXT(2) 
PARAMETRIC_REPRESENTATION_CONTEXT() REPRESENTATION_CONTEXT('2D SPACE',''
  ) );
#3741 = ORIENTED_EDGE('',*,*,#3742,.T.);
#3742 = EDGE_CURVE('',#3718,#3743,#3745,.T.);
#3743 = VERTEX_POINT('',#3744);
#3744 = CARTESIAN_POINT('',(12.6,34.6,144.90235294117));
#3745 = SURFACE_CURVE('',#3746,(#3824,#3905),.PCURVE_S1.);
#3746 = B_SPLINE_CURVE_WITH_KNOTS('',6,(#3747,#3748,#3749,#3750,#3751,
    #3752,#3753,#3754,#3755,#3756,#3757,#3758,#3759,#3760,#3761,#3762,
    #3763,#3764,#3765,#3766,#3767,#3768,#3769,#3770,#3771,#3772,#3773,
    #3774,#3775,#3776,#3777,#3778,#3779,#3780,#3781,#3782,#3783,#3784,
    #3785,#3786,#3787,#3788,#3789,#3790,#3791,#3792,#3793,#3794,#3795,
    #3796,#3797,#3798,#3799,#3800,#3801,#3802,#3803,#3804,#3805,#3806,
    #3807,#3808,#3809,#3810,#3811,#3812,#3813,#3814,#3815,#3816,#3817,
    #3818,#3819,#3820,#3821,#3822,#3823),.UNSPECIFIED.,.F.,.F.,(7,5,5,5,
    5,5,5,5,5,5,5,5,5,5,5,7),(0.,2.900033636396E-02,0.14000155338,
    0.450993786261,0.492994271534,0.51999458371,0.561995069096,
    0.603995555045,0.632995891252,0.659996204523,0.724996954332,
    0.756997325301,0.771997499095,0.797997800031,0.923999128182,1.),
  .UNSPECIFIED.);
#3747 = CARTESIAN_POINT('',(17.468235294118,34.6,140.03411764705));
#3748 = CARTESIAN_POINT('',(17.468235294118,34.6,140.07107817723));
#3749 = CARTESIAN_POINT('',(17.467898560392,34.6,140.10803870781));
#3750 = CARTESIAN_POINT('',(17.467225093102,34.6,140.14499540312));
#3751 = CARTESIAN_POINT('',(17.466214950595,34.6,140.1819444288));
#3752 = CARTESIAN_POINT('',(17.464868249398,34.6,140.21888195183));
#3753 = CARTESIAN_POINT('',(17.456743014728,34.6,140.39712691102));
#3754 = CARTESIAN_POINT('',(17.445372677517,34.6,140.53822535485));
#3755 = CARTESIAN_POINT('',(17.429084005503,34.6,140.67888395144));
#3756 = CARTESIAN_POINT('',(17.407899245645,34.6,140.81888883527));
#3757 = CARTESIAN_POINT('',(17.381853038957,34.6,140.9580277959));
#3758 = CARTESIAN_POINT('',(17.264530191542,34.6,141.48290008705));
#3759 = CARTESIAN_POINT('',(17.140265008063,34.6,141.86131421859));
#3760 = CARTESIAN_POINT('',(16.979236245662,34.6,142.22659783676));
#3761 = CARTESIAN_POINT('',(16.783262905192,34.6,142.57438632967));
#3762 = CARTESIAN_POINT('',(16.55474955437,34.6,142.90060824874));
#3763 = CARTESIAN_POINT('',(16.262036030181,34.6,143.24224363336));
#3764 = CARTESIAN_POINT('',(16.226671450003,34.6,143.28243323194));
#3765 = CARTESIAN_POINT('',(16.190778098459,34.6,143.32215443441));
#3766 = CARTESIAN_POINT('',(16.154363747606,34.6,143.36139856343));
#3767 = CARTESIAN_POINT('',(16.117436358451,34.6,143.40015711467));
#3768 = CARTESIAN_POINT('',(16.055940473804,34.6,143.46302045554));
#3769 = CARTESIAN_POINT('',(16.03166821291,34.6,143.48741503972));
#3770 = CARTESIAN_POINT('',(16.007189462902,34.6,143.51160329659));
#3771 = CARTESIAN_POINT('',(15.982506419027,34.6,143.53558304467));
#3772 = CARTESIAN_POINT('',(15.957621307156,34.6,143.55935213369));
#3773 = CARTESIAN_POINT('',(15.893515392068,34.6,143.61955159491));
#3774 = CARTESIAN_POINT('',(15.854010903526,34.6,143.65567987697));
#3775 = CARTESIAN_POINT('',(15.814031414134,34.6,143.69128531271));
#3776 = CARTESIAN_POINT('',(15.773585589004,34.6,143.72636011644));
#3777 = CARTESIAN_POINT('',(15.732682262373,34.6,143.7608966949));
#3778 = CARTESIAN_POINT('',(15.649978612287,34.6,143.82887860012));
#3779 = CARTESIAN_POINT('',(15.608178284954,34.6,143.86232393005));
#3780 = CARTESIAN_POINT('',(15.565938459077,34.6,143.89521623639));
#3781 = CARTESIAN_POINT('',(15.523268294192,34.6,143.92754832163));
#3782 = CARTESIAN_POINT('',(15.48017710591,34.6,143.95931319144));
#3783 = CARTESIAN_POINT('',(15.406636759027,34.6,144.01204060358));
#3784 = CARTESIAN_POINT('',(15.37640294054,34.6,144.03330349155));
#3785 = CARTESIAN_POINT('',(15.345976027685,34.6,144.05429048358));
#3786 = CARTESIAN_POINT('',(15.315359170537,34.6,144.07499939275));
#3787 = CARTESIAN_POINT('',(15.284555552019,34.6,144.09542808022));
#3788 = CARTESIAN_POINT('',(15.224718269303,34.6,144.1343314253));
#3789 = CARTESIAN_POINT('',(15.195709048236,34.6,144.15284368014));
#3790 = CARTESIAN_POINT('',(15.166543319886,34.6,144.1711095325));
#3791 = CARTESIAN_POINT('',(15.137223702514,34.6,144.18912733231));
#3792 = CARTESIAN_POINT('',(15.107752837444,34.6,144.20689546666));
#3793 = CARTESIAN_POINT('',(15.00682731443,34.6,144.26658265538));
#3794 = CARTESIAN_POINT('',(14.934660088181,34.6,144.30729686673));
#3795 = CARTESIAN_POINT('',(14.861668920178,34.6,144.34653298928));
#3796 = CARTESIAN_POINT('',(14.787891702976,34.6,144.38427032015));
#3797 = CARTESIAN_POINT('',(14.713367011831,34.6,144.42048945817));
#3798 = CARTESIAN_POINT('',(14.601096363681,34.6,144.47224693662));
#3799 = CARTESIAN_POINT('',(14.563886969143,34.6,144.4889492256));
#3800 = CARTESIAN_POINT('',(14.526510601375,34.6,144.5052770132));
#3801 = CARTESIAN_POINT('',(14.488971974834,34.6,144.52122822107));
#3802 = CARTESIAN_POINT('',(14.451275838137,34.6,144.53680085014));
#3803 = CARTESIAN_POINT('',(14.395685319146,34.6,144.55911429175));
#3804 = CARTESIAN_POINT('',(14.377910105823,34.6,144.56615199729));
#3805 = CARTESIAN_POINT('',(14.360101826601,34.6,144.57310589955));
#3806 = CARTESIAN_POINT('',(14.342260975497,34.6,144.57997580474));
#3807 = CARTESIAN_POINT('',(14.324388048029,34.6,144.58676152295));
#3808 = CARTESIAN_POINT('',(14.275449063136,34.6,144.60507853298));
#3809 = CARTESIAN_POINT('',(14.244319706435,34.6,144.61644070388));
#3810 = CARTESIAN_POINT('',(14.21309805981,34.6,144.62754841193));
#3811 = CARTESIAN_POINT('',(14.181786724412,34.6,144.63840072374));
#3812 = CARTESIAN_POINT('',(14.15038831386,34.6,144.6489967414));
#3813 = CARTESIAN_POINT('',(13.966334830686,34.6,144.70943926226));
#3814 = CARTESIAN_POINT('',(13.811780314979,34.6,144.75350372154));
#3815 = CARTESIAN_POINT('',(13.655542017462,34.6,144.79143048631));
#3816 = CARTESIAN_POINT('',(13.497924546608,34.6,144.823141336));
#3817 = CARTESIAN_POINT('',(13.339237009024,34.6,144.84857832349));
#3818 = CARTESIAN_POINT('',(13.083620348792,34.6,144.87923977251));
#3819 = CARTESIAN_POINT('',(12.987172205304,34.6,144.88847954674));
#3820 = CARTESIAN_POINT('',(12.89051721581,34.6,144.89541486811));
#3821 = CARTESIAN_POINT('',(12.793724181166,34.6,144.90004024846));
#3822 = CARTESIAN_POINT('',(12.696862066258,34.6,144.90235294117));
#3823 = CARTESIAN_POINT('',(12.6,34.6,144.90235294117));
#3824 = PCURVE('',#3649,#3825);
#3825 = DEFINITIONAL_REPRESENTATION('',(#3826),#3904);
#3826 = B_SPLINE_CURVE_WITH_KNOTS('',6,(#3827,#3828,#3829,#3830,#3831,
    #3832,#3833,#3834,#3835,#3836,#3837,#3838,#3839,#3840,#3841,#3842,
    #3843,#3844,#3845,#3846,#3847,#3848,#3849,#3850,#3851,#3852,#3853,
    #3854,#3855,#3856,#3857,#3858,#3859,#3860,#3861,#3862,#3863,#3864,
    #3865,#3866,#3867,#3868,#3869,#3870,#3871,#3872,#3873,#3874,#3875,
    #3876,#3877,#3878,#3879,#3880,#3881,#3882,#3883,#3884,#3885,#3886,
    #3887,#3888,#3889,#3890,#3891,#3892,#3893,#3894,#3895,#3896,#3897,
    #3898,#3899,#3900,#3901,#3902,#3903),.UNSPECIFIED.,.F.,.F.,(7,5,5,5,
    5,5,5,5,5,5,5,5,5,5,5,7),(0.,2.900033636396E-02,0.14000155338,
    0.450993786261,0.492994271534,0.51999458371,0.561995069096,
    0.603995555045,0.632995891252,0.659996204523,0.724996954332,
    0.756997325301,0.771997499095,0.797997800031,0.923999128182,1.),
  .UNSPECIFIED.);
#3827 = CARTESIAN_POINT('',(-2.034117647059,-12.53176470588));
#3828 = CARTESIAN_POINT('',(-2.07107817723,-12.53176470588));
#3829 = CARTESIAN_POINT('',(-2.108038707811,-12.5321014396));
#3830 = CARTESIAN_POINT('',(-2.14499540312,-12.53277490689));
#3831 = CARTESIAN_POINT('',(-2.181944428802,-12.5337850494));
#3832 = CARTESIAN_POINT('',(-2.218881951835,-12.5351317506));
#3833 = CARTESIAN_POINT('',(-2.397126911025,-12.54325698527));
#3834 = CARTESIAN_POINT('',(-2.538225354854,-12.55462732248));
#3835 = CARTESIAN_POINT('',(-2.678883951443,-12.57091599449));
#3836 = CARTESIAN_POINT('',(-2.818888835278,-12.59210075435));
#3837 = CARTESIAN_POINT('',(-2.958027795908,-12.61814696104));
#3838 = CARTESIAN_POINT('',(-3.48290008705,-12.73546980845));
#3839 = CARTESIAN_POINT('',(-3.861314218598,-12.85973499193));
#3840 = CARTESIAN_POINT('',(-4.226597836769,-13.02076375433));
#3841 = CARTESIAN_POINT('',(-4.57438632967,-13.2167370948));
#3842 = CARTESIAN_POINT('',(-4.900608248748,-13.44525044563));
#3843 = CARTESIAN_POINT('',(-5.242243633366,-13.73796396981));
#3844 = CARTESIAN_POINT('',(-5.282433231943,-13.77332854999));
#3845 = CARTESIAN_POINT('',(-5.322154434415,-13.80922190154));
#3846 = CARTESIAN_POINT('',(-5.361398563433,-13.84563625239));
#3847 = CARTESIAN_POINT('',(-5.400157114671,-13.88256364154));
#3848 = CARTESIAN_POINT('',(-5.463020455546,-13.94405952619));
#3849 = CARTESIAN_POINT('',(-5.487415039721,-13.96833178709));
#3850 = CARTESIAN_POINT('',(-5.511603296596,-13.99281053709));
#3851 = CARTESIAN_POINT('',(-5.53558304467,-14.01749358097));
#3852 = CARTESIAN_POINT('',(-5.559352133698,-14.04237869284));
#3853 = CARTESIAN_POINT('',(-5.619551594917,-14.10648460793));
#3854 = CARTESIAN_POINT('',(-5.655679876976,-14.14598909647));
#3855 = CARTESIAN_POINT('',(-5.691285312717,-14.18596858586));
#3856 = CARTESIAN_POINT('',(-5.726360116442,-14.22641441099));
#3857 = CARTESIAN_POINT('',(-5.7608966949,-14.26731773762));
#3858 = CARTESIAN_POINT('',(-5.828878600127,-14.35002138771));
#3859 = CARTESIAN_POINT('',(-5.862323930057,-14.39182171504));
#3860 = CARTESIAN_POINT('',(-5.895216236394,-14.43406154092));
#3861 = CARTESIAN_POINT('',(-5.927548321633,-14.4767317058));
#3862 = CARTESIAN_POINT('',(-5.959313191442,-14.51982289409));
#3863 = CARTESIAN_POINT('',(-6.012040603585,-14.59336324097));
#3864 = CARTESIAN_POINT('',(-6.033303491557,-14.62359705946));
#3865 = CARTESIAN_POINT('',(-6.054290483584,-14.65402397231));
#3866 = CARTESIAN_POINT('',(-6.074999392751,-14.68464082946));
#3867 = CARTESIAN_POINT('',(-6.095428080228,-14.71544444798));
#3868 = CARTESIAN_POINT('',(-6.134331425307,-14.77528173069));
#3869 = CARTESIAN_POINT('',(-6.152843680141,-14.80429095176));
#3870 = CARTESIAN_POINT('',(-6.171109532505,-14.83345668011));
#3871 = CARTESIAN_POINT('',(-6.189127332315,-14.86277629748));
#3872 = CARTESIAN_POINT('',(-6.206895466668,-14.89224716255));
#3873 = CARTESIAN_POINT('',(-6.266582655382,-14.99317268557));
#3874 = CARTESIAN_POINT('',(-6.307296866732,-15.06533991181));
#3875 = CARTESIAN_POINT('',(-6.346532989284,-15.13833107982));
#3876 = CARTESIAN_POINT('',(-6.384270320152,-15.21210829702));
#3877 = CARTESIAN_POINT('',(-6.420489458173,-15.28663298816));
#3878 = CARTESIAN_POINT('',(-6.472246936628,-15.39890363631));
#3879 = CARTESIAN_POINT('',(-6.488949225607,-15.43611303085));
#3880 = CARTESIAN_POINT('',(-6.505277013206,-15.47348939862));
#3881 = CARTESIAN_POINT('',(-6.521228221073,-15.51102802516));
#3882 = CARTESIAN_POINT('',(-6.536800850143,-15.54872416186));
#3883 = CARTESIAN_POINT('',(-6.559114291755,-15.60431468085));
#3884 = CARTESIAN_POINT('',(-6.566151997292,-15.62208989417));
#3885 = CARTESIAN_POINT('',(-6.573105899557,-15.63989817339));
#3886 = CARTESIAN_POINT('',(-6.579975804749,-15.6577390245));
#3887 = CARTESIAN_POINT('',(-6.586761522951,-15.67561195197));
#3888 = CARTESIAN_POINT('',(-6.605078532983,-15.72455093686));
#3889 = CARTESIAN_POINT('',(-6.616440703883,-15.75568029356));
#3890 = CARTESIAN_POINT('',(-6.627548411936,-15.78690194019));
#3891 = CARTESIAN_POINT('',(-6.638400723743,-15.81821327558));
#3892 = CARTESIAN_POINT('',(-6.648996741403,-15.84961168614));
#3893 = CARTESIAN_POINT('',(-6.709439262268,-16.03366516931));
#3894 = CARTESIAN_POINT('',(-6.753503721542,-16.18821968502));
#3895 = CARTESIAN_POINT('',(-6.791430486314,-16.34445798253));
#3896 = CARTESIAN_POINT('',(-6.823141336009,-16.50207545339));
#3897 = CARTESIAN_POINT('',(-6.848578323498,-16.66076299097));
#3898 = CARTESIAN_POINT('',(-6.879239772511,-16.9163796512));
#3899 = CARTESIAN_POINT('',(-6.888479546746,-17.01282779469));
#3900 = CARTESIAN_POINT('',(-6.895414868114,-17.10948278419));
#3901 = CARTESIAN_POINT('',(-6.900040248463,-17.20627581883));
#3902 = CARTESIAN_POINT('',(-6.902352941176,-17.30313793374));
#3903 = CARTESIAN_POINT('',(-6.902352941177,-17.4));
#3904 = ( GEOMETRIC_REPRESENTATION_CONTEXT(2) 
PARAMETRIC_REPRESENTATION_CONTEXT() REPRESENTATION_CONTEXT('2D SPACE',''
  ) );
#3905 = PCURVE('',#3906,#3925);
#3906 = B_SPLINE_SURFACE_WITH_KNOTS('',8,1,(
    (#3907,#3908)
    ,(#3909,#3910)
    ,(#3911,#3912)
    ,(#3913,#3914)
    ,(#3915,#3916)
    ,(#3917,#3918)
    ,(#3919,#3920)
    ,(#3921,#3922)
    ,(#3923,#3924
    )),.UNSPECIFIED.,.F.,.F.,.F.,(9,9),(2,2),(0.,1.570796326795),(0.,1.)
  ,.PIECEWISE_BEZIER_KNOTS.);
#3907 = CARTESIAN_POINT('',(12.6,27.,144.5));
#3908 = CARTESIAN_POINT('',(12.6,35.5,144.95));
#3909 = CARTESIAN_POINT('',(13.503207887907,27.,144.5));
#3910 = CARTESIAN_POINT('',(13.562112750162,35.5,144.95));
#3911 = CARTESIAN_POINT('',(14.406416060119,27.,144.29732037077));
#3912 = CARTESIAN_POINT('',(14.524225803171,35.5,144.73410213409));
#3913 = CARTESIAN_POINT('',(15.256560877941,27.,143.891963103));
#3914 = CARTESIAN_POINT('',(15.429814848242,35.5,144.30230852276));
#3915 = CARTESIAN_POINT('',(16.000590276587,27.,143.30059027658));
#3916 = CARTESIAN_POINT('',(16.222367903321,35.5,143.67236790332));
#3917 = CARTESIAN_POINT('',(16.591963103009,27.,142.55656087794));
#3918 = CARTESIAN_POINT('',(16.85230852277,35.5,142.87981484824));
#3919 = CARTESIAN_POINT('',(16.997320370778,27.,141.70641606011));
#3920 = CARTESIAN_POINT('',(17.28410213409,35.5,141.97422580317));
#3921 = CARTESIAN_POINT('',(17.2,27.,140.8032078879));
#3922 = CARTESIAN_POINT('',(17.5,35.5,141.01211275016));
#3923 = CARTESIAN_POINT('',(17.2,27.,139.9));
#3924 = CARTESIAN_POINT('',(17.5,35.5,140.05));
#3925 = DEFINITIONAL_REPRESENTATION('',(#3926),#4004);
#3926 = B_SPLINE_CURVE_WITH_KNOTS('',6,(#3927,#3928,#3929,#3930,#3931,
    #3932,#3933,#3934,#3935,#3936,#3937,#3938,#3939,#3940,#3941,#3942,
    #3943,#3944,#3945,#3946,#3947,#3948,#3949,#3950,#3951,#3952,#3953,
    #3954,#3955,#3956,#3957,#3958,#3959,#3960,#3961,#3962,#3963,#3964,
    #3965,#3966,#3967,#3968,#3969,#3970,#3971,#3972,#3973,#3974,#3975,
    #3976,#3977,#3978,#3979,#3980,#3981,#3982,#3983,#3984,#3985,#3986,
    #3987,#3988,#3989,#3990,#3991,#3992,#3993,#3994,#3995,#3996,#3997,
    #3998,#3999,#4000,#4001,#4002,#4003),.UNSPECIFIED.,.F.,.F.,(7,5,5,5,
    5,5,5,5,5,5,5,5,5,5,5,7),(0.,2.900033636396E-02,0.14000155338,
    0.450993786261,0.492994271534,0.51999458371,0.561995069096,
    0.603995555045,0.632995891252,0.659996204523,0.724996954332,
    0.756997325301,0.771997499095,0.797997800031,0.923999128182,1.),
  .UNSPECIFIED.);
#3927 = CARTESIAN_POINT('',(1.570796326795,0.894117647059));
#3928 = CARTESIAN_POINT('',(1.563204144425,0.894117647059));
#3929 = CARTESIAN_POINT('',(1.555611962123,0.894117647059));
#3930 = CARTESIAN_POINT('',(1.548019779869,0.894117647059));
#3931 = CARTESIAN_POINT('',(1.540427597654,0.894117647059));
#3932 = CARTESIAN_POINT('',(1.532835415471,0.894117647059));
#3933 = CARTESIAN_POINT('',(1.496183520072,0.894117647059));
#3934 = CARTESIAN_POINT('',(1.467123785237,0.894117647059));
#3935 = CARTESIAN_POINT('',(1.438064039157,0.894117647059));
#3936 = CARTESIAN_POINT('',(1.409004292453,0.894117647059));
#3937 = CARTESIAN_POINT('',(1.379944556024,0.894117647059));
#3938 = CARTESIAN_POINT('',(1.26946820534,0.894117647059));
#3939 = CARTESIAN_POINT('',(1.18804084059,0.894117647059));
#3940 = CARTESIAN_POINT('',(1.106626009974,0.894117647059));
#3941 = CARTESIAN_POINT('',(1.025211179053,0.894117647059));
#3942 = CARTESIAN_POINT('',(0.943783817504,0.894117647059));
#3943 = CARTESIAN_POINT('',(0.85137160931,0.894117647059));
#3944 = CARTESIAN_POINT('',(0.840376035017,0.894117647059));
#3945 = CARTESIAN_POINT('',(0.829380460619,0.894117647059));
#3946 = CARTESIAN_POINT('',(0.818384886205,0.894117647059));
#3947 = CARTESIAN_POINT('',(0.807389311864,0.894117647059));
#3948 = CARTESIAN_POINT('',(0.789325154229,0.894117647059));
#3949 = CARTESIAN_POINT('',(0.782256570752,0.894117647059));
#3950 = CARTESIAN_POINT('',(0.775187987266,0.894117647059));
#3951 = CARTESIAN_POINT('',(0.768119403782,0.894117647059));
#3952 = CARTESIAN_POINT('',(0.76105082031,0.894117647059));
#3953 = CARTESIAN_POINT('',(0.742986662666,0.894117647059));
#3954 = CARTESIAN_POINT('',(0.731991088315,0.894117647059));
#3955 = CARTESIAN_POINT('',(0.720995513898,0.894117647059));
#3956 = CARTESIAN_POINT('',(0.709999939505,0.894117647059));
#3957 = CARTESIAN_POINT('',(0.699004365222,0.894117647059));
#3958 = CARTESIAN_POINT('',(0.677013216903,0.894117647059));
#3959 = CARTESIAN_POINT('',(0.666017642534,0.894117647059));
#3960 = CARTESIAN_POINT('',(0.655022068116,0.894117647059));
#3961 = CARTESIAN_POINT('',(0.644026493733,0.894117647059));
#3962 = CARTESIAN_POINT('',(0.633030919471,0.894117647059));
#3963 = CARTESIAN_POINT('',(0.614443163146,0.894117647059));
#3964 = CARTESIAN_POINT('',(0.606850980872,0.894117647059));
#3965 = CARTESIAN_POINT('',(0.599258798601,0.894117647059));
#3966 = CARTESIAN_POINT('',(0.591666616347,0.894117647059));
#3967 = CARTESIAN_POINT('',(0.58407443412,0.894117647059));
#3968 = CARTESIAN_POINT('',(0.569413668453,0.894117647059));
#3969 = CARTESIAN_POINT('',(0.562345084966,0.894117647059));
#3970 = CARTESIAN_POINT('',(0.55527650148,0.894117647059));
#3971 = CARTESIAN_POINT('',(0.548207918004,0.894117647059));
#3972 = CARTESIAN_POINT('',(0.541139334545,0.894117647059));
#3973 = CARTESIAN_POINT('',(0.517053792132,0.894117647059));
#3974 = CARTESIAN_POINT('',(0.500036831711,0.894117647059));
#3975 = CARTESIAN_POINT('',(0.483019870561,0.894117647059));
#3976 = CARTESIAN_POINT('',(0.466002909396,0.894117647059));
#3977 = CARTESIAN_POINT('',(0.448985948928,0.894117647059));
#3978 = CARTESIAN_POINT('',(0.423591409545,0.894117647059));
#3979 = CARTESIAN_POINT('',(0.415213829162,0.894117647059));
#3980 = CARTESIAN_POINT('',(0.406836248738,0.894117647059));
#3981 = CARTESIAN_POINT('',(0.398458668291,0.894117647059));
#3982 = CARTESIAN_POINT('',(0.390081087843,0.894117647059));
#3983 = CARTESIAN_POINT('',(0.377776516609,0.894117647059));
#3984 = CARTESIAN_POINT('',(0.373849525801,0.894117647059));
#3985 = CARTESIAN_POINT('',(0.369922534986,0.894117647059));
#3986 = CARTESIAN_POINT('',(0.365995544166,0.894117647059));
#3987 = CARTESIAN_POINT('',(0.36206855334,0.894117647059));
#3988 = CARTESIAN_POINT('',(0.351334778483,0.894117647059));
#3989 = CARTESIAN_POINT('',(0.344527994424,0.894117647059));
#3990 = CARTESIAN_POINT('',(0.33772121034,0.894117647059));
#3991 = CARTESIAN_POINT('',(0.330914426238,0.894117647059));
#3992 = CARTESIAN_POINT('',(0.324107642126,0.894117647059));
#3993 = CARTESIAN_POINT('',(0.284314169096,0.894117647059));
#3994 = CARTESIAN_POINT('',(0.251327439207,0.894117647059));
#3995 = CARTESIAN_POINT('',(0.218340688861,0.894117647059));
#3996 = CARTESIAN_POINT('',(0.185353938614,0.894117647059));
#3997 = CARTESIAN_POINT('',(0.152367209062,0.894117647059));
#3998 = CARTESIAN_POINT('',(9.948376974436E-02,0.894117647059));
#3999 = CARTESIAN_POINT('',(7.958701565159E-02,0.894117647059));
#4000 = CARTESIAN_POINT('',(5.969026022417E-02,0.894117647059));
#4001 = CARTESIAN_POINT('',(3.979350495518E-02,0.894117647059));
#4002 = CARTESIAN_POINT('',(1.989675116473E-02,0.894117647059));
#4003 = CARTESIAN_POINT('',(0.,0.894117647059));
#4004 = ( GEOMETRIC_REPRESENTATION_CONTEXT(2) 
PARAMETRIC_REPRESENTATION_CONTEXT() REPRESENTATION_CONTEXT('2D SPACE',''
  ) );
#4005 = ORIENTED_EDGE('',*,*,#4006,.T.);
#4006 = EDGE_CURVE('',#3743,#4007,#4009,.T.);
#4007 = VERTEX_POINT('',#4008);
#4008 = CARTESIAN_POINT('',(-12.6,34.6,144.90235294117));
#4009 = SURFACE_CURVE('',#4010,(#4014,#4021),.PCURVE_S1.);
#4010 = LINE('',#4011,#4012);
#4011 = CARTESIAN_POINT('',(6.25,34.6,144.90235294117));
#4012 = VECTOR('',#4013,1.);
#4013 = DIRECTION('',(-1.,-0.,-0.));
#4014 = PCURVE('',#3649,#4015);
#4015 = DEFINITIONAL_REPRESENTATION('',(#4016),#4020);
#4016 = LINE('',#4017,#4018);
#4017 = CARTESIAN_POINT('',(-6.902352941176,-23.75));
#4018 = VECTOR('',#4019,1.);
#4019 = DIRECTION('',(-0.,-1.));
#4020 = ( GEOMETRIC_REPRESENTATION_CONTEXT(2) 
PARAMETRIC_REPRESENTATION_CONTEXT() REPRESENTATION_CONTEXT('2D SPACE',''
  ) );
#4021 = PCURVE('',#4022,#4027);
#4022 = PLANE('',#4023);
#4023 = AXIS2_PLACEMENT_3D('',#4024,#4025,#4026);
#4024 = CARTESIAN_POINT('',(-17.5,35.5,144.95));
#4025 = DIRECTION('',(-0.,5.286714114015E-02,-0.998601554869));
#4026 = DIRECTION('',(-1.,0.,0.));
#4027 = DEFINITIONAL_REPRESENTATION('',(#4028),#4032);
#4028 = LINE('',#4029,#4030);
#4029 = CARTESIAN_POINT('',(-23.75,-0.901260363166));
#4030 = VECTOR('',#4031,1.);
#4031 = DIRECTION('',(1.,-0.));
#4032 = ( GEOMETRIC_REPRESENTATION_CONTEXT(2) 
PARAMETRIC_REPRESENTATION_CONTEXT() REPRESENTATION_CONTEXT('2D SPACE',''
  ) );
#4033 = ORIENTED_EDGE('',*,*,#4034,.T.);
#4034 = EDGE_CURVE('',#4007,#4035,#4037,.T.);
#4035 = VERTEX_POINT('',#4036);
#4036 = CARTESIAN_POINT('',(-17.46823529411,34.6,140.03411764705));
#4037 = SURFACE_CURVE('',#4038,(#4106,#4177),.PCURVE_S1.);
#4038 = B_SPLINE_CURVE_WITH_KNOTS('',6,(#4039,#4040,#4041,#4042,#4043,
    #4044,#4045,#4046,#4047,#4048,#4049,#4050,#4051,#4052,#4053,#4054,
    #4055,#4056,#4057,#4058,#4059,#4060,#4061,#4062,#4063,#4064,#4065,
    #4066,#4067,#4068,#4069,#4070,#4071,#4072,#4073,#4074,#4075,#4076,
    #4077,#4078,#4079,#4080,#4081,#4082,#4083,#4084,#4085,#4086,#4087,
    #4088,#4089,#4090,#4091,#4092,#4093,#4094,#4095,#4096,#4097,#4098,
    #4099,#4100,#4101,#4102,#4103,#4104,#4105),.UNSPECIFIED.,.F.,.F.,(7,
    5,5,5,5,5,5,5,5,5,5,5,5,7),(0.,6.900115688665E-02,0.169002798131,
    0.196003252028,0.218003622119,0.256004261643,0.308005136566,
    0.340005675952,0.372006215176,0.401006703607,0.441007376481,
    0.770997699235,0.980999679647,1.),.UNSPECIFIED.);
#4039 = CARTESIAN_POINT('',(-12.6,34.6,144.90235294117));
#4040 = CARTESIAN_POINT('',(-12.68794056409,34.6,144.90235294117));
#4041 = CARTESIAN_POINT('',(-12.77588115821,34.6,144.90044665154));
#4042 = CARTESIAN_POINT('',(-12.86377006349,34.6,144.89663407562));
#4043 = CARTESIAN_POINT('',(-12.95155566227,34.6,144.89091707986));
#4044 = CARTESIAN_POINT('',(-13.03918643809,34.6,144.88329939383));
#4045 = CARTESIAN_POINT('',(-13.25331315921,34.6,144.85999997222));
#4046 = CARTESIAN_POINT('',(-13.37958241255,34.6,144.84223284274));
#4047 = CARTESIAN_POINT('',(-13.50526200825,34.6,144.82050228944));
#4048 = CARTESIAN_POINT('',(-13.63019674952,34.6,144.79483347314));
#4049 = CARTESIAN_POINT('',(-13.75423297026,34.6,144.76525964791));
#4050 = CARTESIAN_POINT('',(-13.91042465069,34.6,144.72279403592));
#4051 = CARTESIAN_POINT('',(-13.94355418739,34.6,144.71348424651));
#4052 = CARTESIAN_POINT('',(-13.97660415805,34.6,144.70389360487));
#4053 = CARTESIAN_POINT('',(-14.00957158801,34.6,144.69402296509));
#4054 = CARTESIAN_POINT('',(-14.04245351499,34.6,144.68387322323));
#4055 = CARTESIAN_POINT('',(-14.10196759787,34.6,144.664948505));
#4056 = CARTESIAN_POINT('',(-14.12862948102,34.6,144.65626701303));
#4057 = CARTESIAN_POINT('',(-14.15523104278,34.6,144.64740134883));
#4058 = CARTESIAN_POINT('',(-14.18177069359,34.6,144.6383520381));
#4059 = CARTESIAN_POINT('',(-14.20824685005,34.6,144.62911962481));
#4060 = CARTESIAN_POINT('',(-14.28027708184,34.6,144.6034424785));
#4061 = CARTESIAN_POINT('',(-14.32570209127,34.6,144.58663568143));
#4062 = CARTESIAN_POINT('',(-14.37092483318,34.6,144.5692871782));
#4063 = CARTESIAN_POINT('',(-14.41593724005,34.6,144.55140002694));
#4064 = CARTESIAN_POINT('',(-14.46073130675,34.6,144.53297744572));
#4065 = CARTESIAN_POINT('',(-14.56628658413,34.6,144.48808489345));
#4066 = CARTESIAN_POINT('',(-14.62685035508,34.6,144.46115066246));
#4067 = CARTESIAN_POINT('',(-14.68697004398,34.6,144.43322877875));
#4068 = CARTESIAN_POINT('',(-14.74662554934,34.6,144.40432844546));
#4069 = CARTESIAN_POINT('',(-14.80579702773,34.6,144.37445940968));
#4070 = CARTESIAN_POINT('',(-14.90056819704,34.6,144.32466122502));
#4071 = CARTESIAN_POINT('',(-14.93648078622,34.6,144.30532753735));
#4072 = CARTESIAN_POINT('',(-14.97219809912,34.6,144.28563329665));
#4073 = CARTESIAN_POINT('',(-15.00771561559,34.6,144.26558097557));
#4074 = CARTESIAN_POINT('',(-15.04302885758,34.6,144.24517312216));
#4075 = CARTESIAN_POINT('',(-15.11323792037,34.6,144.20365159762));
#4076 = CARTESIAN_POINT('',(-15.14813374229,34.6,144.18253792584));
#4077 = CARTESIAN_POINT('',(-15.18281641884,34.6,144.16107396797));
#4078 = CARTESIAN_POINT('',(-15.21728155981,34.6,144.13926242063));
#4079 = CARTESIAN_POINT('',(-15.25152482082,34.6,144.11710605365));
#4080 = CARTESIAN_POINT('',(-15.31636988401,34.6,144.07421858627));
#4081 = CARTESIAN_POINT('',(-15.34701210754,34.6,144.05354860035));
#4082 = CARTESIAN_POINT('',(-15.37746537462,34.6,144.03259986818));
#4083 = CARTESIAN_POINT('',(-15.40772651923,34.6,144.01137455354));
#4084 = CARTESIAN_POINT('',(-15.43779240857,34.6,143.989874868));
#4085 = CARTESIAN_POINT('',(-15.5088565415,34.6,143.93807300675));
#4086 = CARTESIAN_POINT('',(-15.5496757726,34.6,143.90752524965));
#4087 = CARTESIAN_POINT('',(-15.59010950105,34.6,143.87646572995));
#4088 = CARTESIAN_POINT('',(-15.63014972098,34.6,143.84490054425));
#4089 = CARTESIAN_POINT('',(-15.66978855596,34.6,143.81283595551));
#4090 = CARTESIAN_POINT('',(-16.03264837431,34.6,143.51169089729));
#4091 = CARTESIAN_POINT('',(-16.32848924835,34.6,143.20950785045));
#4092 = CARTESIAN_POINT('',(-16.59205382365,34.6,142.87741909225));
#4093 = CARTESIAN_POINT('',(-16.81974254088,34.6,142.51977809633));
#4094 = CARTESIAN_POINT('',(-17.00861774642,34.6,142.14140979136));
#4095 = CARTESIAN_POINT('',(-17.2508708186,34.6,141.49724732311));
#4096 = CARTESIAN_POINT('',(-17.32855741659,34.6,141.24051147978));
#4097 = CARTESIAN_POINT('',(-17.38920181405,34.6,140.97893104102));
#4098 = CARTESIAN_POINT('',(-17.43244382778,34.6,140.71391745995));
#4099 = CARTESIAN_POINT('',(-17.45808063989,34.6,140.44691323607));
#4100 = CARTESIAN_POINT('',(-17.46678991566,34.6,140.15518446117));
#4101 = CARTESIAN_POINT('',(-17.46736804551,34.6,140.13097541209));
#4102 = CARTESIAN_POINT('',(-17.46780166441,34.6,140.1067631278));
#4103 = CARTESIAN_POINT('',(-17.46809075086,34.6,140.08254868655));
#4104 = CARTESIAN_POINT('',(-17.46823529411,34.6,140.05833316677));
#4105 = CARTESIAN_POINT('',(-17.46823529411,34.6,140.03411764705));
#4106 = PCURVE('',#3649,#4107);
#4107 = DEFINITIONAL_REPRESENTATION('',(#4108),#4176);
#4108 = B_SPLINE_CURVE_WITH_KNOTS('',6,(#4109,#4110,#4111,#4112,#4113,
    #4114,#4115,#4116,#4117,#4118,#4119,#4120,#4121,#4122,#4123,#4124,
    #4125,#4126,#4127,#4128,#4129,#4130,#4131,#4132,#4133,#4134,#4135,
    #4136,#4137,#4138,#4139,#4140,#4141,#4142,#4143,#4144,#4145,#4146,
    #4147,#4148,#4149,#4150,#4151,#4152,#4153,#4154,#4155,#4156,#4157,
    #4158,#4159,#4160,#4161,#4162,#4163,#4164,#4165,#4166,#4167,#4168,
    #4169,#4170,#4171,#4172,#4173,#4174,#4175),.UNSPECIFIED.,.F.,.F.,(7,
    5,5,5,5,5,5,5,5,5,5,5,5,7),(0.,6.900115688665E-02,0.169002798131,
    0.196003252028,0.218003622119,0.256004261643,0.308005136566,
    0.340005675952,0.372006215176,0.401006703607,0.441007376481,
    0.770997699235,0.980999679647,1.),.UNSPECIFIED.);
#4109 = CARTESIAN_POINT('',(-6.902352941176,-42.6));
#4110 = CARTESIAN_POINT('',(-6.902352941176,-42.68794056409));
#4111 = CARTESIAN_POINT('',(-6.900446651545,-42.77588115821));
#4112 = CARTESIAN_POINT('',(-6.896634075622,-42.86377006349));
#4113 = CARTESIAN_POINT('',(-6.890917079863,-42.95155566227));
#4114 = CARTESIAN_POINT('',(-6.883299393839,-43.03918643809));
#4115 = CARTESIAN_POINT('',(-6.859999972223,-43.25331315921));
#4116 = CARTESIAN_POINT('',(-6.842232842746,-43.37958241255));
#4117 = CARTESIAN_POINT('',(-6.820502289441,-43.50526200825));
#4118 = CARTESIAN_POINT('',(-6.794833473148,-43.63019674952));
#4119 = CARTESIAN_POINT('',(-6.765259647913,-43.75423297026));
#4120 = CARTESIAN_POINT('',(-6.722794035922,-43.91042465069));
#4121 = CARTESIAN_POINT('',(-6.71348424651,-43.94355418739));
#4122 = CARTESIAN_POINT('',(-6.703893604871,-43.97660415805));
#4123 = CARTESIAN_POINT('',(-6.694022965093,-44.00957158801));
#4124 = CARTESIAN_POINT('',(-6.683873223235,-44.04245351499));
#4125 = CARTESIAN_POINT('',(-6.664948505006,-44.10196759787));
#4126 = CARTESIAN_POINT('',(-6.656267013036,-44.12862948102));
#4127 = CARTESIAN_POINT('',(-6.647401348836,-44.15523104278));
#4128 = CARTESIAN_POINT('',(-6.638352038103,-44.18177069359));
#4129 = CARTESIAN_POINT('',(-6.629119624811,-44.20824685005));
#4130 = CARTESIAN_POINT('',(-6.603442478506,-44.28027708184));
#4131 = CARTESIAN_POINT('',(-6.586635681433,-44.32570209127));
#4132 = CARTESIAN_POINT('',(-6.569287178203,-44.37092483318));
#4133 = CARTESIAN_POINT('',(-6.551400026949,-44.41593724005));
#4134 = CARTESIAN_POINT('',(-6.532977445725,-44.46073130675));
#4135 = CARTESIAN_POINT('',(-6.488084893459,-44.56628658413));
#4136 = CARTESIAN_POINT('',(-6.461150662465,-44.62685035508));
#4137 = CARTESIAN_POINT('',(-6.433228778751,-44.68697004398));
#4138 = CARTESIAN_POINT('',(-6.404328445467,-44.74662554934));
#4139 = CARTESIAN_POINT('',(-6.374459409684,-44.80579702773));
#4140 = CARTESIAN_POINT('',(-6.324661225022,-44.90056819704));
#4141 = CARTESIAN_POINT('',(-6.305327537355,-44.93648078622));
#4142 = CARTESIAN_POINT('',(-6.285633296656,-44.97219809912));
#4143 = CARTESIAN_POINT('',(-6.265580975578,-45.00771561559));
#4144 = CARTESIAN_POINT('',(-6.245173122162,-45.04302885758));
#4145 = CARTESIAN_POINT('',(-6.20365159762,-45.11323792037));
#4146 = CARTESIAN_POINT('',(-6.182537925845,-45.14813374229));
#4147 = CARTESIAN_POINT('',(-6.16107396797,-45.18281641884));
#4148 = CARTESIAN_POINT('',(-6.139262420632,-45.21728155981));
#4149 = CARTESIAN_POINT('',(-6.11710605365,-45.25152482082));
#4150 = CARTESIAN_POINT('',(-6.074218586278,-45.31636988401));
#4151 = CARTESIAN_POINT('',(-6.053548600354,-45.34701210754));
#4152 = CARTESIAN_POINT('',(-6.032599868187,-45.37746537462));
#4153 = CARTESIAN_POINT('',(-6.011374553541,-45.40772651923));
#4154 = CARTESIAN_POINT('',(-5.989874868004,-45.43779240857));
#4155 = CARTESIAN_POINT('',(-5.938073006758,-45.5088565415));
#4156 = CARTESIAN_POINT('',(-5.907525249658,-45.5496757726));
#4157 = CARTESIAN_POINT('',(-5.876465729954,-45.59010950105));
#4158 = CARTESIAN_POINT('',(-5.844900544255,-45.63014972098));
#4159 = CARTESIAN_POINT('',(-5.812835955513,-45.66978855596));
#4160 = CARTESIAN_POINT('',(-5.511690897295,-46.03264837431));
#4161 = CARTESIAN_POINT('',(-5.209507850454,-46.32848924835));
#4162 = CARTESIAN_POINT('',(-4.877419092254,-46.59205382365));
#4163 = CARTESIAN_POINT('',(-4.519778096334,-46.81974254088));
#4164 = CARTESIAN_POINT('',(-4.141409791369,-47.00861774642));
#4165 = CARTESIAN_POINT('',(-3.497247323115,-47.2508708186));
#4166 = CARTESIAN_POINT('',(-3.24051147978,-47.32855741659));
#4167 = CARTESIAN_POINT('',(-2.978931041025,-47.38920181405));
#4168 = CARTESIAN_POINT('',(-2.71391745995,-47.43244382778));
#4169 = CARTESIAN_POINT('',(-2.446913236074,-47.45808063989));
#4170 = CARTESIAN_POINT('',(-2.155184461175,-47.46678991566));
#4171 = CARTESIAN_POINT('',(-2.130975412095,-47.46736804551));
#4172 = CARTESIAN_POINT('',(-2.106763127801,-47.46780166441));
#4173 = CARTESIAN_POINT('',(-2.082548686555,-47.46809075086));
#4174 = CARTESIAN_POINT('',(-2.058333166779,-47.46823529411));
#4175 = CARTESIAN_POINT('',(-2.034117647059,-47.46823529411));
#4176 = ( GEOMETRIC_REPRESENTATION_CONTEXT(2) 
PARAMETRIC_REPRESENTATION_CONTEXT() REPRESENTATION_CONTEXT('2D SPACE',''
  ) );
#4177 = PCURVE('',#4178,#4197);
#4178 = B_SPLINE_SURFACE_WITH_KNOTS('',8,1,(
    (#4179,#4180)
    ,(#4181,#4182)
    ,(#4183,#4184)
    ,(#4185,#4186)
    ,(#4187,#4188)
    ,(#4189,#4190)
    ,(#4191,#4192)
    ,(#4193,#4194)
    ,(#4195,#4196
    )),.UNSPECIFIED.,.F.,.F.,.F.,(9,9),(2,2),(4.712388980385,
    6.28318530718),(0.,1.),.PIECEWISE_BEZIER_KNOTS.);
#4179 = CARTESIAN_POINT('',(-17.2,27.,139.9));
#4180 = CARTESIAN_POINT('',(-17.5,35.5,140.05));
#4181 = CARTESIAN_POINT('',(-17.2,27.,140.8032078879));
#4182 = CARTESIAN_POINT('',(-17.5,35.499999999999,141.01211275015));
#4183 = CARTESIAN_POINT('',(-16.99732037077,27.000000000001,
    141.70641606012));
#4184 = CARTESIAN_POINT('',(-17.28410213409,35.500000000002,
    141.97422580318));
#4185 = CARTESIAN_POINT('',(-16.591963103,26.999999999997,
    142.55656087793));
#4186 = CARTESIAN_POINT('',(-16.85230852276,35.499999999997,
    142.87981484822));
#4187 = CARTESIAN_POINT('',(-16.00059027658,27.000000000003,
    143.30059027659));
#4188 = CARTESIAN_POINT('',(-16.22236790332,35.500000000004,
    143.67236790334));
#4189 = CARTESIAN_POINT('',(-15.25656087794,26.999999999998,
    143.891963103));
#4190 = CARTESIAN_POINT('',(-15.42981484824,35.499999999997,
    144.30230852275));
#4191 = CARTESIAN_POINT('',(-14.40641606012,27.000000000001,
    144.29732037078));
#4192 = CARTESIAN_POINT('',(-14.52422580317,35.500000000001,
    144.73410213409));
#4193 = CARTESIAN_POINT('',(-13.5032078879,27.,144.49999999999));
#4194 = CARTESIAN_POINT('',(-13.56211275016,35.5,144.94999999999));
#4195 = CARTESIAN_POINT('',(-12.6,27.,144.5));
#4196 = CARTESIAN_POINT('',(-12.6,35.5,144.95));
#4197 = DEFINITIONAL_REPRESENTATION('',(#4198),#4266);
#4198 = B_SPLINE_CURVE_WITH_KNOTS('',6,(#4199,#4200,#4201,#4202,#4203,
    #4204,#4205,#4206,#4207,#4208,#4209,#4210,#4211,#4212,#4213,#4214,
    #4215,#4216,#4217,#4218,#4219,#4220,#4221,#4222,#4223,#4224,#4225,
    #4226,#4227,#4228,#4229,#4230,#4231,#4232,#4233,#4234,#4235,#4236,
    #4237,#4238,#4239,#4240,#4241,#4242,#4243,#4244,#4245,#4246,#4247,
    #4248,#4249,#4250,#4251,#4252,#4253,#4254,#4255,#4256,#4257,#4258,
    #4259,#4260,#4261,#4262,#4263,#4264,#4265),.UNSPECIFIED.,.F.,.F.,(7,
    5,5,5,5,5,5,5,5,5,5,5,5,7),(0.,6.900115688665E-02,0.169002798131,
    0.196003252028,0.218003622119,0.256004261643,0.308005136566,
    0.340005675952,0.372006215176,0.401006703607,0.441007376481,
    0.770997699235,0.980999679647,1.),.UNSPECIFIED.);
#4199 = CARTESIAN_POINT('',(6.28318530718,0.894117647059));
#4200 = CARTESIAN_POINT('',(6.265121150709,0.894117647059));
#4201 = CARTESIAN_POINT('',(6.247056992751,0.894117647059));
#4202 = CARTESIAN_POINT('',(6.228992833942,0.894117647059));
#4203 = CARTESIAN_POINT('',(6.21092867504,0.894117647059));
#4204 = CARTESIAN_POINT('',(6.192864516933,0.894117647059));
#4205 = CARTESIAN_POINT('',(6.148620433229,0.894117647059));
#4206 = CARTESIAN_POINT('',(6.122440492609,0.894117647059));
#4207 = CARTESIAN_POINT('',(6.096260545243,0.894117647059));
#4208 = CARTESIAN_POINT('',(6.070080597641,0.894117647059));
#4209 = CARTESIAN_POINT('',(6.043900656349,0.894117647059));
#4210 = CARTESIAN_POINT('',(6.010652144467,0.894117647059));
#4211 = CARTESIAN_POINT('',(6.003583560973,0.894117647059));
#4212 = CARTESIAN_POINT('',(5.996514977481,0.894117647059));
#4213 = CARTESIAN_POINT('',(5.989446394002,0.894117647059));
#4214 = CARTESIAN_POINT('',(5.982377810547,0.894117647059));
#4215 = CARTESIAN_POINT('',(5.969549640572,0.894117647059));
#4216 = CARTESIAN_POINT('',(5.963790054021,0.894117647059));
#4217 = CARTESIAN_POINT('',(5.958030467479,0.894117647059));
#4218 = CARTESIAN_POINT('',(5.952270880948,0.894117647059));
#4219 = CARTESIAN_POINT('',(5.946511294434,0.894117647059));
#4220 = CARTESIAN_POINT('',(5.930803331193,0.894117647059));
#4221 = CARTESIAN_POINT('',(5.920854954384,0.894117647059));
#4222 = CARTESIAN_POINT('',(5.910906577564,0.894117647059));
#4223 = CARTESIAN_POINT('',(5.900958200781,0.894117647059));
#4224 = CARTESIAN_POINT('',(5.891009824084,0.894117647059));
#4225 = CARTESIAN_POINT('',(5.867447879646,0.894117647059));
#4226 = CARTESIAN_POINT('',(5.853834311348,0.894117647059));
#4227 = CARTESIAN_POINT('',(5.840220742857,0.894117647059));
#4228 = CARTESIAN_POINT('',(5.826607174404,0.894117647059));
#4229 = CARTESIAN_POINT('',(5.812993606219,0.894117647059));
#4230 = CARTESIAN_POINT('',(5.791002458155,0.894117647059));
#4231 = CARTESIAN_POINT('',(5.782624877743,0.894117647059));
#4232 = CARTESIAN_POINT('',(5.774247297311,0.894117647059));
#4233 = CARTESIAN_POINT('',(5.765869716875,0.894117647059));
#4234 = CARTESIAN_POINT('',(5.757492136455,0.894117647059));
#4235 = CARTESIAN_POINT('',(5.740736975726,0.894117647059));
#4236 = CARTESIAN_POINT('',(5.732359395331,0.894117647059));
#4237 = CARTESIAN_POINT('',(5.723981814903,0.894117647059));
#4238 = CARTESIAN_POINT('',(5.71560423446,0.894117647059));
#4239 = CARTESIAN_POINT('',(5.707226654024,0.894117647059));
#4240 = CARTESIAN_POINT('',(5.691256891427,0.894117647059));
#4241 = CARTESIAN_POINT('',(5.683664709201,0.894117647059));
#4242 = CARTESIAN_POINT('',(5.676072526947,0.894117647059));
#4243 = CARTESIAN_POINT('',(5.668480344676,0.894117647059));
#4244 = CARTESIAN_POINT('',(5.660888162401,0.894117647059));
#4245 = CARTESIAN_POINT('',(5.642824004811,0.894117647059));
#4246 = CARTESIAN_POINT('',(5.632352029325,0.894117647059));
#4247 = CARTESIAN_POINT('',(5.62188005374,0.894117647059));
#4248 = CARTESIAN_POINT('',(5.611408078123,0.894117647059));
#4249 = CARTESIAN_POINT('',(5.600936102541,0.894117647059));
#4250 = CARTESIAN_POINT('',(5.504074316102,0.894117647059));
#4251 = CARTESIAN_POINT('',(5.417670126624,0.894117647059));
#4252 = CARTESIAN_POINT('',(5.331282726125,0.894117647059));
#4253 = CARTESIAN_POINT('',(5.244895333138,0.894117647059));
#4254 = CARTESIAN_POINT('',(5.158491149161,0.894117647059));
#4255 = CARTESIAN_POINT('',(5.017123874962,0.894117647059));
#4256 = CARTESIAN_POINT('',(4.962144940357,0.894117647059));
#4257 = CARTESIAN_POINT('',(4.907167721848,0.894117647059));
#4258 = CARTESIAN_POINT('',(4.852190504619,0.894117647059));
#4259 = CARTESIAN_POINT('',(4.797211572957,0.894117647059));
#4260 = CARTESIAN_POINT('',(4.737259922279,0.894117647059));
#4261 = CARTESIAN_POINT('',(4.732285733949,0.894117647059));
#4262 = CARTESIAN_POINT('',(4.7273115456,0.894117647059));
#4263 = CARTESIAN_POINT('',(4.722337357227,0.894117647059));
#4264 = CARTESIAN_POINT('',(4.717363168824,0.894117647059));
#4265 = CARTESIAN_POINT('',(4.712388980385,0.894117647059));
#4266 = ( GEOMETRIC_REPRESENTATION_CONTEXT(2) 
PARAMETRIC_REPRESENTATION_CONTEXT() REPRESENTATION_CONTEXT('2D SPACE',''
  ) );
#4267 = ORIENTED_EDGE('',*,*,#4268,.T.);
#4268 = EDGE_CURVE('',#4035,#4269,#4271,.T.);
#4269 = VERTEX_POINT('',#4270);
#4270 = CARTESIAN_POINT('',(-17.46823529411,34.6,138.));
#4271 = SURFACE_CURVE('',#4272,(#4275,#4281),.PCURVE_S1.);
#4272 = B_SPLINE_CURVE_WITH_KNOTS('',1,(#4273,#4274),.UNSPECIFIED.,.F.,
  .F.,(2,2),(0.,1.),.PIECEWISE_BEZIER_KNOTS.);
#4273 = CARTESIAN_POINT('',(-17.46823529411,34.6,140.03411764705));
#4274 = CARTESIAN_POINT('',(-17.46823529411,34.6,138.));
#4275 = PCURVE('',#3649,#4276);
#4276 = DEFINITIONAL_REPRESENTATION('',(#4277),#4280);
#4277 = B_SPLINE_CURVE_WITH_KNOTS('',1,(#4278,#4279),.UNSPECIFIED.,.F.,
  .F.,(2,2),(0.,1.),.PIECEWISE_BEZIER_KNOTS.);
#4278 = CARTESIAN_POINT('',(-2.034117647059,-47.46823529411));
#4279 = CARTESIAN_POINT('',(0.,-47.46823529411));
#4280 = ( GEOMETRIC_REPRESENTATION_CONTEXT(2) 
PARAMETRIC_REPRESENTATION_CONTEXT() REPRESENTATION_CONTEXT('2D SPACE',''
  ) );
#4281 = PCURVE('',#4282,#4287);
#4282 = PLANE('',#4283);
#4283 = AXIS2_PLACEMENT_3D('',#4284,#4285,#4286);
#4284 = CARTESIAN_POINT('',(-17.35,31.25,99.75));
#4285 = DIRECTION('',(-0.999377743916,-3.527215566762E-02,
    1.155824234321E-19));
#4286 = DIRECTION('',(9.171700148788E-19,-2.27096093693E-17,1.));
#4287 = DEFINITIONAL_REPRESENTATION('',(#4288),#4291);
#4288 = B_SPLINE_CURVE_WITH_KNOTS('',1,(#4289,#4290),.UNSPECIFIED.,.F.,
  .F.,(2,2),(0.,1.),.PIECEWISE_BEZIER_KNOTS.);
#4289 = CARTESIAN_POINT('',(40.284117647059,3.352085855818));
#4290 = CARTESIAN_POINT('',(38.25,3.352085855818));
#4291 = ( GEOMETRIC_REPRESENTATION_CONTEXT(2) 
PARAMETRIC_REPRESENTATION_CONTEXT() REPRESENTATION_CONTEXT('2D SPACE',''
  ) );
#4292 = ORIENTED_EDGE('',*,*,#4293,.T.);
#4293 = EDGE_CURVE('',#4269,#4294,#4296,.T.);
#4294 = VERTEX_POINT('',#4295);
#4295 = CARTESIAN_POINT('',(-18.8,34.6,138.));
#4296 = SURFACE_CURVE('',#4297,(#4301,#4308),.PCURVE_S1.);
#4297 = LINE('',#4298,#4299);
#4298 = CARTESIAN_POINT('',(30.,34.6,138.));
#4299 = VECTOR('',#4300,1.);
#4300 = DIRECTION('',(-1.,-0.,-0.));
#4301 = PCURVE('',#3649,#4302);
#4302 = DEFINITIONAL_REPRESENTATION('',(#4303),#4307);
#4303 = LINE('',#4304,#4305);
#4304 = CARTESIAN_POINT('',(-0.,0.));
#4305 = VECTOR('',#4306,1.);
#4306 = DIRECTION('',(-0.,-1.));
#4307 = ( GEOMETRIC_REPRESENTATION_CONTEXT(2) 
PARAMETRIC_REPRESENTATION_CONTEXT() REPRESENTATION_CONTEXT('2D SPACE',''
  ) );
#4308 = PCURVE('',#4309,#4314);
#4309 = CYLINDRICAL_SURFACE('',#4310,12.334615384615);
#4310 = AXIS2_PLACEMENT_3D('',#4311,#4312,#4313);
#4311 = CARTESIAN_POINT('',(30.,22.265384615385,138.));
#4312 = DIRECTION('',(1.,-0.,-0.));
#4313 = DIRECTION('',(-0.,0.683816651076,-0.729653882133));
#4314 = DEFINITIONAL_REPRESENTATION('',(#4315),#4319);
#4315 = LINE('',#4316,#4317);
#4316 = CARTESIAN_POINT('',(0.817815657902,0.));
#4317 = VECTOR('',#4318,1.);
#4318 = DIRECTION('',(0.,-1.));
#4319 = ( GEOMETRIC_REPRESENTATION_CONTEXT(2) 
PARAMETRIC_REPRESENTATION_CONTEXT() REPRESENTATION_CONTEXT('2D SPACE',''
  ) );
#4320 = ORIENTED_EDGE('',*,*,#4321,.F.);
#4321 = EDGE_CURVE('',#3588,#4294,#4322,.T.);
#4322 = SURFACE_CURVE('',#4323,(#4327,#4334),.PCURVE_S1.);
#4323 = LINE('',#4324,#4325);
#4324 = CARTESIAN_POINT('',(-18.8,34.6,95.625));
#4325 = VECTOR('',#4326,1.);
#4326 = DIRECTION('',(-0.,-0.,-1.));
#4327 = PCURVE('',#3649,#4328);
#4328 = DEFINITIONAL_REPRESENTATION('',(#4329),#4333);
#4329 = LINE('',#4330,#4331);
#4330 = CARTESIAN_POINT('',(42.375,-48.8));
#4331 = VECTOR('',#4332,1.);
#4332 = DIRECTION('',(1.,-0.));
#4333 = ( GEOMETRIC_REPRESENTATION_CONTEXT(2) 
PARAMETRIC_REPRESENTATION_CONTEXT() REPRESENTATION_CONTEXT('2D SPACE',''
  ) );
#4334 = PCURVE('',#987,#4335);
#4335 = DEFINITIONAL_REPRESENTATION('',(#4336),#4340);
#4336 = LINE('',#4337,#4338);
#4337 = CARTESIAN_POINT('',(-42.375,-10.2));
#4338 = VECTOR('',#4339,1.);
#4339 = DIRECTION('',(1.,-0.));
#4340 = ( GEOMETRIC_REPRESENTATION_CONTEXT(2) 
PARAMETRIC_REPRESENTATION_CONTEXT() REPRESENTATION_CONTEXT('2D SPACE',''
  ) );
#4341 = ORIENTED_EDGE('',*,*,#3634,.F.);
#4342 = ORIENTED_EDGE('',*,*,#4343,.F.);
#4343 = EDGE_CURVE('',#4344,#3612,#4346,.T.);
#4344 = VERTEX_POINT('',#4345);
#4345 = CARTESIAN_POINT('',(13.3,34.6,146.25));
#4346 = SURFACE_CURVE('',#4347,(#4351,#4358),.PCURVE_S1.);
#4347 = LINE('',#4348,#4349);
#4348 = CARTESIAN_POINT('',(5.6,34.6,146.25));
#4349 = VECTOR('',#4350,1.);
#4350 = DIRECTION('',(-1.,-0.,-0.));
#4351 = PCURVE('',#3649,#4352);
#4352 = DEFINITIONAL_REPRESENTATION('',(#4353),#4357);
#4353 = LINE('',#4354,#4355);
#4354 = CARTESIAN_POINT('',(-8.25,-24.4));
#4355 = VECTOR('',#4356,1.);
#4356 = DIRECTION('',(-0.,-1.));
#4357 = ( GEOMETRIC_REPRESENTATION_CONTEXT(2) 
PARAMETRIC_REPRESENTATION_CONTEXT() REPRESENTATION_CONTEXT('2D SPACE',''
  ) );
#4358 = PCURVE('',#930,#4359);
#4359 = DEFINITIONAL_REPRESENTATION('',(#4360),#4364);
#4360 = LINE('',#4361,#4362);
#4361 = CARTESIAN_POINT('',(-24.4,-10.2));
#4362 = VECTOR('',#4363,1.);
#4363 = DIRECTION('',(1.,-0.));
#4364 = ( GEOMETRIC_REPRESENTATION_CONTEXT(2) 
PARAMETRIC_REPRESENTATION_CONTEXT() REPRESENTATION_CONTEXT('2D SPACE',''
  ) );
#4365 = ORIENTED_EDGE('',*,*,#4366,.F.);
#4366 = EDGE_CURVE('',#3667,#4344,#4367,.T.);
#4367 = SURFACE_CURVE('',#4368,(#4373,#4380),.PCURVE_S1.);
#4368 = CIRCLE('',#4369,5.5);
#4369 = AXIS2_PLACEMENT_3D('',#4370,#4371,#4372);
#4370 = CARTESIAN_POINT('',(13.3,34.6,140.75));
#4371 = DIRECTION('',(0.,-1.,0.));
#4372 = DIRECTION('',(-0.,-0.,1.));
#4373 = PCURVE('',#3649,#4374);
#4374 = DEFINITIONAL_REPRESENTATION('',(#4375),#4379);
#4375 = CIRCLE('',#4376,5.5);
#4376 = AXIS2_PLACEMENT_2D('',#4377,#4378);
#4377 = CARTESIAN_POINT('',(-2.75,-16.7));
#4378 = DIRECTION('',(-1.,0.));
#4379 = ( GEOMETRIC_REPRESENTATION_CONTEXT(2) 
PARAMETRIC_REPRESENTATION_CONTEXT() REPRESENTATION_CONTEXT('2D SPACE',''
  ) );
#4380 = PCURVE('',#902,#4381);
#4381 = DEFINITIONAL_REPRESENTATION('',(#4382),#4386);
#4382 = LINE('',#4383,#4384);
#4383 = CARTESIAN_POINT('',(6.28318530718,10.2));
#4384 = VECTOR('',#4385,1.);
#4385 = DIRECTION('',(-1.,0.));
#4386 = ( GEOMETRIC_REPRESENTATION_CONTEXT(2) 
PARAMETRIC_REPRESENTATION_CONTEXT() REPRESENTATION_CONTEXT('2D SPACE',''
  ) );
#4387 = ADVANCED_FACE('',(#4388),#3705,.T.);
#4388 = FACE_BOUND('',#4389,.T.);
#4389 = EDGE_LOOP('',(#4390,#4391,#4419,#4447));
#4390 = ORIENTED_EDGE('',*,*,#3689,.F.);
#4391 = ORIENTED_EDGE('',*,*,#4392,.T.);
#4392 = EDGE_CURVE('',#3665,#4393,#4395,.T.);
#4393 = VERTEX_POINT('',#4394);
#4394 = CARTESIAN_POINT('',(18.8,30.7,129.));
#4395 = SURFACE_CURVE('',#4396,(#4401,#4408),.PCURVE_S1.);
#4396 = CIRCLE('',#4397,12.334615384615);
#4397 = AXIS2_PLACEMENT_3D('',#4398,#4399,#4400);
#4398 = CARTESIAN_POINT('',(18.8,22.265384615385,138.));
#4399 = DIRECTION('',(-1.,0.,0.));
#4400 = DIRECTION('',(-0.,0.683816651076,-0.729653882133));
#4401 = PCURVE('',#3705,#4402);
#4402 = DEFINITIONAL_REPRESENTATION('',(#4403),#4407);
#4403 = LINE('',#4404,#4405);
#4404 = CARTESIAN_POINT('',(6.28318530718,-11.2));
#4405 = VECTOR('',#4406,1.);
#4406 = DIRECTION('',(-1.,0.));
#4407 = ( GEOMETRIC_REPRESENTATION_CONTEXT(2) 
PARAMETRIC_REPRESENTATION_CONTEXT() REPRESENTATION_CONTEXT('2D SPACE',''
  ) );
#4408 = PCURVE('',#873,#4409);
#4409 = DEFINITIONAL_REPRESENTATION('',(#4410),#4418);
#4410 = ( BOUNDED_CURVE() B_SPLINE_CURVE(2,(#4411,#4412,#4413,#4414,
#4415,#4416,#4417),.UNSPECIFIED.,.T.,.F.) B_SPLINE_CURVE_WITH_KNOTS((1,2
    ,2,2,2,1),(-2.094395102393,0.,2.094395102393,4.188790204786,
6.28318530718,8.377580409573),.UNSPECIFIED.) CURVE() 
GEOMETRIC_REPRESENTATION_ITEM() RATIONAL_B_SPLINE_CURVE((1.,0.5,1.,0.5,
1.,0.5,1.)) REPRESENTATION_ITEM('') );
#4411 = CARTESIAN_POINT('',(-17.25,-6.3));
#4412 = CARTESIAN_POINT('',(-31.85918238845,9.28845726812));
#4413 = CARTESIAN_POINT('',(-11.05459119422,14.146151710983));
#4414 = CARTESIAN_POINT('',(9.75,19.003846153846));
#4415 = CARTESIAN_POINT('',(3.554591194228,-1.442305557137));
#4416 = CARTESIAN_POINT('',(-2.640817611544,-21.88845726812));
#4417 = CARTESIAN_POINT('',(-17.25,-6.3));
#4418 = ( GEOMETRIC_REPRESENTATION_CONTEXT(2) 
PARAMETRIC_REPRESENTATION_CONTEXT() REPRESENTATION_CONTEXT('2D SPACE',''
  ) );
#4419 = ORIENTED_EDGE('',*,*,#4420,.T.);
#4420 = EDGE_CURVE('',#4393,#4421,#4423,.T.);
#4421 = VERTEX_POINT('',#4422);
#4422 = CARTESIAN_POINT('',(17.330588235294,30.7,129.));
#4423 = SURFACE_CURVE('',#4424,(#4428,#4435),.PCURVE_S1.);
#4424 = LINE('',#4425,#4426);
#4425 = CARTESIAN_POINT('',(30.,30.7,129.));
#4426 = VECTOR('',#4427,1.);
#4427 = DIRECTION('',(-1.,-0.,-0.));
#4428 = PCURVE('',#3705,#4429);
#4429 = DEFINITIONAL_REPRESENTATION('',(#4430),#4434);
#4430 = LINE('',#4431,#4432);
#4431 = CARTESIAN_POINT('',(0.,0.));
#4432 = VECTOR('',#4433,1.);
#4433 = DIRECTION('',(0.,-1.));
#4434 = ( GEOMETRIC_REPRESENTATION_CONTEXT(2) 
PARAMETRIC_REPRESENTATION_CONTEXT() REPRESENTATION_CONTEXT('2D SPACE',''
  ) );
#4435 = PCURVE('',#4436,#4441);
#4436 = CYLINDRICAL_SURFACE('',#4437,12.334615384615);
#4437 = AXIS2_PLACEMENT_3D('',#4438,#4439,#4440);
#4438 = CARTESIAN_POINT('',(30.,39.134615384615,120.));
#4439 = DIRECTION('',(1.,-0.,-0.));
#4440 = DIRECTION('',(0.,-1.,-1.152111701264E-15));
#4441 = DEFINITIONAL_REPRESENTATION('',(#4442),#4446);
#4442 = LINE('',#4443,#4444);
#4443 = CARTESIAN_POINT('',(-0.817815657902,0.));
#4444 = VECTOR('',#4445,1.);
#4445 = DIRECTION('',(-0.,-1.));
#4446 = ( GEOMETRIC_REPRESENTATION_CONTEXT(2) 
PARAMETRIC_REPRESENTATION_CONTEXT() REPRESENTATION_CONTEXT('2D SPACE',''
  ) );
#4447 = ORIENTED_EDGE('',*,*,#4448,.T.);
#4448 = EDGE_CURVE('',#4421,#3690,#4449,.T.);
#4449 = SURFACE_CURVE('',#4450,(#4467,#4487),.PCURVE_S1.);
#4450 = B_SPLINE_CURVE_WITH_KNOTS('',8,(#4451,#4452,#4453,#4454,#4455,
    #4456,#4457,#4458,#4459,#4460,#4461,#4462,#4463,#4464,#4465,#4466),
  .UNSPECIFIED.,.F.,.F.,(9,7,9),(0.,0.257361498105,1.),.UNSPECIFIED.);
#4451 = CARTESIAN_POINT('',(17.330588235294,30.7,129.));
#4452 = CARTESIAN_POINT('',(17.339839190338,30.962110392913,
    129.24564448361));
#4453 = CARTESIAN_POINT('',(17.348699091524,31.213140926524,
    129.49729119363));
#4454 = CARTESIAN_POINT('',(17.357172271333,31.45321435444,
    129.75442097374));
#4455 = CARTESIAN_POINT('',(17.365263451028,31.682464445797,
    130.01655372963));
#4456 = CARTESIAN_POINT('',(17.372977669543,31.901033970394,
    130.28324922567));
#4457 = CARTESIAN_POINT('',(17.38032021237,32.109072683821,
    130.55410788165));
#4458 = CARTESIAN_POINT('',(17.387296540444,32.306735312592,
    130.82877156947));
#4459 = CARTESIAN_POINT('',(17.413002322535,33.035065805168,
    131.90955809907));
#4460 = CARTESIAN_POINT('',(17.429073648476,33.490420040151,
    132.74058382309));
#4461 = CARTESIAN_POINT('',(17.442284896618,33.864738737506,
    133.59305995632));
#4462 = CARTESIAN_POINT('',(17.452733821063,34.160791596785,
    134.46112081373));
#4463 = CARTESIAN_POINT('',(17.46050428289,34.380954681892,
    135.33969277449));
#4464 = CARTESIAN_POINT('',(17.46565756585,34.526964365756,
    136.22452935319));
#4465 = CARTESIAN_POINT('',(17.468235294118,34.6,137.11216428786));
#4466 = CARTESIAN_POINT('',(17.468235294118,34.6,138.));
#4467 = PCURVE('',#3705,#4468);
#4468 = DEFINITIONAL_REPRESENTATION('',(#4469),#4486);
#4469 = B_SPLINE_CURVE_WITH_KNOTS('',8,(#4470,#4471,#4472,#4473,#4474,
    #4475,#4476,#4477,#4478,#4479,#4480,#4481,#4482,#4483,#4484,#4485),
  .UNSPECIFIED.,.F.,.F.,(9,7,9),(0.,0.257361498105,1.),.UNSPECIFIED.);
#4470 = CARTESIAN_POINT('',(0.,-12.6694117647));
#4471 = CARTESIAN_POINT('',(2.912337699033E-02,-12.66016080966));
#4472 = CARTESIAN_POINT('',(5.792408554255E-02,-12.65130090847));
#4473 = CARTESIAN_POINT('',(8.641823111998E-02,-12.64282772866));
#4474 = CARTESIAN_POINT('',(0.11462126766,-12.63473654897));
#4475 = CARTESIAN_POINT('',(0.14254836929,-12.62702233045));
#4476 = CARTESIAN_POINT('',(0.17021480204,-12.61967978763));
#4477 = CARTESIAN_POINT('',(0.197636295561,-12.61270345955));
#4478 = CARTESIAN_POINT('',(0.303297474385,-12.58699767746));
#4479 = CARTESIAN_POINT('',(0.379799245464,-12.57092635152));
#4480 = CARTESIAN_POINT('',(0.454807633893,-12.55771510338));
#4481 = CARTESIAN_POINT('',(0.52863654379,-12.54726617893));
#4482 = CARTESIAN_POINT('',(0.601569574782,-12.5394957171));
#4483 = CARTESIAN_POINT('',(0.673873459672,-12.53434243415));
#4484 = CARTESIAN_POINT('',(0.745836460785,-12.53176470588));
#4485 = CARTESIAN_POINT('',(0.817815657902,-12.53176470588));
#4486 = ( GEOMETRIC_REPRESENTATION_CONTEXT(2) 
PARAMETRIC_REPRESENTATION_CONTEXT() REPRESENTATION_CONTEXT('2D SPACE',''
  ) );
#4487 = PCURVE('',#3731,#4488);
#4488 = DEFINITIONAL_REPRESENTATION('',(#4489),#4506);
#4489 = B_SPLINE_CURVE_WITH_KNOTS('',8,(#4490,#4491,#4492,#4493,#4494,
    #4495,#4496,#4497,#4498,#4499,#4500,#4501,#4502,#4503,#4504,#4505),
  .UNSPECIFIED.,.F.,.F.,(9,7,9),(0.,0.257361498105,1.),.UNSPECIFIED.);
#4490 = CARTESIAN_POINT('',(-29.25,-0.55034245394));
#4491 = CARTESIAN_POINT('',(-29.49564448361,-0.288068859688));
#4492 = CARTESIAN_POINT('',(-29.74729119363,-3.688202353967E-02));
#4493 = CARTESIAN_POINT('',(-30.00442097374,0.203340884542));
#4494 = CARTESIAN_POINT('',(-30.26655372963,0.432733716986));
#4495 = CARTESIAN_POINT('',(-30.53324922567,0.651439332483));
#4496 = CARTESIAN_POINT('',(-30.80410788165,0.859607579868));
#4497 = CARTESIAN_POINT('',(-31.07877156947,1.057393281995));
#4498 = CARTESIAN_POINT('',(-32.15955809907,1.786177264839));
#4499 = CARTESIAN_POINT('',(-32.99058382309,2.241815023188));
#4500 = CARTESIAN_POINT('',(-33.84305995632,2.616366787658));
#4501 = CARTESIAN_POINT('',(-34.71112081373,2.912603982333));
#4502 = CARTESIAN_POINT('',(-35.58969277449,3.132904150561));
#4503 = CARTESIAN_POINT('',(-36.47452935319,3.279004746409));
#4504 = CARTESIAN_POINT('',(-37.36216428786,3.352085855818));
#4505 = CARTESIAN_POINT('',(-38.25,3.352085855818));
#4506 = ( GEOMETRIC_REPRESENTATION_CONTEXT(2) 
PARAMETRIC_REPRESENTATION_CONTEXT() REPRESENTATION_CONTEXT('2D SPACE',''
  ) );
#4507 = ADVANCED_FACE('',(#4508),#4436,.F.);
#4508 = FACE_BOUND('',#4509,.T.);
#4509 = EDGE_LOOP('',(#4510,#4538,#4566,#4600,#4654));
#4510 = ORIENTED_EDGE('',*,*,#4511,.F.);
#4511 = EDGE_CURVE('',#4512,#4393,#4514,.T.);
#4512 = VERTEX_POINT('',#4513);
#4513 = CARTESIAN_POINT('',(18.8,26.8,120.));
#4514 = SURFACE_CURVE('',#4515,(#4520,#4527),.PCURVE_S1.);
#4515 = CIRCLE('',#4516,12.334615384615);
#4516 = AXIS2_PLACEMENT_3D('',#4517,#4518,#4519);
#4517 = CARTESIAN_POINT('',(18.8,39.134615384615,120.));
#4518 = DIRECTION('',(-1.,0.,-0.));
#4519 = DIRECTION('',(0.,-1.,-1.152111701264E-15));
#4520 = PCURVE('',#4436,#4521);
#4521 = DEFINITIONAL_REPRESENTATION('',(#4522),#4526);
#4522 = LINE('',#4523,#4524);
#4523 = CARTESIAN_POINT('',(-0.,-11.2));
#4524 = VECTOR('',#4525,1.);
#4525 = DIRECTION('',(-1.,0.));
#4526 = ( GEOMETRIC_REPRESENTATION_CONTEXT(2) 
PARAMETRIC_REPRESENTATION_CONTEXT() REPRESENTATION_CONTEXT('2D SPACE',''
  ) );
#4527 = PCURVE('',#873,#4528);
#4528 = DEFINITIONAL_REPRESENTATION('',(#4529),#4537);
#4529 = ( BOUNDED_CURVE() B_SPLINE_CURVE(2,(#4530,#4531,#4532,#4533,
#4534,#4535,#4536),.UNSPECIFIED.,.T.,.F.) B_SPLINE_CURVE_WITH_KNOTS((1,2
    ,2,2,2,1),(-2.094395102393,0.,2.094395102393,4.188790204786,
6.28318530718,8.377580409573),.UNSPECIFIED.) CURVE() 
GEOMETRIC_REPRESENTATION_ITEM() RATIONAL_B_SPLINE_CURVE((1.,0.5,1.,0.5,
1.,0.5,1.)) REPRESENTATION_ITEM('') );
#4530 = CARTESIAN_POINT('',(-26.25,-2.4));
#4531 = CARTESIAN_POINT('',(-4.885819462025,-2.4));
#4532 = CARTESIAN_POINT('',(-15.56790973101,-20.90192307692));
#4533 = CARTESIAN_POINT('',(-26.25,-39.40384615384));
#4534 = CARTESIAN_POINT('',(-36.93209026898,-20.90192307692));
#4535 = CARTESIAN_POINT('',(-47.61418053797,-2.4));
#4536 = CARTESIAN_POINT('',(-26.25,-2.4));
#4537 = ( GEOMETRIC_REPRESENTATION_CONTEXT(2) 
PARAMETRIC_REPRESENTATION_CONTEXT() REPRESENTATION_CONTEXT('2D SPACE',''
  ) );
#4538 = ORIENTED_EDGE('',*,*,#4539,.T.);
#4539 = EDGE_CURVE('',#4512,#4540,#4542,.T.);
#4540 = VERTEX_POINT('',#4541);
#4541 = CARTESIAN_POINT('',(17.185,26.8,120.));
#4542 = SURFACE_CURVE('',#4543,(#4547,#4554),.PCURVE_S1.);
#4543 = LINE('',#4544,#4545);
#4544 = CARTESIAN_POINT('',(30.,26.8,120.));
#4545 = VECTOR('',#4546,1.);
#4546 = DIRECTION('',(-1.,-0.,-0.));
#4547 = PCURVE('',#4436,#4548);
#4548 = DEFINITIONAL_REPRESENTATION('',(#4549),#4553);
#4549 = LINE('',#4550,#4551);
#4550 = CARTESIAN_POINT('',(-0.,0.));
#4551 = VECTOR('',#4552,1.);
#4552 = DIRECTION('',(-0.,-1.));
#4553 = ( GEOMETRIC_REPRESENTATION_CONTEXT(2) 
PARAMETRIC_REPRESENTATION_CONTEXT() REPRESENTATION_CONTEXT('2D SPACE',''
  ) );
#4554 = PCURVE('',#4555,#4560);
#4555 = PLANE('',#4556);
#4556 = AXIS2_PLACEMENT_3D('',#4557,#4558,#4559);
#4557 = CARTESIAN_POINT('',(30.,26.8,49.));
#4558 = DIRECTION('',(-0.,-1.,-0.));
#4559 = DIRECTION('',(0.,0.,-1.));
#4560 = DEFINITIONAL_REPRESENTATION('',(#4561),#4565);
#4561 = LINE('',#4562,#4563);
#4562 = CARTESIAN_POINT('',(-71.,0.));
#4563 = VECTOR('',#4564,1.);
#4564 = DIRECTION('',(-0.,-1.));
#4565 = ( GEOMETRIC_REPRESENTATION_CONTEXT(2) 
PARAMETRIC_REPRESENTATION_CONTEXT() REPRESENTATION_CONTEXT('2D SPACE',''
  ) );
#4566 = ORIENTED_EDGE('',*,*,#4567,.T.);
#4567 = EDGE_CURVE('',#4540,#4568,#4570,.T.);
#4568 = VERTEX_POINT('',#4569);
#4569 = CARTESIAN_POINT('',(17.2,27.,122.21220391326));
#4570 = SURFACE_CURVE('',#4571,(#4577,#4586),.PCURVE_S1.);
#4571 = B_SPLINE_CURVE_WITH_KNOTS('',4,(#4572,#4573,#4574,#4575,#4576),
  .UNSPECIFIED.,.F.,.F.,(5,5),(0.,1.),.PIECEWISE_BEZIER_KNOTS.);
#4572 = CARTESIAN_POINT('',(17.185,26.8,120.));
#4573 = CARTESIAN_POINT('',(17.185,26.8,120.55484740227));
#4574 = CARTESIAN_POINT('',(17.187495866776,26.833278223679,
    121.10958398351));
#4575 = CARTESIAN_POINT('',(17.192485459556,26.899806127418,
    121.66260986345));
#4576 = CARTESIAN_POINT('',(17.2,27.,122.21220391326));
#4577 = PCURVE('',#4436,#4578);
#4578 = DEFINITIONAL_REPRESENTATION('',(#4579),#4585);
#4579 = B_SPLINE_CURVE_WITH_KNOTS('',4,(#4580,#4581,#4582,#4583,#4584),
  .UNSPECIFIED.,.F.,.F.,(5,5),(0.,1.),.PIECEWISE_BEZIER_KNOTS.);
#4580 = CARTESIAN_POINT('',(0.,-12.815));
#4581 = CARTESIAN_POINT('',(-4.498295122937E-02,-12.815));
#4582 = CARTESIAN_POINT('',(-8.995743491798E-02,-12.81250413322));
#4583 = CARTESIAN_POINT('',(-0.135033499898,-12.80751454044));
#4584 = CARTESIAN_POINT('',(-0.18032492714,-12.8));
#4585 = ( GEOMETRIC_REPRESENTATION_CONTEXT(2) 
PARAMETRIC_REPRESENTATION_CONTEXT() REPRESENTATION_CONTEXT('2D SPACE',''
  ) );
#4586 = PCURVE('',#4587,#4592);
#4587 = PLANE('',#4588);
#4588 = AXIS2_PLACEMENT_3D('',#4589,#4590,#4591);
#4589 = CARTESIAN_POINT('',(17.05,25.,99.75));
#4590 = DIRECTION('',(0.997199309888,-7.478994824163E-02,
    1.333313597032E-19));
#4591 = DIRECTION('',(-2.766184771648E-19,-5.470990739456E-18,-1.));
#4592 = DEFINITIONAL_REPRESENTATION('',(#4593),#4599);
#4593 = B_SPLINE_CURVE_WITH_KNOTS('',4,(#4594,#4595,#4596,#4597,#4598),
  .UNSPECIFIED.,.F.,.F.,(5,5),(0.,1.),.PIECEWISE_BEZIER_KNOTS.);
#4594 = CARTESIAN_POINT('',(-20.25,1.805055400812));
#4595 = CARTESIAN_POINT('',(-20.80484740227,1.805055400812));
#4596 = CARTESIAN_POINT('',(-21.35958398351,1.838427088246));
#4597 = CARTESIAN_POINT('',(-21.91260986345,1.905141839328));
#4598 = CARTESIAN_POINT('',(-22.46220391326,2.005617112013));
#4599 = ( GEOMETRIC_REPRESENTATION_CONTEXT(2) 
PARAMETRIC_REPRESENTATION_CONTEXT() REPRESENTATION_CONTEXT('2D SPACE',''
  ) );
#4600 = ORIENTED_EDGE('',*,*,#4601,.T.);
#4601 = EDGE_CURVE('',#4568,#4421,#4602,.T.);
#4602 = SURFACE_CURVE('',#4603,(#4618,#4636),.PCURVE_S1.);
#4603 = B_SPLINE_CURVE_WITH_KNOTS('',7,(#4604,#4605,#4606,#4607,#4608,
    #4609,#4610,#4611,#4612,#4613,#4614,#4615,#4616,#4617),
  .UNSPECIFIED.,.F.,.F.,(8,6,8),(0.,0.652631094741,1.),.UNSPECIFIED.);
#4604 = CARTESIAN_POINT('',(17.2,27.,122.21220391326));
#4605 = CARTESIAN_POINT('',(17.20437185418,27.123869201758,
    122.89166438809));
#4606 = CARTESIAN_POINT('',(17.21033599732,27.292853257397,
    123.56703107736));
#4607 = CARTESIAN_POINT('',(17.217916429321,27.507632164087,
    124.23669217967));
#4608 = CARTESIAN_POINT('',(17.227150735329,27.769270834325,
    124.89855890415));
#4609 = CARTESIAN_POINT('',(17.238085902567,28.079100572718,
    125.55008031184));
#4610 = CARTESIAN_POINT('',(17.250776221192,28.438659600434,
    126.18825351622));
#4611 = CARTESIAN_POINT('',(17.273022499418,29.068970816855,
    127.14022607914));
#4612 = CARTESIAN_POINT('',(17.281266795466,29.302559204872,
    127.46607097468));
#4613 = CARTESIAN_POINT('',(17.290038013903,29.551077060574,
    127.78652627473));
#4614 = CARTESIAN_POINT('',(17.299346394942,29.81481452336,
    128.10094132316));
#4615 = CARTESIAN_POINT('',(17.309201682839,30.094047680444,
    128.40856873935));
#4616 = CARTESIAN_POINT('',(17.319612885081,30.389031743972,
    128.70856692928));
#4617 = CARTESIAN_POINT('',(17.330588235294,30.7,129.));
#4618 = PCURVE('',#4436,#4619);
#4619 = DEFINITIONAL_REPRESENTATION('',(#4620),#4635);
#4620 = B_SPLINE_CURVE_WITH_KNOTS('',7,(#4621,#4622,#4623,#4624,#4625,
    #4626,#4627,#4628,#4629,#4630,#4631,#4632,#4633,#4634),
  .UNSPECIFIED.,.F.,.F.,(8,6,8),(0.,0.652631094741,1.),.UNSPECIFIED.);
#4621 = CARTESIAN_POINT('',(-0.18032492714,-12.8));
#4622 = CARTESIAN_POINT('',(-0.236318500343,-12.79562814582));
#4623 = CARTESIAN_POINT('',(-0.292641525447,-12.78966400268));
#4624 = CARTESIAN_POINT('',(-0.349462212077,-12.78208357067));
#4625 = CARTESIAN_POINT('',(-0.406930931562,-12.77284926467));
#4626 = CARTESIAN_POINT('',(-0.465199922342,-12.76191409743));
#4627 = CARTESIAN_POINT('',(-0.524432368462,-12.7492237788));
#4628 = CARTESIAN_POINT('',(-0.616995328409,-12.72697750058));
#4629 = CARTESIAN_POINT('',(-0.649476753085,-12.71873320453));
#4630 = CARTESIAN_POINT('',(-0.682316338573,-12.70996198609));
#4631 = CARTESIAN_POINT('',(-0.715542403069,-12.70065360505));
#4632 = CARTESIAN_POINT('',(-0.749182302662,-12.69079831716));
#4633 = CARTESIAN_POINT('',(-0.783263629454,-12.68038711491));
#4634 = CARTESIAN_POINT('',(-0.817815657902,-12.6694117647));
#4635 = ( GEOMETRIC_REPRESENTATION_CONTEXT(2) 
PARAMETRIC_REPRESENTATION_CONTEXT() REPRESENTATION_CONTEXT('2D SPACE',''
  ) );
#4636 = PCURVE('',#3731,#4637);
#4637 = DEFINITIONAL_REPRESENTATION('',(#4638),#4653);
#4638 = B_SPLINE_CURVE_WITH_KNOTS('',7,(#4639,#4640,#4641,#4642,#4643,
    #4644,#4645,#4646,#4647,#4648,#4649,#4650,#4651,#4652),
  .UNSPECIFIED.,.F.,.F.,(8,6,8),(0.,0.652631094741,1.),.UNSPECIFIED.);
#4639 = CARTESIAN_POINT('',(-22.46220391326,-4.252646234993));
#4640 = CARTESIAN_POINT('',(-23.14166438809,-4.128699906878));
#4641 = CARTESIAN_POINT('',(-23.81703107736,-3.95961063441));
#4642 = CARTESIAN_POINT('',(-24.48669217967,-3.744697997025));
#4643 = CARTESIAN_POINT('',(-25.14855890415,-3.482896419162));
#4644 = CARTESIAN_POINT('',(-25.80008031184,-3.172873767287));
#4645 = CARTESIAN_POINT('',(-26.43825351622,-2.81309086247));
#4646 = CARTESIAN_POINT('',(-27.39022607914,-2.18238718685));
#4647 = CARTESIAN_POINT('',(-27.71607097468,-1.948653356534));
#4648 = CARTESIAN_POINT('',(-28.03652627473,-1.699980762799));
#4649 = CARTESIAN_POINT('',(-28.35094132316,-1.436079085588));
#4650 = CARTESIAN_POINT('',(-28.65856873935,-1.156672065787));
#4651 = CARTESIAN_POINT('',(-28.95856692928,-0.86150433234));
#4652 = CARTESIAN_POINT('',(-29.25,-0.55034245394));
#4653 = ( GEOMETRIC_REPRESENTATION_CONTEXT(2) 
PARAMETRIC_REPRESENTATION_CONTEXT() REPRESENTATION_CONTEXT('2D SPACE',''
  ) );
#4654 = ORIENTED_EDGE('',*,*,#4420,.F.);
#4655 = ADVANCED_FACE('',(#4656),#4555,.F.);
#4656 = FACE_BOUND('',#4657,.T.);
#4657 = EDGE_LOOP('',(#4658,#4659,#4682,#4711,#4739,#4768,#4791,#4819,
    #4844,#4943,#4971,#5070));
#4658 = ORIENTED_EDGE('',*,*,#4539,.F.);
#4659 = ORIENTED_EDGE('',*,*,#4660,.F.);
#4660 = EDGE_CURVE('',#4661,#4512,#4663,.T.);
#4661 = VERTEX_POINT('',#4662);
#4662 = CARTESIAN_POINT('',(18.8,26.8,58.75));
#4663 = SURFACE_CURVE('',#4664,(#4668,#4675),.PCURVE_S1.);
#4664 = LINE('',#4665,#4666);
#4665 = CARTESIAN_POINT('',(18.8,26.8,97.625));
#4666 = VECTOR('',#4667,1.);
#4667 = DIRECTION('',(-0.,-0.,1.));
#4668 = PCURVE('',#4555,#4669);
#4669 = DEFINITIONAL_REPRESENTATION('',(#4670),#4674);
#4670 = LINE('',#4671,#4672);
#4671 = CARTESIAN_POINT('',(-48.625,-11.2));
#4672 = VECTOR('',#4673,1.);
#4673 = DIRECTION('',(-1.,0.));
#4674 = ( GEOMETRIC_REPRESENTATION_CONTEXT(2) 
PARAMETRIC_REPRESENTATION_CONTEXT() REPRESENTATION_CONTEXT('2D SPACE',''
  ) );
#4675 = PCURVE('',#873,#4676);
#4676 = DEFINITIONAL_REPRESENTATION('',(#4677),#4681);
#4677 = LINE('',#4678,#4679);
#4678 = CARTESIAN_POINT('',(-48.625,-2.4));
#4679 = VECTOR('',#4680,1.);
#4680 = DIRECTION('',(1.,-0.));
#4681 = ( GEOMETRIC_REPRESENTATION_CONTEXT(2) 
PARAMETRIC_REPRESENTATION_CONTEXT() REPRESENTATION_CONTEXT('2D SPACE',''
  ) );
#4682 = ORIENTED_EDGE('',*,*,#4683,.F.);
#4683 = EDGE_CURVE('',#4684,#4661,#4686,.T.);
#4684 = VERTEX_POINT('',#4685);
#4685 = CARTESIAN_POINT('',(13.3,26.8,53.25));
#4686 = SURFACE_CURVE('',#4687,(#4692,#4699),.PCURVE_S1.);
#4687 = CIRCLE('',#4688,5.5);
#4688 = AXIS2_PLACEMENT_3D('',#4689,#4690,#4691);
#4689 = CARTESIAN_POINT('',(13.3,26.8,58.75));
#4690 = DIRECTION('',(0.,-1.,0.));
#4691 = DIRECTION('',(-0.,-0.,-1.));
#4692 = PCURVE('',#4555,#4693);
#4693 = DEFINITIONAL_REPRESENTATION('',(#4694),#4698);
#4694 = CIRCLE('',#4695,5.5);
#4695 = AXIS2_PLACEMENT_2D('',#4696,#4697);
#4696 = CARTESIAN_POINT('',(-9.75,-16.7));
#4697 = DIRECTION('',(1.,-0.));
#4698 = ( GEOMETRIC_REPRESENTATION_CONTEXT(2) 
PARAMETRIC_REPRESENTATION_CONTEXT() REPRESENTATION_CONTEXT('2D SPACE',''
  ) );
#4699 = PCURVE('',#4700,#4705);
#4700 = CYLINDRICAL_SURFACE('',#4701,5.5);
#4701 = AXIS2_PLACEMENT_3D('',#4702,#4703,#4704);
#4702 = CARTESIAN_POINT('',(13.3,24.4,58.75));
#4703 = DIRECTION('',(-0.,1.,-0.));
#4704 = DIRECTION('',(-0.,-0.,-1.));
#4705 = DEFINITIONAL_REPRESENTATION('',(#4706),#4710);
#4706 = LINE('',#4707,#4708);
#4707 = CARTESIAN_POINT('',(-0.,2.4));
#4708 = VECTOR('',#4709,1.);
#4709 = DIRECTION('',(-1.,0.));
#4710 = ( GEOMETRIC_REPRESENTATION_CONTEXT(2) 
PARAMETRIC_REPRESENTATION_CONTEXT() REPRESENTATION_CONTEXT('2D SPACE',''
  ) );
#4711 = ORIENTED_EDGE('',*,*,#4712,.F.);
#4712 = EDGE_CURVE('',#4713,#4684,#4715,.T.);
#4713 = VERTEX_POINT('',#4714);
#4714 = CARTESIAN_POINT('',(-13.3,26.8,53.25));
#4715 = SURFACE_CURVE('',#4716,(#4720,#4727),.PCURVE_S1.);
#4716 = LINE('',#4717,#4718);
#4717 = CARTESIAN_POINT('',(24.4,26.8,53.25));
#4718 = VECTOR('',#4719,1.);
#4719 = DIRECTION('',(1.,-0.,-0.));
#4720 = PCURVE('',#4555,#4721);
#4721 = DEFINITIONAL_REPRESENTATION('',(#4722),#4726);
#4722 = LINE('',#4723,#4724);
#4723 = CARTESIAN_POINT('',(-4.25,-5.6));
#4724 = VECTOR('',#4725,1.);
#4725 = DIRECTION('',(-0.,1.));
#4726 = ( GEOMETRIC_REPRESENTATION_CONTEXT(2) 
PARAMETRIC_REPRESENTATION_CONTEXT() REPRESENTATION_CONTEXT('2D SPACE',''
  ) );
#4727 = PCURVE('',#4728,#4733);
#4728 = PLANE('',#4729);
#4729 = AXIS2_PLACEMENT_3D('',#4730,#4731,#4732);
#4730 = CARTESIAN_POINT('',(18.8,24.4,53.25));
#4731 = DIRECTION('',(-0.,-0.,-1.));
#4732 = DIRECTION('',(1.,0.,0.));
#4733 = DEFINITIONAL_REPRESENTATION('',(#4734),#4738);
#4734 = LINE('',#4735,#4736);
#4735 = CARTESIAN_POINT('',(5.6,-2.4));
#4736 = VECTOR('',#4737,1.);
#4737 = DIRECTION('',(1.,-0.));
#4738 = ( GEOMETRIC_REPRESENTATION_CONTEXT(2) 
PARAMETRIC_REPRESENTATION_CONTEXT() REPRESENTATION_CONTEXT('2D SPACE',''
  ) );
#4739 = ORIENTED_EDGE('',*,*,#4740,.F.);
#4740 = EDGE_CURVE('',#4741,#4713,#4743,.T.);
#4741 = VERTEX_POINT('',#4742);
#4742 = CARTESIAN_POINT('',(-18.8,26.8,58.75));
#4743 = SURFACE_CURVE('',#4744,(#4749,#4756),.PCURVE_S1.);
#4744 = CIRCLE('',#4745,5.5);
#4745 = AXIS2_PLACEMENT_3D('',#4746,#4747,#4748);
#4746 = CARTESIAN_POINT('',(-13.3,26.8,58.75));
#4747 = DIRECTION('',(0.,-1.,0.));
#4748 = DIRECTION('',(-0.,-0.,-1.));
#4749 = PCURVE('',#4555,#4750);
#4750 = DEFINITIONAL_REPRESENTATION('',(#4751),#4755);
#4751 = CIRCLE('',#4752,5.5);
#4752 = AXIS2_PLACEMENT_2D('',#4753,#4754);
#4753 = CARTESIAN_POINT('',(-9.75,-43.3));
#4754 = DIRECTION('',(1.,-0.));
#4755 = ( GEOMETRIC_REPRESENTATION_CONTEXT(2) 
PARAMETRIC_REPRESENTATION_CONTEXT() REPRESENTATION_CONTEXT('2D SPACE',''
  ) );
#4756 = PCURVE('',#4757,#4762);
#4757 = CYLINDRICAL_SURFACE('',#4758,5.5);
#4758 = AXIS2_PLACEMENT_3D('',#4759,#4760,#4761);
#4759 = CARTESIAN_POINT('',(-13.3,24.4,58.75));
#4760 = DIRECTION('',(-0.,1.,-0.));
#4761 = DIRECTION('',(-0.,-0.,-1.));
#4762 = DEFINITIONAL_REPRESENTATION('',(#4763),#4767);
#4763 = LINE('',#4764,#4765);
#4764 = CARTESIAN_POINT('',(6.28318530718,2.4));
#4765 = VECTOR('',#4766,1.);
#4766 = DIRECTION('',(-1.,0.));
#4767 = ( GEOMETRIC_REPRESENTATION_CONTEXT(2) 
PARAMETRIC_REPRESENTATION_CONTEXT() REPRESENTATION_CONTEXT('2D SPACE',''
  ) );
#4768 = ORIENTED_EDGE('',*,*,#4769,.F.);
#4769 = EDGE_CURVE('',#4770,#4741,#4772,.T.);
#4770 = VERTEX_POINT('',#4771);
#4771 = CARTESIAN_POINT('',(-18.8,26.8,120.));
#4772 = SURFACE_CURVE('',#4773,(#4777,#4784),.PCURVE_S1.);
#4773 = LINE('',#4774,#4775);
#4774 = CARTESIAN_POINT('',(-18.8,26.8,51.125));
#4775 = VECTOR('',#4776,1.);
#4776 = DIRECTION('',(-0.,-0.,-1.));
#4777 = PCURVE('',#4555,#4778);
#4778 = DEFINITIONAL_REPRESENTATION('',(#4779),#4783);
#4779 = LINE('',#4780,#4781);
#4780 = CARTESIAN_POINT('',(-2.125,-48.8));
#4781 = VECTOR('',#4782,1.);
#4782 = DIRECTION('',(1.,-0.));
#4783 = ( GEOMETRIC_REPRESENTATION_CONTEXT(2) 
PARAMETRIC_REPRESENTATION_CONTEXT() REPRESENTATION_CONTEXT('2D SPACE',''
  ) );
#4784 = PCURVE('',#987,#4785);
#4785 = DEFINITIONAL_REPRESENTATION('',(#4786),#4790);
#4786 = LINE('',#4787,#4788);
#4787 = CARTESIAN_POINT('',(2.125,-2.4));
#4788 = VECTOR('',#4789,1.);
#4789 = DIRECTION('',(1.,-0.));
#4790 = ( GEOMETRIC_REPRESENTATION_CONTEXT(2) 
PARAMETRIC_REPRESENTATION_CONTEXT() REPRESENTATION_CONTEXT('2D SPACE',''
  ) );
#4791 = ORIENTED_EDGE('',*,*,#4792,.F.);
#4792 = EDGE_CURVE('',#4793,#4770,#4795,.T.);
#4793 = VERTEX_POINT('',#4794);
#4794 = CARTESIAN_POINT('',(-17.185,26.8,120.));
#4795 = SURFACE_CURVE('',#4796,(#4800,#4807),.PCURVE_S1.);
#4796 = LINE('',#4797,#4798);
#4797 = CARTESIAN_POINT('',(30.,26.8,120.));
#4798 = VECTOR('',#4799,1.);
#4799 = DIRECTION('',(-1.,-0.,-0.));
#4800 = PCURVE('',#4555,#4801);
#4801 = DEFINITIONAL_REPRESENTATION('',(#4802),#4806);
#4802 = LINE('',#4803,#4804);
#4803 = CARTESIAN_POINT('',(-71.,0.));
#4804 = VECTOR('',#4805,1.);
#4805 = DIRECTION('',(-0.,-1.));
#4806 = ( GEOMETRIC_REPRESENTATION_CONTEXT(2) 
PARAMETRIC_REPRESENTATION_CONTEXT() REPRESENTATION_CONTEXT('2D SPACE',''
  ) );
#4807 = PCURVE('',#4808,#4813);
#4808 = CYLINDRICAL_SURFACE('',#4809,12.334615384615);
#4809 = AXIS2_PLACEMENT_3D('',#4810,#4811,#4812);
#4810 = CARTESIAN_POINT('',(30.,39.134615384615,120.));
#4811 = DIRECTION('',(1.,-0.,-0.));
#4812 = DIRECTION('',(0.,-1.,-1.152111701264E-15));
#4813 = DEFINITIONAL_REPRESENTATION('',(#4814),#4818);
#4814 = LINE('',#4815,#4816);
#4815 = CARTESIAN_POINT('',(-0.,0.));
#4816 = VECTOR('',#4817,1.);
#4817 = DIRECTION('',(-0.,-1.));
#4818 = ( GEOMETRIC_REPRESENTATION_CONTEXT(2) 
PARAMETRIC_REPRESENTATION_CONTEXT() REPRESENTATION_CONTEXT('2D SPACE',''
  ) );
#4819 = ORIENTED_EDGE('',*,*,#4820,.T.);
#4820 = EDGE_CURVE('',#4793,#4821,#4823,.T.);
#4821 = VERTEX_POINT('',#4822);
#4822 = CARTESIAN_POINT('',(-17.185,26.8,59.5975));
#4823 = SURFACE_CURVE('',#4824,(#4827,#4833),.PCURVE_S1.);
#4824 = B_SPLINE_CURVE_WITH_KNOTS('',1,(#4825,#4826),.UNSPECIFIED.,.F.,
  .F.,(2,2),(0.,1.),.PIECEWISE_BEZIER_KNOTS.);
#4825 = CARTESIAN_POINT('',(-17.185,26.8,120.));
#4826 = CARTESIAN_POINT('',(-17.185,26.8,59.5975));
#4827 = PCURVE('',#4555,#4828);
#4828 = DEFINITIONAL_REPRESENTATION('',(#4829),#4832);
#4829 = B_SPLINE_CURVE_WITH_KNOTS('',1,(#4830,#4831),.UNSPECIFIED.,.F.,
  .F.,(2,2),(0.,1.),.PIECEWISE_BEZIER_KNOTS.);
#4830 = CARTESIAN_POINT('',(-71.,-47.185));
#4831 = CARTESIAN_POINT('',(-10.5975,-47.185));
#4832 = ( GEOMETRIC_REPRESENTATION_CONTEXT(2) 
PARAMETRIC_REPRESENTATION_CONTEXT() REPRESENTATION_CONTEXT('2D SPACE',''
  ) );
#4833 = PCURVE('',#4834,#4839);
#4834 = PLANE('',#4835);
#4835 = AXIS2_PLACEMENT_3D('',#4836,#4837,#4838);
#4836 = CARTESIAN_POINT('',(-17.05,25.,99.75));
#4837 = DIRECTION('',(-0.997199309888,-7.478994824163E-02,
    -1.083884182621E-19));
#4838 = DIRECTION('',(-5.737306827403E-19,6.200504660467E-18,1.));
#4839 = DEFINITIONAL_REPRESENTATION('',(#4840),#4843);
#4840 = B_SPLINE_CURVE_WITH_KNOTS('',1,(#4841,#4842),.UNSPECIFIED.,.F.,
  .F.,(2,2),(0.,1.),.PIECEWISE_BEZIER_KNOTS.);
#4841 = CARTESIAN_POINT('',(20.25,1.805055400812));
#4842 = CARTESIAN_POINT('',(-40.1525,1.805055400812));
#4843 = ( GEOMETRIC_REPRESENTATION_CONTEXT(2) 
PARAMETRIC_REPRESENTATION_CONTEXT() REPRESENTATION_CONTEXT('2D SPACE',''
  ) );
#4844 = ORIENTED_EDGE('',*,*,#4845,.T.);
#4845 = EDGE_CURVE('',#4821,#4846,#4848,.T.);
#4846 = VERTEX_POINT('',#4847);
#4847 = CARTESIAN_POINT('',(-12.6,26.8,55.0125));
#4848 = SURFACE_CURVE('',#4849,(#4872,#4898),.PCURVE_S1.);
#4849 = B_SPLINE_CURVE_WITH_KNOTS('',6,(#4850,#4851,#4852,#4853,#4854,
    #4855,#4856,#4857,#4858,#4859,#4860,#4861,#4862,#4863,#4864,#4865,
    #4866,#4867,#4868,#4869,#4870,#4871),.UNSPECIFIED.,.F.,.F.,(7,5,5,5,
    7),(0.,0.250999938742,0.49999999941,0.7499999999,1.),.UNSPECIFIED.);
#4850 = CARTESIAN_POINT('',(-17.185,26.8,59.5975));
#4851 = CARTESIAN_POINT('',(-17.185,26.8,59.296216810822));
#4852 = CARTESIAN_POINT('',(-17.16124294937,26.8,58.994916506201));
#4853 = CARTESIAN_POINT('',(-17.11372402674,26.8,58.695978558373));
#4854 = CARTESIAN_POINT('',(-17.04276491147,26.8,58.401722294494));
#4855 = CARTESIAN_POINT('',(-16.94895948954,26.8,58.114412690359));
#4856 = CARTESIAN_POINT('',(-16.71841525931,26.8,57.560293179412));
#4857 = CARTESIAN_POINT('',(-16.58201170431,26.8,57.293307456304));
#4858 = CARTESIAN_POINT('',(-16.42490346637,26.8,57.03743365542));
#4859 = CARTESIAN_POINT('',(-16.24824802748,26.8,56.794643096318));
#4860 = CARTESIAN_POINT('',(-16.05342655953,26.8,56.566757376543));
#4861 = CARTESIAN_POINT('',(-15.62989391181,26.8,56.143224728823));
#4862 = CARTESIAN_POINT('',(-15.40102619927,26.8,55.947687362142));
#4863 = CARTESIAN_POINT('',(-15.15714036188,26.8,55.770468991708));
#4864 = CARTESIAN_POINT('',(-14.90008086594,26.8,55.612966392387));
#4865 = CARTESIAN_POINT('',(-14.63184401356,26.8,55.476349105233));
#4866 = CARTESIAN_POINT('',(-14.07736304701,26.8,55.246675567522));
#4867 = CARTESIAN_POINT('',(-13.79108794579,26.8,55.15360648286));
#4868 = CARTESIAN_POINT('',(-13.4979482825,26.8,55.083209126825));
#4869 = CARTESIAN_POINT('',(-13.20018264125,26.8,55.036068139672));
#4870 = CARTESIAN_POINT('',(-12.90008293115,26.8,55.0125));
#4871 = CARTESIAN_POINT('',(-12.6,26.8,55.0125));
#4872 = PCURVE('',#4555,#4873);
#4873 = DEFINITIONAL_REPRESENTATION('',(#4874),#4897);
#4874 = B_SPLINE_CURVE_WITH_KNOTS('',6,(#4875,#4876,#4877,#4878,#4879,
    #4880,#4881,#4882,#4883,#4884,#4885,#4886,#4887,#4888,#4889,#4890,
    #4891,#4892,#4893,#4894,#4895,#4896),.UNSPECIFIED.,.F.,.F.,(7,5,5,5,
    7),(0.,0.250999938742,0.49999999941,0.7499999999,1.),.UNSPECIFIED.);
#4875 = CARTESIAN_POINT('',(-10.5975,-47.185));
#4876 = CARTESIAN_POINT('',(-10.29621681082,-47.185));
#4877 = CARTESIAN_POINT('',(-9.994916506201,-47.16124294937));
#4878 = CARTESIAN_POINT('',(-9.695978558373,-47.11372402674));
#4879 = CARTESIAN_POINT('',(-9.401722294494,-47.04276491147));
#4880 = CARTESIAN_POINT('',(-9.114412690359,-46.94895948954));
#4881 = CARTESIAN_POINT('',(-8.560293179412,-46.71841525931));
#4882 = CARTESIAN_POINT('',(-8.293307456304,-46.58201170431));
#4883 = CARTESIAN_POINT('',(-8.03743365542,-46.42490346637));
#4884 = CARTESIAN_POINT('',(-7.794643096318,-46.24824802748));
#4885 = CARTESIAN_POINT('',(-7.566757376543,-46.05342655953));
#4886 = CARTESIAN_POINT('',(-7.143224728823,-45.62989391181));
#4887 = CARTESIAN_POINT('',(-6.947687362142,-45.40102619927));
#4888 = CARTESIAN_POINT('',(-6.770468991708,-45.15714036188));
#4889 = CARTESIAN_POINT('',(-6.612966392387,-44.90008086594));
#4890 = CARTESIAN_POINT('',(-6.476349105233,-44.63184401356));
#4891 = CARTESIAN_POINT('',(-6.246675567522,-44.07736304701));
#4892 = CARTESIAN_POINT('',(-6.15360648286,-43.79108794579));
#4893 = CARTESIAN_POINT('',(-6.083209126825,-43.4979482825));
#4894 = CARTESIAN_POINT('',(-6.036068139672,-43.20018264125));
#4895 = CARTESIAN_POINT('',(-6.0125,-42.90008293115));
#4896 = CARTESIAN_POINT('',(-6.0125,-42.6));
#4897 = ( GEOMETRIC_REPRESENTATION_CONTEXT(2) 
PARAMETRIC_REPRESENTATION_CONTEXT() REPRESENTATION_CONTEXT('2D SPACE',''
  ) );
#4898 = PCURVE('',#4899,#4918);
#4899 = B_SPLINE_SURFACE_WITH_KNOTS('',8,1,(
    (#4900,#4901)
    ,(#4902,#4903)
    ,(#4904,#4905)
    ,(#4906,#4907)
    ,(#4908,#4909)
    ,(#4910,#4911)
    ,(#4912,#4913)
    ,(#4914,#4915)
    ,(#4916,#4917
    )),.UNSPECIFIED.,.F.,.F.,.F.,(9,9),(2,2),(3.14159265359,
    4.712388980385),(0.,1.),.PIECEWISE_BEZIER_KNOTS.);
#4900 = CARTESIAN_POINT('',(-12.6,23.,55.25));
#4901 = CARTESIAN_POINT('',(-12.6,27.,55.));
#4902 = CARTESIAN_POINT('',(-13.44430302565,23.,55.250000000001));
#4903 = CARTESIAN_POINT('',(-13.5032078879,27.,54.999999999999));
#4904 = CARTESIAN_POINT('',(-14.28860631706,22.999999999999,
    55.43946139253));
#4905 = CARTESIAN_POINT('',(-14.40641606012,27.000000000001,
    55.202679629224));
#4906 = CARTESIAN_POINT('',(-15.08330690764,23.000000000002,
    55.818382316758));
#4907 = CARTESIAN_POINT('',(-15.25656087794,26.999999999998,
    55.608036896988));
#4908 = CARTESIAN_POINT('',(-15.77881264985,22.999999999998,
    56.371187350141));
#4909 = CARTESIAN_POINT('',(-16.00059027658,27.000000000002,
    56.199409723416));
#4910 = CARTESIAN_POINT('',(-16.33161768324,23.000000000002,
    57.066693092364));
#4911 = CARTESIAN_POINT('',(-16.591963103,26.999999999999,
    56.943439122056));
#4912 = CARTESIAN_POINT('',(-16.71053860746,22.999999999999,
    57.86139368293));
#4913 = CARTESIAN_POINT('',(-16.99732037077,27.000000000001,
    57.793583939882));
#4914 = CARTESIAN_POINT('',(-16.9,23.,58.705696974348));
#4915 = CARTESIAN_POINT('',(-17.2,27.,58.696792112092));
#4916 = CARTESIAN_POINT('',(-16.9,23.,59.55));
#4917 = CARTESIAN_POINT('',(-17.2,27.,59.6));
#4918 = DEFINITIONAL_REPRESENTATION('',(#4919),#4942);
#4919 = B_SPLINE_CURVE_WITH_KNOTS('',6,(#4920,#4921,#4922,#4923,#4924,
    #4925,#4926,#4927,#4928,#4929,#4930,#4931,#4932,#4933,#4934,#4935,
    #4936,#4937,#4938,#4939,#4940,#4941),.UNSPECIFIED.,.F.,.F.,(7,5,5,5,
    7),(0.,0.250999938742,0.49999999941,0.7499999999,1.),.UNSPECIFIED.);
#4920 = CARTESIAN_POINT('',(4.712388980385,0.95));
#4921 = CARTESIAN_POINT('',(4.646678361153,0.95));
#4922 = CARTESIAN_POINT('',(4.58096405068,0.95));
#4923 = CARTESIAN_POINT('',(4.515254042578,0.95));
#4924 = CARTESIAN_POINT('',(4.449544039597,0.95));
#4925 = CARTESIAN_POINT('',(4.383829722289,0.95));
#4926 = CARTESIAN_POINT('',(4.252932041235,0.95));
#4927 = CARTESIAN_POINT('',(4.187741428393,0.95));
#4928 = CARTESIAN_POINT('',(4.122554963624,0.95));
#4929 = CARTESIAN_POINT('',(4.057368496312,0.95));
#4930 = CARTESIAN_POINT('',(3.992177880108,0.95));
#4931 = CARTESIAN_POINT('',(3.86154197425,0.95));
#4932 = CARTESIAN_POINT('',(3.796089507146,0.95));
#4933 = CARTESIAN_POINT('',(3.73064127218,0.95));
#4934 = CARTESIAN_POINT('',(3.665193039787,0.95));
#4935 = CARTESIAN_POINT('',(3.59974057605,0.95));
#4936 = CARTESIAN_POINT('',(3.468842894629,0.95));
#4937 = CARTESIAN_POINT('',(3.403390429002,0.95));
#4938 = CARTESIAN_POINT('',(3.337942193155,0.95));
#4939 = CARTESIAN_POINT('',(3.272493952332,0.95));
#4940 = CARTESIAN_POINT('',(3.207041493537,0.95));
#4941 = CARTESIAN_POINT('',(3.14159265359,0.95));
#4942 = ( GEOMETRIC_REPRESENTATION_CONTEXT(2) 
PARAMETRIC_REPRESENTATION_CONTEXT() REPRESENTATION_CONTEXT('2D SPACE',''
  ) );
#4943 = ORIENTED_EDGE('',*,*,#4944,.T.);
#4944 = EDGE_CURVE('',#4846,#4945,#4947,.T.);
#4945 = VERTEX_POINT('',#4946);
#4946 = CARTESIAN_POINT('',(12.6,26.8,55.0125));
#4947 = SURFACE_CURVE('',#4948,(#4952,#4959),.PCURVE_S1.);
#4948 = LINE('',#4949,#4950);
#4949 = CARTESIAN_POINT('',(23.6,26.8,55.0125));
#4950 = VECTOR('',#4951,1.);
#4951 = DIRECTION('',(1.,-0.,0.));
#4952 = PCURVE('',#4555,#4953);
#4953 = DEFINITIONAL_REPRESENTATION('',(#4954),#4958);
#4954 = LINE('',#4955,#4956);
#4955 = CARTESIAN_POINT('',(-6.0125,-6.4));
#4956 = VECTOR('',#4957,1.);
#4957 = DIRECTION('',(-0.,1.));
#4958 = ( GEOMETRIC_REPRESENTATION_CONTEXT(2) 
PARAMETRIC_REPRESENTATION_CONTEXT() REPRESENTATION_CONTEXT('2D SPACE',''
  ) );
#4959 = PCURVE('',#4960,#4965);
#4960 = PLANE('',#4961);
#4961 = AXIS2_PLACEMENT_3D('',#4962,#4963,#4964);
#4962 = CARTESIAN_POINT('',(17.2,27.,55.));
#4963 = DIRECTION('',(-0.,6.237828615518E-02,0.998052578483));
#4964 = DIRECTION('',(1.,0.,0.));
#4965 = DEFINITIONAL_REPRESENTATION('',(#4966),#4970);
#4966 = LINE('',#4967,#4968);
#4967 = CARTESIAN_POINT('',(6.4,-0.200390244274));
#4968 = VECTOR('',#4969,1.);
#4969 = DIRECTION('',(1.,-0.));
#4970 = ( GEOMETRIC_REPRESENTATION_CONTEXT(2) 
PARAMETRIC_REPRESENTATION_CONTEXT() REPRESENTATION_CONTEXT('2D SPACE',''
  ) );
#4971 = ORIENTED_EDGE('',*,*,#4972,.T.);
#4972 = EDGE_CURVE('',#4945,#4973,#4975,.T.);
#4973 = VERTEX_POINT('',#4974);
#4974 = CARTESIAN_POINT('',(17.185,26.8,59.5975));
#4975 = SURFACE_CURVE('',#4976,(#4999,#5025),.PCURVE_S1.);
#4976 = B_SPLINE_CURVE_WITH_KNOTS('',6,(#4977,#4978,#4979,#4980,#4981,
    #4982,#4983,#4984,#4985,#4986,#4987,#4988,#4989,#4990,#4991,#4992,
    #4993,#4994,#4995,#4996,#4997,#4998),.UNSPECIFIED.,.F.,.F.,(7,5,5,5,
    7),(0.,0.25199987678,0.500999938014,0.749999999307,1.),
  .UNSPECIFIED.);
#4977 = CARTESIAN_POINT('',(12.6,26.8,55.0125));
#4978 = CARTESIAN_POINT('',(12.902483445742,26.8,55.0125));
#4979 = CARTESIAN_POINT('',(13.204984348789,26.8,55.036446715445));
#4980 = CARTESIAN_POINT('',(13.505094377403,26.8,55.084345083546));
#4981 = CARTESIAN_POINT('',(13.800466571201,26.8,55.155868159106));
#4982 = CARTESIAN_POINT('',(14.088809362708,26.8,55.250412703158));
#4983 = CARTESIAN_POINT('',(14.643673496172,26.8,55.482289857329));
#4984 = CARTESIAN_POINT('',(14.910444627761,26.8,55.619112624051));
#4985 = CARTESIAN_POINT('',(15.166071328041,26.8,55.776622593533));
#4986 = CARTESIAN_POINT('',(15.408584097986,26.8,55.953659188799));
#4987 = CARTESIAN_POINT('',(15.636163511864,26.8,56.148838378283));
#4988 = CARTESIAN_POINT('',(16.058182976369,26.8,56.572185743006));
#4989 = CARTESIAN_POINT('',(16.25264624208,26.8,56.800377206391));
#4990 = CARTESIAN_POINT('',(16.428920088717,26.8,57.043444955588));
#4991 = CARTESIAN_POINT('',(16.585626207466,26.8,57.299565225731));
#4992 = CARTESIAN_POINT('',(16.721610214184,26.8,57.566764881599));
#4993 = CARTESIAN_POINT('',(16.950824432478,26.8,58.120136952987));
#4994 = CARTESIAN_POINT('',(17.04389351714,26.8,58.4064120542));
#4995 = CARTESIAN_POINT('',(17.114290873175,26.8,58.699551717498));
#4996 = CARTESIAN_POINT('',(17.161431860328,26.8,58.997317358745));
#4997 = CARTESIAN_POINT('',(17.185,26.8,59.297417068843));
#4998 = CARTESIAN_POINT('',(17.185,26.8,59.5975));
#4999 = PCURVE('',#4555,#5000);
#5000 = DEFINITIONAL_REPRESENTATION('',(#5001),#5024);
#5001 = B_SPLINE_CURVE_WITH_KNOTS('',6,(#5002,#5003,#5004,#5005,#5006,
    #5007,#5008,#5009,#5010,#5011,#5012,#5013,#5014,#5015,#5016,#5017,
    #5018,#5019,#5020,#5021,#5022,#5023),.UNSPECIFIED.,.F.,.F.,(7,5,5,5,
    7),(0.,0.25199987678,0.500999938014,0.749999999307,1.),
  .UNSPECIFIED.);
#5002 = CARTESIAN_POINT('',(-6.0125,-17.4));
#5003 = CARTESIAN_POINT('',(-6.0125,-17.09751655425));
#5004 = CARTESIAN_POINT('',(-6.036446715445,-16.79501565121));
#5005 = CARTESIAN_POINT('',(-6.084345083546,-16.49490562259));
#5006 = CARTESIAN_POINT('',(-6.155868159106,-16.19953342879));
#5007 = CARTESIAN_POINT('',(-6.250412703158,-15.91119063729));
#5008 = CARTESIAN_POINT('',(-6.482289857329,-15.35632650382));
#5009 = CARTESIAN_POINT('',(-6.619112624051,-15.08955537223));
#5010 = CARTESIAN_POINT('',(-6.776622593533,-14.83392867195));
#5011 = CARTESIAN_POINT('',(-6.953659188799,-14.59141590201));
#5012 = CARTESIAN_POINT('',(-7.148838378283,-14.36383648813));
#5013 = CARTESIAN_POINT('',(-7.572185743006,-13.94181702363));
#5014 = CARTESIAN_POINT('',(-7.800377206391,-13.74735375792));
#5015 = CARTESIAN_POINT('',(-8.043444955588,-13.57107991128));
#5016 = CARTESIAN_POINT('',(-8.299565225731,-13.41437379253));
#5017 = CARTESIAN_POINT('',(-8.566764881599,-13.27838978581));
#5018 = CARTESIAN_POINT('',(-9.120136952987,-13.04917556752));
#5019 = CARTESIAN_POINT('',(-9.4064120542,-12.95610648286));
#5020 = CARTESIAN_POINT('',(-9.699551717498,-12.88570912682));
#5021 = CARTESIAN_POINT('',(-9.997317358745,-12.83856813967));
#5022 = CARTESIAN_POINT('',(-10.29741706884,-12.815));
#5023 = CARTESIAN_POINT('',(-10.5975,-12.815));
#5024 = ( GEOMETRIC_REPRESENTATION_CONTEXT(2) 
PARAMETRIC_REPRESENTATION_CONTEXT() REPRESENTATION_CONTEXT('2D SPACE',''
  ) );
#5025 = PCURVE('',#5026,#5045);
#5026 = B_SPLINE_SURFACE_WITH_KNOTS('',8,1,(
    (#5027,#5028)
    ,(#5029,#5030)
    ,(#5031,#5032)
    ,(#5033,#5034)
    ,(#5035,#5036)
    ,(#5037,#5038)
    ,(#5039,#5040)
    ,(#5041,#5042)
    ,(#5043,#5044
    )),.UNSPECIFIED.,.F.,.F.,.F.,(9,9),(2,2),(1.570796326795,
    3.14159265359),(0.,1.),.PIECEWISE_BEZIER_KNOTS.);
#5027 = CARTESIAN_POINT('',(16.9,23.,59.55));
#5028 = CARTESIAN_POINT('',(17.2,27.,59.6));
#5029 = CARTESIAN_POINT('',(16.9,23.,58.705696974347));
#5030 = CARTESIAN_POINT('',(17.2,27.,58.696792112093));
#5031 = CARTESIAN_POINT('',(16.710538607467,23.000000000001,
    57.861393682933));
#5032 = CARTESIAN_POINT('',(16.997320370778,27.,57.793583939881));
#5033 = CARTESIAN_POINT('',(16.331617683247,22.999999999999,
    57.066693092357));
#5034 = CARTESIAN_POINT('',(16.591963103009,27.,56.943439122059));
#5035 = CARTESIAN_POINT('',(15.778812649854,23.000000000001,
    56.371187350149));
#5036 = CARTESIAN_POINT('',(16.000590276587,27.,56.199409723412));
#5037 = CARTESIAN_POINT('',(15.08330690764,22.999999999999,
    55.818382316751));
#5038 = CARTESIAN_POINT('',(15.256560877941,27.,55.608036896991));
#5039 = CARTESIAN_POINT('',(14.288606317068,23.,55.439461392534));
#5040 = CARTESIAN_POINT('',(14.406416060119,27.,55.202679629222));
#5041 = CARTESIAN_POINT('',(13.444303025652,23.,55.25));
#5042 = CARTESIAN_POINT('',(13.503207887907,27.,55.));
#5043 = CARTESIAN_POINT('',(12.6,23.,55.25));
#5044 = CARTESIAN_POINT('',(12.6,27.,55.));
#5045 = DEFINITIONAL_REPRESENTATION('',(#5046),#5069);
#5046 = B_SPLINE_CURVE_WITH_KNOTS('',6,(#5047,#5048,#5049,#5050,#5051,
    #5052,#5053,#5054,#5055,#5056,#5057,#5058,#5059,#5060,#5061,#5062,
    #5063,#5064,#5065,#5066,#5067,#5068),.UNSPECIFIED.,.F.,.F.,(7,5,5,5,
    7),(0.,0.25199987678,0.500999938014,0.749999999307,1.),
  .UNSPECIFIED.);
#5047 = CARTESIAN_POINT('',(3.14159265359,0.95));
#5048 = CARTESIAN_POINT('',(3.075620255391,0.95));
#5049 = CARTESIAN_POINT('',(3.009644092411,0.95));
#5050 = CARTESIAN_POINT('',(2.943672317541,0.95));
#5051 = CARTESIAN_POINT('',(2.877700547937,0.95));
#5052 = CARTESIAN_POINT('',(2.81172437812,0.95));
#5053 = CARTESIAN_POINT('',(2.680564918151,0.95));
#5054 = CARTESIAN_POINT('',(2.615374305331,0.95));
#5055 = CARTESIAN_POINT('',(2.550187840541,0.95));
#5056 = CARTESIAN_POINT('',(2.485001373195,0.95));
#5057 = CARTESIAN_POINT('',(2.419810756978,0.95));
#5058 = CARTESIAN_POINT('',(2.289436630738,0.95));
#5059 = CARTESIAN_POINT('',(2.224246014547,0.95));
#5060 = CARTESIAN_POINT('',(2.159059547268,0.95));
#5061 = CARTESIAN_POINT('',(2.09387308252,0.95));
#5062 = CARTESIAN_POINT('',(2.028682469656,0.95));
#5063 = CARTESIAN_POINT('',(1.898046567834,0.95));
#5064 = CARTESIAN_POINT('',(1.832594102207,0.95));
#5065 = CARTESIAN_POINT('',(1.76714586636,0.95));
#5066 = CARTESIAN_POINT('',(1.701697625537,0.95));
#5067 = CARTESIAN_POINT('',(1.636245166742,0.95));
#5068 = CARTESIAN_POINT('',(1.570796326795,0.95));
#5069 = ( GEOMETRIC_REPRESENTATION_CONTEXT(2) 
PARAMETRIC_REPRESENTATION_CONTEXT() REPRESENTATION_CONTEXT('2D SPACE',''
  ) );
#5070 = ORIENTED_EDGE('',*,*,#5071,.T.);
#5071 = EDGE_CURVE('',#4973,#4540,#5072,.T.);
#5072 = SURFACE_CURVE('',#5073,(#5076,#5082),.PCURVE_S1.);
#5073 = B_SPLINE_CURVE_WITH_KNOTS('',1,(#5074,#5075),.UNSPECIFIED.,.F.,
  .F.,(2,2),(0.,1.),.PIECEWISE_BEZIER_KNOTS.);
#5074 = CARTESIAN_POINT('',(17.185,26.8,59.5975));
#5075 = CARTESIAN_POINT('',(17.185,26.8,120.));
#5076 = PCURVE('',#4555,#5077);
#5077 = DEFINITIONAL_REPRESENTATION('',(#5078),#5081);
#5078 = B_SPLINE_CURVE_WITH_KNOTS('',1,(#5079,#5080),.UNSPECIFIED.,.F.,
  .F.,(2,2),(0.,1.),.PIECEWISE_BEZIER_KNOTS.);
#5079 = CARTESIAN_POINT('',(-10.5975,-12.815));
#5080 = CARTESIAN_POINT('',(-71.,-12.815));
#5081 = ( GEOMETRIC_REPRESENTATION_CONTEXT(2) 
PARAMETRIC_REPRESENTATION_CONTEXT() REPRESENTATION_CONTEXT('2D SPACE',''
  ) );
#5082 = PCURVE('',#4587,#5083);
#5083 = DEFINITIONAL_REPRESENTATION('',(#5084),#5087);
#5084 = B_SPLINE_CURVE_WITH_KNOTS('',1,(#5085,#5086),.UNSPECIFIED.,.F.,
  .F.,(2,2),(0.,1.),.PIECEWISE_BEZIER_KNOTS.);
#5085 = CARTESIAN_POINT('',(40.1525,1.805055400812));
#5086 = CARTESIAN_POINT('',(-20.25,1.805055400812));
#5087 = ( GEOMETRIC_REPRESENTATION_CONTEXT(2) 
PARAMETRIC_REPRESENTATION_CONTEXT() REPRESENTATION_CONTEXT('2D SPACE',''
  ) );
#5088 = ADVANCED_FACE('',(#5089),#4700,.T.);
#5089 = FACE_BOUND('',#5090,.F.);
#5090 = EDGE_LOOP('',(#5091,#5114,#5138,#5159));
#5091 = ORIENTED_EDGE('',*,*,#5092,.F.);
#5092 = EDGE_CURVE('',#5093,#4684,#5095,.T.);
#5093 = VERTEX_POINT('',#5094);
#5094 = CARTESIAN_POINT('',(13.3,26.45,53.25));
#5095 = SURFACE_CURVE('',#5096,(#5100,#5107),.PCURVE_S1.);
#5096 = LINE('',#5097,#5098);
#5097 = CARTESIAN_POINT('',(13.3,24.4,53.25));
#5098 = VECTOR('',#5099,1.);
#5099 = DIRECTION('',(-0.,1.,-0.));
#5100 = PCURVE('',#4700,#5101);
#5101 = DEFINITIONAL_REPRESENTATION('',(#5102),#5106);
#5102 = LINE('',#5103,#5104);
#5103 = CARTESIAN_POINT('',(-0.,0.));
#5104 = VECTOR('',#5105,1.);
#5105 = DIRECTION('',(-0.,1.));
#5106 = ( GEOMETRIC_REPRESENTATION_CONTEXT(2) 
PARAMETRIC_REPRESENTATION_CONTEXT() REPRESENTATION_CONTEXT('2D SPACE',''
  ) );
#5107 = PCURVE('',#4728,#5108);
#5108 = DEFINITIONAL_REPRESENTATION('',(#5109),#5113);
#5109 = LINE('',#5110,#5111);
#5110 = CARTESIAN_POINT('',(-5.5,0.));
#5111 = VECTOR('',#5112,1.);
#5112 = DIRECTION('',(-0.,-1.));
#5113 = ( GEOMETRIC_REPRESENTATION_CONTEXT(2) 
PARAMETRIC_REPRESENTATION_CONTEXT() REPRESENTATION_CONTEXT('2D SPACE',''
  ) );
#5114 = ORIENTED_EDGE('',*,*,#5115,.T.);
#5115 = EDGE_CURVE('',#5093,#5116,#5118,.T.);
#5116 = VERTEX_POINT('',#5117);
#5117 = CARTESIAN_POINT('',(18.8,26.45,58.75));
#5118 = SURFACE_CURVE('',#5119,(#5124,#5131),.PCURVE_S1.);
#5119 = CIRCLE('',#5120,5.5);
#5120 = AXIS2_PLACEMENT_3D('',#5121,#5122,#5123);
#5121 = CARTESIAN_POINT('',(13.3,26.45,58.75));
#5122 = DIRECTION('',(0.,-1.,0.));
#5123 = DIRECTION('',(-0.,-0.,-1.));
#5124 = PCURVE('',#4700,#5125);
#5125 = DEFINITIONAL_REPRESENTATION('',(#5126),#5130);
#5126 = LINE('',#5127,#5128);
#5127 = CARTESIAN_POINT('',(-0.,2.05));
#5128 = VECTOR('',#5129,1.);
#5129 = DIRECTION('',(-1.,0.));
#5130 = ( GEOMETRIC_REPRESENTATION_CONTEXT(2) 
PARAMETRIC_REPRESENTATION_CONTEXT() REPRESENTATION_CONTEXT('2D SPACE',''
  ) );
#5131 = PCURVE('',#387,#5132);
#5132 = DEFINITIONAL_REPRESENTATION('',(#5133),#5137);
#5133 = CIRCLE('',#5134,5.5);
#5134 = AXIS2_PLACEMENT_2D('',#5135,#5136);
#5135 = CARTESIAN_POINT('',(-9.75,-16.7));
#5136 = DIRECTION('',(1.,-0.));
#5137 = ( GEOMETRIC_REPRESENTATION_CONTEXT(2) 
PARAMETRIC_REPRESENTATION_CONTEXT() REPRESENTATION_CONTEXT('2D SPACE',''
  ) );
#5138 = ORIENTED_EDGE('',*,*,#5139,.T.);
#5139 = EDGE_CURVE('',#5116,#4661,#5140,.T.);
#5140 = SURFACE_CURVE('',#5141,(#5145,#5152),.PCURVE_S1.);
#5141 = LINE('',#5142,#5143);
#5142 = CARTESIAN_POINT('',(18.8,24.4,58.75));
#5143 = VECTOR('',#5144,1.);
#5144 = DIRECTION('',(-0.,1.,-0.));
#5145 = PCURVE('',#4700,#5146);
#5146 = DEFINITIONAL_REPRESENTATION('',(#5147),#5151);
#5147 = LINE('',#5148,#5149);
#5148 = CARTESIAN_POINT('',(-1.570796326795,0.));
#5149 = VECTOR('',#5150,1.);
#5150 = DIRECTION('',(-0.,1.));
#5151 = ( GEOMETRIC_REPRESENTATION_CONTEXT(2) 
PARAMETRIC_REPRESENTATION_CONTEXT() REPRESENTATION_CONTEXT('2D SPACE',''
  ) );
#5152 = PCURVE('',#873,#5153);
#5153 = DEFINITIONAL_REPRESENTATION('',(#5154),#5158);
#5154 = LINE('',#5155,#5156);
#5155 = CARTESIAN_POINT('',(-87.5,0.));
#5156 = VECTOR('',#5157,1.);
#5157 = DIRECTION('',(-0.,-1.));
#5158 = ( GEOMETRIC_REPRESENTATION_CONTEXT(2) 
PARAMETRIC_REPRESENTATION_CONTEXT() REPRESENTATION_CONTEXT('2D SPACE',''
  ) );
#5159 = ORIENTED_EDGE('',*,*,#4683,.F.);
#5160 = ADVANCED_FACE('',(#5161),#4728,.T.);
#5161 = FACE_BOUND('',#5162,.F.);
#5162 = EDGE_LOOP('',(#5163,#5186,#5187,#5188));
#5163 = ORIENTED_EDGE('',*,*,#5164,.F.);
#5164 = EDGE_CURVE('',#5093,#5165,#5167,.T.);
#5165 = VERTEX_POINT('',#5166);
#5166 = CARTESIAN_POINT('',(-13.3,26.45,53.25));
#5167 = SURFACE_CURVE('',#5168,(#5172,#5179),.PCURVE_S1.);
#5168 = LINE('',#5169,#5170);
#5169 = CARTESIAN_POINT('',(24.4,26.45,53.25));
#5170 = VECTOR('',#5171,1.);
#5171 = DIRECTION('',(-1.,-0.,-0.));
#5172 = PCURVE('',#4728,#5173);
#5173 = DEFINITIONAL_REPRESENTATION('',(#5174),#5178);
#5174 = LINE('',#5175,#5176);
#5175 = CARTESIAN_POINT('',(5.6,-2.05));
#5176 = VECTOR('',#5177,1.);
#5177 = DIRECTION('',(-1.,0.));
#5178 = ( GEOMETRIC_REPRESENTATION_CONTEXT(2) 
PARAMETRIC_REPRESENTATION_CONTEXT() REPRESENTATION_CONTEXT('2D SPACE',''
  ) );
#5179 = PCURVE('',#387,#5180);
#5180 = DEFINITIONAL_REPRESENTATION('',(#5181),#5185);
#5181 = LINE('',#5182,#5183);
#5182 = CARTESIAN_POINT('',(-4.25,-5.6));
#5183 = VECTOR('',#5184,1.);
#5184 = DIRECTION('',(-0.,-1.));
#5185 = ( GEOMETRIC_REPRESENTATION_CONTEXT(2) 
PARAMETRIC_REPRESENTATION_CONTEXT() REPRESENTATION_CONTEXT('2D SPACE',''
  ) );
#5186 = ORIENTED_EDGE('',*,*,#5092,.T.);
#5187 = ORIENTED_EDGE('',*,*,#4712,.F.);
#5188 = ORIENTED_EDGE('',*,*,#5189,.F.);
#5189 = EDGE_CURVE('',#5165,#4713,#5190,.T.);
#5190 = SURFACE_CURVE('',#5191,(#5195,#5202),.PCURVE_S1.);
#5191 = LINE('',#5192,#5193);
#5192 = CARTESIAN_POINT('',(-13.3,24.4,53.25));
#5193 = VECTOR('',#5194,1.);
#5194 = DIRECTION('',(-0.,1.,-0.));
#5195 = PCURVE('',#4728,#5196);
#5196 = DEFINITIONAL_REPRESENTATION('',(#5197),#5201);
#5197 = LINE('',#5198,#5199);
#5198 = CARTESIAN_POINT('',(-32.1,0.));
#5199 = VECTOR('',#5200,1.);
#5200 = DIRECTION('',(-0.,-1.));
#5201 = ( GEOMETRIC_REPRESENTATION_CONTEXT(2) 
PARAMETRIC_REPRESENTATION_CONTEXT() REPRESENTATION_CONTEXT('2D SPACE',''
  ) );
#5202 = PCURVE('',#4757,#5203);
#5203 = DEFINITIONAL_REPRESENTATION('',(#5204),#5208);
#5204 = LINE('',#5205,#5206);
#5205 = CARTESIAN_POINT('',(0.,0.));
#5206 = VECTOR('',#5207,1.);
#5207 = DIRECTION('',(0.,1.));
#5208 = ( GEOMETRIC_REPRESENTATION_CONTEXT(2) 
PARAMETRIC_REPRESENTATION_CONTEXT() REPRESENTATION_CONTEXT('2D SPACE',''
  ) );
#5209 = ADVANCED_FACE('',(#5210),#4757,.T.);
#5210 = FACE_BOUND('',#5211,.T.);
#5211 = EDGE_LOOP('',(#5212,#5213,#5237,#5258));
#5212 = ORIENTED_EDGE('',*,*,#5189,.F.);
#5213 = ORIENTED_EDGE('',*,*,#5214,.F.);
#5214 = EDGE_CURVE('',#5215,#5165,#5217,.T.);
#5215 = VERTEX_POINT('',#5216);
#5216 = CARTESIAN_POINT('',(-18.8,26.45,58.75));
#5217 = SURFACE_CURVE('',#5218,(#5223,#5230),.PCURVE_S1.);
#5218 = CIRCLE('',#5219,5.5);
#5219 = AXIS2_PLACEMENT_3D('',#5220,#5221,#5222);
#5220 = CARTESIAN_POINT('',(-13.3,26.45,58.75));
#5221 = DIRECTION('',(0.,-1.,0.));
#5222 = DIRECTION('',(-0.,-0.,-1.));
#5223 = PCURVE('',#4757,#5224);
#5224 = DEFINITIONAL_REPRESENTATION('',(#5225),#5229);
#5225 = LINE('',#5226,#5227);
#5226 = CARTESIAN_POINT('',(6.28318530718,2.05));
#5227 = VECTOR('',#5228,1.);
#5228 = DIRECTION('',(-1.,0.));
#5229 = ( GEOMETRIC_REPRESENTATION_CONTEXT(2) 
PARAMETRIC_REPRESENTATION_CONTEXT() REPRESENTATION_CONTEXT('2D SPACE',''
  ) );
#5230 = PCURVE('',#387,#5231);
#5231 = DEFINITIONAL_REPRESENTATION('',(#5232),#5236);
#5232 = CIRCLE('',#5233,5.5);
#5233 = AXIS2_PLACEMENT_2D('',#5234,#5235);
#5234 = CARTESIAN_POINT('',(-9.75,-43.3));
#5235 = DIRECTION('',(1.,-0.));
#5236 = ( GEOMETRIC_REPRESENTATION_CONTEXT(2) 
PARAMETRIC_REPRESENTATION_CONTEXT() REPRESENTATION_CONTEXT('2D SPACE',''
  ) );
#5237 = ORIENTED_EDGE('',*,*,#5238,.T.);
#5238 = EDGE_CURVE('',#5215,#4741,#5239,.T.);
#5239 = SURFACE_CURVE('',#5240,(#5244,#5251),.PCURVE_S1.);
#5240 = LINE('',#5241,#5242);
#5241 = CARTESIAN_POINT('',(-18.8,24.4,58.75));
#5242 = VECTOR('',#5243,1.);
#5243 = DIRECTION('',(-0.,1.,-0.));
#5244 = PCURVE('',#4757,#5245);
#5245 = DEFINITIONAL_REPRESENTATION('',(#5246),#5250);
#5246 = LINE('',#5247,#5248);
#5247 = CARTESIAN_POINT('',(1.570796326795,0.));
#5248 = VECTOR('',#5249,1.);
#5249 = DIRECTION('',(0.,1.));
#5250 = ( GEOMETRIC_REPRESENTATION_CONTEXT(2) 
PARAMETRIC_REPRESENTATION_CONTEXT() REPRESENTATION_CONTEXT('2D SPACE',''
  ) );
#5251 = PCURVE('',#987,#5252);
#5252 = DEFINITIONAL_REPRESENTATION('',(#5253),#5257);
#5253 = LINE('',#5254,#5255);
#5254 = CARTESIAN_POINT('',(-5.5,-0.));
#5255 = VECTOR('',#5256,1.);
#5256 = DIRECTION('',(-0.,-1.));
#5257 = ( GEOMETRIC_REPRESENTATION_CONTEXT(2) 
PARAMETRIC_REPRESENTATION_CONTEXT() REPRESENTATION_CONTEXT('2D SPACE',''
  ) );
#5258 = ORIENTED_EDGE('',*,*,#4740,.T.);
#5259 = ADVANCED_FACE('',(#5260),#4808,.F.);
#5260 = FACE_BOUND('',#5261,.T.);
#5261 = EDGE_LOOP('',(#5262,#5291,#5292,#5316,#5339));
#5262 = ORIENTED_EDGE('',*,*,#5263,.T.);
#5263 = EDGE_CURVE('',#5264,#4793,#5266,.T.);
#5264 = VERTEX_POINT('',#5265);
#5265 = CARTESIAN_POINT('',(-17.2,27.,122.21220391326));
#5266 = SURFACE_CURVE('',#5267,(#5273,#5282),.PCURVE_S1.);
#5267 = B_SPLINE_CURVE_WITH_KNOTS('',4,(#5268,#5269,#5270,#5271,#5272),
  .UNSPECIFIED.,.F.,.F.,(5,5),(0.,1.),.PIECEWISE_BEZIER_KNOTS.);
#5268 = CARTESIAN_POINT('',(-17.2,27.,122.21220391326));
#5269 = CARTESIAN_POINT('',(-17.19248546156,26.899806154192,
    121.66261001032));
#5270 = CARTESIAN_POINT('',(-17.18749586583,26.833278211141,
    121.10958365697));
#5271 = CARTESIAN_POINT('',(-17.185,26.8,120.55484796093));
#5272 = CARTESIAN_POINT('',(-17.185,26.8,120.));
#5273 = PCURVE('',#4808,#5274);
#5274 = DEFINITIONAL_REPRESENTATION('',(#5275),#5281);
#5275 = B_SPLINE_CURVE_WITH_KNOTS('',4,(#5276,#5277,#5278,#5279,#5280),
  .UNSPECIFIED.,.F.,.F.,(5,5),(0.,1.),.PIECEWISE_BEZIER_KNOTS.);
#5276 = CARTESIAN_POINT('',(-0.18032492714,-47.2));
#5277 = CARTESIAN_POINT('',(-0.135033512001,-47.19248546156));
#5278 = CARTESIAN_POINT('',(-8.995740653337E-02,-47.18749586583));
#5279 = CARTESIAN_POINT('',(-4.498299652119E-02,-47.185));
#5280 = CARTESIAN_POINT('',(0.,-47.185));
#5281 = ( GEOMETRIC_REPRESENTATION_CONTEXT(2) 
PARAMETRIC_REPRESENTATION_CONTEXT() REPRESENTATION_CONTEXT('2D SPACE',''
  ) );
#5282 = PCURVE('',#4834,#5283);
#5283 = DEFINITIONAL_REPRESENTATION('',(#5284),#5290);
#5284 = B_SPLINE_CURVE_WITH_KNOTS('',4,(#5285,#5286,#5287,#5288,#5289),
  .UNSPECIFIED.,.F.,.F.,(5,5),(0.,1.),.PIECEWISE_BEZIER_KNOTS.);
#5285 = CARTESIAN_POINT('',(22.462203913261,2.005617112013));
#5286 = CARTESIAN_POINT('',(21.912610010321,1.905141866178));
#5287 = CARTESIAN_POINT('',(21.359583656973,1.838427075673));
#5288 = CARTESIAN_POINT('',(20.804847960936,1.805055400812));
#5289 = CARTESIAN_POINT('',(20.25,1.805055400812));
#5290 = ( GEOMETRIC_REPRESENTATION_CONTEXT(2) 
PARAMETRIC_REPRESENTATION_CONTEXT() REPRESENTATION_CONTEXT('2D SPACE',''
  ) );
#5291 = ORIENTED_EDGE('',*,*,#4792,.T.);
#5292 = ORIENTED_EDGE('',*,*,#5293,.T.);
#5293 = EDGE_CURVE('',#4770,#5294,#5296,.T.);
#5294 = VERTEX_POINT('',#5295);
#5295 = CARTESIAN_POINT('',(-18.8,30.7,129.));
#5296 = SURFACE_CURVE('',#5297,(#5302,#5309),.PCURVE_S1.);
#5297 = CIRCLE('',#5298,12.334615384615);
#5298 = AXIS2_PLACEMENT_3D('',#5299,#5300,#5301);
#5299 = CARTESIAN_POINT('',(-18.8,39.134615384615,120.));
#5300 = DIRECTION('',(-1.,0.,-0.));
#5301 = DIRECTION('',(0.,-1.,-1.152111701264E-15));
#5302 = PCURVE('',#4808,#5303);
#5303 = DEFINITIONAL_REPRESENTATION('',(#5304),#5308);
#5304 = LINE('',#5305,#5306);
#5305 = CARTESIAN_POINT('',(-0.,-48.8));
#5306 = VECTOR('',#5307,1.);
#5307 = DIRECTION('',(-1.,0.));
#5308 = ( GEOMETRIC_REPRESENTATION_CONTEXT(2) 
PARAMETRIC_REPRESENTATION_CONTEXT() REPRESENTATION_CONTEXT('2D SPACE',''
  ) );
#5309 = PCURVE('',#987,#5310);
#5310 = DEFINITIONAL_REPRESENTATION('',(#5311),#5315);
#5311 = CIRCLE('',#5312,12.334615384615);
#5312 = AXIS2_PLACEMENT_2D('',#5313,#5314);
#5313 = CARTESIAN_POINT('',(-66.75,-14.73461538461));
#5314 = DIRECTION('',(1.152111701264E-15,1.));
#5315 = ( GEOMETRIC_REPRESENTATION_CONTEXT(2) 
PARAMETRIC_REPRESENTATION_CONTEXT() REPRESENTATION_CONTEXT('2D SPACE',''
  ) );
#5316 = ORIENTED_EDGE('',*,*,#5317,.F.);
#5317 = EDGE_CURVE('',#5318,#5294,#5320,.T.);
#5318 = VERTEX_POINT('',#5319);
#5319 = CARTESIAN_POINT('',(-17.33058823529,30.7,129.));
#5320 = SURFACE_CURVE('',#5321,(#5325,#5332),.PCURVE_S1.);
#5321 = LINE('',#5322,#5323);
#5322 = CARTESIAN_POINT('',(30.,30.7,129.));
#5323 = VECTOR('',#5324,1.);
#5324 = DIRECTION('',(-1.,-0.,-0.));
#5325 = PCURVE('',#4808,#5326);
#5326 = DEFINITIONAL_REPRESENTATION('',(#5327),#5331);
#5327 = LINE('',#5328,#5329);
#5328 = CARTESIAN_POINT('',(-0.817815657902,0.));
#5329 = VECTOR('',#5330,1.);
#5330 = DIRECTION('',(-0.,-1.));
#5331 = ( GEOMETRIC_REPRESENTATION_CONTEXT(2) 
PARAMETRIC_REPRESENTATION_CONTEXT() REPRESENTATION_CONTEXT('2D SPACE',''
  ) );
#5332 = PCURVE('',#4309,#5333);
#5333 = DEFINITIONAL_REPRESENTATION('',(#5334),#5338);
#5334 = LINE('',#5335,#5336);
#5335 = CARTESIAN_POINT('',(0.,0.));
#5336 = VECTOR('',#5337,1.);
#5337 = DIRECTION('',(0.,-1.));
#5338 = ( GEOMETRIC_REPRESENTATION_CONTEXT(2) 
PARAMETRIC_REPRESENTATION_CONTEXT() REPRESENTATION_CONTEXT('2D SPACE',''
  ) );
#5339 = ORIENTED_EDGE('',*,*,#5340,.F.);
#5340 = EDGE_CURVE('',#5264,#5318,#5341,.T.);
#5341 = SURFACE_CURVE('',#5342,(#5357,#5375),.PCURVE_S1.);
#5342 = B_SPLINE_CURVE_WITH_KNOTS('',7,(#5343,#5344,#5345,#5346,#5347,
    #5348,#5349,#5350,#5351,#5352,#5353,#5354,#5355,#5356),
  .UNSPECIFIED.,.F.,.F.,(8,6,8),(0.,0.652631094741,1.),.UNSPECIFIED.);
#5343 = CARTESIAN_POINT('',(-17.2,27.,122.21220391326));
#5344 = CARTESIAN_POINT('',(-17.20437185418,27.123869201758,
    122.89166438809));
#5345 = CARTESIAN_POINT('',(-17.21033599732,27.292853257396,
    123.56703107736));
#5346 = CARTESIAN_POINT('',(-17.21791642932,27.507632164089,
    124.23669217967));
#5347 = CARTESIAN_POINT('',(-17.22715073532,27.769270834323,
    124.89855890415));
#5348 = CARTESIAN_POINT('',(-17.23808590256,28.07910057272,
    125.55008031184));
#5349 = CARTESIAN_POINT('',(-17.25077622119,28.438659600434,
    126.18825351622));
#5350 = CARTESIAN_POINT('',(-17.27302249941,29.068970816855,
    127.14022607914));
#5351 = CARTESIAN_POINT('',(-17.28126679546,29.302559204872,
    127.46607097468));
#5352 = CARTESIAN_POINT('',(-17.2900380139,29.551077060574,
    127.78652627473));
#5353 = CARTESIAN_POINT('',(-17.29934639494,29.81481452336,
    128.10094132316));
#5354 = CARTESIAN_POINT('',(-17.30920168283,30.094047680443,
    128.40856873935));
#5355 = CARTESIAN_POINT('',(-17.31961288508,30.389031743973,
    128.70856692928));
#5356 = CARTESIAN_POINT('',(-17.33058823529,30.7,129.));
#5357 = PCURVE('',#4808,#5358);
#5358 = DEFINITIONAL_REPRESENTATION('',(#5359),#5374);
#5359 = B_SPLINE_CURVE_WITH_KNOTS('',7,(#5360,#5361,#5362,#5363,#5364,
    #5365,#5366,#5367,#5368,#5369,#5370,#5371,#5372,#5373),
  .UNSPECIFIED.,.F.,.F.,(8,6,8),(0.,0.652631094741,1.),.UNSPECIFIED.);
#5360 = CARTESIAN_POINT('',(-0.18032492714,-47.2));
#5361 = CARTESIAN_POINT('',(-0.236318500343,-47.20437185418));
#5362 = CARTESIAN_POINT('',(-0.292641525447,-47.21033599732));
#5363 = CARTESIAN_POINT('',(-0.349462212078,-47.21791642932));
#5364 = CARTESIAN_POINT('',(-0.406930931561,-47.22715073532));
#5365 = CARTESIAN_POINT('',(-0.465199922342,-47.23808590256));
#5366 = CARTESIAN_POINT('',(-0.524432368462,-47.25077622119));
#5367 = CARTESIAN_POINT('',(-0.616995328409,-47.27302249941));
#5368 = CARTESIAN_POINT('',(-0.649476753085,-47.28126679546));
#5369 = CARTESIAN_POINT('',(-0.682316338573,-47.2900380139));
#5370 = CARTESIAN_POINT('',(-0.715542403069,-47.29934639494));
#5371 = CARTESIAN_POINT('',(-0.749182302662,-47.30920168283));
#5372 = CARTESIAN_POINT('',(-0.783263629454,-47.31961288508));
#5373 = CARTESIAN_POINT('',(-0.817815657902,-47.33058823529));
#5374 = ( GEOMETRIC_REPRESENTATION_CONTEXT(2) 
PARAMETRIC_REPRESENTATION_CONTEXT() REPRESENTATION_CONTEXT('2D SPACE',''
  ) );
#5375 = PCURVE('',#4282,#5376);
#5376 = DEFINITIONAL_REPRESENTATION('',(#5377),#5392);
#5377 = B_SPLINE_CURVE_WITH_KNOTS('',7,(#5378,#5379,#5380,#5381,#5382,
    #5383,#5384,#5385,#5386,#5387,#5388,#5389,#5390,#5391),
  .UNSPECIFIED.,.F.,.F.,(8,6,8),(0.,0.652631094741,1.),.UNSPECIFIED.);
#5378 = CARTESIAN_POINT('',(22.462203913261,-4.252646234993));
#5379 = CARTESIAN_POINT('',(23.141664388094,-4.128699906878));
#5380 = CARTESIAN_POINT('',(23.81703107736,-3.959610634411));
#5381 = CARTESIAN_POINT('',(24.486692179678,-3.744697997023));
#5382 = CARTESIAN_POINT('',(25.148558904152,-3.482896419164));
#5383 = CARTESIAN_POINT('',(25.800080311843,-3.172873767286));
#5384 = CARTESIAN_POINT('',(26.438253516226,-2.81309086247));
#5385 = CARTESIAN_POINT('',(27.390226079142,-2.18238718685));
#5386 = CARTESIAN_POINT('',(27.716070974681,-1.948653356534));
#5387 = CARTESIAN_POINT('',(28.036526274738,-1.699980762798));
#5388 = CARTESIAN_POINT('',(28.350941323166,-1.436079085588));
#5389 = CARTESIAN_POINT('',(28.658568739353,-1.156672065787));
#5390 = CARTESIAN_POINT('',(28.958566929287,-0.86150433234));
#5391 = CARTESIAN_POINT('',(29.25,-0.55034245394));
#5392 = ( GEOMETRIC_REPRESENTATION_CONTEXT(2) 
PARAMETRIC_REPRESENTATION_CONTEXT() REPRESENTATION_CONTEXT('2D SPACE',''
  ) );
#5393 = ADVANCED_FACE('',(#5394),#4834,.F.);
#5394 = FACE_BOUND('',#5395,.F.);
#5395 = EDGE_LOOP('',(#5396,#5438,#5463,#5503,#5524,#5525,#5526,#5547));
#5396 = ORIENTED_EDGE('',*,*,#5397,.F.);
#5397 = EDGE_CURVE('',#5398,#5400,#5402,.T.);
#5398 = VERTEX_POINT('',#5399);
#5399 = CARTESIAN_POINT('',(-17.00875,24.45,59.568125));
#5400 = VERTEX_POINT('',#5401);
#5401 = CARTESIAN_POINT('',(-17.035,24.8,59.5725));
#5402 = SURFACE_CURVE('',#5403,(#5406,#5412),.PCURVE_S1.);
#5403 = B_SPLINE_CURVE_WITH_KNOTS('',1,(#5404,#5405),.UNSPECIFIED.,.F.,
  .F.,(2,2),(0.,1.),.PIECEWISE_BEZIER_KNOTS.);
#5404 = CARTESIAN_POINT('',(-16.9,23.,59.55));
#5405 = CARTESIAN_POINT('',(-17.2,27.,59.6));
#5406 = PCURVE('',#4834,#5407);
#5407 = DEFINITIONAL_REPRESENTATION('',(#5408),#5411);
#5408 = B_SPLINE_CURVE_WITH_KNOTS('',1,(#5409,#5410),.UNSPECIFIED.,.F.,
  .F.,(2,2),(0.,1.),.PIECEWISE_BEZIER_KNOTS.);
#5409 = CARTESIAN_POINT('',(-40.2,-2.005617112013));
#5410 = CARTESIAN_POINT('',(-40.15,2.005617112013));
#5411 = ( GEOMETRIC_REPRESENTATION_CONTEXT(2) 
PARAMETRIC_REPRESENTATION_CONTEXT() REPRESENTATION_CONTEXT('2D SPACE',''
  ) );
#5412 = PCURVE('',#5413,#5432);
#5413 = B_SPLINE_SURFACE_WITH_KNOTS('',8,1,(
    (#5414,#5415)
    ,(#5416,#5417)
    ,(#5418,#5419)
    ,(#5420,#5421)
    ,(#5422,#5423)
    ,(#5424,#5425)
    ,(#5426,#5427)
    ,(#5428,#5429)
    ,(#5430,#5431
    )),.UNSPECIFIED.,.F.,.F.,.F.,(9,9),(2,2),(3.14159265359,
    4.712388980385),(0.,1.),.PIECEWISE_BEZIER_KNOTS.);
#5414 = CARTESIAN_POINT('',(-12.6,23.,55.25));
#5415 = CARTESIAN_POINT('',(-12.6,27.,55.));
#5416 = CARTESIAN_POINT('',(-13.44430302565,23.,55.250000000001));
#5417 = CARTESIAN_POINT('',(-13.5032078879,27.,54.999999999999));
#5418 = CARTESIAN_POINT('',(-14.28860631706,22.999999999999,
    55.43946139253));
#5419 = CARTESIAN_POINT('',(-14.40641606012,27.000000000001,
    55.202679629224));
#5420 = CARTESIAN_POINT('',(-15.08330690764,23.000000000002,
    55.818382316758));
#5421 = CARTESIAN_POINT('',(-15.25656087794,26.999999999998,
    55.608036896988));
#5422 = CARTESIAN_POINT('',(-15.77881264985,22.999999999998,
    56.371187350141));
#5423 = CARTESIAN_POINT('',(-16.00059027658,27.000000000002,
    56.199409723416));
#5424 = CARTESIAN_POINT('',(-16.33161768324,23.000000000002,
    57.066693092364));
#5425 = CARTESIAN_POINT('',(-16.591963103,26.999999999999,
    56.943439122056));
#5426 = CARTESIAN_POINT('',(-16.71053860746,22.999999999999,
    57.86139368293));
#5427 = CARTESIAN_POINT('',(-16.99732037077,27.000000000001,
    57.793583939882));
#5428 = CARTESIAN_POINT('',(-16.9,23.,58.705696974348));
#5429 = CARTESIAN_POINT('',(-17.2,27.,58.696792112092));
#5430 = CARTESIAN_POINT('',(-16.9,23.,59.55));
#5431 = CARTESIAN_POINT('',(-17.2,27.,59.6));
#5432 = DEFINITIONAL_REPRESENTATION('',(#5433),#5437);
#5433 = LINE('',#5434,#5435);
#5434 = CARTESIAN_POINT('',(4.712388980385,0.));
#5435 = VECTOR('',#5436,1.);
#5436 = DIRECTION('',(0.,1.));
#5437 = ( GEOMETRIC_REPRESENTATION_CONTEXT(2) 
PARAMETRIC_REPRESENTATION_CONTEXT() REPRESENTATION_CONTEXT('2D SPACE',''
  ) );
#5438 = ORIENTED_EDGE('',*,*,#5439,.F.);
#5439 = EDGE_CURVE('',#5440,#5398,#5442,.T.);
#5440 = VERTEX_POINT('',#5441);
#5441 = CARTESIAN_POINT('',(-17.00875,24.45,139.931875));
#5442 = SURFACE_CURVE('',#5443,(#5446,#5452),.PCURVE_S1.);
#5443 = B_SPLINE_CURVE_WITH_KNOTS('',1,(#5444,#5445),.UNSPECIFIED.,.F.,
  .F.,(2,2),(0.,1.),.PIECEWISE_BEZIER_KNOTS.);
#5444 = CARTESIAN_POINT('',(-17.00875,24.45,139.931875));
#5445 = CARTESIAN_POINT('',(-17.00875,24.45,59.568125));
#5446 = PCURVE('',#4834,#5447);
#5447 = DEFINITIONAL_REPRESENTATION('',(#5448),#5451);
#5448 = B_SPLINE_CURVE_WITH_KNOTS('',1,(#5449,#5450),.UNSPECIFIED.,.F.,
  .F.,(2,2),(0.,1.),.PIECEWISE_BEZIER_KNOTS.);
#5449 = CARTESIAN_POINT('',(40.181875,-0.551544705804));
#5450 = CARTESIAN_POINT('',(-40.181875,-0.551544705804));
#5451 = ( GEOMETRIC_REPRESENTATION_CONTEXT(2) 
PARAMETRIC_REPRESENTATION_CONTEXT() REPRESENTATION_CONTEXT('2D SPACE',''
  ) );
#5452 = PCURVE('',#5453,#5458);
#5453 = PLANE('',#5454);
#5454 = AXIS2_PLACEMENT_3D('',#5455,#5456,#5457);
#5455 = CARTESIAN_POINT('',(0.,24.45,81.));
#5456 = DIRECTION('',(0.,-1.,-0.));
#5457 = DIRECTION('',(0.,0.,1.));
#5458 = DEFINITIONAL_REPRESENTATION('',(#5459),#5462);
#5459 = B_SPLINE_CURVE_WITH_KNOTS('',1,(#5460,#5461),.UNSPECIFIED.,.F.,
  .F.,(2,2),(0.,1.),.PIECEWISE_BEZIER_KNOTS.);
#5460 = CARTESIAN_POINT('',(58.931875,17.00875));
#5461 = CARTESIAN_POINT('',(-21.431875,17.00875));
#5462 = ( GEOMETRIC_REPRESENTATION_CONTEXT(2) 
PARAMETRIC_REPRESENTATION_CONTEXT() REPRESENTATION_CONTEXT('2D SPACE',''
  ) );
#5463 = ORIENTED_EDGE('',*,*,#5464,.T.);
#5464 = EDGE_CURVE('',#5440,#5465,#5467,.T.);
#5465 = VERTEX_POINT('',#5466);
#5466 = CARTESIAN_POINT('',(-17.2,27.,139.9));
#5467 = SURFACE_CURVE('',#5468,(#5471,#5477),.PCURVE_S1.);
#5468 = B_SPLINE_CURVE_WITH_KNOTS('',1,(#5469,#5470),.UNSPECIFIED.,.F.,
  .F.,(2,2),(0.,1.),.PIECEWISE_BEZIER_KNOTS.);
#5469 = CARTESIAN_POINT('',(-16.9,23.,139.95));
#5470 = CARTESIAN_POINT('',(-17.2,27.,139.9));
#5471 = PCURVE('',#4834,#5472);
#5472 = DEFINITIONAL_REPRESENTATION('',(#5473),#5476);
#5473 = B_SPLINE_CURVE_WITH_KNOTS('',1,(#5474,#5475),.UNSPECIFIED.,.F.,
  .F.,(2,2),(0.,1.),.PIECEWISE_BEZIER_KNOTS.);
#5474 = CARTESIAN_POINT('',(40.2,-2.005617112013));
#5475 = CARTESIAN_POINT('',(40.15,2.005617112013));
#5476 = ( GEOMETRIC_REPRESENTATION_CONTEXT(2) 
PARAMETRIC_REPRESENTATION_CONTEXT() REPRESENTATION_CONTEXT('2D SPACE',''
  ) );
#5477 = PCURVE('',#5478,#5497);
#5478 = B_SPLINE_SURFACE_WITH_KNOTS('',8,1,(
    (#5479,#5480)
    ,(#5481,#5482)
    ,(#5483,#5484)
    ,(#5485,#5486)
    ,(#5487,#5488)
    ,(#5489,#5490)
    ,(#5491,#5492)
    ,(#5493,#5494)
    ,(#5495,#5496
    )),.UNSPECIFIED.,.F.,.F.,.F.,(9,9),(2,2),(4.712388980385,
    6.28318530718),(0.,1.),.PIECEWISE_BEZIER_KNOTS.);
#5479 = CARTESIAN_POINT('',(-16.9,23.,139.95));
#5480 = CARTESIAN_POINT('',(-17.2,27.,139.9));
#5481 = CARTESIAN_POINT('',(-16.9,23.,140.79430302565));
#5482 = CARTESIAN_POINT('',(-17.2,27.,140.8032078879));
#5483 = CARTESIAN_POINT('',(-16.71053860746,23.000000000001,
    141.63860631707));
#5484 = CARTESIAN_POINT('',(-16.99732037077,27.000000000001,
    141.70641606012));
#5485 = CARTESIAN_POINT('',(-16.33161768324,22.999999999998,
    142.43330690763));
#5486 = CARTESIAN_POINT('',(-16.591963103,26.999999999997,
    142.55656087793));
#5487 = CARTESIAN_POINT('',(-15.77881264985,23.000000000002,
    143.12881264985));
#5488 = CARTESIAN_POINT('',(-16.00059027658,27.000000000003,
    143.30059027659));
#5489 = CARTESIAN_POINT('',(-15.08330690764,22.999999999998,
    143.68161768324));
#5490 = CARTESIAN_POINT('',(-15.25656087794,26.999999999998,
    143.891963103));
#5491 = CARTESIAN_POINT('',(-14.28860631706,23.000000000001,
    144.06053860746));
#5492 = CARTESIAN_POINT('',(-14.40641606012,27.000000000001,
    144.29732037078));
#5493 = CARTESIAN_POINT('',(-13.44430302565,23.,144.25));
#5494 = CARTESIAN_POINT('',(-13.5032078879,27.,144.49999999999));
#5495 = CARTESIAN_POINT('',(-12.6,23.,144.25));
#5496 = CARTESIAN_POINT('',(-12.6,27.,144.5));
#5497 = DEFINITIONAL_REPRESENTATION('',(#5498),#5502);
#5498 = LINE('',#5499,#5500);
#5499 = CARTESIAN_POINT('',(4.712388980385,0.));
#5500 = VECTOR('',#5501,1.);
#5501 = DIRECTION('',(0.,1.));
#5502 = ( GEOMETRIC_REPRESENTATION_CONTEXT(2) 
PARAMETRIC_REPRESENTATION_CONTEXT() REPRESENTATION_CONTEXT('2D SPACE',''
  ) );
#5503 = ORIENTED_EDGE('',*,*,#5504,.F.);
#5504 = EDGE_CURVE('',#5264,#5465,#5505,.T.);
#5505 = SURFACE_CURVE('',#5506,(#5510,#5517),.PCURVE_S1.);
#5506 = LINE('',#5507,#5508);
#5507 = CARTESIAN_POINT('',(-17.2,27.,122.21220391326));
#5508 = VECTOR('',#5509,1.);
#5509 = DIRECTION('',(-2.008567749978E-16,0.,1.));
#5510 = PCURVE('',#4834,#5511);
#5511 = DEFINITIONAL_REPRESENTATION('',(#5512),#5516);
#5512 = LINE('',#5513,#5514);
#5513 = CARTESIAN_POINT('',(22.462203913261,2.005617112013));
#5514 = VECTOR('',#5515,1.);
#5515 = DIRECTION('',(1.,8.79601954962E-18));
#5516 = ( GEOMETRIC_REPRESENTATION_CONTEXT(2) 
PARAMETRIC_REPRESENTATION_CONTEXT() REPRESENTATION_CONTEXT('2D SPACE',''
  ) );
#5517 = PCURVE('',#4282,#5518);
#5518 = DEFINITIONAL_REPRESENTATION('',(#5519),#5523);
#5519 = LINE('',#5520,#5521);
#5520 = CARTESIAN_POINT('',(22.462203913261,-4.252646234993));
#5521 = VECTOR('',#5522,1.);
#5522 = DIRECTION('',(1.,2.981248017486E-17));
#5523 = ( GEOMETRIC_REPRESENTATION_CONTEXT(2) 
PARAMETRIC_REPRESENTATION_CONTEXT() REPRESENTATION_CONTEXT('2D SPACE',''
  ) );
#5524 = ORIENTED_EDGE('',*,*,#5263,.T.);
#5525 = ORIENTED_EDGE('',*,*,#4820,.T.);
#5526 = ORIENTED_EDGE('',*,*,#5527,.F.);
#5527 = EDGE_CURVE('',#5528,#4821,#5530,.T.);
#5528 = VERTEX_POINT('',#5529);
#5529 = CARTESIAN_POINT('',(-17.15875,26.45,59.593125));
#5530 = SURFACE_CURVE('',#5531,(#5534,#5540),.PCURVE_S1.);
#5531 = B_SPLINE_CURVE_WITH_KNOTS('',1,(#5532,#5533),.UNSPECIFIED.,.F.,
  .F.,(2,2),(0.,1.),.PIECEWISE_BEZIER_KNOTS.);
#5532 = CARTESIAN_POINT('',(-16.9,23.,59.55));
#5533 = CARTESIAN_POINT('',(-17.2,27.,59.6));
#5534 = PCURVE('',#4834,#5535);
#5535 = DEFINITIONAL_REPRESENTATION('',(#5536),#5539);
#5536 = B_SPLINE_CURVE_WITH_KNOTS('',1,(#5537,#5538),.UNSPECIFIED.,.F.,
  .F.,(2,2),(0.,1.),.PIECEWISE_BEZIER_KNOTS.);
#5537 = CARTESIAN_POINT('',(-40.2,-2.005617112013));
#5538 = CARTESIAN_POINT('',(-40.15,2.005617112013));
#5539 = ( GEOMETRIC_REPRESENTATION_CONTEXT(2) 
PARAMETRIC_REPRESENTATION_CONTEXT() REPRESENTATION_CONTEXT('2D SPACE',''
  ) );
#5540 = PCURVE('',#4899,#5541);
#5541 = DEFINITIONAL_REPRESENTATION('',(#5542),#5546);
#5542 = LINE('',#5543,#5544);
#5543 = CARTESIAN_POINT('',(4.712388980385,0.));
#5544 = VECTOR('',#5545,1.);
#5545 = DIRECTION('',(0.,1.));
#5546 = ( GEOMETRIC_REPRESENTATION_CONTEXT(2) 
PARAMETRIC_REPRESENTATION_CONTEXT() REPRESENTATION_CONTEXT('2D SPACE',''
  ) );
#5547 = ORIENTED_EDGE('',*,*,#5548,.F.);
#5548 = EDGE_CURVE('',#5400,#5528,#5549,.T.);
#5549 = SURFACE_CURVE('',#5550,(#5553,#5559),.PCURVE_S1.);
#5550 = B_SPLINE_CURVE_WITH_KNOTS('',1,(#5551,#5552),.UNSPECIFIED.,.F.,
  .F.,(2,2),(0.,1.),.PIECEWISE_BEZIER_KNOTS.);
#5551 = CARTESIAN_POINT('',(-16.9,23.,59.55));
#5552 = CARTESIAN_POINT('',(-17.2,27.,59.6));
#5553 = PCURVE('',#4834,#5554);
#5554 = DEFINITIONAL_REPRESENTATION('',(#5555),#5558);
#5555 = B_SPLINE_CURVE_WITH_KNOTS('',1,(#5556,#5557),.UNSPECIFIED.,.F.,
  .F.,(2,2),(0.,1.),.PIECEWISE_BEZIER_KNOTS.);
#5556 = CARTESIAN_POINT('',(-40.2,-2.005617112013));
#5557 = CARTESIAN_POINT('',(-40.15,2.005617112013));
#5558 = ( GEOMETRIC_REPRESENTATION_CONTEXT(2) 
PARAMETRIC_REPRESENTATION_CONTEXT() REPRESENTATION_CONTEXT('2D SPACE',''
  ) );
#5559 = PCURVE('',#5560,#5579);
#5560 = B_SPLINE_SURFACE_WITH_KNOTS('',8,1,(
    (#5561,#5562)
    ,(#5563,#5564)
    ,(#5565,#5566)
    ,(#5567,#5568)
    ,(#5569,#5570)
    ,(#5571,#5572)
    ,(#5573,#5574)
    ,(#5575,#5576)
    ,(#5577,#5578
    )),.UNSPECIFIED.,.F.,.F.,.F.,(9,9),(2,2),(3.14159265359,
    4.712388980385),(0.,1.),.PIECEWISE_BEZIER_KNOTS.);
#5561 = CARTESIAN_POINT('',(-12.6,23.,55.25));
#5562 = CARTESIAN_POINT('',(-12.6,27.,55.));
#5563 = CARTESIAN_POINT('',(-13.44430302565,23.,55.250000000001));
#5564 = CARTESIAN_POINT('',(-13.5032078879,27.,54.999999999999));
#5565 = CARTESIAN_POINT('',(-14.28860631706,22.999999999999,
    55.43946139253));
#5566 = CARTESIAN_POINT('',(-14.40641606012,27.000000000001,
    55.202679629224));
#5567 = CARTESIAN_POINT('',(-15.08330690764,23.000000000002,
    55.818382316758));
#5568 = CARTESIAN_POINT('',(-15.25656087794,26.999999999998,
    55.608036896988));
#5569 = CARTESIAN_POINT('',(-15.77881264985,22.999999999998,
    56.371187350141));
#5570 = CARTESIAN_POINT('',(-16.00059027658,27.000000000002,
    56.199409723416));
#5571 = CARTESIAN_POINT('',(-16.33161768324,23.000000000002,
    57.066693092364));
#5572 = CARTESIAN_POINT('',(-16.591963103,26.999999999999,
    56.943439122056));
#5573 = CARTESIAN_POINT('',(-16.71053860746,22.999999999999,
    57.86139368293));
#5574 = CARTESIAN_POINT('',(-16.99732037077,27.000000000001,
    57.793583939882));
#5575 = CARTESIAN_POINT('',(-16.9,23.,58.705696974348));
#5576 = CARTESIAN_POINT('',(-17.2,27.,58.696792112092));
#5577 = CARTESIAN_POINT('',(-16.9,23.,59.55));
#5578 = CARTESIAN_POINT('',(-17.2,27.,59.6));
#5579 = DEFINITIONAL_REPRESENTATION('',(#5580),#5584);
#5580 = LINE('',#5581,#5582);
#5581 = CARTESIAN_POINT('',(4.712388980385,0.));
#5582 = VECTOR('',#5583,1.);
#5583 = DIRECTION('',(0.,1.));
#5584 = ( GEOMETRIC_REPRESENTATION_CONTEXT(2) 
PARAMETRIC_REPRESENTATION_CONTEXT() REPRESENTATION_CONTEXT('2D SPACE',''
  ) );
#5585 = ADVANCED_FACE('',(#5586),#5560,.F.);
#5586 = FACE_BOUND('',#5587,.F.);
#5587 = EDGE_LOOP('',(#5588,#5611,#5689,#5690));
#5588 = ORIENTED_EDGE('',*,*,#5589,.F.);
#5589 = EDGE_CURVE('',#5590,#5592,#5594,.T.);
#5590 = VERTEX_POINT('',#5591);
#5591 = CARTESIAN_POINT('',(-12.6,24.8,55.1375));
#5592 = VERTEX_POINT('',#5593);
#5593 = CARTESIAN_POINT('',(-12.6,26.45,55.034375));
#5594 = SURFACE_CURVE('',#5595,(#5598,#5605),.PCURVE_S1.);
#5595 = B_SPLINE_CURVE_WITH_KNOTS('',1,(#5596,#5597),.UNSPECIFIED.,.F.,
  .F.,(2,2),(0.,1.),.PIECEWISE_BEZIER_KNOTS.);
#5596 = CARTESIAN_POINT('',(-12.6,23.,55.25));
#5597 = CARTESIAN_POINT('',(-12.6,27.,55.));
#5598 = PCURVE('',#5560,#5599);
#5599 = DEFINITIONAL_REPRESENTATION('',(#5600),#5604);
#5600 = LINE('',#5601,#5602);
#5601 = CARTESIAN_POINT('',(3.14159265359,0.));
#5602 = VECTOR('',#5603,1.);
#5603 = DIRECTION('',(0.,1.));
#5604 = ( GEOMETRIC_REPRESENTATION_CONTEXT(2) 
PARAMETRIC_REPRESENTATION_CONTEXT() REPRESENTATION_CONTEXT('2D SPACE',''
  ) );
#5605 = PCURVE('',#4960,#5606);
#5606 = DEFINITIONAL_REPRESENTATION('',(#5607),#5610);
#5607 = B_SPLINE_CURVE_WITH_KNOTS('',1,(#5608,#5609),.UNSPECIFIED.,.F.,
  .F.,(2,2),(0.,1.),.PIECEWISE_BEZIER_KNOTS.);
#5608 = CARTESIAN_POINT('',(-29.8,-4.00780488547));
#5609 = CARTESIAN_POINT('',(-29.8,0.));
#5610 = ( GEOMETRIC_REPRESENTATION_CONTEXT(2) 
PARAMETRIC_REPRESENTATION_CONTEXT() REPRESENTATION_CONTEXT('2D SPACE',''
  ) );
#5611 = ORIENTED_EDGE('',*,*,#5612,.F.);
#5612 = EDGE_CURVE('',#5400,#5590,#5613,.T.);
#5613 = SURFACE_CURVE('',#5614,(#5637,#5663),.PCURVE_S1.);
#5614 = B_SPLINE_CURVE_WITH_KNOTS('',6,(#5615,#5616,#5617,#5618,#5619,
    #5620,#5621,#5622,#5623,#5624,#5625,#5626,#5627,#5628,#5629,#5630,
    #5631,#5632,#5633,#5634,#5635,#5636),.UNSPECIFIED.,.F.,.F.,(7,5,5,5,
    7),(0.,0.250999938927,0.499999999411,0.749999999901,1.),
  .UNSPECIFIED.);
#5615 = CARTESIAN_POINT('',(-17.035,24.8,59.5725));
#5616 = CARTESIAN_POINT('',(-17.035,24.8,59.281073389785));
#5617 = CARTESIAN_POINT('',(-17.01202016806,24.8,58.989630274126));
#5618 = CARTESIAN_POINT('',(-16.96605585495,24.8,58.700472169907));
#5619 = CARTESIAN_POINT('',(-16.89741817535,24.8,58.41584259224));
#5620 = CARTESIAN_POINT('',(-16.80668164899,24.8,58.137932462513));
#5621 = CARTESIAN_POINT('',(-16.58367974951,24.8,57.601941154654));
#5622 = CARTESIAN_POINT('',(-16.4517386996,24.8,57.343690002845));
#5623 = CARTESIAN_POINT('',(-16.29977031684,24.8,57.096187184701));
#5624 = CARTESIAN_POINT('',(-16.12889420404,24.8,56.861339600681));
#5625 = CARTESIAN_POINT('',(-15.9404464198,24.8,56.640909271151));
#5626 = CARTESIAN_POINT('',(-15.53076978294,24.8,56.231232634287));
#5627 = CARTESIAN_POINT('',(-15.30938958736,24.8,56.042092372742));
#5628 = CARTESIAN_POINT('',(-15.07348255732,24.8,55.870671744421));
#5629 = CARTESIAN_POINT('',(-14.82483283406,24.8,55.718321902032));
#5630 = CARTESIAN_POINT('',(-14.56537148482,24.8,55.586174112462));
#5631 = CARTESIAN_POINT('',(-14.0290305465,24.8,55.364014420509));
#5632 = CARTESIAN_POINT('',(-13.75212107494,24.8,55.273990141504));
#5633 = CARTESIAN_POINT('',(-13.46857156816,24.8,55.20589584339));
#5634 = CARTESIAN_POINT('',(-13.18054741856,24.8,55.160297101229));
#5635 = CARTESIAN_POINT('',(-12.89026561881,24.8,55.1375));
#5636 = CARTESIAN_POINT('',(-12.6,24.8,55.1375));
#5637 = PCURVE('',#5560,#5638);
#5638 = DEFINITIONAL_REPRESENTATION('',(#5639),#5662);
#5639 = B_SPLINE_CURVE_WITH_KNOTS('',6,(#5640,#5641,#5642,#5643,#5644,
    #5645,#5646,#5647,#5648,#5649,#5650,#5651,#5652,#5653,#5654,#5655,
    #5656,#5657,#5658,#5659,#5660,#5661),.UNSPECIFIED.,.F.,.F.,(7,5,5,5,
    7),(0.,0.250999938927,0.499999999411,0.749999999901,1.),
  .UNSPECIFIED.);
#5640 = CARTESIAN_POINT('',(4.712388980385,0.45));
#5641 = CARTESIAN_POINT('',(4.646678358014,0.45));
#5642 = CARTESIAN_POINT('',(4.580964055579,0.45));
#5643 = CARTESIAN_POINT('',(4.515254042574,0.45));
#5644 = CARTESIAN_POINT('',(4.449544034676,0.45));
#5645 = CARTESIAN_POINT('',(4.383829725425,0.45));
#5646 = CARTESIAN_POINT('',(4.25293203822,0.45));
#5647 = CARTESIAN_POINT('',(4.18774143312,0.45));
#5648 = CARTESIAN_POINT('',(4.122554963612,0.45));
#5649 = CARTESIAN_POINT('',(4.057368491568,0.45));
#5650 = CARTESIAN_POINT('',(3.992177883116,0.45));
#5651 = CARTESIAN_POINT('',(3.861541971182,0.45));
#5652 = CARTESIAN_POINT('',(3.796089511983,0.45));
#5653 = CARTESIAN_POINT('',(3.730641272193,0.45));
#5654 = CARTESIAN_POINT('',(3.665193034967,0.45));
#5655 = CARTESIAN_POINT('',(3.599740579125,0.45));
#5656 = CARTESIAN_POINT('',(3.468842891554,0.45));
#5657 = CARTESIAN_POINT('',(3.403390433828,0.45));
#5658 = CARTESIAN_POINT('',(3.337942193159,0.45));
#5659 = CARTESIAN_POINT('',(3.272493947528,0.45));
#5660 = CARTESIAN_POINT('',(3.207041496615,0.45));
#5661 = CARTESIAN_POINT('',(3.14159265359,0.45));
#5662 = ( GEOMETRIC_REPRESENTATION_CONTEXT(2) 
PARAMETRIC_REPRESENTATION_CONTEXT() REPRESENTATION_CONTEXT('2D SPACE',''
  ) );
#5663 = PCURVE('',#5413,#5664);
#5664 = DEFINITIONAL_REPRESENTATION('',(#5665),#5688);
#5665 = B_SPLINE_CURVE_WITH_KNOTS('',6,(#5666,#5667,#5668,#5669,#5670,
    #5671,#5672,#5673,#5674,#5675,#5676,#5677,#5678,#5679,#5680,#5681,
    #5682,#5683,#5684,#5685,#5686,#5687),.UNSPECIFIED.,.F.,.F.,(7,5,5,5,
    7),(0.,0.250999938927,0.499999999411,0.749999999901,1.),
  .UNSPECIFIED.);
#5666 = CARTESIAN_POINT('',(4.712388980385,0.45));
#5667 = CARTESIAN_POINT('',(4.646678358014,0.45));
#5668 = CARTESIAN_POINT('',(4.580964055579,0.45));
#5669 = CARTESIAN_POINT('',(4.515254042574,0.45));
#5670 = CARTESIAN_POINT('',(4.449544034676,0.45));
#5671 = CARTESIAN_POINT('',(4.383829725425,0.45));
#5672 = CARTESIAN_POINT('',(4.25293203822,0.45));
#5673 = CARTESIAN_POINT('',(4.18774143312,0.45));
#5674 = CARTESIAN_POINT('',(4.122554963612,0.45));
#5675 = CARTESIAN_POINT('',(4.057368491568,0.45));
#5676 = CARTESIAN_POINT('',(3.992177883116,0.45));
#5677 = CARTESIAN_POINT('',(3.861541971182,0.45));
#5678 = CARTESIAN_POINT('',(3.796089511983,0.45));
#5679 = CARTESIAN_POINT('',(3.730641272193,0.45));
#5680 = CARTESIAN_POINT('',(3.665193034967,0.45));
#5681 = CARTESIAN_POINT('',(3.599740579125,0.45));
#5682 = CARTESIAN_POINT('',(3.468842891554,0.45));
#5683 = CARTESIAN_POINT('',(3.403390433828,0.45));
#5684 = CARTESIAN_POINT('',(3.337942193159,0.45));
#5685 = CARTESIAN_POINT('',(3.272493947528,0.45));
#5686 = CARTESIAN_POINT('',(3.207041496615,0.45));
#5687 = CARTESIAN_POINT('',(3.14159265359,0.45));
#5688 = ( GEOMETRIC_REPRESENTATION_CONTEXT(2) 
PARAMETRIC_REPRESENTATION_CONTEXT() REPRESENTATION_CONTEXT('2D SPACE',''
  ) );
#5689 = ORIENTED_EDGE('',*,*,#5548,.T.);
#5690 = ORIENTED_EDGE('',*,*,#5691,.T.);
#5691 = EDGE_CURVE('',#5528,#5592,#5692,.T.);
#5692 = SURFACE_CURVE('',#5693,(#5716,#5742),.PCURVE_S1.);
#5693 = B_SPLINE_CURVE_WITH_KNOTS('',6,(#5694,#5695,#5696,#5697,#5698,
    #5699,#5700,#5701,#5702,#5703,#5704,#5705,#5706,#5707,#5708,#5709,
    #5710,#5711,#5712,#5713,#5714,#5715),.UNSPECIFIED.,.F.,.F.,(7,5,5,5,
    7),(0.,0.250999938773,0.49999999941,0.749999999901,1.),
  .UNSPECIFIED.);
#5694 = CARTESIAN_POINT('',(-17.15875,26.45,59.593125));
#5695 = CARTESIAN_POINT('',(-17.15875,26.45,59.293566712168));
#5696 = CARTESIAN_POINT('',(-17.13512896265,26.45,58.993991415544));
#5697 = CARTESIAN_POINT('',(-17.08788209666,26.45,58.696764940394));
#5698 = CARTESIAN_POINT('',(-17.01732923267,26.45,58.404193346638));
#5699 = CARTESIAN_POINT('',(-16.92406086743,26.45,58.118528650461));
#5700 = CARTESIAN_POINT('',(-16.69483654511,26.45,57.567581575103));
#5701 = CARTESIAN_POINT('',(-16.55921392847,26.45,57.302124401908));
#5702 = CARTESIAN_POINT('',(-16.40300516519,26.45,57.047715523052));
#5703 = CARTESIAN_POINT('',(-16.22736110841,26.45,56.806314984609));
#5704 = CARTESIAN_POINT('',(-16.03365503506,26.45,56.579733958081));
#5705 = CARTESIAN_POINT('',(-15.61254718928,26.45,56.158626112298));
#5706 = CARTESIAN_POINT('',(-15.38498979216,26.45,55.964208238963));
#5707 = CARTESIAN_POINT('',(-15.14250024607,26.45,55.788004473446));
#5708 = CARTESIAN_POINT('',(-14.8869124604,26.45,55.631403606588));
#5709 = CARTESIAN_POINT('',(-14.620211321,26.45,55.495568481488));
#5710 = CARTESIAN_POINT('',(-14.06890485944,26.45,55.267209866805));
#5711 = CARTESIAN_POINT('',(-13.78426874336,26.45,55.174673623103));
#5712 = CARTESIAN_POINT('',(-13.49280735749,26.45,55.104679302239));
#5713 = CARTESIAN_POINT('',(-13.19674647732,26.45,55.05780820794));
#5714 = CARTESIAN_POINT('',(-12.89836490147,26.45,55.034375));
#5715 = CARTESIAN_POINT('',(-12.6,26.45,55.034375));
#5716 = PCURVE('',#5560,#5717);
#5717 = DEFINITIONAL_REPRESENTATION('',(#5718),#5741);
#5718 = B_SPLINE_CURVE_WITH_KNOTS('',6,(#5719,#5720,#5721,#5722,#5723,
    #5724,#5725,#5726,#5727,#5728,#5729,#5730,#5731,#5732,#5733,#5734,
    #5735,#5736,#5737,#5738,#5739,#5740),.UNSPECIFIED.,.F.,.F.,(7,5,5,5,
    7),(0.,0.250999938773,0.49999999941,0.749999999901,1.),
  .UNSPECIFIED.);
#5719 = CARTESIAN_POINT('',(4.712388980385,0.8625));
#5720 = CARTESIAN_POINT('',(4.646678360624,0.8625));
#5721 = CARTESIAN_POINT('',(4.580964051504,0.8625));
#5722 = CARTESIAN_POINT('',(4.515254042578,0.8625));
#5723 = CARTESIAN_POINT('',(4.449544038769,0.8625));
#5724 = CARTESIAN_POINT('',(4.383829722817,0.8625));
#5725 = CARTESIAN_POINT('',(4.252932040727,0.8625));
#5726 = CARTESIAN_POINT('',(4.187741429189,0.8625));
#5727 = CARTESIAN_POINT('',(4.122554963622,0.8625));
#5728 = CARTESIAN_POINT('',(4.057368495514,0.8625));
#5729 = CARTESIAN_POINT('',(3.992177880614,0.8625));
#5730 = CARTESIAN_POINT('',(3.861541973734,0.8625));
#5731 = CARTESIAN_POINT('',(3.796089507961,0.8625));
#5732 = CARTESIAN_POINT('',(3.730641272182,0.8625));
#5733 = CARTESIAN_POINT('',(3.665193038976,0.8625));
#5734 = CARTESIAN_POINT('',(3.599740576568,0.8625));
#5735 = CARTESIAN_POINT('',(3.468842894112,0.8625));
#5736 = CARTESIAN_POINT('',(3.403390429815,0.8625));
#5737 = CARTESIAN_POINT('',(3.337942193156,0.8625));
#5738 = CARTESIAN_POINT('',(3.272493951523,0.8625));
#5739 = CARTESIAN_POINT('',(3.207041494055,0.8625));
#5740 = CARTESIAN_POINT('',(3.14159265359,0.8625));
#5741 = ( GEOMETRIC_REPRESENTATION_CONTEXT(2) 
PARAMETRIC_REPRESENTATION_CONTEXT() REPRESENTATION_CONTEXT('2D SPACE',''
  ) );
#5742 = PCURVE('',#4899,#5743);
#5743 = DEFINITIONAL_REPRESENTATION('',(#5744),#5767);
#5744 = B_SPLINE_CURVE_WITH_KNOTS('',6,(#5745,#5746,#5747,#5748,#5749,
    #5750,#5751,#5752,#5753,#5754,#5755,#5756,#5757,#5758,#5759,#5760,
    #5761,#5762,#5763,#5764,#5765,#5766),.UNSPECIFIED.,.F.,.F.,(7,5,5,5,
    7),(0.,0.250999938773,0.49999999941,0.749999999901,1.),
  .UNSPECIFIED.);
#5745 = CARTESIAN_POINT('',(4.712388980385,0.8625));
#5746 = CARTESIAN_POINT('',(4.646678360624,0.8625));
#5747 = CARTESIAN_POINT('',(4.580964051504,0.8625));
#5748 = CARTESIAN_POINT('',(4.515254042578,0.8625));
#5749 = CARTESIAN_POINT('',(4.449544038769,0.8625));
#5750 = CARTESIAN_POINT('',(4.383829722817,0.8625));
#5751 = CARTESIAN_POINT('',(4.252932040727,0.8625));
#5752 = CARTESIAN_POINT('',(4.187741429189,0.8625));
#5753 = CARTESIAN_POINT('',(4.122554963622,0.8625));
#5754 = CARTESIAN_POINT('',(4.057368495514,0.8625));
#5755 = CARTESIAN_POINT('',(3.992177880614,0.8625));
#5756 = CARTESIAN_POINT('',(3.861541973734,0.8625));
#5757 = CARTESIAN_POINT('',(3.796089507961,0.8625));
#5758 = CARTESIAN_POINT('',(3.730641272182,0.8625));
#5759 = CARTESIAN_POINT('',(3.665193038976,0.8625));
#5760 = CARTESIAN_POINT('',(3.599740576568,0.8625));
#5761 = CARTESIAN_POINT('',(3.468842894112,0.8625));
#5762 = CARTESIAN_POINT('',(3.403390429815,0.8625));
#5763 = CARTESIAN_POINT('',(3.337942193156,0.8625));
#5764 = CARTESIAN_POINT('',(3.272493951523,0.8625));
#5765 = CARTESIAN_POINT('',(3.207041494055,0.8625));
#5766 = CARTESIAN_POINT('',(3.14159265359,0.8625));
#5767 = ( GEOMETRIC_REPRESENTATION_CONTEXT(2) 
PARAMETRIC_REPRESENTATION_CONTEXT() REPRESENTATION_CONTEXT('2D SPACE',''
  ) );
#5768 = ADVANCED_FACE('',(#5769),#5478,.F.);
#5769 = FACE_BOUND('',#5770,.F.);
#5770 = EDGE_LOOP('',(#5771,#5772,#6047,#6073));
#5771 = ORIENTED_EDGE('',*,*,#5464,.F.);
#5772 = ORIENTED_EDGE('',*,*,#5773,.F.);
#5773 = EDGE_CURVE('',#5774,#5440,#5776,.T.);
#5774 = VERTEX_POINT('',#5775);
#5775 = CARTESIAN_POINT('',(-12.6,24.45,144.340625));
#5776 = SURFACE_CURVE('',#5777,(#5865,#5956),.PCURVE_S1.);
#5777 = B_SPLINE_CURVE_WITH_KNOTS('',6,(#5778,#5779,#5780,#5781,#5782,
    #5783,#5784,#5785,#5786,#5787,#5788,#5789,#5790,#5791,#5792,#5793,
    #5794,#5795,#5796,#5797,#5798,#5799,#5800,#5801,#5802,#5803,#5804,
    #5805,#5806,#5807,#5808,#5809,#5810,#5811,#5812,#5813,#5814,#5815,
    #5816,#5817,#5818,#5819,#5820,#5821,#5822,#5823,#5824,#5825,#5826,
    #5827,#5828,#5829,#5830,#5831,#5832,#5833,#5834,#5835,#5836,#5837,
    #5838,#5839,#5840,#5841,#5842,#5843,#5844,#5845,#5846,#5847,#5848,
    #5849,#5850,#5851,#5852,#5853,#5854,#5855,#5856,#5857,#5858,#5859,
    #5860,#5861,#5862,#5863,#5864),.UNSPECIFIED.,.F.,.F.,(7,5,5,5,5,5,5,
    5,5,5,5,5,5,5,5,5,5,7),(0.,0.182000419859,0.207000582162,
    0.224000692712,0.244000822949,0.259000920755,0.295001155585,
    0.320001318936,0.348001501842,0.373001665041,0.401001847556,
    0.430002036266,0.462002244119,0.485002393434,0.523002639781,
    0.781999766537,0.980999875878,1.),.UNSPECIFIED.);
#5778 = CARTESIAN_POINT('',(-12.6,24.45,144.340625));
#5779 = CARTESIAN_POINT('',(-12.81006498034,24.45,144.340625));
#5780 = CARTESIAN_POINT('',(-13.02013313373,24.45,144.32861393053));
#5781 = CARTESIAN_POINT('',(-13.22933916472,24.45,144.30459221326));
#5782 = CARTESIAN_POINT('',(-13.43682832174,24.45,144.26864148132));
#5783 = CARTESIAN_POINT('',(-13.64175752392,24.45,144.22092444183));
#5784 = CARTESIAN_POINT('',(-13.87098052737,24.45,144.15354738241));
#5785 = CARTESIAN_POINT('',(-13.89860065636,24.45,144.14519259644));
#5786 = CARTESIAN_POINT('',(-13.9261547399,24.45,144.13662100799));
#5787 = CARTESIAN_POINT('',(-13.95364065177,24.45,144.12783327239));
#5788 = CARTESIAN_POINT('',(-13.98105627452,24.45,144.11883007275));
#5789 = CARTESIAN_POINT('',(-14.02699289265,24.45,144.10334391197));
#5790 = CARTESIAN_POINT('',(-14.04555280918,24.45,144.09697640209));
#5791 = CARTESIAN_POINT('',(-14.06407858608,24.45,144.09050981382));
#5792 = CARTESIAN_POINT('',(-14.08256956245,24.45,144.08394437653));
#5793 = CARTESIAN_POINT('',(-14.10102507943,24.45,144.07728032548));
#5794 = CARTESIAN_POINT('',(-14.14111436379,24.45,144.06256210914));
#5795 = CARTESIAN_POINT('',(-14.16273425964,24.45,144.05447016055));
#5796 = CARTESIAN_POINT('',(-14.18430309834,24.45,144.04624244868));
#5797 = CARTESIAN_POINT('',(-14.2058198147,24.45,144.0378793773));
#5798 = CARTESIAN_POINT('',(-14.2272833478,24.45,144.02938136132));
#5799 = CARTESIAN_POINT('',(-14.2647496111,24.45,144.01427442583));
#5800 = CARTESIAN_POINT('',(-14.28077607127,24.45,144.00772435817));
#5801 = CARTESIAN_POINT('',(-14.29677157582,24.45,144.00109880354));
#5802 = CARTESIAN_POINT('',(-14.31273568046,24.45,143.99439794515));
#5803 = CARTESIAN_POINT('',(-14.32866794235,24.45,143.98762196969));
#5804 = CARTESIAN_POINT('',(-14.38272786682,24.45,143.96432890169));
#5805 = CARTESIAN_POINT('',(-14.42070185797,24.45,143.94745515674));
#5806 = CARTESIAN_POINT('',(-14.45848379015,24.45,143.93015246232));
#5807 = CARTESIAN_POINT('',(-14.49606761277,24.45,143.91242356186));
#5808 = CARTESIAN_POINT('',(-14.53344732799,24.45,143.89427131232));
#5809 = CARTESIAN_POINT('',(-14.59642925692,24.45,143.86280102572));
#5810 = CARTESIAN_POINT('',(-14.62214022522,24.45,143.84970063805));
#5811 = CARTESIAN_POINT('',(-14.64774790508,24.45,143.8363985159));
#5812 = CARTESIAN_POINT('',(-14.67325031941,24.45,143.82289567971));
#5813 = CARTESIAN_POINT('',(-14.69864550464,24.45,143.80919317574));
#5814 = CARTESIAN_POINT('',(-14.75225183754,24.45,143.77972284438));
#5815 = CARTESIAN_POINT('',(-14.78043521048,24.45,143.76390449398));
#5816 = CARTESIAN_POINT('',(-14.80847888979,24.45,143.74783853104));
#5817 = CARTESIAN_POINT('',(-14.83638015867,24.45,143.73152650145));
#5818 = CARTESIAN_POINT('',(-14.86413632325,24.45,143.71496999074));
#5819 = CARTESIAN_POINT('',(-14.9163950602,24.45,143.68317118969));
#5820 = CARTESIAN_POINT('',(-14.94092760262,24.45,143.66797815182));
#5821 = CARTESIAN_POINT('',(-14.96534043889,24.45,143.65259266723));
#5822 = CARTESIAN_POINT('',(-14.98963168364,24.45,143.63701591726));
#5823 = CARTESIAN_POINT('',(-15.01379946709,24.45,143.62124910781));
#5824 = CARTESIAN_POINT('',(-15.06476949903,24.45,143.58742315446));
#5825 = CARTESIAN_POINT('',(-15.09153986771,24.45,143.56931597219));
#5826 = CARTESIAN_POINT('',(-15.11815043611,24.45,143.55097365136));
#5827 = CARTESIAN_POINT('',(-15.14459862537,24.45,143.53239795841));
#5828 = CARTESIAN_POINT('',(-15.17088188282,24.45,143.51359069741));
#5829 = CARTESIAN_POINT('',(-15.22404618786,24.45,143.47483683045));
#5830 = CARTESIAN_POINT('',(-15.25091506111,24.45,143.45487352205));
#5831 = CARTESIAN_POINT('',(-15.27760149465,24.45,143.434665831));
#5832 = CARTESIAN_POINT('',(-15.3041027135,24.45,143.41421584537));
#5833 = CARTESIAN_POINT('',(-15.33041597467,24.45,143.39352569513));
#5834 = CARTESIAN_POINT('',(-15.38536349663,24.45,143.34950442909));
#5835 = CARTESIAN_POINT('',(-15.41395626907,24.45,143.3261215259));
#5836 = CARTESIAN_POINT('',(-15.44231324211,24.45,143.30245176074));
#5837 = CARTESIAN_POINT('',(-15.47043082367,24.45,143.27849811155));
#5838 = CARTESIAN_POINT('',(-15.49830547209,24.45,143.25426361605));
#5839 = CARTESIAN_POINT('',(-15.54579148207,24.45,143.21213319619));
#5840 = CARTESIAN_POINT('',(-15.5655219651,24.45,143.1943715349));
#5841 = CARTESIAN_POINT('',(-15.58512384906,24.45,143.17646753784));
#5842 = CARTESIAN_POINT('',(-15.60459585192,24.45,143.15842237033));
#5843 = CARTESIAN_POINT('',(-15.62393670576,24.45,143.14023721307));
#5844 = CARTESIAN_POINT('',(-15.67488085831,24.45,143.09163890857));
#5845 = CARTESIAN_POINT('',(-15.70625514395,24.45,143.06098569163));
#5846 = CARTESIAN_POINT('',(-15.73726235801,24.45,143.02995900664));
#5847 = CARTESIAN_POINT('',(-15.76789695537,24.45,142.99856435821));
#5848 = CARTESIAN_POINT('',(-15.79815350153,24.45,142.9668073602));
#5849 = CARTESIAN_POINT('',(-16.03163233901,24.45,142.71581787899));
#5850 = CARTESIAN_POINT('',(-16.21744202732,24.45,142.48036143722));
#5851 = CARTESIAN_POINT('',(-16.38373776236,24.45,142.23016292714));
#5852 = CARTESIAN_POINT('',(-16.52910921525,24.45,141.96725475449));
#5853 = CARTESIAN_POINT('',(-16.65240292497,24.45,141.69382535277));
#5854 = CARTESIAN_POINT('',(-16.82990337168,24.45,141.19589625392));
#5855 = CARTESIAN_POINT('',(-16.89350307107,24.45,140.97471938174));
#5856 = CARTESIAN_POINT('',(-16.94319866328,24.45,140.74978338958));
#5857 = CARTESIAN_POINT('',(-16.97872515503,24.45,140.52217908042));
#5858 = CARTESIAN_POINT('',(-16.99993264004,24.45,140.2930189315));
#5859 = CARTESIAN_POINT('',(-17.00744104267,24.45,140.04151499981));
#5860 = CARTESIAN_POINT('',(-17.0079646061,24.45,140.01959090644));
#5861 = CARTESIAN_POINT('',(-17.00835729815,24.45,139.99766388321));
#5862 = CARTESIAN_POINT('',(-17.00861909937,24.45,139.97573490661));
#5863 = CARTESIAN_POINT('',(-17.00875,24.45,139.95380495327));
#5864 = CARTESIAN_POINT('',(-17.00875,24.45,139.931875));
#5865 = PCURVE('',#5478,#5866);
#5866 = DEFINITIONAL_REPRESENTATION('',(#5867),#5955);
#5867 = B_SPLINE_CURVE_WITH_KNOTS('',6,(#5868,#5869,#5870,#5871,#5872,
    #5873,#5874,#5875,#5876,#5877,#5878,#5879,#5880,#5881,#5882,#5883,
    #5884,#5885,#5886,#5887,#5888,#5889,#5890,#5891,#5892,#5893,#5894,
    #5895,#5896,#5897,#5898,#5899,#5900,#5901,#5902,#5903,#5904,#5905,
    #5906,#5907,#5908,#5909,#5910,#5911,#5912,#5913,#5914,#5915,#5916,
    #5917,#5918,#5919,#5920,#5921,#5922,#5923,#5924,#5925,#5926,#5927,
    #5928,#5929,#5930,#5931,#5932,#5933,#5934,#5935,#5936,#5937,#5938,
    #5939,#5940,#5941,#5942,#5943,#5944,#5945,#5946,#5947,#5948,#5949,
    #5950,#5951,#5952,#5953,#5954),.UNSPECIFIED.,.F.,.F.,(7,5,5,5,5,5,5,
    5,5,5,5,5,5,5,5,5,5,7),(0.,0.182000419859,0.207000582162,
    0.224000692712,0.244000822949,0.259000920755,0.295001155585,
    0.320001318936,0.348001501842,0.373001665041,0.401001847556,
    0.430002036266,0.462002244119,0.485002393434,0.523002639781,
    0.781999766537,0.980999875878,1.),.UNSPECIFIED.);
#5868 = CARTESIAN_POINT('',(6.28318530718,0.3625));
#5869 = CARTESIAN_POINT('',(6.235538019322,0.3625));
#5870 = CARTESIAN_POINT('',(6.187890011567,0.3625));
#5871 = CARTESIAN_POINT('',(6.140242845543,0.3625));
#5872 = CARTESIAN_POINT('',(6.092595677372,0.3625));
#5873 = CARTESIAN_POINT('',(6.04494766503,0.3625));
#5874 = CARTESIAN_POINT('',(5.990755390986,0.3625));
#5875 = CARTESIAN_POINT('',(5.984210406268,0.3625));
#5876 = CARTESIAN_POINT('',(5.977665421556,0.3625));
#5877 = CARTESIAN_POINT('',(5.971120436858,0.3625));
#5878 = CARTESIAN_POINT('',(5.964575452182,0.3625));
#5879 = CARTESIAN_POINT('',(5.953579877924,0.3625));
#5880 = CARTESIAN_POINT('',(5.949129288319,0.3625));
#5881 = CARTESIAN_POINT('',(5.944678698722,0.3625));
#5882 = CARTESIAN_POINT('',(5.940228109132,0.3625));
#5883 = CARTESIAN_POINT('',(5.93577751955,0.3625));
#5884 = CARTESIAN_POINT('',(5.926090942199,0.3625));
#5885 = CARTESIAN_POINT('',(5.920854954427,0.3625));
#5886 = CARTESIAN_POINT('',(5.915618966663,0.3625));
#5887 = CARTESIAN_POINT('',(5.91038297891,0.3625));
#5888 = CARTESIAN_POINT('',(5.905146991169,0.3625));
#5889 = CARTESIAN_POINT('',(5.895984012612,0.3625));
#5890 = CARTESIAN_POINT('',(5.892057021787,0.3625));
#5891 = CARTESIAN_POINT('',(5.888130030968,0.3625));
#5892 = CARTESIAN_POINT('',(5.884203040153,0.3625));
#5893 = CARTESIAN_POINT('',(5.880276049343,0.3625));
#5894 = CARTESIAN_POINT('',(5.866924280586,0.3625));
#5895 = CARTESIAN_POINT('',(5.857499502584,0.3625));
#5896 = CARTESIAN_POINT('',(5.848074724568,0.3625));
#5897 = CARTESIAN_POINT('',(5.838649946572,0.3625));
#5898 = CARTESIAN_POINT('',(5.82922516863,0.3625));
#5899 = CARTESIAN_POINT('',(5.813255406082,0.3625));
#5900 = CARTESIAN_POINT('',(5.806710421382,0.3625));
#5901 = CARTESIAN_POINT('',(5.80016543668,0.3625));
#5902 = CARTESIAN_POINT('',(5.79362045198,0.3625));
#5903 = CARTESIAN_POINT('',(5.787075467287,0.3625));
#5904 = CARTESIAN_POINT('',(5.773200099774,0.3625));
#5905 = CARTESIAN_POINT('',(5.76586971692,0.3625));
#5906 = CARTESIAN_POINT('',(5.758539334053,0.3625));
#5907 = CARTESIAN_POINT('',(5.75120895118,0.3625));
#5908 = CARTESIAN_POINT('',(5.743878568311,0.3625));
#5909 = CARTESIAN_POINT('',(5.730003200791,0.3625));
#5910 = CARTESIAN_POINT('',(5.723458216108,0.3625));
#5911 = CARTESIAN_POINT('',(5.716913231411,0.3625));
#5912 = CARTESIAN_POINT('',(5.710368246704,0.3625));
#5913 = CARTESIAN_POINT('',(5.703823261994,0.3625));
#5914 = CARTESIAN_POINT('',(5.689947894481,0.3625));
#5915 = CARTESIAN_POINT('',(5.682617511642,0.3625));
#5916 = CARTESIAN_POINT('',(5.675287128778,0.3625));
#5917 = CARTESIAN_POINT('',(5.667956745898,0.3625));
#5918 = CARTESIAN_POINT('',(5.660626363014,0.3625));
#5919 = CARTESIAN_POINT('',(5.645703797952,0.3625));
#5920 = CARTESIAN_POINT('',(5.638111615727,0.3625));
#5921 = CARTESIAN_POINT('',(5.630519433472,0.3625));
#5922 = CARTESIAN_POINT('',(5.622927251199,0.3625));
#5923 = CARTESIAN_POINT('',(5.615335068923,0.3625));
#5924 = CARTESIAN_POINT('',(5.599365306326,0.3625));
#5925 = CARTESIAN_POINT('',(5.590987725933,0.3625));
#5926 = CARTESIAN_POINT('',(5.582610145501,0.3625));
#5927 = CARTESIAN_POINT('',(5.574232565053,0.3625));
#5928 = CARTESIAN_POINT('',(5.565854984612,0.3625));
#5929 = CARTESIAN_POINT('',(5.551456018301,0.3625));
#5930 = CARTESIAN_POINT('',(5.545434632386,0.3625));
#5931 = CARTESIAN_POINT('',(5.539413246462,0.3625));
#5932 = CARTESIAN_POINT('',(5.533391860534,0.3625));
#5933 = CARTESIAN_POINT('',(5.527370474606,0.3625));
#5934 = CARTESIAN_POINT('',(5.511400712034,0.3625));
#5935 = CARTESIAN_POINT('',(5.501452335277,0.3625));
#5936 = CARTESIAN_POINT('',(5.491503958466,0.3625));
#5937 = CARTESIAN_POINT('',(5.481555581658,0.3625));
#5938 = CARTESIAN_POINT('',(5.471607204907,0.3625));
#5939 = CARTESIAN_POINT('',(5.393853979258,0.3625));
#5940 = CARTESIAN_POINT('',(5.326044827681,0.3625));
#5941 = CARTESIAN_POINT('',(5.258240701365,0.3625));
#5942 = CARTESIAN_POINT('',(5.190436577312,0.3625));
#5943 = CARTESIAN_POINT('',(5.122627427814,0.3625));
#5944 = CARTESIAN_POINT('',(5.0027248117,0.3625));
#5945 = CARTESIAN_POINT('',(4.950625922799,0.3625));
#5946 = CARTESIAN_POINT('',(4.898528341859,0.3625));
#5947 = CARTESIAN_POINT('',(4.846430762277,0.3625));
#5948 = CARTESIAN_POINT('',(4.794331876498,0.3625));
#5949 = CARTESIAN_POINT('',(4.737259922278,0.3625));
#5950 = CARTESIAN_POINT('',(4.732285733948,0.3625));
#5951 = CARTESIAN_POINT('',(4.727311545599,0.3625));
#5952 = CARTESIAN_POINT('',(4.722337357226,0.3625));
#5953 = CARTESIAN_POINT('',(4.717363168823,0.3625));
#5954 = CARTESIAN_POINT('',(4.712388980385,0.3625));
#5955 = ( GEOMETRIC_REPRESENTATION_CONTEXT(2) 
PARAMETRIC_REPRESENTATION_CONTEXT() REPRESENTATION_CONTEXT('2D SPACE',''
  ) );
#5956 = PCURVE('',#5453,#5957);
#5957 = DEFINITIONAL_REPRESENTATION('',(#5958),#6046);
#5958 = B_SPLINE_CURVE_WITH_KNOTS('',6,(#5959,#5960,#5961,#5962,#5963,
    #5964,#5965,#5966,#5967,#5968,#5969,#5970,#5971,#5972,#5973,#5974,
    #5975,#5976,#5977,#5978,#5979,#5980,#5981,#5982,#5983,#5984,#5985,
    #5986,#5987,#5988,#5989,#5990,#5991,#5992,#5993,#5994,#5995,#5996,
    #5997,#5998,#5999,#6000,#6001,#6002,#6003,#6004,#6005,#6006,#6007,
    #6008,#6009,#6010,#6011,#6012,#6013,#6014,#6015,#6016,#6017,#6018,
    #6019,#6020,#6021,#6022,#6023,#6024,#6025,#6026,#6027,#6028,#6029,
    #6030,#6031,#6032,#6033,#6034,#6035,#6036,#6037,#6038,#6039,#6040,
    #6041,#6042,#6043,#6044,#6045),.UNSPECIFIED.,.F.,.F.,(7,5,5,5,5,5,5,
    5,5,5,5,5,5,5,5,5,5,7),(0.,0.182000419859,0.207000582162,
    0.224000692712,0.244000822949,0.259000920755,0.295001155585,
    0.320001318936,0.348001501842,0.373001665041,0.401001847556,
    0.430002036266,0.462002244119,0.485002393434,0.523002639781,
    0.781999766537,0.980999875878,1.),.UNSPECIFIED.);
#5959 = CARTESIAN_POINT('',(63.340625,12.6));
#5960 = CARTESIAN_POINT('',(63.340625,12.810064980343));
#5961 = CARTESIAN_POINT('',(63.328613930531,13.020133133738));
#5962 = CARTESIAN_POINT('',(63.304592213264,13.229339164728));
#5963 = CARTESIAN_POINT('',(63.268641481328,13.436828321749));
#5964 = CARTESIAN_POINT('',(63.220924441831,13.641757523928));
#5965 = CARTESIAN_POINT('',(63.153547382416,13.870980527372));
#5966 = CARTESIAN_POINT('',(63.14519259644,13.898600656366));
#5967 = CARTESIAN_POINT('',(63.136621007992,13.926154739902));
#5968 = CARTESIAN_POINT('',(63.127833272398,13.953640651771));
#5969 = CARTESIAN_POINT('',(63.118830072758,13.981056274528));
#5970 = CARTESIAN_POINT('',(63.103343911973,14.026992892657));
#5971 = CARTESIAN_POINT('',(63.096976402097,14.045552809184));
#5972 = CARTESIAN_POINT('',(63.090509813826,14.064078586085));
#5973 = CARTESIAN_POINT('',(63.083944376537,14.082569562451));
#5974 = CARTESIAN_POINT('',(63.077280325484,14.101025079438));
#5975 = CARTESIAN_POINT('',(63.062562109143,14.141114363796));
#5976 = CARTESIAN_POINT('',(63.054470160559,14.162734259648));
#5977 = CARTESIAN_POINT('',(63.046242448686,14.184303098348));
#5978 = CARTESIAN_POINT('',(63.037879377303,14.205819814702));
#5979 = CARTESIAN_POINT('',(63.029381361324,14.227283347805));
#5980 = CARTESIAN_POINT('',(63.014274425835,14.264749611101));
#5981 = CARTESIAN_POINT('',(63.007724358176,14.280776071278));
#5982 = CARTESIAN_POINT('',(63.001098803543,14.296771575829));
#5983 = CARTESIAN_POINT('',(62.99439794515,14.312735680466));
#5984 = CARTESIAN_POINT('',(62.987621969693,14.328667942354));
#5985 = CARTESIAN_POINT('',(62.964328901699,14.382727866829));
#5986 = CARTESIAN_POINT('',(62.947455156743,14.420701857976));
#5987 = CARTESIAN_POINT('',(62.930152462329,14.458483790159));
#5988 = CARTESIAN_POINT('',(62.912423561866,14.496067612771));
#5989 = CARTESIAN_POINT('',(62.894271312328,14.533447327995));
#5990 = CARTESIAN_POINT('',(62.862801025729,14.596429256927));
#5991 = CARTESIAN_POINT('',(62.849700638057,14.622140225226));
#5992 = CARTESIAN_POINT('',(62.836398515901,14.647747905084));
#5993 = CARTESIAN_POINT('',(62.822895679715,14.673250319411));
#5994 = CARTESIAN_POINT('',(62.809193175746,14.698645504645));
#5995 = CARTESIAN_POINT('',(62.77972284438,14.752251837542));
#5996 = CARTESIAN_POINT('',(62.763904493981,14.78043521048));
#5997 = CARTESIAN_POINT('',(62.747838531047,14.808478889796));
#5998 = CARTESIAN_POINT('',(62.731526501454,14.836380158675));
#5999 = CARTESIAN_POINT('',(62.714969990742,14.864136323258));
#6000 = CARTESIAN_POINT('',(62.683171189696,14.9163950602));
#6001 = CARTESIAN_POINT('',(62.66797815182,14.940927602621));
#6002 = CARTESIAN_POINT('',(62.652592667234,14.965340438897));
#6003 = CARTESIAN_POINT('',(62.637015917263,14.98963168364));
#6004 = CARTESIAN_POINT('',(62.621249107811,15.01379946709));
#6005 = CARTESIAN_POINT('',(62.587423154462,15.064769499038));
#6006 = CARTESIAN_POINT('',(62.56931597219,15.091539867717));
#6007 = CARTESIAN_POINT('',(62.550973651363,15.118150436116));
#6008 = CARTESIAN_POINT('',(62.532397958419,15.144598625379));
#6009 = CARTESIAN_POINT('',(62.513590697415,15.170881882823));
#6010 = CARTESIAN_POINT('',(62.474836830451,15.224046187869));
#6011 = CARTESIAN_POINT('',(62.454873522054,15.250915061114));
#6012 = CARTESIAN_POINT('',(62.434665831007,15.277601494656));
#6013 = CARTESIAN_POINT('',(62.414215845379,15.3041027135));
#6014 = CARTESIAN_POINT('',(62.393525695134,15.330415974676));
#6015 = CARTESIAN_POINT('',(62.349504429097,15.38536349663));
#6016 = CARTESIAN_POINT('',(62.326121525907,15.413956269075));
#6017 = CARTESIAN_POINT('',(62.302451760742,15.44231324211));
#6018 = CARTESIAN_POINT('',(62.278498111552,15.470430823672));
#6019 = CARTESIAN_POINT('',(62.254263616054,15.498305472098));
#6020 = CARTESIAN_POINT('',(62.21213319619,15.545791482076));
#6021 = CARTESIAN_POINT('',(62.194371534901,15.565521965108));
#6022 = CARTESIAN_POINT('',(62.176467537841,15.585123849066));
#6023 = CARTESIAN_POINT('',(62.158422370339,15.60459585192));
#6024 = CARTESIAN_POINT('',(62.140237213077,15.623936705769));
#6025 = CARTESIAN_POINT('',(62.091638908572,15.674880858315));
#6026 = CARTESIAN_POINT('',(62.060985691634,15.706255143957));
#6027 = CARTESIAN_POINT('',(62.029959006645,15.737262358018));
#6028 = CARTESIAN_POINT('',(61.998564358217,15.767896955377));
#6029 = CARTESIAN_POINT('',(61.966807360204,15.798153501537));
#6030 = CARTESIAN_POINT('',(61.71581787899,16.031632339014));
#6031 = CARTESIAN_POINT('',(61.480361437227,16.217442027327));
#6032 = CARTESIAN_POINT('',(61.230162927148,16.383737762362));
#6033 = CARTESIAN_POINT('',(60.967254754495,16.529109215252));
#6034 = CARTESIAN_POINT('',(60.693825352773,16.652402924978));
#6035 = CARTESIAN_POINT('',(60.195896253921,16.829903371687));
#6036 = CARTESIAN_POINT('',(59.974719381748,16.893503071079));
#6037 = CARTESIAN_POINT('',(59.749783389581,16.943198663283));
#6038 = CARTESIAN_POINT('',(59.52217908042,16.978725155034));
#6039 = CARTESIAN_POINT('',(59.293018931506,16.999932640049));
#6040 = CARTESIAN_POINT('',(59.04151499981,17.007441042676));
#6041 = CARTESIAN_POINT('',(59.01959090644,17.007964606105));
#6042 = CARTESIAN_POINT('',(58.99766388321,17.008357298157));
#6043 = CARTESIAN_POINT('',(58.975734906611,17.008619099372));
#6044 = CARTESIAN_POINT('',(58.953804953279,17.00875));
#6045 = CARTESIAN_POINT('',(58.931875,17.00875));
#6046 = ( GEOMETRIC_REPRESENTATION_CONTEXT(2) 
PARAMETRIC_REPRESENTATION_CONTEXT() REPRESENTATION_CONTEXT('2D SPACE',''
  ) );
#6047 = ORIENTED_EDGE('',*,*,#6048,.T.);
#6048 = EDGE_CURVE('',#5774,#6049,#6051,.T.);
#6049 = VERTEX_POINT('',#6050);
#6050 = CARTESIAN_POINT('',(-12.6,27.,144.5));
#6051 = SURFACE_CURVE('',#6052,(#6055,#6062),.PCURVE_S1.);
#6052 = B_SPLINE_CURVE_WITH_KNOTS('',1,(#6053,#6054),.UNSPECIFIED.,.F.,
  .F.,(2,2),(0.,1.),.PIECEWISE_BEZIER_KNOTS.);
#6053 = CARTESIAN_POINT('',(-12.6,23.,144.25));
#6054 = CARTESIAN_POINT('',(-12.6,27.,144.5));
#6055 = PCURVE('',#5478,#6056);
#6056 = DEFINITIONAL_REPRESENTATION('',(#6057),#6061);
#6057 = LINE('',#6058,#6059);
#6058 = CARTESIAN_POINT('',(6.28318530718,0.));
#6059 = VECTOR('',#6060,1.);
#6060 = DIRECTION('',(0.,1.));
#6061 = ( GEOMETRIC_REPRESENTATION_CONTEXT(2) 
PARAMETRIC_REPRESENTATION_CONTEXT() REPRESENTATION_CONTEXT('2D SPACE',''
  ) );
#6062 = PCURVE('',#6063,#6068);
#6063 = PLANE('',#6064);
#6064 = AXIS2_PLACEMENT_3D('',#6065,#6066,#6067);
#6065 = CARTESIAN_POINT('',(-17.2,27.,144.5));
#6066 = DIRECTION('',(-0.,6.237828615518E-02,-0.998052578483));
#6067 = DIRECTION('',(-1.,0.,0.));
#6068 = DEFINITIONAL_REPRESENTATION('',(#6069),#6072);
#6069 = B_SPLINE_CURVE_WITH_KNOTS('',1,(#6070,#6071),.UNSPECIFIED.,.F.,
  .F.,(2,2),(0.,1.),.PIECEWISE_BEZIER_KNOTS.);
#6070 = CARTESIAN_POINT('',(-4.6,-4.00780488547));
#6071 = CARTESIAN_POINT('',(-4.6,0.));
#6072 = ( GEOMETRIC_REPRESENTATION_CONTEXT(2) 
PARAMETRIC_REPRESENTATION_CONTEXT() REPRESENTATION_CONTEXT('2D SPACE',''
  ) );
#6073 = ORIENTED_EDGE('',*,*,#6074,.F.);
#6074 = EDGE_CURVE('',#5465,#6049,#6075,.T.);
#6075 = SURFACE_CURVE('',#6076,(#6081,#6088),.PCURVE_S1.);
#6076 = CIRCLE('',#6077,4.6);
#6077 = AXIS2_PLACEMENT_3D('',#6078,#6079,#6080);
#6078 = CARTESIAN_POINT('',(-12.6,27.,139.9));
#6079 = DIRECTION('',(0.,1.,0.));
#6080 = DIRECTION('',(-0.,-0.,1.));
#6081 = PCURVE('',#5478,#6082);
#6082 = DEFINITIONAL_REPRESENTATION('',(#6083),#6087);
#6083 = LINE('',#6084,#6085);
#6084 = CARTESIAN_POINT('',(0.,1.));
#6085 = VECTOR('',#6086,1.);
#6086 = DIRECTION('',(1.,0.));
#6087 = ( GEOMETRIC_REPRESENTATION_CONTEXT(2) 
PARAMETRIC_REPRESENTATION_CONTEXT() REPRESENTATION_CONTEXT('2D SPACE',''
  ) );
#6088 = PCURVE('',#6089,#6108);
#6089 = B_SPLINE_SURFACE_WITH_KNOTS('',8,1,(
    (#6090,#6091)
    ,(#6092,#6093)
    ,(#6094,#6095)
    ,(#6096,#6097)
    ,(#6098,#6099)
    ,(#6100,#6101)
    ,(#6102,#6103)
    ,(#6104,#6105)
    ,(#6106,#6107
    )),.UNSPECIFIED.,.F.,.F.,.F.,(9,9),(2,2),(4.712388980385,
    6.28318530718),(0.,1.),.PIECEWISE_BEZIER_KNOTS.);
#6090 = CARTESIAN_POINT('',(-17.2,27.,139.9));
#6091 = CARTESIAN_POINT('',(-17.5,35.5,140.05));
#6092 = CARTESIAN_POINT('',(-17.2,27.,140.8032078879));
#6093 = CARTESIAN_POINT('',(-17.5,35.499999999999,141.01211275015));
#6094 = CARTESIAN_POINT('',(-16.99732037077,27.000000000001,
    141.70641606012));
#6095 = CARTESIAN_POINT('',(-17.28410213409,35.500000000002,
    141.97422580318));
#6096 = CARTESIAN_POINT('',(-16.591963103,26.999999999997,
    142.55656087793));
#6097 = CARTESIAN_POINT('',(-16.85230852276,35.499999999997,
    142.87981484822));
#6098 = CARTESIAN_POINT('',(-16.00059027658,27.000000000003,
    143.30059027659));
#6099 = CARTESIAN_POINT('',(-16.22236790332,35.500000000004,
    143.67236790334));
#6100 = CARTESIAN_POINT('',(-15.25656087794,26.999999999998,
    143.891963103));
#6101 = CARTESIAN_POINT('',(-15.42981484824,35.499999999997,
    144.30230852275));
#6102 = CARTESIAN_POINT('',(-14.40641606012,27.000000000001,
    144.29732037078));
#6103 = CARTESIAN_POINT('',(-14.52422580317,35.500000000001,
    144.73410213409));
#6104 = CARTESIAN_POINT('',(-13.5032078879,27.,144.49999999999));
#6105 = CARTESIAN_POINT('',(-13.56211275016,35.5,144.94999999999));
#6106 = CARTESIAN_POINT('',(-12.6,27.,144.5));
#6107 = CARTESIAN_POINT('',(-12.6,35.5,144.95));
#6108 = DEFINITIONAL_REPRESENTATION('',(#6109),#6113);
#6109 = LINE('',#6110,#6111);
#6110 = CARTESIAN_POINT('',(0.,0.));
#6111 = VECTOR('',#6112,1.);
#6112 = DIRECTION('',(1.,0.));
#6113 = ( GEOMETRIC_REPRESENTATION_CONTEXT(2) 
PARAMETRIC_REPRESENTATION_CONTEXT() REPRESENTATION_CONTEXT('2D SPACE',''
  ) );
#6114 = ADVANCED_FACE('',(#6115),#6063,.T.);
#6115 = FACE_BOUND('',#6116,.F.);
#6116 = EDGE_LOOP('',(#6117,#6118,#6141,#6181));
#6117 = ORIENTED_EDGE('',*,*,#6048,.F.);
#6118 = ORIENTED_EDGE('',*,*,#6119,.T.);
#6119 = EDGE_CURVE('',#5774,#6120,#6122,.T.);
#6120 = VERTEX_POINT('',#6121);
#6121 = CARTESIAN_POINT('',(12.6,24.45,144.340625));
#6122 = SURFACE_CURVE('',#6123,(#6127,#6134),.PCURVE_S1.);
#6123 = LINE('',#6124,#6125);
#6124 = CARTESIAN_POINT('',(-8.6,24.45,144.340625));
#6125 = VECTOR('',#6126,1.);
#6126 = DIRECTION('',(1.,-0.,-0.));
#6127 = PCURVE('',#6063,#6128);
#6128 = DEFINITIONAL_REPRESENTATION('',(#6129),#6133);
#6129 = LINE('',#6130,#6131);
#6130 = CARTESIAN_POINT('',(-8.6,-2.554975614487));
#6131 = VECTOR('',#6132,1.);
#6132 = DIRECTION('',(-1.,0.));
#6133 = ( GEOMETRIC_REPRESENTATION_CONTEXT(2) 
PARAMETRIC_REPRESENTATION_CONTEXT() REPRESENTATION_CONTEXT('2D SPACE',''
  ) );
#6134 = PCURVE('',#5453,#6135);
#6135 = DEFINITIONAL_REPRESENTATION('',(#6136),#6140);
#6136 = LINE('',#6137,#6138);
#6137 = CARTESIAN_POINT('',(63.340625,8.6));
#6138 = VECTOR('',#6139,1.);
#6139 = DIRECTION('',(-0.,-1.));
#6140 = ( GEOMETRIC_REPRESENTATION_CONTEXT(2) 
PARAMETRIC_REPRESENTATION_CONTEXT() REPRESENTATION_CONTEXT('2D SPACE',''
  ) );
#6141 = ORIENTED_EDGE('',*,*,#6142,.T.);
#6142 = EDGE_CURVE('',#6120,#6143,#6145,.T.);
#6143 = VERTEX_POINT('',#6144);
#6144 = CARTESIAN_POINT('',(12.6,27.,144.5));
#6145 = SURFACE_CURVE('',#6146,(#6149,#6155),.PCURVE_S1.);
#6146 = B_SPLINE_CURVE_WITH_KNOTS('',1,(#6147,#6148),.UNSPECIFIED.,.F.,
  .F.,(2,2),(0.,1.),.PIECEWISE_BEZIER_KNOTS.);
#6147 = CARTESIAN_POINT('',(12.6,23.,144.25));
#6148 = CARTESIAN_POINT('',(12.6,27.,144.5));
#6149 = PCURVE('',#6063,#6150);
#6150 = DEFINITIONAL_REPRESENTATION('',(#6151),#6154);
#6151 = B_SPLINE_CURVE_WITH_KNOTS('',1,(#6152,#6153),.UNSPECIFIED.,.F.,
  .F.,(2,2),(0.,1.),.PIECEWISE_BEZIER_KNOTS.);
#6152 = CARTESIAN_POINT('',(-29.8,-4.00780488547));
#6153 = CARTESIAN_POINT('',(-29.8,0.));
#6154 = ( GEOMETRIC_REPRESENTATION_CONTEXT(2) 
PARAMETRIC_REPRESENTATION_CONTEXT() REPRESENTATION_CONTEXT('2D SPACE',''
  ) );
#6155 = PCURVE('',#6156,#6175);
#6156 = B_SPLINE_SURFACE_WITH_KNOTS('',8,1,(
    (#6157,#6158)
    ,(#6159,#6160)
    ,(#6161,#6162)
    ,(#6163,#6164)
    ,(#6165,#6166)
    ,(#6167,#6168)
    ,(#6169,#6170)
    ,(#6171,#6172)
    ,(#6173,#6174
    )),.UNSPECIFIED.,.F.,.F.,.F.,(9,9),(2,2),(0.,1.570796326795),(0.,1.)
  ,.PIECEWISE_BEZIER_KNOTS.);
#6157 = CARTESIAN_POINT('',(12.6,23.,144.25));
#6158 = CARTESIAN_POINT('',(12.6,27.,144.5));
#6159 = CARTESIAN_POINT('',(13.444303025652,23.,144.25));
#6160 = CARTESIAN_POINT('',(13.503207887907,27.,144.5));
#6161 = CARTESIAN_POINT('',(14.288606317068,23.,144.06053860746));
#6162 = CARTESIAN_POINT('',(14.406416060119,27.,144.29732037077));
#6163 = CARTESIAN_POINT('',(15.083306907641,23.,143.68161768324));
#6164 = CARTESIAN_POINT('',(15.256560877941,27.,143.891963103));
#6165 = CARTESIAN_POINT('',(15.778812649853,23.,143.12881264985));
#6166 = CARTESIAN_POINT('',(16.000590276587,27.,143.30059027658));
#6167 = CARTESIAN_POINT('',(16.331617683247,23.,142.43330690763));
#6168 = CARTESIAN_POINT('',(16.591963103009,27.,142.55656087794));
#6169 = CARTESIAN_POINT('',(16.710538607467,23.,141.63860631706));
#6170 = CARTESIAN_POINT('',(16.997320370778,27.,141.70641606011));
#6171 = CARTESIAN_POINT('',(16.9,23.,140.79430302565));
#6172 = CARTESIAN_POINT('',(17.2,27.,140.8032078879));
#6173 = CARTESIAN_POINT('',(16.9,23.,139.95));
#6174 = CARTESIAN_POINT('',(17.2,27.,139.9));
#6175 = DEFINITIONAL_REPRESENTATION('',(#6176),#6180);
#6176 = LINE('',#6177,#6178);
#6177 = CARTESIAN_POINT('',(0.,0.));
#6178 = VECTOR('',#6179,1.);
#6179 = DIRECTION('',(0.,1.));
#6180 = ( GEOMETRIC_REPRESENTATION_CONTEXT(2) 
PARAMETRIC_REPRESENTATION_CONTEXT() REPRESENTATION_CONTEXT('2D SPACE',''
  ) );
#6181 = ORIENTED_EDGE('',*,*,#6182,.F.);
#6182 = EDGE_CURVE('',#6049,#6143,#6183,.T.);
#6183 = SURFACE_CURVE('',#6184,(#6188,#6195),.PCURVE_S1.);
#6184 = LINE('',#6185,#6186);
#6185 = CARTESIAN_POINT('',(-17.2,27.,144.5));
#6186 = VECTOR('',#6187,1.);
#6187 = DIRECTION('',(1.,-0.,-0.));
#6188 = PCURVE('',#6063,#6189);
#6189 = DEFINITIONAL_REPRESENTATION('',(#6190),#6194);
#6190 = LINE('',#6191,#6192);
#6191 = CARTESIAN_POINT('',(-0.,0.));
#6192 = VECTOR('',#6193,1.);
#6193 = DIRECTION('',(-1.,0.));
#6194 = ( GEOMETRIC_REPRESENTATION_CONTEXT(2) 
PARAMETRIC_REPRESENTATION_CONTEXT() REPRESENTATION_CONTEXT('2D SPACE',''
  ) );
#6195 = PCURVE('',#4022,#6196);
#6196 = DEFINITIONAL_REPRESENTATION('',(#6197),#6201);
#6197 = LINE('',#6198,#6199);
#6198 = CARTESIAN_POINT('',(-0.3,-8.511903429903));
#6199 = VECTOR('',#6200,1.);
#6200 = DIRECTION('',(-1.,0.));
#6201 = ( GEOMETRIC_REPRESENTATION_CONTEXT(2) 
PARAMETRIC_REPRESENTATION_CONTEXT() REPRESENTATION_CONTEXT('2D SPACE',''
  ) );
#6202 = ADVANCED_FACE('',(#6203),#6156,.F.);
#6203 = FACE_BOUND('',#6204,.F.);
#6204 = EDGE_LOOP('',(#6205,#6206,#6511,#6532));
#6205 = ORIENTED_EDGE('',*,*,#6142,.F.);
#6206 = ORIENTED_EDGE('',*,*,#6207,.F.);
#6207 = EDGE_CURVE('',#6208,#6120,#6210,.T.);
#6208 = VERTEX_POINT('',#6209);
#6209 = CARTESIAN_POINT('',(17.00875,24.45,139.931875));
#6210 = SURFACE_CURVE('',#6211,(#6309,#6410),.PCURVE_S1.);
#6211 = B_SPLINE_CURVE_WITH_KNOTS('',6,(#6212,#6213,#6214,#6215,#6216,
    #6217,#6218,#6219,#6220,#6221,#6222,#6223,#6224,#6225,#6226,#6227,
    #6228,#6229,#6230,#6231,#6232,#6233,#6234,#6235,#6236,#6237,#6238,
    #6239,#6240,#6241,#6242,#6243,#6244,#6245,#6246,#6247,#6248,#6249,
    #6250,#6251,#6252,#6253,#6254,#6255,#6256,#6257,#6258,#6259,#6260,
    #6261,#6262,#6263,#6264,#6265,#6266,#6267,#6268,#6269,#6270,#6271,
    #6272,#6273,#6274,#6275,#6276,#6277,#6278,#6279,#6280,#6281,#6282,
    #6283,#6284,#6285,#6286,#6287,#6288,#6289,#6290,#6291,#6292,#6293,
    #6294,#6295,#6296,#6297,#6298,#6299,#6300,#6301,#6302,#6303,#6304,
    #6305,#6306,#6307,#6308),.UNSPECIFIED.,.F.,.F.,(7,5,5,5,5,5,5,5,5,5,
    5,5,5,5,5,5,5,5,5,7),(0.,0.389979083876,0.514983272304,
    0.540984168835,0.565985031041,0.593985996939,0.608986514541,
    0.637987515392,0.665988481966,0.693989448632,0.708989966507,
    0.73899100201,0.767992002681,0.796993002946,0.811993520209,
    0.851994898835,0.897996484022,0.914997070419,0.934997760568,1.),
  .UNSPECIFIED.);
#6212 = CARTESIAN_POINT('',(17.00875,24.45,139.931875));
#6213 = CARTESIAN_POINT('',(17.00875,24.45,140.38197645142));
#6214 = CARTESIAN_POINT('',(16.953606901888,24.45,140.8322242971));
#6215 = CARTESIAN_POINT('',(16.843258512532,24.45,141.27384144339));
#6216 = CARTESIAN_POINT('',(16.679607846243,24.45,141.69860135982));
#6217 = CARTESIAN_POINT('',(16.465828269686,24.45,142.09867902262));
#6218 = CARTESIAN_POINT('',(16.124058181493,24.45,142.5849686675));
#6219 = CARTESIAN_POINT('',(16.036463091307,24.45,142.69975053613));
#6220 = CARTESIAN_POINT('',(15.944392913309,24.45,142.81104656021));
#6221 = CARTESIAN_POINT('',(15.848022075559,24.45,142.91864016722));
#6222 = CARTESIAN_POINT('',(15.747538810876,24.45,143.02232666905));
#6223 = CARTESIAN_POINT('',(15.621431255639,24.45,143.14262729363));
#6224 = CARTESIAN_POINT('',(15.599548159159,24.45,143.1631639631));
#6225 = CARTESIAN_POINT('',(15.577497678626,24.45,143.18352154268));
#6226 = CARTESIAN_POINT('',(15.55528164828,24.45,143.2036983297));
#6227 = CARTESIAN_POINT('',(15.532901925369,24.45,143.22369264657));
#6228 = CARTESIAN_POINT('',(15.488685836922,24.45,143.26255110474));
#6229 = CARTESIAN_POINT('',(15.466861678849,24.45,143.28142913718));
#6230 = CARTESIAN_POINT('',(15.444889587456,24.45,143.30013546921));
#6231 = CARTESIAN_POINT('',(15.422771253063,24.45,143.31866865409));
#6232 = CARTESIAN_POINT('',(15.400508384781,24.45,143.33702726735));
#6233 = CARTESIAN_POINT('',(15.353008355132,24.45,143.37557446304));
#6234 = CARTESIAN_POINT('',(15.327734863523,24.45,143.39571827804));
#6235 = CARTESIAN_POINT('',(15.30228466338,24.45,143.41563938165));
#6236 = CARTESIAN_POINT('',(15.276660210482,24.45,143.43533583996));
#6237 = CARTESIAN_POINT('',(15.250863988698,24.45,143.4548057553));
#6238 = CARTESIAN_POINT('',(15.210988431958,24.45,143.48435521856));
#6239 = CARTESIAN_POINT('',(15.19702977884,24.45,143.49459762125));
#6240 = CARTESIAN_POINT('',(15.183022936774,24.45,143.5047741881));
#6241 = CARTESIAN_POINT('',(15.168968294114,24.45,143.51488463602));
#6242 = CARTESIAN_POINT('',(15.154866241427,24.45,143.52492868499));
#6243 = CARTESIAN_POINT('',(15.113362302796,24.45,143.55419564602));
#6244 = CARTESIAN_POINT('',(15.085831693734,24.45,143.57323601444));
#6245 = CARTESIAN_POINT('',(15.058128183128,24.45,143.59202516149));
#6246 = CARTESIAN_POINT('',(15.030254639202,24.45,143.61056112911));
#6247 = CARTESIAN_POINT('',(15.002213959583,24.45,143.62884200306));
#6248 = CARTESIAN_POINT('',(14.94677676514,24.45,143.66426830864));
#6249 = CARTESIAN_POINT('',(14.919391379266,24.45,143.68143115673));
#6250 = CARTESIAN_POINT('',(14.891855548195,24.45,143.69835277358));
#6251 = CARTESIAN_POINT('',(14.864171930272,24.45,143.71503151478));
#6252 = CARTESIAN_POINT('',(14.836343207659,24.45,143.7314657751));
#6253 = CARTESIAN_POINT('',(14.780400964936,24.45,143.76384220184));
#6254 = CARTESIAN_POINT('',(14.752287444311,24.45,143.77978436856));
#6255 = CARTESIAN_POINT('',(14.724034230462,24.45,143.79547892252));
#6256 = CARTESIAN_POINT('',(14.695644051461,24.45,143.81092433779));
#6257 = CARTESIAN_POINT('',(14.667119657457,24.45,143.82611912862));
#6258 = CARTESIAN_POINT('',(14.62311247953,24.45,143.84906687841));
#6259 = CARTESIAN_POINT('',(14.607723415558,24.45,143.85699956593));
#6260 = CARTESIAN_POINT('',(14.592297054917,24.45,143.86485968974));
#6261 = CARTESIAN_POINT('',(14.576833825463,24.45,143.87264703099));
#6262 = CARTESIAN_POINT('',(14.56133415676,24.45,143.88036137421));
#6263 = CARTESIAN_POINT('',(14.514727126967,24.45,143.90328477324));
#6264 = CARTESIAN_POINT('',(14.483511741513,24.45,143.91827419879));
#6265 = CARTESIAN_POINT('',(14.452155774492,24.45,143.93296908667));
#6266 = CARTESIAN_POINT('',(14.420662702051,24.45,143.94736779445));
#6267 = CARTESIAN_POINT('',(14.389036025708,24.45,143.96146873449));
#6268 = CARTESIAN_POINT('',(14.326581077775,24.45,143.98861195869));
#6269 = CARTESIAN_POINT('',(14.295761332774,24.45,144.00167386396));
#6270 = CARTESIAN_POINT('',(14.264823223132,24.45,144.01445470524));
#6271 = CARTESIAN_POINT('',(14.233769954544,24.45,144.02695314681));
#6272 = CARTESIAN_POINT('',(14.202604752617,24.45,144.03916790179));
#6273 = CARTESIAN_POINT('',(14.140056973569,24.45,144.06302756226));
#6274 = CARTESIAN_POINT('',(14.108674395788,24.45,144.07467246801));
#6275 = CARTESIAN_POINT('',(14.077186375058,24.45,144.08603121133));
#6276 = CARTESIAN_POINT('',(14.045596174576,24.45,144.09710260384));
#6277 = CARTESIAN_POINT('',(14.013907075204,24.45,144.10788550689));
#6278 = CARTESIAN_POINT('',(13.965682013677,24.45,144.12380641316));
#6279 = CARTESIAN_POINT('',(13.949216074984,24.45,144.12915652142));
#6280 = CARTESIAN_POINT('',(13.932725015784,24.45,144.13442900563));
#6281 = CARTESIAN_POINT('',(13.9162092936,24.45,144.13962371871));
#6282 = CARTESIAN_POINT('',(13.899669367098,24.45,144.14474051719));
#6283 = CARTESIAN_POINT('',(13.838935907534,24.45,144.16321591161));
#6284 = CARTESIAN_POINT('',(13.794597267338,24.45,144.17609750852));
#6285 = CARTESIAN_POINT('',(13.750098497998,24.45,144.18842139854));
#6286 = CARTESIAN_POINT('',(13.705448371804,24.45,144.2001851126));
#6287 = CARTESIAN_POINT('',(13.660655710838,24.45,144.21138636591));
#6288 = CARTESIAN_POINT('',(13.56406411479,24.45,144.23425525371));
#6289 = CARTESIAN_POINT('',(13.512222067675,24.45,144.24574081853));
#6290 = CARTESIAN_POINT('',(13.460216740538,24.45,144.25647655754));
#6291 = CARTESIAN_POINT('',(13.408061693418,24.45,144.26645960334));
#6292 = CARTESIAN_POINT('',(13.355770551485,24.45,144.27568741597));
#6293 = CARTESIAN_POINT('',(13.283986780708,24.45,144.28728813605));
#6294 = CARTESIAN_POINT('',(13.264599838054,24.45,144.29031503849));
#6295 = CARTESIAN_POINT('',(13.245196867755,24.45,144.29323837865));
#6296 = CARTESIAN_POINT('',(13.225778561401,24.45,144.29605805106));
#6297 = CARTESIAN_POINT('',(13.206345611493,24.45,144.29877395644));
#6298 = CARTESIAN_POINT('',(13.164020005189,24.45,144.30445899604));
#6299 = CARTESIAN_POINT('',(13.141121990692,24.45,144.30738823935));
#6300 = CARTESIAN_POINT('',(13.118205797088,24.45,144.31017357991));
#6301 = CARTESIAN_POINT('',(13.095272554919,24.45,144.3128148779));
#6302 = CARTESIAN_POINT('',(13.072323396127,24.45,144.31531200536));
#6303 = CARTESIAN_POINT('',(12.974726646413,24.45,144.32531157837));
#6304 = CARTESIAN_POINT('',(12.899937669882,24.45,144.33143428448));
#6305 = CARTESIAN_POINT('',(12.825031469716,24.45,144.33602897542));
#6306 = CARTESIAN_POINT('',(12.750047059173,24.45,144.33909299102));
#6307 = CARTESIAN_POINT('',(12.675023519513,24.45,144.340625));
#6308 = CARTESIAN_POINT('',(12.6,24.45,144.340625));
#6309 = PCURVE('',#6156,#6310);
#6310 = DEFINITIONAL_REPRESENTATION('',(#6311),#6409);
#6311 = B_SPLINE_CURVE_WITH_KNOTS('',6,(#6312,#6313,#6314,#6315,#6316,
    #6317,#6318,#6319,#6320,#6321,#6322,#6323,#6324,#6325,#6326,#6327,
    #6328,#6329,#6330,#6331,#6332,#6333,#6334,#6335,#6336,#6337,#6338,
    #6339,#6340,#6341,#6342,#6343,#6344,#6345,#6346,#6347,#6348,#6349,
    #6350,#6351,#6352,#6353,#6354,#6355,#6356,#6357,#6358,#6359,#6360,
    #6361,#6362,#6363,#6364,#6365,#6366,#6367,#6368,#6369,#6370,#6371,
    #6372,#6373,#6374,#6375,#6376,#6377,#6378,#6379,#6380,#6381,#6382,
    #6383,#6384,#6385,#6386,#6387,#6388,#6389,#6390,#6391,#6392,#6393,
    #6394,#6395,#6396,#6397,#6398,#6399,#6400,#6401,#6402,#6403,#6404,
    #6405,#6406,#6407,#6408),.UNSPECIFIED.,.F.,.F.,(7,5,5,5,5,5,5,5,5,5,
    5,5,5,5,5,5,5,5,5,7),(0.,0.389979083876,0.514983272304,
    0.540984168835,0.565985031041,0.593985996939,0.608986514541,
    0.637987515392,0.665988481966,0.693989448632,0.708989966507,
    0.73899100201,0.767992002681,0.796993002946,0.811993520209,
    0.851994898835,0.897996484022,0.914997070419,0.934997760568,1.),
  .UNSPECIFIED.);
#6312 = CARTESIAN_POINT('',(1.570796326795,0.3625));
#6313 = CARTESIAN_POINT('',(1.468703567754,0.3625));
#6314 = CARTESIAN_POINT('',(1.36657834359,0.3625));
#6315 = CARTESIAN_POINT('',(1.26449102708,0.3625));
#6316 = CARTESIAN_POINT('',(1.162403750667,0.3625));
#6317 = CARTESIAN_POINT('',(1.060278521502,0.3625));
#6318 = CARTESIAN_POINT('',(0.925460868689,0.3625));
#6319 = CARTESIAN_POINT('',(0.892735939092,0.3625));
#6320 = CARTESIAN_POINT('',(0.860010989862,0.3625));
#6321 = CARTESIAN_POINT('',(0.827286040376,0.3625));
#6322 = CARTESIAN_POINT('',(0.794561110082,0.3625));
#6323 = CARTESIAN_POINT('',(0.755029434412,0.3625));
#6324 = CARTESIAN_POINT('',(0.748222650318,0.3625));
#6325 = CARTESIAN_POINT('',(0.74141586622,0.3625));
#6326 = CARTESIAN_POINT('',(0.734609082129,0.3625));
#6327 = CARTESIAN_POINT('',(0.727802298052,0.3625));
#6328 = CARTESIAN_POINT('',(0.714450529291,0.3625));
#6329 = CARTESIAN_POINT('',(0.707905544579,0.3625));
#6330 = CARTESIAN_POINT('',(0.70136055987,0.3625));
#6331 = CARTESIAN_POINT('',(0.694815575171,0.3625));
#6332 = CARTESIAN_POINT('',(0.688270590488,0.3625));
#6333 = CARTESIAN_POINT('',(0.674395222951,0.3625));
#6334 = CARTESIAN_POINT('',(0.667064840066,0.3625));
#6335 = CARTESIAN_POINT('',(0.659734457185,0.3625));
#6336 = CARTESIAN_POINT('',(0.652404074319,0.3625));
#6337 = CARTESIAN_POINT('',(0.64507369148,0.3625));
#6338 = CARTESIAN_POINT('',(0.633816317851,0.3625));
#6339 = CARTESIAN_POINT('',(0.629889327027,0.3625));
#6340 = CARTESIAN_POINT('',(0.625962336207,0.3625));
#6341 = CARTESIAN_POINT('',(0.622035345392,0.3625));
#6342 = CARTESIAN_POINT('',(0.618108354582,0.3625));
#6343 = CARTESIAN_POINT('',(0.606589181513,0.3625));
#6344 = CARTESIAN_POINT('',(0.598996999241,0.3625));
#6345 = CARTESIAN_POINT('',(0.591404816971,0.3625));
#6346 = CARTESIAN_POINT('',(0.583812634716,0.3625));
#6347 = CARTESIAN_POINT('',(0.576220452489,0.3625));
#6348 = CARTESIAN_POINT('',(0.561297887435,0.3625));
#6349 = CARTESIAN_POINT('',(0.553967504561,0.3625));
#6350 = CARTESIAN_POINT('',(0.546637121686,0.3625));
#6351 = CARTESIAN_POINT('',(0.53930673882,0.3625));
#6352 = CARTESIAN_POINT('',(0.531976355971,0.3625));
#6353 = CARTESIAN_POINT('',(0.517315590303,0.3625));
#6354 = CARTESIAN_POINT('',(0.509985207441,0.3625));
#6355 = CARTESIAN_POINT('',(0.50265482457,0.3625));
#6356 = CARTESIAN_POINT('',(0.495324441701,0.3625));
#6357 = CARTESIAN_POINT('',(0.487994058841,0.3625));
#6358 = CARTESIAN_POINT('',(0.476736685187,0.3625));
#6359 = CARTESIAN_POINT('',(0.472809694372,0.3625));
#6360 = CARTESIAN_POINT('',(0.468882703556,0.3625));
#6361 = CARTESIAN_POINT('',(0.464955712738,0.3625));
#6362 = CARTESIAN_POINT('',(0.461028721918,0.3625));
#6363 = CARTESIAN_POINT('',(0.44924774952,0.3625));
#6364 = CARTESIAN_POINT('',(0.441393767903,0.3625));
#6365 = CARTESIAN_POINT('',(0.433539786259,0.3625));
#6366 = CARTESIAN_POINT('',(0.425685804601,0.3625));
#6367 = CARTESIAN_POINT('',(0.417831822941,0.3625));
#6368 = CARTESIAN_POINT('',(0.402385659117,0.3625));
#6369 = CARTESIAN_POINT('',(0.394793476897,0.3625));
#6370 = CARTESIAN_POINT('',(0.387201294645,0.3625));
#6371 = CARTESIAN_POINT('',(0.379609112373,0.3625));
#6372 = CARTESIAN_POINT('',(0.372016930093,0.3625));
#6373 = CARTESIAN_POINT('',(0.356832565646,0.3625));
#6374 = CARTESIAN_POINT('',(0.349240383429,0.3625));
#6375 = CARTESIAN_POINT('',(0.341648201176,0.3625));
#6376 = CARTESIAN_POINT('',(0.334056018901,0.3625));
#6377 = CARTESIAN_POINT('',(0.326463836617,0.3625));
#6378 = CARTESIAN_POINT('',(0.314944663536,0.3625));
#6379 = CARTESIAN_POINT('',(0.311017672726,0.3625));
#6380 = CARTESIAN_POINT('',(0.307090681911,0.3625));
#6381 = CARTESIAN_POINT('',(0.303163691091,0.3625));
#6382 = CARTESIAN_POINT('',(0.299236700266,0.3625));
#6383 = CARTESIAN_POINT('',(0.284837734089,0.3625));
#6384 = CARTESIAN_POINT('',(0.27436575858,0.3625));
#6385 = CARTESIAN_POINT('',(0.26389378298,0.3625));
#6386 = CARTESIAN_POINT('',(0.253421807361,0.3625));
#6387 = CARTESIAN_POINT('',(0.242949831797,0.3625));
#6388 = CARTESIAN_POINT('',(0.22043508468,0.3625));
#6389 = CARTESIAN_POINT('',(0.208392312737,0.3625));
#6390 = CARTESIAN_POINT('',(0.196349540683,0.3625));
#6391 = CARTESIAN_POINT('',(0.184306768667,0.3625));
#6392 = CARTESIAN_POINT('',(0.172263996835,0.3625));
#6393 = CARTESIAN_POINT('',(0.155770635717,0.3625));
#6394 = CARTESIAN_POINT('',(0.151320046108,0.3625));
#6395 = CARTESIAN_POINT('',(0.146869456508,0.3625));
#6396 = CARTESIAN_POINT('',(0.142418866919,0.3625));
#6397 = CARTESIAN_POINT('',(0.137968277341,0.3625));
#6398 = CARTESIAN_POINT('',(0.128281699985,0.3625));
#6399 = CARTESIAN_POINT('',(0.123045712203,0.3625));
#6400 = CARTESIAN_POINT('',(0.117809724436,0.3625));
#6401 = CARTESIAN_POINT('',(0.112573736686,0.3625));
#6402 = CARTESIAN_POINT('',(0.107337748954,0.3625));
#6403 = CARTESIAN_POINT('',(8.508480210708E-02,0.3625));
#6404 = CARTESIAN_POINT('',(6.806784166837E-02,0.3625));
#6405 = CARTESIAN_POINT('',(5.105088065807E-02,0.3625));
#6406 = CARTESIAN_POINT('',(3.403391970717E-02,0.3625));
#6407 = CARTESIAN_POINT('',(1.701695934516E-02,0.3625));
#6408 = CARTESIAN_POINT('',(0.,0.3625));
#6409 = ( GEOMETRIC_REPRESENTATION_CONTEXT(2) 
PARAMETRIC_REPRESENTATION_CONTEXT() REPRESENTATION_CONTEXT('2D SPACE',''
  ) );
#6410 = PCURVE('',#5453,#6411);
#6411 = DEFINITIONAL_REPRESENTATION('',(#6412),#6510);
#6412 = B_SPLINE_CURVE_WITH_KNOTS('',6,(#6413,#6414,#6415,#6416,#6417,
    #6418,#6419,#6420,#6421,#6422,#6423,#6424,#6425,#6426,#6427,#6428,
    #6429,#6430,#6431,#6432,#6433,#6434,#6435,#6436,#6437,#6438,#6439,
    #6440,#6441,#6442,#6443,#6444,#6445,#6446,#6447,#6448,#6449,#6450,
    #6451,#6452,#6453,#6454,#6455,#6456,#6457,#6458,#6459,#6460,#6461,
    #6462,#6463,#6464,#6465,#6466,#6467,#6468,#6469,#6470,#6471,#6472,
    #6473,#6474,#6475,#6476,#6477,#6478,#6479,#6480,#6481,#6482,#6483,
    #6484,#6485,#6486,#6487,#6488,#6489,#6490,#6491,#6492,#6493,#6494,
    #6495,#6496,#6497,#6498,#6499,#6500,#6501,#6502,#6503,#6504,#6505,
    #6506,#6507,#6508,#6509),.UNSPECIFIED.,.F.,.F.,(7,5,5,5,5,5,5,5,5,5,
    5,5,5,5,5,5,5,5,5,7),(0.,0.389979083876,0.514983272304,
    0.540984168835,0.565985031041,0.593985996939,0.608986514541,
    0.637987515392,0.665988481966,0.693989448632,0.708989966507,
    0.73899100201,0.767992002681,0.796993002946,0.811993520209,
    0.851994898835,0.897996484022,0.914997070419,0.934997760568,1.),
  .UNSPECIFIED.);
#6413 = CARTESIAN_POINT('',(58.931875,-17.00875));
#6414 = CARTESIAN_POINT('',(59.381976451423,-17.00875));
#6415 = CARTESIAN_POINT('',(59.8322242971,-16.95360690188));
#6416 = CARTESIAN_POINT('',(60.27384144339,-16.84325851253));
#6417 = CARTESIAN_POINT('',(60.698601359824,-16.67960784624));
#6418 = CARTESIAN_POINT('',(61.098679022623,-16.46582826968));
#6419 = CARTESIAN_POINT('',(61.584968667502,-16.12405818149));
#6420 = CARTESIAN_POINT('',(61.69975053613,-16.0364630913));
#6421 = CARTESIAN_POINT('',(61.811046560218,-15.9443929133));
#6422 = CARTESIAN_POINT('',(61.918640167222,-15.84802207555));
#6423 = CARTESIAN_POINT('',(62.022326669056,-15.74753881087));
#6424 = CARTESIAN_POINT('',(62.142627293631,-15.62143125563));
#6425 = CARTESIAN_POINT('',(62.163163963103,-15.59954815915));
#6426 = CARTESIAN_POINT('',(62.183521542689,-15.57749767862));
#6427 = CARTESIAN_POINT('',(62.2036983297,-15.55528164828));
#6428 = CARTESIAN_POINT('',(62.223692646574,-15.53290192536));
#6429 = CARTESIAN_POINT('',(62.262551104749,-15.48868583692));
#6430 = CARTESIAN_POINT('',(62.281429137189,-15.46686167884));
#6431 = CARTESIAN_POINT('',(62.300135469216,-15.44488958745));
#6432 = CARTESIAN_POINT('',(62.318668654097,-15.42277125306));
#6433 = CARTESIAN_POINT('',(62.337027267353,-15.40050838478));
#6434 = CARTESIAN_POINT('',(62.375574463044,-15.35300835513));
#6435 = CARTESIAN_POINT('',(62.395718278048,-15.32773486352));
#6436 = CARTESIAN_POINT('',(62.415639381654,-15.30228466338));
#6437 = CARTESIAN_POINT('',(62.435335839969,-15.27666021048));
#6438 = CARTESIAN_POINT('',(62.454805755307,-15.25086398869));
#6439 = CARTESIAN_POINT('',(62.484355218569,-15.21098843195));
#6440 = CARTESIAN_POINT('',(62.494597621252,-15.19702977884));
#6441 = CARTESIAN_POINT('',(62.5047741881,-15.18302293677));
#6442 = CARTESIAN_POINT('',(62.514884636023,-15.16896829411));
#6443 = CARTESIAN_POINT('',(62.524928684993,-15.15486624142));
#6444 = CARTESIAN_POINT('',(62.554195646026,-15.11336230279));
#6445 = CARTESIAN_POINT('',(62.57323601445,-15.08583169373));
#6446 = CARTESIAN_POINT('',(62.592025161493,-15.05812818312));
#6447 = CARTESIAN_POINT('',(62.610561129116,-15.0302546392));
#6448 = CARTESIAN_POINT('',(62.628842003061,-15.00221395958));
#6449 = CARTESIAN_POINT('',(62.664268308644,-14.94677676514));
#6450 = CARTESIAN_POINT('',(62.681431156737,-14.91939137926));
#6451 = CARTESIAN_POINT('',(62.698352773581,-14.89185554819));
#6452 = CARTESIAN_POINT('',(62.715031514784,-14.86417193027));
#6453 = CARTESIAN_POINT('',(62.731465775104,-14.83634320765));
#6454 = CARTESIAN_POINT('',(62.763842201846,-14.78040096493));
#6455 = CARTESIAN_POINT('',(62.779784368564,-14.75228744431));
#6456 = CARTESIAN_POINT('',(62.795478922522,-14.72403423046));
#6457 = CARTESIAN_POINT('',(62.810924337798,-14.69564405146));
#6458 = CARTESIAN_POINT('',(62.826119128629,-14.66711965745));
#6459 = CARTESIAN_POINT('',(62.849066878415,-14.62311247953));
#6460 = CARTESIAN_POINT('',(62.856999565931,-14.60772341555));
#6461 = CARTESIAN_POINT('',(62.864859689743,-14.59229705491));
#6462 = CARTESIAN_POINT('',(62.872647030998,-14.57683382546));
#6463 = CARTESIAN_POINT('',(62.880361374211,-14.56133415676));
#6464 = CARTESIAN_POINT('',(62.903284773244,-14.51472712696));
#6465 = CARTESIAN_POINT('',(62.918274198794,-14.48351174151));
#6466 = CARTESIAN_POINT('',(62.932969086674,-14.45215577449));
#6467 = CARTESIAN_POINT('',(62.94736779445,-14.42066270205));
#6468 = CARTESIAN_POINT('',(62.961468734496,-14.3890360257));
#6469 = CARTESIAN_POINT('',(62.988611958692,-14.32658107777));
#6470 = CARTESIAN_POINT('',(63.00167386396,-14.29576133277));
#6471 = CARTESIAN_POINT('',(63.014454705243,-14.26482322313));
#6472 = CARTESIAN_POINT('',(63.026953146817,-14.23376995454));
#6473 = CARTESIAN_POINT('',(63.039167901793,-14.20260475261));
#6474 = CARTESIAN_POINT('',(63.063027562262,-14.14005697356));
#6475 = CARTESIAN_POINT('',(63.074672468017,-14.10867439578));
#6476 = CARTESIAN_POINT('',(63.08603121133,-14.07718637505));
#6477 = CARTESIAN_POINT('',(63.097102603846,-14.04559617457));
#6478 = CARTESIAN_POINT('',(63.107885506899,-14.0139070752));
#6479 = CARTESIAN_POINT('',(63.123806413161,-13.96568201367));
#6480 = CARTESIAN_POINT('',(63.129156521426,-13.94921607498));
#6481 = CARTESIAN_POINT('',(63.134429005634,-13.93272501578));
#6482 = CARTESIAN_POINT('',(63.139623718714,-13.9162092936));
#6483 = CARTESIAN_POINT('',(63.144740517192,-13.89966936709));
#6484 = CARTESIAN_POINT('',(63.163215911616,-13.83893590753));
#6485 = CARTESIAN_POINT('',(63.17609750852,-13.79459726733));
#6486 = CARTESIAN_POINT('',(63.188421398544,-13.75009849799));
#6487 = CARTESIAN_POINT('',(63.200185112608,-13.7054483718));
#6488 = CARTESIAN_POINT('',(63.211386365913,-13.66065571083));
#6489 = CARTESIAN_POINT('',(63.234255253712,-13.56406411479));
#6490 = CARTESIAN_POINT('',(63.245740818533,-13.51222206767));
#6491 = CARTESIAN_POINT('',(63.256476557545,-13.46021674053));
#6492 = CARTESIAN_POINT('',(63.266459603344,-13.40806169341));
#6493 = CARTESIAN_POINT('',(63.275687415977,-13.35577055148));
#6494 = CARTESIAN_POINT('',(63.287288136056,-13.2839867807));
#6495 = CARTESIAN_POINT('',(63.290315038497,-13.26459983805));
#6496 = CARTESIAN_POINT('',(63.293238378652,-13.24519686775));
#6497 = CARTESIAN_POINT('',(63.296058051065,-13.2257785614));
#6498 = CARTESIAN_POINT('',(63.298773956442,-13.20634561149));
#6499 = CARTESIAN_POINT('',(63.304458996049,-13.16402000518));
#6500 = CARTESIAN_POINT('',(63.307388239356,-13.14112199069));
#6501 = CARTESIAN_POINT('',(63.310173579911,-13.11820579708));
#6502 = CARTESIAN_POINT('',(63.312814877901,-13.09527255491));
#6503 = CARTESIAN_POINT('',(63.315312005361,-13.07232339612));
#6504 = CARTESIAN_POINT('',(63.325311578372,-12.97472664641));
#6505 = CARTESIAN_POINT('',(63.331434284484,-12.89993766988));
#6506 = CARTESIAN_POINT('',(63.336028975425,-12.82503146971));
#6507 = CARTESIAN_POINT('',(63.33909299102,-12.75004705917));
#6508 = CARTESIAN_POINT('',(63.340625,-12.67502351951));
#6509 = CARTESIAN_POINT('',(63.340625,-12.6));
#6510 = ( GEOMETRIC_REPRESENTATION_CONTEXT(2) 
PARAMETRIC_REPRESENTATION_CONTEXT() REPRESENTATION_CONTEXT('2D SPACE',''
  ) );
#6511 = ORIENTED_EDGE('',*,*,#6512,.T.);
#6512 = EDGE_CURVE('',#6208,#6513,#6515,.T.);
#6513 = VERTEX_POINT('',#6514);
#6514 = CARTESIAN_POINT('',(17.2,27.,139.9));
#6515 = SURFACE_CURVE('',#6516,(#6519,#6526),.PCURVE_S1.);
#6516 = B_SPLINE_CURVE_WITH_KNOTS('',1,(#6517,#6518),.UNSPECIFIED.,.F.,
  .F.,(2,2),(0.,1.),.PIECEWISE_BEZIER_KNOTS.);
#6517 = CARTESIAN_POINT('',(16.9,23.,139.95));
#6518 = CARTESIAN_POINT('',(17.2,27.,139.9));
#6519 = PCURVE('',#6156,#6520);
#6520 = DEFINITIONAL_REPRESENTATION('',(#6521),#6525);
#6521 = LINE('',#6522,#6523);
#6522 = CARTESIAN_POINT('',(1.570796326795,0.));
#6523 = VECTOR('',#6524,1.);
#6524 = DIRECTION('',(0.,1.));
#6525 = ( GEOMETRIC_REPRESENTATION_CONTEXT(2) 
PARAMETRIC_REPRESENTATION_CONTEXT() REPRESENTATION_CONTEXT('2D SPACE',''
  ) );
#6526 = PCURVE('',#4587,#6527);
#6527 = DEFINITIONAL_REPRESENTATION('',(#6528),#6531);
#6528 = B_SPLINE_CURVE_WITH_KNOTS('',1,(#6529,#6530),.UNSPECIFIED.,.F.,
  .F.,(2,2),(0.,1.),.PIECEWISE_BEZIER_KNOTS.);
#6529 = CARTESIAN_POINT('',(-40.2,-2.005617112013));
#6530 = CARTESIAN_POINT('',(-40.15,2.005617112013));
#6531 = ( GEOMETRIC_REPRESENTATION_CONTEXT(2) 
PARAMETRIC_REPRESENTATION_CONTEXT() REPRESENTATION_CONTEXT('2D SPACE',''
  ) );
#6532 = ORIENTED_EDGE('',*,*,#6533,.F.);
#6533 = EDGE_CURVE('',#6143,#6513,#6534,.T.);
#6534 = SURFACE_CURVE('',#6535,(#6540,#6547),.PCURVE_S1.);
#6535 = CIRCLE('',#6536,4.6);
#6536 = AXIS2_PLACEMENT_3D('',#6537,#6538,#6539);
#6537 = CARTESIAN_POINT('',(12.6,27.,139.9));
#6538 = DIRECTION('',(0.,1.,0.));
#6539 = DIRECTION('',(-0.,-0.,1.));
#6540 = PCURVE('',#6156,#6541);
#6541 = DEFINITIONAL_REPRESENTATION('',(#6542),#6546);
#6542 = LINE('',#6543,#6544);
#6543 = CARTESIAN_POINT('',(0.,1.));
#6544 = VECTOR('',#6545,1.);
#6545 = DIRECTION('',(1.,0.));
#6546 = ( GEOMETRIC_REPRESENTATION_CONTEXT(2) 
PARAMETRIC_REPRESENTATION_CONTEXT() REPRESENTATION_CONTEXT('2D SPACE',''
  ) );
#6547 = PCURVE('',#6548,#6567);
#6548 = B_SPLINE_SURFACE_WITH_KNOTS('',8,1,(
    (#6549,#6550)
    ,(#6551,#6552)
    ,(#6553,#6554)
    ,(#6555,#6556)
    ,(#6557,#6558)
    ,(#6559,#6560)
    ,(#6561,#6562)
    ,(#6563,#6564)
    ,(#6565,#6566
    )),.UNSPECIFIED.,.F.,.F.,.F.,(9,9),(2,2),(0.,1.570796326795),(0.,1.)
  ,.PIECEWISE_BEZIER_KNOTS.);
#6549 = CARTESIAN_POINT('',(12.6,27.,144.5));
#6550 = CARTESIAN_POINT('',(12.6,35.5,144.95));
#6551 = CARTESIAN_POINT('',(13.503207887907,27.,144.5));
#6552 = CARTESIAN_POINT('',(13.562112750162,35.5,144.95));
#6553 = CARTESIAN_POINT('',(14.406416060119,27.,144.29732037077));
#6554 = CARTESIAN_POINT('',(14.524225803171,35.5,144.73410213409));
#6555 = CARTESIAN_POINT('',(15.256560877941,27.,143.891963103));
#6556 = CARTESIAN_POINT('',(15.429814848242,35.5,144.30230852276));
#6557 = CARTESIAN_POINT('',(16.000590276587,27.,143.30059027658));
#6558 = CARTESIAN_POINT('',(16.222367903321,35.5,143.67236790332));
#6559 = CARTESIAN_POINT('',(16.591963103009,27.,142.55656087794));
#6560 = CARTESIAN_POINT('',(16.85230852277,35.5,142.87981484824));
#6561 = CARTESIAN_POINT('',(16.997320370778,27.,141.70641606011));
#6562 = CARTESIAN_POINT('',(17.28410213409,35.5,141.97422580317));
#6563 = CARTESIAN_POINT('',(17.2,27.,140.8032078879));
#6564 = CARTESIAN_POINT('',(17.5,35.5,141.01211275016));
#6565 = CARTESIAN_POINT('',(17.2,27.,139.9));
#6566 = CARTESIAN_POINT('',(17.5,35.5,140.05));
#6567 = DEFINITIONAL_REPRESENTATION('',(#6568),#6572);
#6568 = LINE('',#6569,#6570);
#6569 = CARTESIAN_POINT('',(0.,0.));
#6570 = VECTOR('',#6571,1.);
#6571 = DIRECTION('',(1.,0.));
#6572 = ( GEOMETRIC_REPRESENTATION_CONTEXT(2) 
PARAMETRIC_REPRESENTATION_CONTEXT() REPRESENTATION_CONTEXT('2D SPACE',''
  ) );
#6573 = ADVANCED_FACE('',(#6574),#6548,.F.);
#6574 = FACE_BOUND('',#6575,.F.);
#6575 = EDGE_LOOP('',(#6576,#6597,#6598,#6619));
#6576 = ORIENTED_EDGE('',*,*,#6577,.F.);
#6577 = EDGE_CURVE('',#6143,#6578,#6580,.T.);
#6578 = VERTEX_POINT('',#6579);
#6579 = CARTESIAN_POINT('',(12.6,32.6,144.79647058823));
#6580 = SURFACE_CURVE('',#6581,(#6584,#6591),.PCURVE_S1.);
#6581 = B_SPLINE_CURVE_WITH_KNOTS('',1,(#6582,#6583),.UNSPECIFIED.,.F.,
  .F.,(2,2),(0.,1.),.PIECEWISE_BEZIER_KNOTS.);
#6582 = CARTESIAN_POINT('',(12.6,27.,144.5));
#6583 = CARTESIAN_POINT('',(12.6,35.5,144.95));
#6584 = PCURVE('',#6548,#6585);
#6585 = DEFINITIONAL_REPRESENTATION('',(#6586),#6590);
#6586 = LINE('',#6587,#6588);
#6587 = CARTESIAN_POINT('',(0.,0.));
#6588 = VECTOR('',#6589,1.);
#6589 = DIRECTION('',(0.,1.));
#6590 = ( GEOMETRIC_REPRESENTATION_CONTEXT(2) 
PARAMETRIC_REPRESENTATION_CONTEXT() REPRESENTATION_CONTEXT('2D SPACE',''
  ) );
#6591 = PCURVE('',#4022,#6592);
#6592 = DEFINITIONAL_REPRESENTATION('',(#6593),#6596);
#6593 = B_SPLINE_CURVE_WITH_KNOTS('',1,(#6594,#6595),.UNSPECIFIED.,.F.,
  .F.,(2,2),(0.,1.),.PIECEWISE_BEZIER_KNOTS.);
#6594 = CARTESIAN_POINT('',(-30.1,-8.511903429903));
#6595 = CARTESIAN_POINT('',(-30.1,0.));
#6596 = ( GEOMETRIC_REPRESENTATION_CONTEXT(2) 
PARAMETRIC_REPRESENTATION_CONTEXT() REPRESENTATION_CONTEXT('2D SPACE',''
  ) );
#6597 = ORIENTED_EDGE('',*,*,#6533,.T.);
#6598 = ORIENTED_EDGE('',*,*,#6599,.T.);
#6599 = EDGE_CURVE('',#6513,#6600,#6602,.T.);
#6600 = VERTEX_POINT('',#6601);
#6601 = CARTESIAN_POINT('',(17.397647058824,32.6,139.99882352941));
#6602 = SURFACE_CURVE('',#6603,(#6606,#6613),.PCURVE_S1.);
#6603 = B_SPLINE_CURVE_WITH_KNOTS('',1,(#6604,#6605),.UNSPECIFIED.,.F.,
  .F.,(2,2),(0.,1.),.PIECEWISE_BEZIER_KNOTS.);
#6604 = CARTESIAN_POINT('',(17.2,27.,139.9));
#6605 = CARTESIAN_POINT('',(17.5,35.5,140.05));
#6606 = PCURVE('',#6548,#6607);
#6607 = DEFINITIONAL_REPRESENTATION('',(#6608),#6612);
#6608 = LINE('',#6609,#6610);
#6609 = CARTESIAN_POINT('',(1.570796326795,0.));
#6610 = VECTOR('',#6611,1.);
#6611 = DIRECTION('',(0.,1.));
#6612 = ( GEOMETRIC_REPRESENTATION_CONTEXT(2) 
PARAMETRIC_REPRESENTATION_CONTEXT() REPRESENTATION_CONTEXT('2D SPACE',''
  ) );
#6613 = PCURVE('',#3731,#6614);
#6614 = DEFINITIONAL_REPRESENTATION('',(#6615),#6618);
#6615 = B_SPLINE_CURVE_WITH_KNOTS('',1,(#6616,#6617),.UNSPECIFIED.,.F.,
  .F.,(2,2),(0.,1.),.PIECEWISE_BEZIER_KNOTS.);
#6616 = CARTESIAN_POINT('',(-40.15,-4.252646234993));
#6617 = CARTESIAN_POINT('',(-40.3,4.252646234993));
#6618 = ( GEOMETRIC_REPRESENTATION_CONTEXT(2) 
PARAMETRIC_REPRESENTATION_CONTEXT() REPRESENTATION_CONTEXT('2D SPACE',''
  ) );
#6619 = ORIENTED_EDGE('',*,*,#6620,.T.);
#6620 = EDGE_CURVE('',#6600,#6578,#6621,.T.);
#6621 = SURFACE_CURVE('',#6622,(#6705,#6791),.PCURVE_S1.);
#6622 = B_SPLINE_CURVE_WITH_KNOTS('',6,(#6623,#6624,#6625,#6626,#6627,
    #6628,#6629,#6630,#6631,#6632,#6633,#6634,#6635,#6636,#6637,#6638,
    #6639,#6640,#6641,#6642,#6643,#6644,#6645,#6646,#6647,#6648,#6649,
    #6650,#6651,#6652,#6653,#6654,#6655,#6656,#6657,#6658,#6659,#6660,
    #6661,#6662,#6663,#6664,#6665,#6666,#6667,#6668,#6669,#6670,#6671,
    #6672,#6673,#6674,#6675,#6676,#6677,#6678,#6679,#6680,#6681,#6682,
    #6683,#6684,#6685,#6686,#6687,#6688,#6689,#6690,#6691,#6692,#6693,
    #6694,#6695,#6696,#6697,#6698,#6699,#6700,#6701,#6702,#6703,#6704),
  .UNSPECIFIED.,.F.,.F.,(7,5,5,5,5,5,5,5,5,5,5,5,5,5,5,5,7),(0.,
    2.900033411818E-02,0.140001542624,0.450993764726,0.470993994538,
    0.506994407832,0.539994786794,0.562995051143,0.591995384656,
    0.615995660946,0.695996569895,0.759997303048,0.781997556156,
    0.810997889381,0.918999070296,0.936999277582,1.),.UNSPECIFIED.);
#6623 = CARTESIAN_POINT('',(17.397647058824,32.6,139.99882352941));
#6624 = CARTESIAN_POINT('',(17.397647058824,32.6,140.03524814082));
#6625 = CARTESIAN_POINT('',(17.397315207655,32.6,140.07167275264));
#6626 = CARTESIAN_POINT('',(17.396651505479,32.6,140.1080935848));
#6627 = CARTESIAN_POINT('',(17.395656009793,32.6,140.14450685854));
#6628 = CARTESIAN_POINT('',(17.394328835439,32.6,140.18090879641));
#6629 = CARTESIAN_POINT('',(17.386321414703,32.6,140.35656924688));
#6630 = CARTESIAN_POINT('',(17.375115944625,32.6,140.49562179735));
#6631 = CARTESIAN_POINT('',(17.359063454423,32.6,140.6342408782));
#6632 = CARTESIAN_POINT('',(17.33818586848,32.6,140.77221572497));
#6633 = CARTESIAN_POINT('',(17.312517325509,32.6,140.90933720428));
#6634 = CARTESIAN_POINT('',(17.196895627367,32.6,141.42659899042));
#6635 = CARTESIAN_POINT('',(17.074432265409,32.6,141.79952616532));
#6636 = CARTESIAN_POINT('',(16.915738389107,32.6,142.15951329155));
#6637 = CARTESIAN_POINT('',(16.722606584132,32.6,142.50225894831));
#6638 = CARTESIAN_POINT('',(16.497406652412,32.6,142.82375069742));
#6639 = CARTESIAN_POINT('',(16.22691622456,32.6,143.13944879032));
#6640 = CARTESIAN_POINT('',(16.210451973039,32.6,143.15842216318));
#6641 = CARTESIAN_POINT('',(16.193868669662,32.6,143.17729189977));
#6642 = CARTESIAN_POINT('',(16.177167130803,32.6,143.19605706723));
#6643 = CARTESIAN_POINT('',(16.160348182559,32.6,143.21471674128));
#6644 = CARTESIAN_POINT('',(16.112928721814,32.6,143.26666588289));
#6645 = CARTESIAN_POINT('',(16.08206708363,32.6,143.29971699512));
#6646 = CARTESIAN_POINT('',(16.05083262191,32.6,143.33241800154));
#6647 = CARTESIAN_POINT('',(16.019230310378,32.6,143.36476365543));
#6648 = CARTESIAN_POINT('',(15.987265220776,32.6,143.39674880476));
#6649 = CARTESIAN_POINT('',(15.92531338302,32.6,143.45735301407));
#6650 = CARTESIAN_POINT('',(15.895383751647,32.6,143.4860304636));
#6651 = CARTESIAN_POINT('',(15.865157610591,32.6,143.51439684557));
#6652 = CARTESIAN_POINT('',(15.834639007179,32.6,143.54244833527));
#6653 = CARTESIAN_POINT('',(15.80383205422,32.6,143.57018117854));
#6654 = CARTESIAN_POINT('',(15.751071358378,32.6,143.61669598889));
#6655 = CARTESIAN_POINT('',(15.729263745438,32.6,143.63564370917));
#6656 = CARTESIAN_POINT('',(15.707319505606,32.6,143.65443360553));
#6657 = CARTESIAN_POINT('',(15.685240068007,32.6,143.6730644483));
#6658 = CARTESIAN_POINT('',(15.663026876466,32.6,143.69153502511));
#6659 = CARTESIAN_POINT('',(15.612506644905,32.6,143.73292954789));
#6660 = CARTESIAN_POINT('',(15.584121577651,32.6,143.75575826579));
#6661 = CARTESIAN_POINT('',(15.555529111665,32.6,143.77832789885));
#6662 = CARTESIAN_POINT('',(15.526732206208,32.6,143.80063609653));
#6663 = CARTESIAN_POINT('',(15.497733855892,32.6,143.82268055351));
#6664 = CARTESIAN_POINT('',(15.444374250221,32.6,143.86248255982));
#6665 = CARTESIAN_POINT('',(15.420075515279,32.6,143.88032392654));
#6666 = CARTESIAN_POINT('',(15.395642603156,32.6,143.89798182885));
#6667 = CARTESIAN_POINT('',(15.371077246843,32.6,143.91545500768));
#6668 = CARTESIAN_POINT('',(15.346381195017,32.6,143.93274222581));
#6669 = CARTESIAN_POINT('',(15.238806281209,32.6,144.00684239964));
#6670 = CARTESIAN_POINT('',(15.154623729074,32.6,144.06176283262));
#6671 = CARTESIAN_POINT('',(15.069074005898,32.6,144.11455848772));
#6672 = CARTESIAN_POINT('',(14.982224272058,32.6,144.1651871364));
#6673 = CARTESIAN_POINT('',(14.894143398043,32.6,144.21360940075));
#6674 = CARTESIAN_POINT('',(14.733508810901,32.6,144.29673223903));
#6675 = CARTESIAN_POINT('',(14.661372846331,32.6,144.33224028906));
#6676 = CARTESIAN_POINT('',(14.588530187202,32.6,144.36629421552));
#6677 = CARTESIAN_POINT('',(14.515017514134,32.6,144.39887656953));
#6678 = CARTESIAN_POINT('',(14.440872071909,32.6,144.42997114127));
#6679 = CARTESIAN_POINT('',(14.340439654863,32.6,144.46973514818));
#6680 = CARTESIAN_POINT('',(14.314677335041,32.6,144.47972976593));
#6681 = CARTESIAN_POINT('',(14.288846244302,32.6,144.48954620575));
#6682 = CARTESIAN_POINT('',(14.262947923632,32.6,144.49918387798));
#6683 = CARTESIAN_POINT('',(14.236983920709,32.6,144.50864221072));
#6684 = CARTESIAN_POINT('',(14.176645981604,32.6,144.53015131949));
#6685 = CARTESIAN_POINT('',(14.142224743961,32.6,144.5420694056));
#6686 = CARTESIAN_POINT('',(14.107695637562,32.6,144.55367363895));
#6687 = CARTESIAN_POINT('',(14.073062241027,32.6,144.56496280475));
#6688 = CARTESIAN_POINT('',(14.038328151013,32.6,144.5759357427));
#6689 = CARTESIAN_POINT('',(13.873780977419,32.6,144.62627426505));
#6690 = CARTESIAN_POINT('',(13.74271829504,32.6,144.66155609393));
#6691 = CARTESIAN_POINT('',(13.610496181595,32.6,144.69237957487));
#6692 = CARTESIAN_POINT('',(13.477304208093,32.6,144.7186982462));
#6693 = CARTESIAN_POINT('',(13.343334270033,32.6,144.74047644336));
#6694 = CARTESIAN_POINT('',(13.18635496059,32.6,144.76055810982));
#6695 = CARTESIAN_POINT('',(13.163913111003,32.6,144.76330010687));
#6696 = CARTESIAN_POINT('',(13.141455935112,32.6,144.76591517535));
#6697 = CARTESIAN_POINT('',(13.118984330349,32.6,144.76840320905));
#6698 = CARTESIAN_POINT('',(13.09649919511,32.6,144.77076411022));
#6699 = CARTESIAN_POINT('',(12.99525925034,32.6,144.7808156669));
#6700 = CARTESIAN_POINT('',(12.916362321654,32.6,144.78707507837));
#6701 = CARTESIAN_POINT('',(12.83734924001,32.6,144.7917721929));
#6702 = CARTESIAN_POINT('',(12.758258666025,32.6,144.7949044557));
#6703 = CARTESIAN_POINT('',(12.679129323616,32.6,144.79647058823));
#6704 = CARTESIAN_POINT('',(12.6,32.6,144.79647058823));
#6705 = PCURVE('',#6548,#6706);
#6706 = DEFINITIONAL_REPRESENTATION('',(#6707),#6790);
#6707 = B_SPLINE_CURVE_WITH_KNOTS('',6,(#6708,#6709,#6710,#6711,#6712,
    #6713,#6714,#6715,#6716,#6717,#6718,#6719,#6720,#6721,#6722,#6723,
    #6724,#6725,#6726,#6727,#6728,#6729,#6730,#6731,#6732,#6733,#6734,
    #6735,#6736,#6737,#6738,#6739,#6740,#6741,#6742,#6743,#6744,#6745,
    #6746,#6747,#6748,#6749,#6750,#6751,#6752,#6753,#6754,#6755,#6756,
    #6757,#6758,#6759,#6760,#6761,#6762,#6763,#6764,#6765,#6766,#6767,
    #6768,#6769,#6770,#6771,#6772,#6773,#6774,#6775,#6776,#6777,#6778,
    #6779,#6780,#6781,#6782,#6783,#6784,#6785,#6786,#6787,#6788,#6789),
  .UNSPECIFIED.,.F.,.F.,(7,5,5,5,5,5,5,5,5,5,5,5,5,5,5,5,7),(0.,
    2.900033411818E-02,0.140001542624,0.450993764726,0.470993994538,
    0.506994407832,0.539994786794,0.562995051143,0.591995384656,
    0.615995660946,0.695996569895,0.759997303048,0.781997556156,
    0.810997889381,0.918999070296,0.936999277582,1.),.UNSPECIFIED.);
#6708 = CARTESIAN_POINT('',(1.570796326795,0.658823529412));
#6709 = CARTESIAN_POINT('',(1.563204144425,0.658823529412));
#6710 = CARTESIAN_POINT('',(1.555611962123,0.658823529412));
#6711 = CARTESIAN_POINT('',(1.54801977987,0.658823529412));
#6712 = CARTESIAN_POINT('',(1.540427597654,0.658823529412));
#6713 = CARTESIAN_POINT('',(1.532835415471,0.658823529412));
#6714 = CARTESIAN_POINT('',(1.49618352005,0.658823529412));
#6715 = CARTESIAN_POINT('',(1.467123785218,0.658823529412));
#6716 = CARTESIAN_POINT('',(1.438064039155,0.658823529412));
#6717 = CARTESIAN_POINT('',(1.409004292468,0.658823529412));
#6718 = CARTESIAN_POINT('',(1.379944556044,0.658823529412));
#6719 = CARTESIAN_POINT('',(1.269468201861,0.658823529412));
#6720 = CARTESIAN_POINT('',(1.188040845999,0.658823529412));
#6721 = CARTESIAN_POINT('',(1.106626009977,0.658823529412));
#6722 = CARTESIAN_POINT('',(1.025211173649,0.658823529412));
#6723 = CARTESIAN_POINT('',(0.943783820984,0.658823529412));
#6724 = CARTESIAN_POINT('',(0.857131195671,0.658823529412));
#6725 = CARTESIAN_POINT('',(0.851895207921,0.658823529412));
#6726 = CARTESIAN_POINT('',(0.846659220164,0.658823529412));
#6727 = CARTESIAN_POINT('',(0.841423232403,0.658823529412));
#6728 = CARTESIAN_POINT('',(0.836187244638,0.658823529412));
#6729 = CARTESIAN_POINT('',(0.821526478996,0.658823529412));
#6730 = CARTESIAN_POINT('',(0.812101701028,0.658823529412));
#6731 = CARTESIAN_POINT('',(0.802676923013,0.658823529412));
#6732 = CARTESIAN_POINT('',(0.793252144994,0.658823529412));
#6733 = CARTESIAN_POINT('',(0.783827367012,0.658823529412));
#6734 = CARTESIAN_POINT('',(0.765763209338,0.658823529412));
#6735 = CARTESIAN_POINT('',(0.757123829519,0.658823529412));
#6736 = CARTESIAN_POINT('',(0.74848444968,0.658823529412));
#6737 = CARTESIAN_POINT('',(0.73984506985,0.658823529412));
#6738 = CARTESIAN_POINT('',(0.731205690056,0.658823529412));
#6739 = CARTESIAN_POINT('',(0.716544924394,0.658823529412));
#6740 = CARTESIAN_POINT('',(0.710523538461,0.658823529412));
#6741 = CARTESIAN_POINT('',(0.704502152531,0.658823529412));
#6742 = CARTESIAN_POINT('',(0.69848076661,0.658823529412));
#6743 = CARTESIAN_POINT('',(0.692459380701,0.658823529412));
#6744 = CARTESIAN_POINT('',(0.678845812545,0.658823529412));
#6745 = CARTESIAN_POINT('',(0.67125363027,0.658823529412));
#6746 = CARTESIAN_POINT('',(0.663661447997,0.658823529412));
#6747 = CARTESIAN_POINT('',(0.656069265741,0.658823529412));
#6748 = CARTESIAN_POINT('',(0.648477083515,0.658823529412));
#6749 = CARTESIAN_POINT('',(0.634601716004,0.658823529412));
#6750 = CARTESIAN_POINT('',(0.628318530678,0.658823529412));
#6751 = CARTESIAN_POINT('',(0.622035345359,0.658823529412));
#6752 = CARTESIAN_POINT('',(0.615752160051,0.658823529412));
#6753 = CARTESIAN_POINT('',(0.609468974759,0.658823529412));
#6754 = CARTESIAN_POINT('',(0.582241841735,0.658823529412));
#6755 = CARTESIAN_POINT('',(0.561297889931,0.658823529412));
#6756 = CARTESIAN_POINT('',(0.540353936142,0.658823529412));
#6757 = CARTESIAN_POINT('',(0.519409982424,0.658823529412));
#6758 = CARTESIAN_POINT('',(0.498466030815,0.658823529412));
#6759 = CARTESIAN_POINT('',(0.460766923801,0.658823529412));
#6760 = CARTESIAN_POINT('',(0.444011762868,0.658823529412));
#6761 = CARTESIAN_POINT('',(0.427256601203,0.658823529412));
#6762 = CARTESIAN_POINT('',(0.410501439463,0.658823529412));
#6763 = CARTESIAN_POINT('',(0.393746278316,0.658823529412));
#6764 = CARTESIAN_POINT('',(0.371231531936,0.658823529412));
#6765 = CARTESIAN_POINT('',(0.365471945423,0.658823529412));
#6766 = CARTESIAN_POINT('',(0.359712358893,0.658823529412));
#6767 = CARTESIAN_POINT('',(0.353952772351,0.658823529412));
#6768 = CARTESIAN_POINT('',(0.348193185799,0.658823529412));
#6769 = CARTESIAN_POINT('',(0.33484141707,0.658823529412));
#6770 = CARTESIAN_POINT('',(0.32724923485,0.658823529412));
#6771 = CARTESIAN_POINT('',(0.319657052595,0.658823529412));
#6772 = CARTESIAN_POINT('',(0.312064870319,0.658823529412));
#6773 = CARTESIAN_POINT('',(0.304472688037,0.658823529412));
#6774 = CARTESIAN_POINT('',(0.268606187506,0.658823529412));
#6775 = CARTESIAN_POINT('',(0.240331850258,0.658823529412));
#6776 = CARTESIAN_POINT('',(0.212057503567,0.658823529412));
#6777 = CARTESIAN_POINT('',(0.183783156991,0.658823529412));
#6778 = CARTESIAN_POINT('',(0.155508820099,0.658823529412));
#6779 = CARTESIAN_POINT('',(0.122522113459,0.658823529412));
#6780 = CARTESIAN_POINT('',(0.117809724458,0.658823529412));
#6781 = CARTESIAN_POINT('',(0.11309733547,0.658823529412));
#6782 = CARTESIAN_POINT('',(0.108384946495,0.658823529412));
#6783 = CARTESIAN_POINT('',(0.103672557534,0.658823529412));
#6784 = CARTESIAN_POINT('',(8.246680808478E-02,0.658823529412));
#6785 = CARTESIAN_POINT('',(6.597344646828E-02,0.658823529412));
#6786 = CARTESIAN_POINT('',(4.948008436398E-02,0.658823529412));
#6787 = CARTESIAN_POINT('',(3.298672230539E-02,0.658823529412));
#6788 = CARTESIAN_POINT('',(1.649336073415E-02,0.658823529412));
#6789 = CARTESIAN_POINT('',(0.,0.658823529412));
#6790 = ( GEOMETRIC_REPRESENTATION_CONTEXT(2) 
PARAMETRIC_REPRESENTATION_CONTEXT() REPRESENTATION_CONTEXT('2D SPACE',''
  ) );
#6791 = PCURVE('',#6792,#6811);
#6792 = B_SPLINE_SURFACE_WITH_KNOTS('',8,1,(
    (#6793,#6794)
    ,(#6795,#6796)
    ,(#6797,#6798)
    ,(#6799,#6800)
    ,(#6801,#6802)
    ,(#6803,#6804)
    ,(#6805,#6806)
    ,(#6807,#6808)
    ,(#6809,#6810
    )),.UNSPECIFIED.,.F.,.F.,.F.,(9,9),(2,2),(0.,1.570796326795),(0.,1.)
  ,.PIECEWISE_BEZIER_KNOTS.);
#6793 = CARTESIAN_POINT('',(12.6,27.,144.5));
#6794 = CARTESIAN_POINT('',(12.6,35.5,144.95));
#6795 = CARTESIAN_POINT('',(13.503207887907,27.,144.5));
#6796 = CARTESIAN_POINT('',(13.562112750162,35.5,144.95));
#6797 = CARTESIAN_POINT('',(14.406416060119,27.,144.29732037077));
#6798 = CARTESIAN_POINT('',(14.524225803171,35.5,144.73410213409));
#6799 = CARTESIAN_POINT('',(15.256560877941,27.,143.891963103));
#6800 = CARTESIAN_POINT('',(15.429814848242,35.5,144.30230852276));
#6801 = CARTESIAN_POINT('',(16.000590276587,27.,143.30059027658));
#6802 = CARTESIAN_POINT('',(16.222367903321,35.5,143.67236790332));
#6803 = CARTESIAN_POINT('',(16.591963103009,27.,142.55656087794));
#6804 = CARTESIAN_POINT('',(16.85230852277,35.5,142.87981484824));
#6805 = CARTESIAN_POINT('',(16.997320370778,27.,141.70641606011));
#6806 = CARTESIAN_POINT('',(17.28410213409,35.5,141.97422580317));
#6807 = CARTESIAN_POINT('',(17.2,27.,140.8032078879));
#6808 = CARTESIAN_POINT('',(17.5,35.5,141.01211275016));
#6809 = CARTESIAN_POINT('',(17.2,27.,139.9));
#6810 = CARTESIAN_POINT('',(17.5,35.5,140.05));
#6811 = DEFINITIONAL_REPRESENTATION('',(#6812),#6895);
#6812 = B_SPLINE_CURVE_WITH_KNOTS('',6,(#6813,#6814,#6815,#6816,#6817,
    #6818,#6819,#6820,#6821,#6822,#6823,#6824,#6825,#6826,#6827,#6828,
    #6829,#6830,#6831,#6832,#6833,#6834,#6835,#6836,#6837,#6838,#6839,
    #6840,#6841,#6842,#6843,#6844,#6845,#6846,#6847,#6848,#6849,#6850,
    #6851,#6852,#6853,#6854,#6855,#6856,#6857,#6858,#6859,#6860,#6861,
    #6862,#6863,#6864,#6865,#6866,#6867,#6868,#6869,#6870,#6871,#6872,
    #6873,#6874,#6875,#6876,#6877,#6878,#6879,#6880,#6881,#6882,#6883,
    #6884,#6885,#6886,#6887,#6888,#6889,#6890,#6891,#6892,#6893,#6894),
  .UNSPECIFIED.,.F.,.F.,(7,5,5,5,5,5,5,5,5,5,5,5,5,5,5,5,7),(0.,
    2.900033411818E-02,0.140001542624,0.450993764726,0.470993994538,
    0.506994407832,0.539994786794,0.562995051143,0.591995384656,
    0.615995660946,0.695996569895,0.759997303048,0.781997556156,
    0.810997889381,0.918999070296,0.936999277582,1.),.UNSPECIFIED.);
#6813 = CARTESIAN_POINT('',(1.570796326795,0.658823529412));
#6814 = CARTESIAN_POINT('',(1.563204144425,0.658823529412));
#6815 = CARTESIAN_POINT('',(1.555611962123,0.658823529412));
#6816 = CARTESIAN_POINT('',(1.54801977987,0.658823529412));
#6817 = CARTESIAN_POINT('',(1.540427597654,0.658823529412));
#6818 = CARTESIAN_POINT('',(1.532835415471,0.658823529412));
#6819 = CARTESIAN_POINT('',(1.49618352005,0.658823529412));
#6820 = CARTESIAN_POINT('',(1.467123785218,0.658823529412));
#6821 = CARTESIAN_POINT('',(1.438064039155,0.658823529412));
#6822 = CARTESIAN_POINT('',(1.409004292468,0.658823529412));
#6823 = CARTESIAN_POINT('',(1.379944556044,0.658823529412));
#6824 = CARTESIAN_POINT('',(1.269468201861,0.658823529412));
#6825 = CARTESIAN_POINT('',(1.188040845999,0.658823529412));
#6826 = CARTESIAN_POINT('',(1.106626009977,0.658823529412));
#6827 = CARTESIAN_POINT('',(1.025211173649,0.658823529412));
#6828 = CARTESIAN_POINT('',(0.943783820984,0.658823529412));
#6829 = CARTESIAN_POINT('',(0.857131195671,0.658823529412));
#6830 = CARTESIAN_POINT('',(0.851895207921,0.658823529412));
#6831 = CARTESIAN_POINT('',(0.846659220164,0.658823529412));
#6832 = CARTESIAN_POINT('',(0.841423232403,0.658823529412));
#6833 = CARTESIAN_POINT('',(0.836187244638,0.658823529412));
#6834 = CARTESIAN_POINT('',(0.821526478996,0.658823529412));
#6835 = CARTESIAN_POINT('',(0.812101701028,0.658823529412));
#6836 = CARTESIAN_POINT('',(0.802676923013,0.658823529412));
#6837 = CARTESIAN_POINT('',(0.793252144994,0.658823529412));
#6838 = CARTESIAN_POINT('',(0.783827367012,0.658823529412));
#6839 = CARTESIAN_POINT('',(0.765763209338,0.658823529412));
#6840 = CARTESIAN_POINT('',(0.757123829519,0.658823529412));
#6841 = CARTESIAN_POINT('',(0.74848444968,0.658823529412));
#6842 = CARTESIAN_POINT('',(0.73984506985,0.658823529412));
#6843 = CARTESIAN_POINT('',(0.731205690056,0.658823529412));
#6844 = CARTESIAN_POINT('',(0.716544924394,0.658823529412));
#6845 = CARTESIAN_POINT('',(0.710523538461,0.658823529412));
#6846 = CARTESIAN_POINT('',(0.704502152531,0.658823529412));
#6847 = CARTESIAN_POINT('',(0.69848076661,0.658823529412));
#6848 = CARTESIAN_POINT('',(0.692459380701,0.658823529412));
#6849 = CARTESIAN_POINT('',(0.678845812545,0.658823529412));
#6850 = CARTESIAN_POINT('',(0.67125363027,0.658823529412));
#6851 = CARTESIAN_POINT('',(0.663661447997,0.658823529412));
#6852 = CARTESIAN_POINT('',(0.656069265741,0.658823529412));
#6853 = CARTESIAN_POINT('',(0.648477083515,0.658823529412));
#6854 = CARTESIAN_POINT('',(0.634601716004,0.658823529412));
#6855 = CARTESIAN_POINT('',(0.628318530678,0.658823529412));
#6856 = CARTESIAN_POINT('',(0.622035345359,0.658823529412));
#6857 = CARTESIAN_POINT('',(0.615752160051,0.658823529412));
#6858 = CARTESIAN_POINT('',(0.609468974759,0.658823529412));
#6859 = CARTESIAN_POINT('',(0.582241841735,0.658823529412));
#6860 = CARTESIAN_POINT('',(0.561297889931,0.658823529412));
#6861 = CARTESIAN_POINT('',(0.540353936142,0.658823529412));
#6862 = CARTESIAN_POINT('',(0.519409982424,0.658823529412));
#6863 = CARTESIAN_POINT('',(0.498466030815,0.658823529412));
#6864 = CARTESIAN_POINT('',(0.460766923801,0.658823529412));
#6865 = CARTESIAN_POINT('',(0.444011762868,0.658823529412));
#6866 = CARTESIAN_POINT('',(0.427256601203,0.658823529412));
#6867 = CARTESIAN_POINT('',(0.410501439463,0.658823529412));
#6868 = CARTESIAN_POINT('',(0.393746278316,0.658823529412));
#6869 = CARTESIAN_POINT('',(0.371231531936,0.658823529412));
#6870 = CARTESIAN_POINT('',(0.365471945423,0.658823529412));
#6871 = CARTESIAN_POINT('',(0.359712358893,0.658823529412));
#6872 = CARTESIAN_POINT('',(0.353952772351,0.658823529412));
#6873 = CARTESIAN_POINT('',(0.348193185799,0.658823529412));
#6874 = CARTESIAN_POINT('',(0.33484141707,0.658823529412));
#6875 = CARTESIAN_POINT('',(0.32724923485,0.658823529412));
#6876 = CARTESIAN_POINT('',(0.319657052595,0.658823529412));
#6877 = CARTESIAN_POINT('',(0.312064870319,0.658823529412));
#6878 = CARTESIAN_POINT('',(0.304472688037,0.658823529412));
#6879 = CARTESIAN_POINT('',(0.268606187506,0.658823529412));
#6880 = CARTESIAN_POINT('',(0.240331850258,0.658823529412));
#6881 = CARTESIAN_POINT('',(0.212057503567,0.658823529412));
#6882 = CARTESIAN_POINT('',(0.183783156991,0.658823529412));
#6883 = CARTESIAN_POINT('',(0.155508820099,0.658823529412));
#6884 = CARTESIAN_POINT('',(0.122522113459,0.658823529412));
#6885 = CARTESIAN_POINT('',(0.117809724458,0.658823529412));
#6886 = CARTESIAN_POINT('',(0.11309733547,0.658823529412));
#6887 = CARTESIAN_POINT('',(0.108384946495,0.658823529412));
#6888 = CARTESIAN_POINT('',(0.103672557534,0.658823529412));
#6889 = CARTESIAN_POINT('',(8.246680808478E-02,0.658823529412));
#6890 = CARTESIAN_POINT('',(6.597344646828E-02,0.658823529412));
#6891 = CARTESIAN_POINT('',(4.948008436398E-02,0.658823529412));
#6892 = CARTESIAN_POINT('',(3.298672230539E-02,0.658823529412));
#6893 = CARTESIAN_POINT('',(1.649336073415E-02,0.658823529412));
#6894 = CARTESIAN_POINT('',(0.,0.658823529412));
#6895 = ( GEOMETRIC_REPRESENTATION_CONTEXT(2) 
PARAMETRIC_REPRESENTATION_CONTEXT() REPRESENTATION_CONTEXT('2D SPACE',''
  ) );
#6896 = ADVANCED_FACE('',(#6897),#6792,.F.);
#6897 = FACE_BOUND('',#6898,.F.);
#6898 = EDGE_LOOP('',(#6899,#6920,#6921,#6942));
#6899 = ORIENTED_EDGE('',*,*,#6900,.F.);
#6900 = EDGE_CURVE('',#6578,#6901,#6903,.T.);
#6901 = VERTEX_POINT('',#6902);
#6902 = CARTESIAN_POINT('',(12.6,34.25,144.88382352941));
#6903 = SURFACE_CURVE('',#6904,(#6907,#6914),.PCURVE_S1.);
#6904 = B_SPLINE_CURVE_WITH_KNOTS('',1,(#6905,#6906),.UNSPECIFIED.,.F.,
  .F.,(2,2),(0.,1.),.PIECEWISE_BEZIER_KNOTS.);
#6905 = CARTESIAN_POINT('',(12.6,27.,144.5));
#6906 = CARTESIAN_POINT('',(12.6,35.5,144.95));
#6907 = PCURVE('',#6792,#6908);
#6908 = DEFINITIONAL_REPRESENTATION('',(#6909),#6913);
#6909 = LINE('',#6910,#6911);
#6910 = CARTESIAN_POINT('',(0.,0.));
#6911 = VECTOR('',#6912,1.);
#6912 = DIRECTION('',(0.,1.));
#6913 = ( GEOMETRIC_REPRESENTATION_CONTEXT(2) 
PARAMETRIC_REPRESENTATION_CONTEXT() REPRESENTATION_CONTEXT('2D SPACE',''
  ) );
#6914 = PCURVE('',#4022,#6915);
#6915 = DEFINITIONAL_REPRESENTATION('',(#6916),#6919);
#6916 = B_SPLINE_CURVE_WITH_KNOTS('',1,(#6917,#6918),.UNSPECIFIED.,.F.,
  .F.,(2,2),(0.,1.),.PIECEWISE_BEZIER_KNOTS.);
#6917 = CARTESIAN_POINT('',(-30.1,-8.511903429903));
#6918 = CARTESIAN_POINT('',(-30.1,0.));
#6919 = ( GEOMETRIC_REPRESENTATION_CONTEXT(2) 
PARAMETRIC_REPRESENTATION_CONTEXT() REPRESENTATION_CONTEXT('2D SPACE',''
  ) );
#6920 = ORIENTED_EDGE('',*,*,#6620,.F.);
#6921 = ORIENTED_EDGE('',*,*,#6922,.T.);
#6922 = EDGE_CURVE('',#6600,#6923,#6925,.T.);
#6923 = VERTEX_POINT('',#6924);
#6924 = CARTESIAN_POINT('',(17.455882352941,34.25,140.02794117647));
#6925 = SURFACE_CURVE('',#6926,(#6929,#6936),.PCURVE_S1.);
#6926 = B_SPLINE_CURVE_WITH_KNOTS('',1,(#6927,#6928),.UNSPECIFIED.,.F.,
  .F.,(2,2),(0.,1.),.PIECEWISE_BEZIER_KNOTS.);
#6927 = CARTESIAN_POINT('',(17.2,27.,139.9));
#6928 = CARTESIAN_POINT('',(17.5,35.5,140.05));
#6929 = PCURVE('',#6792,#6930);
#6930 = DEFINITIONAL_REPRESENTATION('',(#6931),#6935);
#6931 = LINE('',#6932,#6933);
#6932 = CARTESIAN_POINT('',(1.570796326795,0.));
#6933 = VECTOR('',#6934,1.);
#6934 = DIRECTION('',(0.,1.));
#6935 = ( GEOMETRIC_REPRESENTATION_CONTEXT(2) 
PARAMETRIC_REPRESENTATION_CONTEXT() REPRESENTATION_CONTEXT('2D SPACE',''
  ) );
#6936 = PCURVE('',#3731,#6937);
#6937 = DEFINITIONAL_REPRESENTATION('',(#6938),#6941);
#6938 = B_SPLINE_CURVE_WITH_KNOTS('',1,(#6939,#6940),.UNSPECIFIED.,.F.,
  .F.,(2,2),(0.,1.),.PIECEWISE_BEZIER_KNOTS.);
#6939 = CARTESIAN_POINT('',(-40.15,-4.252646234993));
#6940 = CARTESIAN_POINT('',(-40.3,4.252646234993));
#6941 = ( GEOMETRIC_REPRESENTATION_CONTEXT(2) 
PARAMETRIC_REPRESENTATION_CONTEXT() REPRESENTATION_CONTEXT('2D SPACE',''
  ) );
#6942 = ORIENTED_EDGE('',*,*,#6943,.T.);
#6943 = EDGE_CURVE('',#6923,#6901,#6944,.T.);
#6944 = SURFACE_CURVE('',#6945,(#7018,#7094),.PCURVE_S1.);
#6945 = B_SPLINE_CURVE_WITH_KNOTS('',6,(#6946,#6947,#6948,#6949,#6950,
    #6951,#6952,#6953,#6954,#6955,#6956,#6957,#6958,#6959,#6960,#6961,
    #6962,#6963,#6964,#6965,#6966,#6967,#6968,#6969,#6970,#6971,#6972,
    #6973,#6974,#6975,#6976,#6977,#6978,#6979,#6980,#6981,#6982,#6983,
    #6984,#6985,#6986,#6987,#6988,#6989,#6990,#6991,#6992,#6993,#6994,
    #6995,#6996,#6997,#6998,#6999,#7000,#7001,#7002,#7003,#7004,#7005,
    #7006,#7007,#7008,#7009,#7010,#7011,#7012,#7013,#7014,#7015,#7016,
    #7017),.UNSPECIFIED.,.F.,.F.,(7,5,5,5,5,5,5,5,5,5,5,5,5,5,7),(0.,
    2.80005160746E-02,0.14500258123,0.4869907162,0.510991157674,
    0.533991580795,0.592992663979,0.615993087685,0.639993530011,
    0.664993990927,0.761995744297,0.778996057356,0.804996535836,
    0.928998698105,1.),.UNSPECIFIED.);
#6946 = CARTESIAN_POINT('',(17.455882352941,34.25,140.02794117647));
#6947 = CARTESIAN_POINT('',(17.455882352941,34.25,140.06353665381));
#6948 = CARTESIAN_POINT('',(17.455569238371,34.25,140.0991321315));
#6949 = CARTESIAN_POINT('',(17.454943009375,34.25,140.13472416593));
#6950 = CARTESIAN_POINT('',(17.454003716534,34.25,140.17030931461));
#6951 = CARTESIAN_POINT('',(17.452751460867,34.25,140.20588413618));
#6952 = CARTESIAN_POINT('',(17.444646654512,34.25,140.39003947945));
#6953 = CARTESIAN_POINT('',(17.43264505589,34.25,140.53839380751));
#6954 = CARTESIAN_POINT('',(17.415192721196,34.25,140.68625631297));
#6955 = CARTESIAN_POINT('',(17.392316028485,34.25,140.83337722016));
#6956 = CARTESIAN_POINT('',(17.364056610634,34.25,140.97950883929));
#6957 = CARTESIAN_POINT('',(17.232304209274,34.25,141.54792767627));
#6958 = CARTESIAN_POINT('',(17.08861589413,34.25,141.960985474));
#6959 = CARTESIAN_POINT('',(16.900834388379,34.25,142.35727548019));
#6960 = CARTESIAN_POINT('',(16.671533136705,34.25,142.73107836847));
#6961 = CARTESIAN_POINT('',(16.404096136638,34.25,143.07711381281));
#6962 = CARTESIAN_POINT('',(16.081893376942,34.25,143.41275177952));
#6963 = CARTESIAN_POINT('',(16.060598326356,34.25,143.43460260881));
#6964 = CARTESIAN_POINT('',(16.039138824816,34.25,143.45629256425));
#6965 = CARTESIAN_POINT('',(16.017516393308,34.25,143.47782010079));
#6966 = CARTESIAN_POINT('',(15.995732572114,34.25,143.49918369258));
#6967 = CARTESIAN_POINT('',(15.952759588278,34.25,143.54069671766));
#6968 = CARTESIAN_POINT('',(15.931583467141,34.25,143.56085965151));
#6969 = CARTESIAN_POINT('',(15.910261930027,34.25,143.58086930858));
#6970 = CARTESIAN_POINT('',(15.88879636523,34.25,143.60072437969));
#6971 = CARTESIAN_POINT('',(15.867188176709,34.25,143.62042357248));
#6972 = CARTESIAN_POINT('',(15.789646865979,34.25,143.69009518764));
#6973 = CARTESIAN_POINT('',(15.732925765951,34.25,143.73919064747));
#6974 = CARTESIAN_POINT('',(15.675299466546,34.25,143.78723044318));
#6975 = CARTESIAN_POINT('',(15.616792580466,34.25,143.83419379738));
#6976 = CARTESIAN_POINT('',(15.557430350573,34.25,143.88006070301));
#6977 = CARTESIAN_POINT('',(15.473774087126,34.25,143.94225731536));
#6978 = CARTESIAN_POINT('',(15.450183469742,34.25,143.95953316047));
#6979 = CARTESIAN_POINT('',(15.426468329315,34.25,143.97663831994));
#6980 = CARTESIAN_POINT('',(15.402630210801,34.25,143.99357167378));
#6981 = CARTESIAN_POINT('',(15.378670672532,34.25,144.01033212065));
#6982 = CARTESIAN_POINT('',(15.329464969854,34.25,144.04422618566));
#6983 = CARTESIAN_POINT('',(15.304208157081,34.25,144.06134434552));
#6984 = CARTESIAN_POINT('',(15.27882263368,34.25,144.07827182744));
#6985 = CARTESIAN_POINT('',(15.25331020046,34.25,144.09500742404));
#6986 = CARTESIAN_POINT('',(15.227672673263,34.25,144.1115499507));
#6987 = CARTESIAN_POINT('',(15.175077726223,34.25,144.14492771937));
#6988 = CARTESIAN_POINT('',(15.148109820157,34.25,144.16174643837));
#6989 = CARTESIAN_POINT('',(15.121010234191,34.25,144.17835308921));
#6990 = CARTESIAN_POINT('',(15.093781054406,34.25,144.19474638601));
#6991 = CARTESIAN_POINT('',(15.06642438354,34.25,144.21092507031));
#6992 = CARTESIAN_POINT('',(14.932312054301,34.25,144.28882371087));
#6993 = CARTESIAN_POINT('',(14.823794225945,34.25,144.34751019621));
#6994 = CARTESIAN_POINT('',(14.713512947422,34.25,144.40287530274));
#6995 = CARTESIAN_POINT('',(14.601595474024,34.25,144.45485351508));
#6996 = CARTESIAN_POINT('',(14.48817222483,34.25,144.50338586676));
#6997 = CARTESIAN_POINT('',(14.353257987053,34.25,144.55631251252));
#6998 = CARTESIAN_POINT('',(14.333097039453,34.25,144.56409763618));
#6999 = CARTESIAN_POINT('',(14.312894657273,34.25,144.5717750298));
#7000 = CARTESIAN_POINT('',(14.292651560303,34.25,144.57934441838));
#7001 = CARTESIAN_POINT('',(14.27236847075,34.25,144.58680553334));
#7002 = CARTESIAN_POINT('',(14.220964860965,34.25,144.60540323345));
#7003 = CARTESIAN_POINT('',(14.18979175673,34.25,144.61639447838));
#7004 = CARTESIAN_POINT('',(14.158529393127,34.25,144.62713090931));
#7005 = CARTESIAN_POINT('',(14.127180374787,34.25,144.6376116238));
#7006 = CARTESIAN_POINT('',(14.095747318388,34.25,144.64783575493));
#7007 = CARTESIAN_POINT('',(13.913933238076,34.25,144.70533599612));
#7008 = CARTESIAN_POINT('',(13.761781378853,34.25,144.74701463341));
#7009 = CARTESIAN_POINT('',(13.608063567778,34.25,144.78274789617));
#7010 = CARTESIAN_POINT('',(13.453070127152,34.25,144.81246430394));
#7011 = CARTESIAN_POINT('',(13.297095408779,34.25,144.83611138284));
#7012 = CARTESIAN_POINT('',(13.050738595176,34.25,144.86370119129));
#7013 = CARTESIAN_POINT('',(12.960815293652,34.25,144.87174595248));
#7014 = CARTESIAN_POINT('',(12.870723749052,34.25,144.87778369555));
#7015 = CARTESIAN_POINT('',(12.780519937477,34.25,144.8818102502));
#7016 = CARTESIAN_POINT('',(12.690259951466,34.25,144.88382352941));
#7017 = CARTESIAN_POINT('',(12.6,34.25,144.88382352941));
#7018 = PCURVE('',#6792,#7019);
#7019 = DEFINITIONAL_REPRESENTATION('',(#7020),#7093);
#7020 = B_SPLINE_CURVE_WITH_KNOTS('',6,(#7021,#7022,#7023,#7024,#7025,
    #7026,#7027,#7028,#7029,#7030,#7031,#7032,#7033,#7034,#7035,#7036,
    #7037,#7038,#7039,#7040,#7041,#7042,#7043,#7044,#7045,#7046,#7047,
    #7048,#7049,#7050,#7051,#7052,#7053,#7054,#7055,#7056,#7057,#7058,
    #7059,#7060,#7061,#7062,#7063,#7064,#7065,#7066,#7067,#7068,#7069,
    #7070,#7071,#7072,#7073,#7074,#7075,#7076,#7077,#7078,#7079,#7080,
    #7081,#7082,#7083,#7084,#7085,#7086,#7087,#7088,#7089,#7090,#7091,
    #7092),.UNSPECIFIED.,.F.,.F.,(7,5,5,5,5,5,5,5,5,5,5,5,5,5,7),(0.,
    2.80005160746E-02,0.14500258123,0.4869907162,0.510991157674,
    0.533991580795,0.592992663979,0.615993087685,0.639993530011,
    0.664993990927,0.761995744297,0.778996057356,0.804996535836,
    0.928998698105,1.),.UNSPECIFIED.);
#7021 = CARTESIAN_POINT('',(1.570796326795,0.852941176471));
#7022 = CARTESIAN_POINT('',(1.563465943817,0.852941176471));
#7023 = CARTESIAN_POINT('',(1.556135560904,0.852941176471));
#7024 = CARTESIAN_POINT('',(1.548805178039,0.852941176471));
#7025 = CARTESIAN_POINT('',(1.541474795212,0.852941176471));
#7026 = CARTESIAN_POINT('',(1.534144412414,0.852941176471));
#7027 = CARTESIAN_POINT('',(1.496183525546,0.852941176471));
#7028 = CARTESIAN_POINT('',(1.465552993379,0.852941176471));
#7029 = CARTESIAN_POINT('',(1.434922446673,0.852941176471));
#7030 = CARTESIAN_POINT('',(1.404291899277,0.852941176471));
#7031 = CARTESIAN_POINT('',(1.37366136536,0.852941176471));
#7032 = CARTESIAN_POINT('',(1.253500220877,0.852941176471));
#7033 = CARTESIAN_POINT('',(1.163952438845,0.852941176471));
#7034 = CARTESIAN_POINT('',(1.074424688072,0.852941176471));
#7035 = CARTESIAN_POINT('',(0.984896933446,0.852941176471));
#7036 = CARTESIAN_POINT('',(0.895349152965,0.852941176471));
#7037 = CARTESIAN_POINT('',(0.799535330349,0.852941176471));
#7038 = CARTESIAN_POINT('',(0.793252145041,0.852941176471));
#7039 = CARTESIAN_POINT('',(0.786968959725,0.852941176471));
#7040 = CARTESIAN_POINT('',(0.78068577441,0.852941176471));
#7041 = CARTESIAN_POINT('',(0.7744025891,0.852941176471));
#7042 = CARTESIAN_POINT('',(0.762098017882,0.852941176471));
#7043 = CARTESIAN_POINT('',(0.756076631955,0.852941176471));
#7044 = CARTESIAN_POINT('',(0.750055246027,0.852941176471));
#7045 = CARTESIAN_POINT('',(0.744033860103,0.852941176471));
#7046 = CARTESIAN_POINT('',(0.738012474188,0.852941176471));
#7047 = CARTESIAN_POINT('',(0.716544925032,0.852941176471));
#7048 = CARTESIAN_POINT('',(0.701098760904,0.852941176471));
#7049 = CARTESIAN_POINT('',(0.685652596373,0.852941176471));
#7050 = CARTESIAN_POINT('',(0.670206431906,0.852941176471));
#7051 = CARTESIAN_POINT('',(0.654760267964,0.852941176471));
#7052 = CARTESIAN_POINT('',(0.633292719066,0.852941176471));
#7053 = CARTESIAN_POINT('',(0.62727133313,0.852941176471));
#7054 = CARTESIAN_POINT('',(0.6212499472,0.852941176471));
#7055 = CARTESIAN_POINT('',(0.61522856128,0.852941176471));
#7056 = CARTESIAN_POINT('',(0.609207175376,0.852941176471));
#7057 = CARTESIAN_POINT('',(0.596902604165,0.852941176471));
#7058 = CARTESIAN_POINT('',(0.590619418841,0.852941176471));
#7059 = CARTESIAN_POINT('',(0.584336233523,0.852941176471));
#7060 = CARTESIAN_POINT('',(0.578053048215,0.852941176471));
#7061 = CARTESIAN_POINT('',(0.571769862921,0.852941176471));
#7062 = CARTESIAN_POINT('',(0.558941692943,0.852941176471));
#7063 = CARTESIAN_POINT('',(0.552396708236,0.852941176471));
#7064 = CARTESIAN_POINT('',(0.54585172353,0.852941176471));
#7065 = CARTESIAN_POINT('',(0.539306738832,0.852941176471));
#7066 = CARTESIAN_POINT('',(0.532761754146,0.852941176471));
#7067 = CARTESIAN_POINT('',(0.500822238117,0.852941176471));
#7068 = CARTESIAN_POINT('',(0.475427695876,0.852941176471));
#7069 = CARTESIAN_POINT('',(0.450033148125,0.852941176471));
#7070 = CARTESIAN_POINT('',(0.424638600253,0.852941176471));
#7071 = CARTESIAN_POINT('',(0.399244057663,0.852941176471));
#7072 = CARTESIAN_POINT('',(0.369398936205,0.852941176471));
#7073 = CARTESIAN_POINT('',(0.364948346623,0.852941176471));
#7074 = CARTESIAN_POINT('',(0.360497757034,0.852941176471));
#7075 = CARTESIAN_POINT('',(0.356047167436,0.852941176471));
#7076 = CARTESIAN_POINT('',(0.351596577832,0.852941176471));
#7077 = CARTESIAN_POINT('',(0.340339204195,0.852941176471));
#7078 = CARTESIAN_POINT('',(0.333532420135,0.852941176471));
#7079 = CARTESIAN_POINT('',(0.32672563605,0.852941176471));
#7080 = CARTESIAN_POINT('',(0.319918851947,0.852941176471));
#7081 = CARTESIAN_POINT('',(0.313112067836,0.852941176471));
#7082 = CARTESIAN_POINT('',(0.273842190842,0.852941176471));
#7083 = CARTESIAN_POINT('',(0.241379060153,0.852941176471));
#7084 = CARTESIAN_POINT('',(0.208915910649,0.852941176471));
#7085 = CARTESIAN_POINT('',(0.176452761323,0.852941176471));
#7086 = CARTESIAN_POINT('',(0.143989631173,0.852941176471));
#7087 = CARTESIAN_POINT('',(9.293878434999E-02,0.852941176471));
#7088 = CARTESIAN_POINT('',(7.435102739941E-02,0.852941176471));
#7089 = CARTESIAN_POINT('',(5.576326952343E-02,0.852941176471));
#7090 = CARTESIAN_POINT('',(3.717551175676E-02,0.852941176471));
#7091 = CARTESIAN_POINT('',(1.858775499607E-02,0.852941176471));
#7092 = CARTESIAN_POINT('',(0.,0.852941176471));
#7093 = ( GEOMETRIC_REPRESENTATION_CONTEXT(2) 
PARAMETRIC_REPRESENTATION_CONTEXT() REPRESENTATION_CONTEXT('2D SPACE',''
  ) );
#7094 = PCURVE('',#3906,#7095);
#7095 = DEFINITIONAL_REPRESENTATION('',(#7096),#7169);
#7096 = B_SPLINE_CURVE_WITH_KNOTS('',6,(#7097,#7098,#7099,#7100,#7101,
    #7102,#7103,#7104,#7105,#7106,#7107,#7108,#7109,#7110,#7111,#7112,
    #7113,#7114,#7115,#7116,#7117,#7118,#7119,#7120,#7121,#7122,#7123,
    #7124,#7125,#7126,#7127,#7128,#7129,#7130,#7131,#7132,#7133,#7134,
    #7135,#7136,#7137,#7138,#7139,#7140,#7141,#7142,#7143,#7144,#7145,
    #7146,#7147,#7148,#7149,#7150,#7151,#7152,#7153,#7154,#7155,#7156,
    #7157,#7158,#7159,#7160,#7161,#7162,#7163,#7164,#7165,#7166,#7167,
    #7168),.UNSPECIFIED.,.F.,.F.,(7,5,5,5,5,5,5,5,5,5,5,5,5,5,7),(0.,
    2.80005160746E-02,0.14500258123,0.4869907162,0.510991157674,
    0.533991580795,0.592992663979,0.615993087685,0.639993530011,
    0.664993990927,0.761995744297,0.778996057356,0.804996535836,
    0.928998698105,1.),.UNSPECIFIED.);
#7097 = CARTESIAN_POINT('',(1.570796326795,0.852941176471));
#7098 = CARTESIAN_POINT('',(1.563465943817,0.852941176471));
#7099 = CARTESIAN_POINT('',(1.556135560904,0.852941176471));
#7100 = CARTESIAN_POINT('',(1.548805178039,0.852941176471));
#7101 = CARTESIAN_POINT('',(1.541474795212,0.852941176471));
#7102 = CARTESIAN_POINT('',(1.534144412414,0.852941176471));
#7103 = CARTESIAN_POINT('',(1.496183525546,0.852941176471));
#7104 = CARTESIAN_POINT('',(1.465552993379,0.852941176471));
#7105 = CARTESIAN_POINT('',(1.434922446673,0.852941176471));
#7106 = CARTESIAN_POINT('',(1.404291899277,0.852941176471));
#7107 = CARTESIAN_POINT('',(1.37366136536,0.852941176471));
#7108 = CARTESIAN_POINT('',(1.253500220877,0.852941176471));
#7109 = CARTESIAN_POINT('',(1.163952438845,0.852941176471));
#7110 = CARTESIAN_POINT('',(1.074424688072,0.852941176471));
#7111 = CARTESIAN_POINT('',(0.984896933446,0.852941176471));
#7112 = CARTESIAN_POINT('',(0.895349152965,0.852941176471));
#7113 = CARTESIAN_POINT('',(0.799535330349,0.852941176471));
#7114 = CARTESIAN_POINT('',(0.793252145041,0.852941176471));
#7115 = CARTESIAN_POINT('',(0.786968959725,0.852941176471));
#7116 = CARTESIAN_POINT('',(0.78068577441,0.852941176471));
#7117 = CARTESIAN_POINT('',(0.7744025891,0.852941176471));
#7118 = CARTESIAN_POINT('',(0.762098017882,0.852941176471));
#7119 = CARTESIAN_POINT('',(0.756076631955,0.852941176471));
#7120 = CARTESIAN_POINT('',(0.750055246027,0.852941176471));
#7121 = CARTESIAN_POINT('',(0.744033860103,0.852941176471));
#7122 = CARTESIAN_POINT('',(0.738012474188,0.852941176471));
#7123 = CARTESIAN_POINT('',(0.716544925032,0.852941176471));
#7124 = CARTESIAN_POINT('',(0.701098760904,0.852941176471));
#7125 = CARTESIAN_POINT('',(0.685652596373,0.852941176471));
#7126 = CARTESIAN_POINT('',(0.670206431906,0.852941176471));
#7127 = CARTESIAN_POINT('',(0.654760267964,0.852941176471));
#7128 = CARTESIAN_POINT('',(0.633292719066,0.852941176471));
#7129 = CARTESIAN_POINT('',(0.62727133313,0.852941176471));
#7130 = CARTESIAN_POINT('',(0.6212499472,0.852941176471));
#7131 = CARTESIAN_POINT('',(0.61522856128,0.852941176471));
#7132 = CARTESIAN_POINT('',(0.609207175376,0.852941176471));
#7133 = CARTESIAN_POINT('',(0.596902604165,0.852941176471));
#7134 = CARTESIAN_POINT('',(0.590619418841,0.852941176471));
#7135 = CARTESIAN_POINT('',(0.584336233523,0.852941176471));
#7136 = CARTESIAN_POINT('',(0.578053048215,0.852941176471));
#7137 = CARTESIAN_POINT('',(0.571769862921,0.852941176471));
#7138 = CARTESIAN_POINT('',(0.558941692943,0.852941176471));
#7139 = CARTESIAN_POINT('',(0.552396708236,0.852941176471));
#7140 = CARTESIAN_POINT('',(0.54585172353,0.852941176471));
#7141 = CARTESIAN_POINT('',(0.539306738832,0.852941176471));
#7142 = CARTESIAN_POINT('',(0.532761754146,0.852941176471));
#7143 = CARTESIAN_POINT('',(0.500822238117,0.852941176471));
#7144 = CARTESIAN_POINT('',(0.475427695876,0.852941176471));
#7145 = CARTESIAN_POINT('',(0.450033148125,0.852941176471));
#7146 = CARTESIAN_POINT('',(0.424638600253,0.852941176471));
#7147 = CARTESIAN_POINT('',(0.399244057663,0.852941176471));
#7148 = CARTESIAN_POINT('',(0.369398936205,0.852941176471));
#7149 = CARTESIAN_POINT('',(0.364948346623,0.852941176471));
#7150 = CARTESIAN_POINT('',(0.360497757034,0.852941176471));
#7151 = CARTESIAN_POINT('',(0.356047167436,0.852941176471));
#7152 = CARTESIAN_POINT('',(0.351596577832,0.852941176471));
#7153 = CARTESIAN_POINT('',(0.340339204195,0.852941176471));
#7154 = CARTESIAN_POINT('',(0.333532420135,0.852941176471));
#7155 = CARTESIAN_POINT('',(0.32672563605,0.852941176471));
#7156 = CARTESIAN_POINT('',(0.319918851947,0.852941176471));
#7157 = CARTESIAN_POINT('',(0.313112067836,0.852941176471));
#7158 = CARTESIAN_POINT('',(0.273842190842,0.852941176471));
#7159 = CARTESIAN_POINT('',(0.241379060153,0.852941176471));
#7160 = CARTESIAN_POINT('',(0.208915910649,0.852941176471));
#7161 = CARTESIAN_POINT('',(0.176452761323,0.852941176471));
#7162 = CARTESIAN_POINT('',(0.143989631173,0.852941176471));
#7163 = CARTESIAN_POINT('',(9.293878434999E-02,0.852941176471));
#7164 = CARTESIAN_POINT('',(7.435102739941E-02,0.852941176471));
#7165 = CARTESIAN_POINT('',(5.576326952343E-02,0.852941176471));
#7166 = CARTESIAN_POINT('',(3.717551175676E-02,0.852941176471));
#7167 = CARTESIAN_POINT('',(1.858775499607E-02,0.852941176471));
#7168 = CARTESIAN_POINT('',(0.,0.852941176471));
#7169 = ( GEOMETRIC_REPRESENTATION_CONTEXT(2) 
PARAMETRIC_REPRESENTATION_CONTEXT() REPRESENTATION_CONTEXT('2D SPACE',''
  ) );
#7170 = ADVANCED_FACE('',(#7171),#6089,.F.);
#7171 = FACE_BOUND('',#7172,.F.);
#7172 = EDGE_LOOP('',(#7173,#7194,#7195,#7216));
#7173 = ORIENTED_EDGE('',*,*,#7174,.F.);
#7174 = EDGE_CURVE('',#5465,#7175,#7177,.T.);
#7175 = VERTEX_POINT('',#7176);
#7176 = CARTESIAN_POINT('',(-17.39764705882,32.6,139.99882352941));
#7177 = SURFACE_CURVE('',#7178,(#7181,#7188),.PCURVE_S1.);
#7178 = B_SPLINE_CURVE_WITH_KNOTS('',1,(#7179,#7180),.UNSPECIFIED.,.F.,
  .F.,(2,2),(0.,1.),.PIECEWISE_BEZIER_KNOTS.);
#7179 = CARTESIAN_POINT('',(-17.2,27.,139.9));
#7180 = CARTESIAN_POINT('',(-17.5,35.5,140.05));
#7181 = PCURVE('',#6089,#7182);
#7182 = DEFINITIONAL_REPRESENTATION('',(#7183),#7187);
#7183 = LINE('',#7184,#7185);
#7184 = CARTESIAN_POINT('',(4.712388980385,0.));
#7185 = VECTOR('',#7186,1.);
#7186 = DIRECTION('',(0.,1.));
#7187 = ( GEOMETRIC_REPRESENTATION_CONTEXT(2) 
PARAMETRIC_REPRESENTATION_CONTEXT() REPRESENTATION_CONTEXT('2D SPACE',''
  ) );
#7188 = PCURVE('',#4282,#7189);
#7189 = DEFINITIONAL_REPRESENTATION('',(#7190),#7193);
#7190 = B_SPLINE_CURVE_WITH_KNOTS('',1,(#7191,#7192),.UNSPECIFIED.,.F.,
  .F.,(2,2),(0.,1.),.PIECEWISE_BEZIER_KNOTS.);
#7191 = CARTESIAN_POINT('',(40.15,-4.252646234993));
#7192 = CARTESIAN_POINT('',(40.3,4.252646234993));
#7193 = ( GEOMETRIC_REPRESENTATION_CONTEXT(2) 
PARAMETRIC_REPRESENTATION_CONTEXT() REPRESENTATION_CONTEXT('2D SPACE',''
  ) );
#7194 = ORIENTED_EDGE('',*,*,#6074,.T.);
#7195 = ORIENTED_EDGE('',*,*,#7196,.T.);
#7196 = EDGE_CURVE('',#6049,#7197,#7199,.T.);
#7197 = VERTEX_POINT('',#7198);
#7198 = CARTESIAN_POINT('',(-12.6,32.6,144.79647058823));
#7199 = SURFACE_CURVE('',#7200,(#7203,#7210),.PCURVE_S1.);
#7200 = B_SPLINE_CURVE_WITH_KNOTS('',1,(#7201,#7202),.UNSPECIFIED.,.F.,
  .F.,(2,2),(0.,1.),.PIECEWISE_BEZIER_KNOTS.);
#7201 = CARTESIAN_POINT('',(-12.6,27.,144.5));
#7202 = CARTESIAN_POINT('',(-12.6,35.5,144.95));
#7203 = PCURVE('',#6089,#7204);
#7204 = DEFINITIONAL_REPRESENTATION('',(#7205),#7209);
#7205 = LINE('',#7206,#7207);
#7206 = CARTESIAN_POINT('',(6.28318530718,0.));
#7207 = VECTOR('',#7208,1.);
#7208 = DIRECTION('',(0.,1.));
#7209 = ( GEOMETRIC_REPRESENTATION_CONTEXT(2) 
PARAMETRIC_REPRESENTATION_CONTEXT() REPRESENTATION_CONTEXT('2D SPACE',''
  ) );
#7210 = PCURVE('',#4022,#7211);
#7211 = DEFINITIONAL_REPRESENTATION('',(#7212),#7215);
#7212 = B_SPLINE_CURVE_WITH_KNOTS('',1,(#7213,#7214),.UNSPECIFIED.,.F.,
  .F.,(2,2),(0.,1.),.PIECEWISE_BEZIER_KNOTS.);
#7213 = CARTESIAN_POINT('',(-4.9,-8.511903429903));
#7214 = CARTESIAN_POINT('',(-4.9,0.));
#7215 = ( GEOMETRIC_REPRESENTATION_CONTEXT(2) 
PARAMETRIC_REPRESENTATION_CONTEXT() REPRESENTATION_CONTEXT('2D SPACE',''
  ) );
#7216 = ORIENTED_EDGE('',*,*,#7217,.T.);
#7217 = EDGE_CURVE('',#7197,#7175,#7218,.T.);
#7218 = SURFACE_CURVE('',#7219,(#7292,#7368),.PCURVE_S1.);
#7219 = B_SPLINE_CURVE_WITH_KNOTS('',6,(#7220,#7221,#7222,#7223,#7224,
    #7225,#7226,#7227,#7228,#7229,#7230,#7231,#7232,#7233,#7234,#7235,
    #7236,#7237,#7238,#7239,#7240,#7241,#7242,#7243,#7244,#7245,#7246,
    #7247,#7248,#7249,#7250,#7251,#7252,#7253,#7254,#7255,#7256,#7257,
    #7258,#7259,#7260,#7261,#7262,#7263,#7264,#7265,#7266,#7267,#7268,
    #7269,#7270,#7271,#7272,#7273,#7274,#7275,#7276,#7277,#7278,#7279,
    #7280,#7281,#7282,#7283,#7284,#7285,#7286,#7287,#7288,#7289,#7290,
    #7291),.UNSPECIFIED.,.F.,.F.,(7,5,5,5,5,5,5,5,5,5,5,5,5,5,7),(0.,
    6.600211818625E-02,9.300298619642E-02,0.183005853438,0.216006913637,
    0.240007685103,0.31200999313,0.347011118926,0.385012340846,
    0.421013498043,0.483015486675,0.508016289814,0.530016996614,
    0.616019741811,1.),.UNSPECIFIED.);
#7220 = CARTESIAN_POINT('',(-12.6,32.6,144.79647058823));
#7221 = CARTESIAN_POINT('',(-12.68289738553,32.6,144.79647058823));
#7222 = CARTESIAN_POINT('',(-12.76579479476,32.6,144.79475174885));
#7223 = CARTESIAN_POINT('',(-12.8486476268,32.6,144.79131407282));
#7224 = CARTESIAN_POINT('',(-12.93141136065,32.6,144.78615910003));
#7225 = CARTESIAN_POINT('',(-13.01404155515,32.6,144.77928990752));
#7226 = CARTESIAN_POINT('',(-13.13022433471,32.6,144.767201601));
#7227 = CARTESIAN_POINT('',(-13.16392505198,32.6,144.7634059805));
#7228 = CARTESIAN_POINT('',(-13.19759296662,32.6,144.75932456368));
#7229 = CARTESIAN_POINT('',(-13.23122504981,32.6,144.75495770901));
#7230 = CARTESIAN_POINT('',(-13.26481827809,32.6,144.75030581777));
#7231 = CARTESIAN_POINT('',(-13.41020745184,32.6,144.72891439279));
#7232 = CARTESIAN_POINT('',(-13.52158012762,32.6,144.70929729351));
#7233 = CARTESIAN_POINT('',(-13.63237566137,32.6,144.68653452187));
#7234 = CARTESIAN_POINT('',(-13.74248319908,32.6,144.66064776439));
#7235 = CARTESIAN_POINT('',(-13.85179303203,32.6,144.63166390834));
#7236 = CARTESIAN_POINT('',(-13.99994458132,32.6,144.58786378752));
#7237 = CARTESIAN_POINT('',(-14.03957073821,32.6,144.57570045548));
#7238 = CARTESIAN_POINT('',(-14.07906972585,32.6,144.56312662489));
#7239 = CARTESIAN_POINT('',(-14.11843623221,32.6,144.55014396655));
#7240 = CARTESIAN_POINT('',(-14.15766497494,32.6,144.5367542428));
#7241 = CARTESIAN_POINT('',(-14.22517668464,32.6,144.5129266271));
#7242 = CARTESIAN_POINT('',(-14.25352702346,32.6,144.50267961976));
#7243 = CARTESIAN_POINT('',(-14.28179969748,32.6,144.49221899851));
#7244 = CARTESIAN_POINT('',(-14.30999269587,32.6,144.48154550162));
#7245 = CARTESIAN_POINT('',(-14.33810401719,32.6,144.47065989255));
#7246 = CARTESIAN_POINT('',(-14.45021461884,32.6,144.42627216526));
#7247 = CARTESIAN_POINT('',(-14.53354458171,32.6,144.39107944453));
#7248 = CARTESIAN_POINT('',(-14.61606770927,32.6,144.35400612028));
#7249 = CARTESIAN_POINT('',(-14.69773106889,32.6,144.31507549414));
#7250 = CARTESIAN_POINT('',(-14.77848264411,32.6,144.27431284688));
#7251 = CARTESIAN_POINT('',(-14.89705750796,32.6,144.21105294594));
#7252 = CARTESIAN_POINT('',(-14.93561615627,32.6,144.18993397672));
#7253 = CARTESIAN_POINT('',(-14.97394141602,32.6,144.16839165906));
#7254 = CARTESIAN_POINT('',(-15.01202748388,32.6,144.14642922703));
#7255 = CARTESIAN_POINT('',(-15.04986861673,32.6,144.12405002051));
#7256 = CARTESIAN_POINT('',(-15.12827169046,32.6,144.07651130429));
#7257 = CARTESIAN_POINT('',(-15.16878882928,32.6,144.05127790015));
#7258 = CARTESIAN_POINT('',(-15.2090032748,32.6,144.02556168296));
#7259 = CARTESIAN_POINT('',(-15.24890784563,32.6,143.9993672049));
#7260 = CARTESIAN_POINT('',(-15.28849545239,32.6,143.97269916011));
#7261 = CARTESIAN_POINT('',(-15.36495623489,32.6,143.919853861));
#7262 = CARTESIAN_POINT('',(-15.4018626165,32.6,143.89372464691));
#7263 = CARTESIAN_POINT('',(-15.43847229309,32.6,143.86717885439));
#7264 = CARTESIAN_POINT('',(-15.4747793959,32.6,143.84022070524));
#7265 = CARTESIAN_POINT('',(-15.51077813678,32.6,143.81285453112));
#7266 = CARTESIAN_POINT('',(-15.607919738,32.6,143.73725908335));
#7267 = CARTESIAN_POINT('',(-15.66844513847,32.6,143.68823633194));
#7268 = CARTESIAN_POINT('',(-15.72800983523,32.6,143.63803922378));
#7269 = CARTESIAN_POINT('',(-15.78658543553,32.6,143.58669137265));
#7270 = CARTESIAN_POINT('',(-15.84414432821,32.6,143.53421730167));
#7271 = CARTESIAN_POINT('',(-15.9234481347,32.6,143.45903967674));
#7272 = CARTESIAN_POINT('',(-15.94606691807,32.6,143.43725792997));
#7273 = CARTESIAN_POINT('',(-15.96851427641,32.6,143.41529886898));
#7274 = CARTESIAN_POINT('',(-15.99078847455,32.6,143.39316418233));
#7275 = CARTESIAN_POINT('',(-16.01288779958,32.6,143.37085558116));
#7276 = CARTESIAN_POINT('',(-16.05410259077,32.6,143.32859171094));
#7277 = CARTESIAN_POINT('',(-16.07325788988,32.6,143.30867528573));
#7278 = CARTESIAN_POINT('',(-16.09227530607,32.6,143.28862670492));
#7279 = CARTESIAN_POINT('',(-16.11115370108,32.6,143.26844716299));
#7280 = CARTESIAN_POINT('',(-16.12989195048,32.6,143.24813786742));
#7281 = CARTESIAN_POINT('',(-16.22118626576,32.6,143.14780672486));
#7282 = CARTESIAN_POINT('',(-16.29172511236,32.6,143.06594922949));
#7283 = CARTESIAN_POINT('',(-16.36003902481,32.6,142.98220059842));
#7284 = CARTESIAN_POINT('',(-16.42606502228,32.6,142.89663663693));
#7285 = CARTESIAN_POINT('',(-16.48974360186,32.6,142.80933590985));
#7286 = CARTESIAN_POINT('',(-16.82459654966,32.6,142.32321320413));
#7287 = CARTESIAN_POINT('',(-17.05034914975,32.6,141.89292316502));
#7288 = CARTESIAN_POINT('',(-17.22305797825,32.6,141.4369756228));
#7289 = CARTESIAN_POINT('',(-17.33947146101,32.6,140.96351565288));
#7290 = CARTESIAN_POINT('',(-17.39764705882,32.6,140.48109529882));
#7291 = CARTESIAN_POINT('',(-17.39764705882,32.6,139.99882352941));
#7292 = PCURVE('',#6089,#7293);
#7293 = DEFINITIONAL_REPRESENTATION('',(#7294),#7367);
#7294 = B_SPLINE_CURVE_WITH_KNOTS('',6,(#7295,#7296,#7297,#7298,#7299,
    #7300,#7301,#7302,#7303,#7304,#7305,#7306,#7307,#7308,#7309,#7310,
    #7311,#7312,#7313,#7314,#7315,#7316,#7317,#7318,#7319,#7320,#7321,
    #7322,#7323,#7324,#7325,#7326,#7327,#7328,#7329,#7330,#7331,#7332,
    #7333,#7334,#7335,#7336,#7337,#7338,#7339,#7340,#7341,#7342,#7343,
    #7344,#7345,#7346,#7347,#7348,#7349,#7350,#7351,#7352,#7353,#7354,
    #7355,#7356,#7357,#7358,#7359,#7360,#7361,#7362,#7363,#7364,#7365,
    #7366),.UNSPECIFIED.,.F.,.F.,(7,5,5,5,5,5,5,5,5,5,5,5,5,5,7),(0.,
    6.600211818625E-02,9.300298619642E-02,0.183005853438,0.216006913637,
    0.240007685103,0.31200999313,0.347011118926,0.385012340846,
    0.421013498043,0.483015486675,0.508016289814,0.530016996614,
    0.616019741811,1.),.UNSPECIFIED.);
#7295 = CARTESIAN_POINT('',(6.28318530718,0.658823529412));
#7296 = CARTESIAN_POINT('',(6.265906548548,0.658823529412));
#7297 = CARTESIAN_POINT('',(6.248627788787,0.658823529412));
#7298 = CARTESIAN_POINT('',(6.231349028375,0.658823529412));
#7299 = CARTESIAN_POINT('',(6.214070267896,0.658823529412));
#7300 = CARTESIAN_POINT('',(6.196791508041,0.658823529412));
#7301 = CARTESIAN_POINT('',(6.17244416623,0.658823529412));
#7302 = CARTESIAN_POINT('',(6.165375582801,0.658823529412));
#7303 = CARTESIAN_POINT('',(6.158306999333,0.658823529412));
#7304 = CARTESIAN_POINT('',(6.151238415834,0.658823529412));
#7305 = CARTESIAN_POINT('',(6.144169832315,0.658823529412));
#7306 = CARTESIAN_POINT('',(6.113539310535,0.658823529412));
#7307 = CARTESIAN_POINT('',(6.089977364436,0.658823529412));
#7308 = CARTESIAN_POINT('',(6.06641541439,0.658823529412));
#7309 = CARTESIAN_POINT('',(6.042853464281,0.658823529412));
#7310 = CARTESIAN_POINT('',(6.019291517988,0.658823529412));
#7311 = CARTESIAN_POINT('',(5.987090199561,0.658823529412));
#7312 = CARTESIAN_POINT('',(5.978450819716,0.658823529412));
#7313 = CARTESIAN_POINT('',(5.969811439869,0.658823529412));
#7314 = CARTESIAN_POINT('',(5.961172060049,0.658823529412));
#7315 = CARTESIAN_POINT('',(5.952532680281,0.658823529412));
#7316 = CARTESIAN_POINT('',(5.937610115255,0.658823529412));
#7317 = CARTESIAN_POINT('',(5.931326929924,0.658823529412));
#7318 = CARTESIAN_POINT('',(5.925043744602,0.658823529412));
#7319 = CARTESIAN_POINT('',(5.918760559296,0.658823529412));
#7320 = CARTESIAN_POINT('',(5.91247737401,0.658823529412));
#7321 = CARTESIAN_POINT('',(5.887344634633,0.658823529412));
#7322 = CARTESIAN_POINT('',(5.868495078185,0.658823529412));
#7323 = CARTESIAN_POINT('',(5.849645520619,0.658823529412));
#7324 = CARTESIAN_POINT('',(5.830795963139,0.658823529412));
#7325 = CARTESIAN_POINT('',(5.811946406943,0.658823529412));
#7326 = CARTESIAN_POINT('',(5.78393387471,0.658823529412));
#7327 = CARTESIAN_POINT('',(5.774770896136,0.658823529412));
#7328 = CARTESIAN_POINT('',(5.765607917527,0.658823529412));
#7329 = CARTESIAN_POINT('',(5.756444938912,0.658823529412));
#7330 = CARTESIAN_POINT('',(5.74728196032,0.658823529412));
#7331 = CARTESIAN_POINT('',(5.728170605181,0.658823529412));
#7332 = CARTESIAN_POINT('',(5.718222228464,0.658823529412));
#7333 = CARTESIAN_POINT('',(5.708273851676,0.658823529412));
#7334 = CARTESIAN_POINT('',(5.698325474864,0.658823529412));
#7335 = CARTESIAN_POINT('',(5.688377098077,0.658823529412));
#7336 = CARTESIAN_POINT('',(5.669003943532,0.658823529412));
#7337 = CARTESIAN_POINT('',(5.659579165598,0.658823529412));
#7338 = CARTESIAN_POINT('',(5.6501543876,0.658823529412));
#7339 = CARTESIAN_POINT('',(5.640729609574,0.658823529412));
#7340 = CARTESIAN_POINT('',(5.631304831561,0.658823529412));
#7341 = CARTESIAN_POINT('',(5.605648492684,0.658823529412));
#7342 = CARTESIAN_POINT('',(5.589416930526,0.658823529412));
#7343 = CARTESIAN_POINT('',(5.573185367715,0.658823529412));
#7344 = CARTESIAN_POINT('',(5.556953804846,0.658823529412));
#7345 = CARTESIAN_POINT('',(5.540722242519,0.658823529412));
#7346 = CARTESIAN_POINT('',(5.517945696658,0.658823529412));
#7347 = CARTESIAN_POINT('',(5.511400711962,0.658823529412));
#7348 = CARTESIAN_POINT('',(5.504855727257,0.658823529412));
#7349 = CARTESIAN_POINT('',(5.498310742552,0.658823529412));
#7350 = CARTESIAN_POINT('',(5.491765757853,0.658823529412));
#7351 = CARTESIAN_POINT('',(5.479461186636,0.658823529412));
#7352 = CARTESIAN_POINT('',(5.473701600098,0.658823529412));
#7353 = CARTESIAN_POINT('',(5.467942013559,0.658823529412));
#7354 = CARTESIAN_POINT('',(5.462182427024,0.658823529412));
#7355 = CARTESIAN_POINT('',(5.456422840496,0.658823529412));
#7356 = CARTESIAN_POINT('',(5.428148511329,0.658823529412));
#7357 = CARTESIAN_POINT('',(5.405633762757,0.658823529412));
#7358 = CARTESIAN_POINT('',(5.383119011311,0.658823529412));
#7359 = CARTESIAN_POINT('',(5.360604260016,0.658823529412));
#7360 = CARTESIAN_POINT('',(5.338089511877,0.658823529412));
#7361 = CARTESIAN_POINT('',(5.215052206001,0.658823529412));
#7362 = CARTESIAN_POINT('',(5.114499341164,0.658823529412));
#7363 = CARTESIAN_POINT('',(5.013981890504,0.658823529412));
#7364 = CARTESIAN_POINT('',(4.913464401238,0.658823529412));
#7365 = CARTESIAN_POINT('',(4.812911541444,0.658823529412));
#7366 = CARTESIAN_POINT('',(4.712388980385,0.658823529412));
#7367 = ( GEOMETRIC_REPRESENTATION_CONTEXT(2) 
PARAMETRIC_REPRESENTATION_CONTEXT() REPRESENTATION_CONTEXT('2D SPACE',''
  ) );
#7368 = PCURVE('',#7369,#7388);
#7369 = B_SPLINE_SURFACE_WITH_KNOTS('',8,1,(
    (#7370,#7371)
    ,(#7372,#7373)
    ,(#7374,#7375)
    ,(#7376,#7377)
    ,(#7378,#7379)
    ,(#7380,#7381)
    ,(#7382,#7383)
    ,(#7384,#7385)
    ,(#7386,#7387
    )),.UNSPECIFIED.,.F.,.F.,.F.,(9,9),(2,2),(4.712388980385,
    6.28318530718),(0.,1.),.PIECEWISE_BEZIER_KNOTS.);
#7370 = CARTESIAN_POINT('',(-17.2,27.,139.9));
#7371 = CARTESIAN_POINT('',(-17.5,35.5,140.05));
#7372 = CARTESIAN_POINT('',(-17.2,27.,140.8032078879));
#7373 = CARTESIAN_POINT('',(-17.5,35.499999999999,141.01211275015));
#7374 = CARTESIAN_POINT('',(-16.99732037077,27.000000000001,
    141.70641606012));
#7375 = CARTESIAN_POINT('',(-17.28410213409,35.500000000002,
    141.97422580318));
#7376 = CARTESIAN_POINT('',(-16.591963103,26.999999999997,
    142.55656087793));
#7377 = CARTESIAN_POINT('',(-16.85230852276,35.499999999997,
    142.87981484822));
#7378 = CARTESIAN_POINT('',(-16.00059027658,27.000000000003,
    143.30059027659));
#7379 = CARTESIAN_POINT('',(-16.22236790332,35.500000000004,
    143.67236790334));
#7380 = CARTESIAN_POINT('',(-15.25656087794,26.999999999998,
    143.891963103));
#7381 = CARTESIAN_POINT('',(-15.42981484824,35.499999999997,
    144.30230852275));
#7382 = CARTESIAN_POINT('',(-14.40641606012,27.000000000001,
    144.29732037078));
#7383 = CARTESIAN_POINT('',(-14.52422580317,35.500000000001,
    144.73410213409));
#7384 = CARTESIAN_POINT('',(-13.5032078879,27.,144.49999999999));
#7385 = CARTESIAN_POINT('',(-13.56211275016,35.5,144.94999999999));
#7386 = CARTESIAN_POINT('',(-12.6,27.,144.5));
#7387 = CARTESIAN_POINT('',(-12.6,35.5,144.95));
#7388 = DEFINITIONAL_REPRESENTATION('',(#7389),#7462);
#7389 = B_SPLINE_CURVE_WITH_KNOTS('',6,(#7390,#7391,#7392,#7393,#7394,
    #7395,#7396,#7397,#7398,#7399,#7400,#7401,#7402,#7403,#7404,#7405,
    #7406,#7407,#7408,#7409,#7410,#7411,#7412,#7413,#7414,#7415,#7416,
    #7417,#7418,#7419,#7420,#7421,#7422,#7423,#7424,#7425,#7426,#7427,
    #7428,#7429,#7430,#7431,#7432,#7433,#7434,#7435,#7436,#7437,#7438,
    #7439,#7440,#7441,#7442,#7443,#7444,#7445,#7446,#7447,#7448,#7449,
    #7450,#7451,#7452,#7453,#7454,#7455,#7456,#7457,#7458,#7459,#7460,
    #7461),.UNSPECIFIED.,.F.,.F.,(7,5,5,5,5,5,5,5,5,5,5,5,5,5,7),(0.,
    6.600211818625E-02,9.300298619642E-02,0.183005853438,0.216006913637,
    0.240007685103,0.31200999313,0.347011118926,0.385012340846,
    0.421013498043,0.483015486675,0.508016289814,0.530016996614,
    0.616019741811,1.),.UNSPECIFIED.);
#7390 = CARTESIAN_POINT('',(6.28318530718,0.658823529412));
#7391 = CARTESIAN_POINT('',(6.265906548548,0.658823529412));
#7392 = CARTESIAN_POINT('',(6.248627788787,0.658823529412));
#7393 = CARTESIAN_POINT('',(6.231349028375,0.658823529412));
#7394 = CARTESIAN_POINT('',(6.214070267896,0.658823529412));
#7395 = CARTESIAN_POINT('',(6.196791508041,0.658823529412));
#7396 = CARTESIAN_POINT('',(6.17244416623,0.658823529412));
#7397 = CARTESIAN_POINT('',(6.165375582801,0.658823529412));
#7398 = CARTESIAN_POINT('',(6.158306999333,0.658823529412));
#7399 = CARTESIAN_POINT('',(6.151238415834,0.658823529412));
#7400 = CARTESIAN_POINT('',(6.144169832315,0.658823529412));
#7401 = CARTESIAN_POINT('',(6.113539310535,0.658823529412));
#7402 = CARTESIAN_POINT('',(6.089977364436,0.658823529412));
#7403 = CARTESIAN_POINT('',(6.06641541439,0.658823529412));
#7404 = CARTESIAN_POINT('',(6.042853464281,0.658823529412));
#7405 = CARTESIAN_POINT('',(6.019291517988,0.658823529412));
#7406 = CARTESIAN_POINT('',(5.987090199561,0.658823529412));
#7407 = CARTESIAN_POINT('',(5.978450819716,0.658823529412));
#7408 = CARTESIAN_POINT('',(5.969811439869,0.658823529412));
#7409 = CARTESIAN_POINT('',(5.961172060049,0.658823529412));
#7410 = CARTESIAN_POINT('',(5.952532680281,0.658823529412));
#7411 = CARTESIAN_POINT('',(5.937610115255,0.658823529412));
#7412 = CARTESIAN_POINT('',(5.931326929924,0.658823529412));
#7413 = CARTESIAN_POINT('',(5.925043744602,0.658823529412));
#7414 = CARTESIAN_POINT('',(5.918760559296,0.658823529412));
#7415 = CARTESIAN_POINT('',(5.91247737401,0.658823529412));
#7416 = CARTESIAN_POINT('',(5.887344634633,0.658823529412));
#7417 = CARTESIAN_POINT('',(5.868495078185,0.658823529412));
#7418 = CARTESIAN_POINT('',(5.849645520619,0.658823529412));
#7419 = CARTESIAN_POINT('',(5.830795963139,0.658823529412));
#7420 = CARTESIAN_POINT('',(5.811946406943,0.658823529412));
#7421 = CARTESIAN_POINT('',(5.78393387471,0.658823529412));
#7422 = CARTESIAN_POINT('',(5.774770896136,0.658823529412));
#7423 = CARTESIAN_POINT('',(5.765607917527,0.658823529412));
#7424 = CARTESIAN_POINT('',(5.756444938912,0.658823529412));
#7425 = CARTESIAN_POINT('',(5.74728196032,0.658823529412));
#7426 = CARTESIAN_POINT('',(5.728170605181,0.658823529412));
#7427 = CARTESIAN_POINT('',(5.718222228464,0.658823529412));
#7428 = CARTESIAN_POINT('',(5.708273851676,0.658823529412));
#7429 = CARTESIAN_POINT('',(5.698325474864,0.658823529412));
#7430 = CARTESIAN_POINT('',(5.688377098077,0.658823529412));
#7431 = CARTESIAN_POINT('',(5.669003943532,0.658823529412));
#7432 = CARTESIAN_POINT('',(5.659579165598,0.658823529412));
#7433 = CARTESIAN_POINT('',(5.6501543876,0.658823529412));
#7434 = CARTESIAN_POINT('',(5.640729609574,0.658823529412));
#7435 = CARTESIAN_POINT('',(5.631304831561,0.658823529412));
#7436 = CARTESIAN_POINT('',(5.605648492684,0.658823529412));
#7437 = CARTESIAN_POINT('',(5.589416930526,0.658823529412));
#7438 = CARTESIAN_POINT('',(5.573185367715,0.658823529412));
#7439 = CARTESIAN_POINT('',(5.556953804846,0.658823529412));
#7440 = CARTESIAN_POINT('',(5.540722242519,0.658823529412));
#7441 = CARTESIAN_POINT('',(5.517945696658,0.658823529412));
#7442 = CARTESIAN_POINT('',(5.511400711962,0.658823529412));
#7443 = CARTESIAN_POINT('',(5.504855727257,0.658823529412));
#7444 = CARTESIAN_POINT('',(5.498310742552,0.658823529412));
#7445 = CARTESIAN_POINT('',(5.491765757853,0.658823529412));
#7446 = CARTESIAN_POINT('',(5.479461186636,0.658823529412));
#7447 = CARTESIAN_POINT('',(5.473701600098,0.658823529412));
#7448 = CARTESIAN_POINT('',(5.467942013559,0.658823529412));
#7449 = CARTESIAN_POINT('',(5.462182427024,0.658823529412));
#7450 = CARTESIAN_POINT('',(5.456422840496,0.658823529412));
#7451 = CARTESIAN_POINT('',(5.428148511329,0.658823529412));
#7452 = CARTESIAN_POINT('',(5.405633762757,0.658823529412));
#7453 = CARTESIAN_POINT('',(5.383119011311,0.658823529412));
#7454 = CARTESIAN_POINT('',(5.360604260016,0.658823529412));
#7455 = CARTESIAN_POINT('',(5.338089511877,0.658823529412));
#7456 = CARTESIAN_POINT('',(5.215052206001,0.658823529412));
#7457 = CARTESIAN_POINT('',(5.114499341164,0.658823529412));
#7458 = CARTESIAN_POINT('',(5.013981890504,0.658823529412));
#7459 = CARTESIAN_POINT('',(4.913464401238,0.658823529412));
#7460 = CARTESIAN_POINT('',(4.812911541444,0.658823529412));
#7461 = CARTESIAN_POINT('',(4.712388980385,0.658823529412));
#7462 = ( GEOMETRIC_REPRESENTATION_CONTEXT(2) 
PARAMETRIC_REPRESENTATION_CONTEXT() REPRESENTATION_CONTEXT('2D SPACE',''
  ) );
#7463 = ADVANCED_FACE('',(#7464),#7369,.F.);
#7464 = FACE_BOUND('',#7465,.F.);
#7465 = EDGE_LOOP('',(#7466,#7487,#7488,#7509));
#7466 = ORIENTED_EDGE('',*,*,#7467,.F.);
#7467 = EDGE_CURVE('',#7175,#7468,#7470,.T.);
#7468 = VERTEX_POINT('',#7469);
#7469 = CARTESIAN_POINT('',(-17.45588235294,34.25,140.02794117647));
#7470 = SURFACE_CURVE('',#7471,(#7474,#7481),.PCURVE_S1.);
#7471 = B_SPLINE_CURVE_WITH_KNOTS('',1,(#7472,#7473),.UNSPECIFIED.,.F.,
  .F.,(2,2),(0.,1.),.PIECEWISE_BEZIER_KNOTS.);
#7472 = CARTESIAN_POINT('',(-17.2,27.,139.9));
#7473 = CARTESIAN_POINT('',(-17.5,35.5,140.05));
#7474 = PCURVE('',#7369,#7475);
#7475 = DEFINITIONAL_REPRESENTATION('',(#7476),#7480);
#7476 = LINE('',#7477,#7478);
#7477 = CARTESIAN_POINT('',(4.712388980385,0.));
#7478 = VECTOR('',#7479,1.);
#7479 = DIRECTION('',(0.,1.));
#7480 = ( GEOMETRIC_REPRESENTATION_CONTEXT(2) 
PARAMETRIC_REPRESENTATION_CONTEXT() REPRESENTATION_CONTEXT('2D SPACE',''
  ) );
#7481 = PCURVE('',#4282,#7482);
#7482 = DEFINITIONAL_REPRESENTATION('',(#7483),#7486);
#7483 = B_SPLINE_CURVE_WITH_KNOTS('',1,(#7484,#7485),.UNSPECIFIED.,.F.,
  .F.,(2,2),(0.,1.),.PIECEWISE_BEZIER_KNOTS.);
#7484 = CARTESIAN_POINT('',(40.15,-4.252646234993));
#7485 = CARTESIAN_POINT('',(40.3,4.252646234993));
#7486 = ( GEOMETRIC_REPRESENTATION_CONTEXT(2) 
PARAMETRIC_REPRESENTATION_CONTEXT() REPRESENTATION_CONTEXT('2D SPACE',''
  ) );
#7487 = ORIENTED_EDGE('',*,*,#7217,.F.);
#7488 = ORIENTED_EDGE('',*,*,#7489,.T.);
#7489 = EDGE_CURVE('',#7197,#7490,#7492,.T.);
#7490 = VERTEX_POINT('',#7491);
#7491 = CARTESIAN_POINT('',(-12.6,34.25,144.88382352941));
#7492 = SURFACE_CURVE('',#7493,(#7496,#7503),.PCURVE_S1.);
#7493 = B_SPLINE_CURVE_WITH_KNOTS('',1,(#7494,#7495),.UNSPECIFIED.,.F.,
  .F.,(2,2),(0.,1.),.PIECEWISE_BEZIER_KNOTS.);
#7494 = CARTESIAN_POINT('',(-12.6,27.,144.5));
#7495 = CARTESIAN_POINT('',(-12.6,35.5,144.95));
#7496 = PCURVE('',#7369,#7497);
#7497 = DEFINITIONAL_REPRESENTATION('',(#7498),#7502);
#7498 = LINE('',#7499,#7500);
#7499 = CARTESIAN_POINT('',(6.28318530718,0.));
#7500 = VECTOR('',#7501,1.);
#7501 = DIRECTION('',(0.,1.));
#7502 = ( GEOMETRIC_REPRESENTATION_CONTEXT(2) 
PARAMETRIC_REPRESENTATION_CONTEXT() REPRESENTATION_CONTEXT('2D SPACE',''
  ) );
#7503 = PCURVE('',#4022,#7504);
#7504 = DEFINITIONAL_REPRESENTATION('',(#7505),#7508);
#7505 = B_SPLINE_CURVE_WITH_KNOTS('',1,(#7506,#7507),.UNSPECIFIED.,.F.,
  .F.,(2,2),(0.,1.),.PIECEWISE_BEZIER_KNOTS.);
#7506 = CARTESIAN_POINT('',(-4.9,-8.511903429903));
#7507 = CARTESIAN_POINT('',(-4.9,0.));
#7508 = ( GEOMETRIC_REPRESENTATION_CONTEXT(2) 
PARAMETRIC_REPRESENTATION_CONTEXT() REPRESENTATION_CONTEXT('2D SPACE',''
  ) );
#7509 = ORIENTED_EDGE('',*,*,#7510,.T.);
#7510 = EDGE_CURVE('',#7490,#7468,#7511,.T.);
#7511 = SURFACE_CURVE('',#7512,(#7580,#7651),.PCURVE_S1.);
#7512 = B_SPLINE_CURVE_WITH_KNOTS('',6,(#7513,#7514,#7515,#7516,#7517,
    #7518,#7519,#7520,#7521,#7522,#7523,#7524,#7525,#7526,#7527,#7528,
    #7529,#7530,#7531,#7532,#7533,#7534,#7535,#7536,#7537,#7538,#7539,
    #7540,#7541,#7542,#7543,#7544,#7545,#7546,#7547,#7548,#7549,#7550,
    #7551,#7552,#7553,#7554,#7555,#7556,#7557,#7558,#7559,#7560,#7561,
    #7562,#7563,#7564,#7565,#7566,#7567,#7568,#7569,#7570,#7571,#7572,
    #7573,#7574,#7575,#7576,#7577,#7578,#7579),.UNSPECIFIED.,.F.,.F.,(7,
    5,5,5,5,5,5,5,5,5,5,5,5,7),(0.,7.100074109473E-02,0.178001807659,
    0.199002028101,0.224002290769,0.289002970452,0.311003202358,
    0.352003634114,0.385003981586,0.414004286677,0.487005045202,
    0.785998831553,0.980999799733,1.),.UNSPECIFIED.);
#7513 = CARTESIAN_POINT('',(-12.6,34.25,144.88382352941));
#7514 = CARTESIAN_POINT('',(-12.69025995146,34.25,144.88382352941));
#7515 = CARTESIAN_POINT('',(-12.78051993747,34.25,144.8818102502));
#7516 = CARTESIAN_POINT('',(-12.87072374905,34.25,144.87778369555));
#7517 = CARTESIAN_POINT('',(-12.96081529365,34.25,144.87174595248));
#7518 = CARTESIAN_POINT('',(-13.05073859517,34.25,144.86370119129));
#7519 = CARTESIAN_POINT('',(-13.2756182131,34.25,144.83851664091));
#7520 = CARTESIAN_POINT('',(-13.41028999863,34.25,144.81883348407));
#7521 = CARTESIAN_POINT('',(-13.54426163309,34.25,144.7946276642));
#7522 = CARTESIAN_POINT('',(-13.67734369183,34.25,144.76593121521));
#7523 = CARTESIAN_POINT('',(-13.80934884297,34.25,144.73278673575));
#7524 = CARTESIAN_POINT('',(-13.96575170298,34.25,144.68787984995));
#7525 = CARTESIAN_POINT('',(-13.99136295243,34.25,144.68034302379));
#7526 = CARTESIAN_POINT('',(-14.01692419954,34.25,144.67263731156));
#7527 = CARTESIAN_POINT('',(-14.04243405274,34.25,144.66476312943));
#7528 = CARTESIAN_POINT('',(-14.06789112514,34.25,144.65672090883));
#7529 = CARTESIAN_POINT('',(-14.12353559355,34.25,144.63873751026));
#7530 = CARTESIAN_POINT('',(-14.1537003912,34.25,144.62872640729));
#7531 = CARTESIAN_POINT('',(-14.18378609524,34.25,144.61847854131));
#7532 = CARTESIAN_POINT('',(-14.21379038395,34.25,144.60799469638));
#7533 = CARTESIAN_POINT('',(-14.24371094604,34.25,144.59727568688));
#7534 = CARTESIAN_POINT('',(-14.35111526691,34.25,144.55784370259));
#7535 = CARTESIAN_POINT('',(-14.42810352953,34.25,144.52778103698));
#7536 = CARTESIAN_POINT('',(-14.50446979104,34.25,144.49614922263));
#7537 = CARTESIAN_POINT('',(-14.58017414884,34.25,144.46296447027));
#7538 = CARTESIAN_POINT('',(-14.6551772752,34.25,144.42824433939));
#7539 = CARTESIAN_POINT('',(-14.75457563674,34.25,144.37974304145));
#7540 = CARTESIAN_POINT('',(-14.77962608877,34.25,144.36730462242));
#7541 = CARTESIAN_POINT('',(-14.80459027235,34.25,144.35469321362));
#7542 = CARTESIAN_POINT('',(-14.82946669516,34.25,144.34190956462));
#7543 = CARTESIAN_POINT('',(-14.85425387363,34.25,144.32895444213));
#7544 = CARTESIAN_POINT('',(-14.92497555199,34.25,144.29136688952));
#7545 = CARTESIAN_POINT('',(-14.97068569283,34.25,144.26631231875));
#7546 = CARTESIAN_POINT('',(-15.01607120626,34.25,144.24066999305));
#7547 = CARTESIAN_POINT('',(-15.06112265853,34.25,144.21444518907));
#7548 = CARTESIAN_POINT('',(-15.10583073139,34.25,144.18764338478));
#7549 = CARTESIAN_POINT('',(-15.18588698269,34.25,144.13823823172));
#7550 = CARTESIAN_POINT('',(-15.22135933235,34.25,144.11583608473));
#7551 = CARTESIAN_POINT('',(-15.25659847321,34.25,144.09306677932));
#7552 = CARTESIAN_POINT('',(-15.29159966077,34.25,144.06993335789));
#7553 = CARTESIAN_POINT('',(-15.3263582038,34.25,144.04643894438));
#7554 = CARTESIAN_POINT('',(-15.39119754155,34.25,144.00162572006));
#7555 = CARTESIAN_POINT('',(-15.42133465116,34.25,143.98038838813));
#7556 = CARTESIAN_POINT('',(-15.45127764584,34.25,143.95887692373));
#7557 = CARTESIAN_POINT('',(-15.48102341231,34.25,143.93709354917));
#7558 = CARTESIAN_POINT('',(-15.51056887143,34.25,143.91504053376));
#7559 = CARTESIAN_POINT('',(-15.61377213368,34.25,143.83653451792));
#7560 = CARTESIAN_POINT('',(-15.68634477892,34.25,143.77865491324));
#7561 = CARTESIAN_POINT('',(-15.75758028697,34.25,143.7191183726));
#7562 = CARTESIAN_POINT('',(-15.82743154731,34.25,143.65796366137));
#7563 = CARTESIAN_POINT('',(-15.8958529657,34.25,143.59523131746));
#7564 = CARTESIAN_POINT('',(-16.23700153384,34.25,143.26773853945));
#7565 = CARTESIAN_POINT('',(-16.48650898548,34.25,142.97872739124));
#7566 = CARTESIAN_POINT('',(-16.70821869892,34.25,142.66688976478));
#7567 = CARTESIAN_POINT('',(-16.89963272964,34.25,142.33559144997));
#7568 = CARTESIAN_POINT('',(-17.05872870164,34.25,141.98850373125));
#7569 = CARTESIAN_POINT('',(-17.26587546966,34.25,141.39565892244));
#7570 = CARTESIAN_POINT('',(-17.33331016423,34.25,141.15662353206));
#7571 = CARTESIAN_POINT('',(-17.38602331751,34.25,140.91368220977));
#7572 = CARTESIAN_POINT('',(-17.42374506582,34.25,140.66796645309));
#7573 = CARTESIAN_POINT('',(-17.44632248066,34.25,140.42062940169));
#7574 = CARTESIAN_POINT('',(-17.45444064207,34.25,140.14870078866));
#7575 = CARTESIAN_POINT('',(-17.45501730494,34.25,140.12455316902));
#7576 = CARTESIAN_POINT('',(-17.45544982355,34.25,140.10040232237));
#7577 = CARTESIAN_POINT('',(-17.45573817646,34.25,140.07624932425));
#7578 = CARTESIAN_POINT('',(-17.45588235294,34.25,140.05209525033));
#7579 = CARTESIAN_POINT('',(-17.45588235294,34.25,140.02794117647));
#7580 = PCURVE('',#7369,#7581);
#7581 = DEFINITIONAL_REPRESENTATION('',(#7582),#7650);
#7582 = B_SPLINE_CURVE_WITH_KNOTS('',6,(#7583,#7584,#7585,#7586,#7587,
    #7588,#7589,#7590,#7591,#7592,#7593,#7594,#7595,#7596,#7597,#7598,
    #7599,#7600,#7601,#7602,#7603,#7604,#7605,#7606,#7607,#7608,#7609,
    #7610,#7611,#7612,#7613,#7614,#7615,#7616,#7617,#7618,#7619,#7620,
    #7621,#7622,#7623,#7624,#7625,#7626,#7627,#7628,#7629,#7630,#7631,
    #7632,#7633,#7634,#7635,#7636,#7637,#7638,#7639,#7640,#7641,#7642,
    #7643,#7644,#7645,#7646,#7647,#7648,#7649),.UNSPECIFIED.,.F.,.F.,(7,
    5,5,5,5,5,5,5,5,5,5,5,5,7),(0.,7.100074109473E-02,0.178001807659,
    0.199002028101,0.224002290769,0.289002970452,0.311003202358,
    0.352003634114,0.385003981586,0.414004286677,0.487005045202,
    0.785998831553,0.980999799733,1.),.UNSPECIFIED.);
#7583 = CARTESIAN_POINT('',(6.28318530718,0.852941176471));
#7584 = CARTESIAN_POINT('',(6.264597552184,0.852941176471));
#7585 = CARTESIAN_POINT('',(6.246009795423,0.852941176471));
#7586 = CARTESIAN_POINT('',(6.227422037656,0.852941176471));
#7587 = CARTESIAN_POINT('',(6.20883427978,0.852941176471));
#7588 = CARTESIAN_POINT('',(6.19024652283,0.852941176471));
#7589 = CARTESIAN_POINT('',(6.143646249184,0.852941176471));
#7590 = CARTESIAN_POINT('',(6.115633711958,0.852941176471));
#7591 = CARTESIAN_POINT('',(6.087621165394,0.852941176471));
#7592 = CARTESIAN_POINT('',(6.059608618612,0.852941176471));
#7593 = CARTESIAN_POINT('',(6.03159608076,0.852941176471));
#7594 = CARTESIAN_POINT('',(5.99808577385,0.852941176471));
#7595 = CARTESIAN_POINT('',(5.992587986691,0.852941176471));
#7596 = CARTESIAN_POINT('',(5.987090199539,0.852941176471));
#7597 = CARTESIAN_POINT('',(5.981592412395,0.852941176471));
#7598 = CARTESIAN_POINT('',(5.976094625263,0.852941176471));
#7599 = CARTESIAN_POINT('',(5.964051853424,0.852941176471));
#7600 = CARTESIAN_POINT('',(5.957506868702,0.852941176471));
#7601 = CARTESIAN_POINT('',(5.95096188399,0.852941176471));
#7602 = CARTESIAN_POINT('',(5.944416899295,0.852941176471));
#7603 = CARTESIAN_POINT('',(5.937871914622,0.852941176471));
#7604 = CARTESIAN_POINT('',(5.914309970755,0.852941176471));
#7605 = CARTESIAN_POINT('',(5.897293010166,0.852941176471));
#7606 = CARTESIAN_POINT('',(5.880276048947,0.852941176471));
#7607 = CARTESIAN_POINT('',(5.863259087824,0.852941176471));
#7608 = CARTESIAN_POINT('',(5.846242127518,0.852941176471));
#7609 = CARTESIAN_POINT('',(5.8234655822,0.852941176471));
#7610 = CARTESIAN_POINT('',(5.817705995663,0.852941176471));
#7611 = CARTESIAN_POINT('',(5.811946409126,0.852941176471));
#7612 = CARTESIAN_POINT('',(5.806186822594,0.852941176471));
#7613 = CARTESIAN_POINT('',(5.800427236066,0.852941176471));
#7614 = CARTESIAN_POINT('',(5.783933874782,0.852941176471));
#7615 = CARTESIAN_POINT('',(5.773200099874,0.852941176471));
#7616 = CARTESIAN_POINT('',(5.762466324889,0.852941176471));
#7617 = CARTESIAN_POINT('',(5.751732549894,0.852941176471));
#7618 = CARTESIAN_POINT('',(5.740998774958,0.852941176471));
#7619 = CARTESIAN_POINT('',(5.721625620433,0.852941176471));
#7620 = CARTESIAN_POINT('',(5.712986240655,0.852941176471));
#7621 = CARTESIAN_POINT('',(5.704346860836,0.852941176471));
#7622 = CARTESIAN_POINT('',(5.695707480999,0.852941176471));
#7623 = CARTESIAN_POINT('',(5.687068101167,0.852941176471));
#7624 = CARTESIAN_POINT('',(5.670836539181,0.852941176471));
#7625 = CARTESIAN_POINT('',(5.663244356956,0.852941176471));
#7626 = CARTESIAN_POINT('',(5.655652174702,0.852941176471));
#7627 = CARTESIAN_POINT('',(5.64805999243,0.852941176471));
#7628 = CARTESIAN_POINT('',(5.640467810154,0.852941176471));
#7629 = CARTESIAN_POINT('',(5.613764275002,0.852941176471));
#7630 = CARTESIAN_POINT('',(5.594652919366,0.852941176471));
#7631 = CARTESIAN_POINT('',(5.575541562307,0.852941176471));
#7632 = CARTESIAN_POINT('',(5.556430205165,0.852941176471));
#7633 = CARTESIAN_POINT('',(5.537318849287,0.852941176471));
#7634 = CARTESIAN_POINT('',(5.439931927557,0.852941176471));
#7635 = CARTESIAN_POINT('',(5.361647527641,0.852941176471));
#7636 = CARTESIAN_POINT('',(5.283373440535,0.852941176471));
#7637 = CARTESIAN_POINT('',(5.205099358149,0.852941176471));
#7638 = CARTESIAN_POINT('',(5.126814961847,0.852941176471));
#7639 = CARTESIAN_POINT('',(4.997488796783,0.852941176471));
#7640 = CARTESIAN_POINT('',(4.946437176125,0.852941176471));
#7641 = CARTESIAN_POINT('',(4.895386749121,0.852941176471));
#7642 = CARTESIAN_POINT('',(4.844336323507,0.852941176471));
#7643 = CARTESIAN_POINT('',(4.793284706045,0.852941176471));
#7644 = CARTESIAN_POINT('',(4.737259922279,0.852941176471));
#7645 = CARTESIAN_POINT('',(4.732285733949,0.852941176471));
#7646 = CARTESIAN_POINT('',(4.7273115456,0.852941176471));
#7647 = CARTESIAN_POINT('',(4.722337357227,0.852941176471));
#7648 = CARTESIAN_POINT('',(4.717363168824,0.852941176471));
#7649 = CARTESIAN_POINT('',(4.712388980385,0.852941176471));
#7650 = ( GEOMETRIC_REPRESENTATION_CONTEXT(2) 
PARAMETRIC_REPRESENTATION_CONTEXT() REPRESENTATION_CONTEXT('2D SPACE',''
  ) );
#7651 = PCURVE('',#4178,#7652);
#7652 = DEFINITIONAL_REPRESENTATION('',(#7653),#7721);
#7653 = B_SPLINE_CURVE_WITH_KNOTS('',6,(#7654,#7655,#7656,#7657,#7658,
    #7659,#7660,#7661,#7662,#7663,#7664,#7665,#7666,#7667,#7668,#7669,
    #7670,#7671,#7672,#7673,#7674,#7675,#7676,#7677,#7678,#7679,#7680,
    #7681,#7682,#7683,#7684,#7685,#7686,#7687,#7688,#7689,#7690,#7691,
    #7692,#7693,#7694,#7695,#7696,#7697,#7698,#7699,#7700,#7701,#7702,
    #7703,#7704,#7705,#7706,#7707,#7708,#7709,#7710,#7711,#7712,#7713,
    #7714,#7715,#7716,#7717,#7718,#7719,#7720),.UNSPECIFIED.,.F.,.F.,(7,
    5,5,5,5,5,5,5,5,5,5,5,5,7),(0.,7.100074109473E-02,0.178001807659,
    0.199002028101,0.224002290769,0.289002970452,0.311003202358,
    0.352003634114,0.385003981586,0.414004286677,0.487005045202,
    0.785998831553,0.980999799733,1.),.UNSPECIFIED.);
#7654 = CARTESIAN_POINT('',(6.28318530718,0.852941176471));
#7655 = CARTESIAN_POINT('',(6.264597552184,0.852941176471));
#7656 = CARTESIAN_POINT('',(6.246009795423,0.852941176471));
#7657 = CARTESIAN_POINT('',(6.227422037656,0.852941176471));
#7658 = CARTESIAN_POINT('',(6.20883427978,0.852941176471));
#7659 = CARTESIAN_POINT('',(6.19024652283,0.852941176471));
#7660 = CARTESIAN_POINT('',(6.143646249184,0.852941176471));
#7661 = CARTESIAN_POINT('',(6.115633711958,0.852941176471));
#7662 = CARTESIAN_POINT('',(6.087621165394,0.852941176471));
#7663 = CARTESIAN_POINT('',(6.059608618612,0.852941176471));
#7664 = CARTESIAN_POINT('',(6.03159608076,0.852941176471));
#7665 = CARTESIAN_POINT('',(5.99808577385,0.852941176471));
#7666 = CARTESIAN_POINT('',(5.992587986691,0.852941176471));
#7667 = CARTESIAN_POINT('',(5.987090199539,0.852941176471));
#7668 = CARTESIAN_POINT('',(5.981592412395,0.852941176471));
#7669 = CARTESIAN_POINT('',(5.976094625263,0.852941176471));
#7670 = CARTESIAN_POINT('',(5.964051853424,0.852941176471));
#7671 = CARTESIAN_POINT('',(5.957506868702,0.852941176471));
#7672 = CARTESIAN_POINT('',(5.95096188399,0.852941176471));
#7673 = CARTESIAN_POINT('',(5.944416899295,0.852941176471));
#7674 = CARTESIAN_POINT('',(5.937871914622,0.852941176471));
#7675 = CARTESIAN_POINT('',(5.914309970755,0.852941176471));
#7676 = CARTESIAN_POINT('',(5.897293010166,0.852941176471));
#7677 = CARTESIAN_POINT('',(5.880276048947,0.852941176471));
#7678 = CARTESIAN_POINT('',(5.863259087824,0.852941176471));
#7679 = CARTESIAN_POINT('',(5.846242127518,0.852941176471));
#7680 = CARTESIAN_POINT('',(5.8234655822,0.852941176471));
#7681 = CARTESIAN_POINT('',(5.817705995663,0.852941176471));
#7682 = CARTESIAN_POINT('',(5.811946409126,0.852941176471));
#7683 = CARTESIAN_POINT('',(5.806186822594,0.852941176471));
#7684 = CARTESIAN_POINT('',(5.800427236066,0.852941176471));
#7685 = CARTESIAN_POINT('',(5.783933874782,0.852941176471));
#7686 = CARTESIAN_POINT('',(5.773200099874,0.852941176471));
#7687 = CARTESIAN_POINT('',(5.762466324889,0.852941176471));
#7688 = CARTESIAN_POINT('',(5.751732549894,0.852941176471));
#7689 = CARTESIAN_POINT('',(5.740998774958,0.852941176471));
#7690 = CARTESIAN_POINT('',(5.721625620433,0.852941176471));
#7691 = CARTESIAN_POINT('',(5.712986240655,0.852941176471));
#7692 = CARTESIAN_POINT('',(5.704346860836,0.852941176471));
#7693 = CARTESIAN_POINT('',(5.695707480999,0.852941176471));
#7694 = CARTESIAN_POINT('',(5.687068101167,0.852941176471));
#7695 = CARTESIAN_POINT('',(5.670836539181,0.852941176471));
#7696 = CARTESIAN_POINT('',(5.663244356956,0.852941176471));
#7697 = CARTESIAN_POINT('',(5.655652174702,0.852941176471));
#7698 = CARTESIAN_POINT('',(5.64805999243,0.852941176471));
#7699 = CARTESIAN_POINT('',(5.640467810154,0.852941176471));
#7700 = CARTESIAN_POINT('',(5.613764275002,0.852941176471));
#7701 = CARTESIAN_POINT('',(5.594652919366,0.852941176471));
#7702 = CARTESIAN_POINT('',(5.575541562307,0.852941176471));
#7703 = CARTESIAN_POINT('',(5.556430205165,0.852941176471));
#7704 = CARTESIAN_POINT('',(5.537318849287,0.852941176471));
#7705 = CARTESIAN_POINT('',(5.439931927557,0.852941176471));
#7706 = CARTESIAN_POINT('',(5.361647527641,0.852941176471));
#7707 = CARTESIAN_POINT('',(5.283373440535,0.852941176471));
#7708 = CARTESIAN_POINT('',(5.205099358149,0.852941176471));
#7709 = CARTESIAN_POINT('',(5.126814961847,0.852941176471));
#7710 = CARTESIAN_POINT('',(4.997488796783,0.852941176471));
#7711 = CARTESIAN_POINT('',(4.946437176125,0.852941176471));
#7712 = CARTESIAN_POINT('',(4.895386749121,0.852941176471));
#7713 = CARTESIAN_POINT('',(4.844336323507,0.852941176471));
#7714 = CARTESIAN_POINT('',(4.793284706045,0.852941176471));
#7715 = CARTESIAN_POINT('',(4.737259922279,0.852941176471));
#7716 = CARTESIAN_POINT('',(4.732285733949,0.852941176471));
#7717 = CARTESIAN_POINT('',(4.7273115456,0.852941176471));
#7718 = CARTESIAN_POINT('',(4.722337357227,0.852941176471));
#7719 = CARTESIAN_POINT('',(4.717363168824,0.852941176471));
#7720 = CARTESIAN_POINT('',(4.712388980385,0.852941176471));
#7721 = ( GEOMETRIC_REPRESENTATION_CONTEXT(2) 
PARAMETRIC_REPRESENTATION_CONTEXT() REPRESENTATION_CONTEXT('2D SPACE',''
  ) );
#7722 = ADVANCED_FACE('',(#7723,#7953),#5453,.T.);
#7723 = FACE_BOUND('',#7724,.F.);
#7724 = EDGE_LOOP('',(#7725,#7755,#7784,#7812,#7841,#7869,#7898,#7926));
#7725 = ORIENTED_EDGE('',*,*,#7726,.T.);
#7726 = EDGE_CURVE('',#7727,#7729,#7731,.T.);
#7727 = VERTEX_POINT('',#7728);
#7728 = CARTESIAN_POINT('',(18.3,24.45,143.04128784747));
#7729 = VERTEX_POINT('',#7730);
#7730 = CARTESIAN_POINT('',(18.3,24.45,56.458712152522));
#7731 = SURFACE_CURVE('',#7732,(#7736,#7743),.PCURVE_S1.);
#7732 = LINE('',#7733,#7734);
#7733 = CARTESIAN_POINT('',(18.3,24.45,159.));
#7734 = VECTOR('',#7735,1.);
#7735 = DIRECTION('',(-0.,-0.,-1.));
#7736 = PCURVE('',#5453,#7737);
#7737 = DEFINITIONAL_REPRESENTATION('',(#7738),#7742);
#7738 = LINE('',#7739,#7740);
#7739 = CARTESIAN_POINT('',(78.,-18.3));
#7740 = VECTOR('',#7741,1.);
#7741 = DIRECTION('',(-1.,0.));
#7742 = ( GEOMETRIC_REPRESENTATION_CONTEXT(2) 
PARAMETRIC_REPRESENTATION_CONTEXT() REPRESENTATION_CONTEXT('2D SPACE',''
  ) );
#7743 = PCURVE('',#7744,#7749);
#7744 = PLANE('',#7745);
#7745 = AXIS2_PLACEMENT_3D('',#7746,#7747,#7748);
#7746 = CARTESIAN_POINT('',(18.3,17.2,159.));
#7747 = DIRECTION('',(1.,-0.,-0.));
#7748 = DIRECTION('',(0.,0.,1.));
#7749 = DEFINITIONAL_REPRESENTATION('',(#7750),#7754);
#7750 = LINE('',#7751,#7752);
#7751 = CARTESIAN_POINT('',(-0.,-7.25));
#7752 = VECTOR('',#7753,1.);
#7753 = DIRECTION('',(-1.,0.));
#7754 = ( GEOMETRIC_REPRESENTATION_CONTEXT(2) 
PARAMETRIC_REPRESENTATION_CONTEXT() REPRESENTATION_CONTEXT('2D SPACE',''
  ) );
#7755 = ORIENTED_EDGE('',*,*,#7756,.F.);
#7756 = EDGE_CURVE('',#7757,#7729,#7759,.T.);
#7757 = VERTEX_POINT('',#7758);
#7758 = CARTESIAN_POINT('',(13.3,24.45,53.25));
#7759 = SURFACE_CURVE('',#7760,(#7765,#7772),.PCURVE_S1.);
#7760 = CIRCLE('',#7761,5.5);
#7761 = AXIS2_PLACEMENT_3D('',#7762,#7763,#7764);
#7762 = CARTESIAN_POINT('',(13.3,24.45,58.75));
#7763 = DIRECTION('',(0.,-1.,0.));
#7764 = DIRECTION('',(-0.,-0.,-1.));
#7765 = PCURVE('',#5453,#7766);
#7766 = DEFINITIONAL_REPRESENTATION('',(#7767),#7771);
#7767 = CIRCLE('',#7768,5.5);
#7768 = AXIS2_PLACEMENT_2D('',#7769,#7770);
#7769 = CARTESIAN_POINT('',(-22.25,-13.3));
#7770 = DIRECTION('',(-1.,0.));
#7771 = ( GEOMETRIC_REPRESENTATION_CONTEXT(2) 
PARAMETRIC_REPRESENTATION_CONTEXT() REPRESENTATION_CONTEXT('2D SPACE',''
  ) );
#7772 = PCURVE('',#7773,#7778);
#7773 = CYLINDRICAL_SURFACE('',#7774,5.5);
#7774 = AXIS2_PLACEMENT_3D('',#7775,#7776,#7777);
#7775 = CARTESIAN_POINT('',(13.3,24.4,58.75));
#7776 = DIRECTION('',(-0.,1.,-0.));
#7777 = DIRECTION('',(-0.,-0.,-1.));
#7778 = DEFINITIONAL_REPRESENTATION('',(#7779),#7783);
#7779 = LINE('',#7780,#7781);
#7780 = CARTESIAN_POINT('',(-0.,5.E-02));
#7781 = VECTOR('',#7782,1.);
#7782 = DIRECTION('',(-1.,0.));
#7783 = ( GEOMETRIC_REPRESENTATION_CONTEXT(2) 
PARAMETRIC_REPRESENTATION_CONTEXT() REPRESENTATION_CONTEXT('2D SPACE',''
  ) );
#7784 = ORIENTED_EDGE('',*,*,#7785,.F.);
#7785 = EDGE_CURVE('',#7786,#7757,#7788,.T.);
#7786 = VERTEX_POINT('',#7787);
#7787 = CARTESIAN_POINT('',(-13.3,24.45,53.25));
#7788 = SURFACE_CURVE('',#7789,(#7793,#7800),.PCURVE_S1.);
#7789 = LINE('',#7790,#7791);
#7790 = CARTESIAN_POINT('',(9.4,24.45,53.25));
#7791 = VECTOR('',#7792,1.);
#7792 = DIRECTION('',(1.,-0.,-0.));
#7793 = PCURVE('',#5453,#7794);
#7794 = DEFINITIONAL_REPRESENTATION('',(#7795),#7799);
#7795 = LINE('',#7796,#7797);
#7796 = CARTESIAN_POINT('',(-27.75,-9.4));
#7797 = VECTOR('',#7798,1.);
#7798 = DIRECTION('',(-0.,-1.));
#7799 = ( GEOMETRIC_REPRESENTATION_CONTEXT(2) 
PARAMETRIC_REPRESENTATION_CONTEXT() REPRESENTATION_CONTEXT('2D SPACE',''
  ) );
#7800 = PCURVE('',#7801,#7806);
#7801 = PLANE('',#7802);
#7802 = AXIS2_PLACEMENT_3D('',#7803,#7804,#7805);
#7803 = CARTESIAN_POINT('',(18.8,24.4,53.25));
#7804 = DIRECTION('',(-0.,-0.,-1.));
#7805 = DIRECTION('',(1.,0.,0.));
#7806 = DEFINITIONAL_REPRESENTATION('',(#7807),#7811);
#7807 = LINE('',#7808,#7809);
#7808 = CARTESIAN_POINT('',(-9.4,-5.E-02));
#7809 = VECTOR('',#7810,1.);
#7810 = DIRECTION('',(1.,-0.));
#7811 = ( GEOMETRIC_REPRESENTATION_CONTEXT(2) 
PARAMETRIC_REPRESENTATION_CONTEXT() REPRESENTATION_CONTEXT('2D SPACE',''
  ) );
#7812 = ORIENTED_EDGE('',*,*,#7813,.F.);
#7813 = EDGE_CURVE('',#7814,#7786,#7816,.T.);
#7814 = VERTEX_POINT('',#7815);
#7815 = CARTESIAN_POINT('',(-18.3,24.45,56.458712152522));
#7816 = SURFACE_CURVE('',#7817,(#7822,#7829),.PCURVE_S1.);
#7817 = CIRCLE('',#7818,5.5);
#7818 = AXIS2_PLACEMENT_3D('',#7819,#7820,#7821);
#7819 = CARTESIAN_POINT('',(-13.3,24.45,58.75));
#7820 = DIRECTION('',(0.,-1.,0.));
#7821 = DIRECTION('',(-0.,-0.,-1.));
#7822 = PCURVE('',#5453,#7823);
#7823 = DEFINITIONAL_REPRESENTATION('',(#7824),#7828);
#7824 = CIRCLE('',#7825,5.5);
#7825 = AXIS2_PLACEMENT_2D('',#7826,#7827);
#7826 = CARTESIAN_POINT('',(-22.25,13.3));
#7827 = DIRECTION('',(-1.,0.));
#7828 = ( GEOMETRIC_REPRESENTATION_CONTEXT(2) 
PARAMETRIC_REPRESENTATION_CONTEXT() REPRESENTATION_CONTEXT('2D SPACE',''
  ) );
#7829 = PCURVE('',#7830,#7835);
#7830 = CYLINDRICAL_SURFACE('',#7831,5.5);
#7831 = AXIS2_PLACEMENT_3D('',#7832,#7833,#7834);
#7832 = CARTESIAN_POINT('',(-13.3,24.4,58.75));
#7833 = DIRECTION('',(-0.,1.,-0.));
#7834 = DIRECTION('',(-0.,-0.,-1.));
#7835 = DEFINITIONAL_REPRESENTATION('',(#7836),#7840);
#7836 = LINE('',#7837,#7838);
#7837 = CARTESIAN_POINT('',(6.28318530718,5.E-02));
#7838 = VECTOR('',#7839,1.);
#7839 = DIRECTION('',(-1.,0.));
#7840 = ( GEOMETRIC_REPRESENTATION_CONTEXT(2) 
PARAMETRIC_REPRESENTATION_CONTEXT() REPRESENTATION_CONTEXT('2D SPACE',''
  ) );
#7841 = ORIENTED_EDGE('',*,*,#7842,.T.);
#7842 = EDGE_CURVE('',#7814,#7843,#7845,.T.);
#7843 = VERTEX_POINT('',#7844);
#7844 = CARTESIAN_POINT('',(-18.3,24.45,143.04128784747));
#7845 = SURFACE_CURVE('',#7846,(#7850,#7857),.PCURVE_S1.);
#7846 = LINE('',#7847,#7848);
#7847 = CARTESIAN_POINT('',(-18.3,24.45,3.));
#7848 = VECTOR('',#7849,1.);
#7849 = DIRECTION('',(-0.,-0.,1.));
#7850 = PCURVE('',#5453,#7851);
#7851 = DEFINITIONAL_REPRESENTATION('',(#7852),#7856);
#7852 = LINE('',#7853,#7854);
#7853 = CARTESIAN_POINT('',(-78.,18.3));
#7854 = VECTOR('',#7855,1.);
#7855 = DIRECTION('',(1.,-0.));
#7856 = ( GEOMETRIC_REPRESENTATION_CONTEXT(2) 
PARAMETRIC_REPRESENTATION_CONTEXT() REPRESENTATION_CONTEXT('2D SPACE',''
  ) );
#7857 = PCURVE('',#7858,#7863);
#7858 = PLANE('',#7859);
#7859 = AXIS2_PLACEMENT_3D('',#7860,#7861,#7862);
#7860 = CARTESIAN_POINT('',(-18.3,17.2,3.));
#7861 = DIRECTION('',(-1.,-0.,-0.));
#7862 = DIRECTION('',(0.,0.,-1.));
#7863 = DEFINITIONAL_REPRESENTATION('',(#7864),#7868);
#7864 = LINE('',#7865,#7866);
#7865 = CARTESIAN_POINT('',(-0.,-7.25));
#7866 = VECTOR('',#7867,1.);
#7867 = DIRECTION('',(-1.,-0.));
#7868 = ( GEOMETRIC_REPRESENTATION_CONTEXT(2) 
PARAMETRIC_REPRESENTATION_CONTEXT() REPRESENTATION_CONTEXT('2D SPACE',''
  ) );
#7869 = ORIENTED_EDGE('',*,*,#7870,.F.);
#7870 = EDGE_CURVE('',#7871,#7843,#7873,.T.);
#7871 = VERTEX_POINT('',#7872);
#7872 = CARTESIAN_POINT('',(-13.3,24.45,146.25));
#7873 = SURFACE_CURVE('',#7874,(#7879,#7886),.PCURVE_S1.);
#7874 = CIRCLE('',#7875,5.5);
#7875 = AXIS2_PLACEMENT_3D('',#7876,#7877,#7878);
#7876 = CARTESIAN_POINT('',(-13.3,24.45,140.75));
#7877 = DIRECTION('',(0.,-1.,0.));
#7878 = DIRECTION('',(-1.,-0.,-0.));
#7879 = PCURVE('',#5453,#7880);
#7880 = DEFINITIONAL_REPRESENTATION('',(#7881),#7885);
#7881 = CIRCLE('',#7882,5.5);
#7882 = AXIS2_PLACEMENT_2D('',#7883,#7884);
#7883 = CARTESIAN_POINT('',(59.75,13.3));
#7884 = DIRECTION('',(-0.,1.));
#7885 = ( GEOMETRIC_REPRESENTATION_CONTEXT(2) 
PARAMETRIC_REPRESENTATION_CONTEXT() REPRESENTATION_CONTEXT('2D SPACE',''
  ) );
#7886 = PCURVE('',#7887,#7892);
#7887 = CYLINDRICAL_SURFACE('',#7888,5.5);
#7888 = AXIS2_PLACEMENT_3D('',#7889,#7890,#7891);
#7889 = CARTESIAN_POINT('',(-13.3,24.4,140.75));
#7890 = DIRECTION('',(-0.,1.,-0.));
#7891 = DIRECTION('',(-1.,-0.,-0.));
#7892 = DEFINITIONAL_REPRESENTATION('',(#7893),#7897);
#7893 = LINE('',#7894,#7895);
#7894 = CARTESIAN_POINT('',(6.28318530718,5.E-02));
#7895 = VECTOR('',#7896,1.);
#7896 = DIRECTION('',(-1.,0.));
#7897 = ( GEOMETRIC_REPRESENTATION_CONTEXT(2) 
PARAMETRIC_REPRESENTATION_CONTEXT() REPRESENTATION_CONTEXT('2D SPACE',''
  ) );
#7898 = ORIENTED_EDGE('',*,*,#7899,.F.);
#7899 = EDGE_CURVE('',#7900,#7871,#7902,.T.);
#7900 = VERTEX_POINT('',#7901);
#7901 = CARTESIAN_POINT('',(13.3,24.45,146.25));
#7902 = SURFACE_CURVE('',#7903,(#7907,#7914),.PCURVE_S1.);
#7903 = LINE('',#7904,#7905);
#7904 = CARTESIAN_POINT('',(-9.4,24.45,146.25));
#7905 = VECTOR('',#7906,1.);
#7906 = DIRECTION('',(-1.,-0.,-0.));
#7907 = PCURVE('',#5453,#7908);
#7908 = DEFINITIONAL_REPRESENTATION('',(#7909),#7913);
#7909 = LINE('',#7910,#7911);
#7910 = CARTESIAN_POINT('',(65.25,9.4));
#7911 = VECTOR('',#7912,1.);
#7912 = DIRECTION('',(-0.,1.));
#7913 = ( GEOMETRIC_REPRESENTATION_CONTEXT(2) 
PARAMETRIC_REPRESENTATION_CONTEXT() REPRESENTATION_CONTEXT('2D SPACE',''
  ) );
#7914 = PCURVE('',#7915,#7920);
#7915 = PLANE('',#7916);
#7916 = AXIS2_PLACEMENT_3D('',#7917,#7918,#7919);
#7917 = CARTESIAN_POINT('',(-18.8,24.4,146.25));
#7918 = DIRECTION('',(-0.,-0.,1.));
#7919 = DIRECTION('',(-1.,0.,0.));
#7920 = DEFINITIONAL_REPRESENTATION('',(#7921),#7925);
#7921 = LINE('',#7922,#7923);
#7922 = CARTESIAN_POINT('',(-9.4,-5.E-02));
#7923 = VECTOR('',#7924,1.);
#7924 = DIRECTION('',(1.,-0.));
#7925 = ( GEOMETRIC_REPRESENTATION_CONTEXT(2) 
PARAMETRIC_REPRESENTATION_CONTEXT() REPRESENTATION_CONTEXT('2D SPACE',''
  ) );
#7926 = ORIENTED_EDGE('',*,*,#7927,.F.);
#7927 = EDGE_CURVE('',#7727,#7900,#7928,.T.);
#7928 = SURFACE_CURVE('',#7929,(#7934,#7941),.PCURVE_S1.);
#7929 = CIRCLE('',#7930,5.5);
#7930 = AXIS2_PLACEMENT_3D('',#7931,#7932,#7933);
#7931 = CARTESIAN_POINT('',(13.3,24.45,140.75));
#7932 = DIRECTION('',(0.,-1.,0.));
#7933 = DIRECTION('',(-0.,-0.,1.));
#7934 = PCURVE('',#5453,#7935);
#7935 = DEFINITIONAL_REPRESENTATION('',(#7936),#7940);
#7936 = CIRCLE('',#7937,5.5);
#7937 = AXIS2_PLACEMENT_2D('',#7938,#7939);
#7938 = CARTESIAN_POINT('',(59.75,-13.3));
#7939 = DIRECTION('',(1.,-0.));
#7940 = ( GEOMETRIC_REPRESENTATION_CONTEXT(2) 
PARAMETRIC_REPRESENTATION_CONTEXT() REPRESENTATION_CONTEXT('2D SPACE',''
  ) );
#7941 = PCURVE('',#7942,#7947);
#7942 = CYLINDRICAL_SURFACE('',#7943,5.5);
#7943 = AXIS2_PLACEMENT_3D('',#7944,#7945,#7946);
#7944 = CARTESIAN_POINT('',(13.3,24.4,140.75));
#7945 = DIRECTION('',(-0.,1.,-0.));
#7946 = DIRECTION('',(-0.,-0.,1.));
#7947 = DEFINITIONAL_REPRESENTATION('',(#7948),#7952);
#7948 = LINE('',#7949,#7950);
#7949 = CARTESIAN_POINT('',(6.28318530718,5.E-02));
#7950 = VECTOR('',#7951,1.);
#7951 = DIRECTION('',(-1.,0.));
#7952 = ( GEOMETRIC_REPRESENTATION_CONTEXT(2) 
PARAMETRIC_REPRESENTATION_CONTEXT() REPRESENTATION_CONTEXT('2D SPACE',''
  ) );
#7953 = FACE_BOUND('',#7954,.F.);
#7954 = EDGE_LOOP('',(#7955,#7956,#8036,#8059,#8158,#8176,#8177,#8178));
#7955 = ORIENTED_EDGE('',*,*,#5439,.T.);
#7956 = ORIENTED_EDGE('',*,*,#7957,.T.);
#7957 = EDGE_CURVE('',#5398,#7958,#7960,.T.);
#7958 = VERTEX_POINT('',#7959);
#7959 = CARTESIAN_POINT('',(-12.6,24.45,55.159375));
#7960 = SURFACE_CURVE('',#7961,(#7984,#8010),.PCURVE_S1.);
#7961 = B_SPLINE_CURVE_WITH_KNOTS('',6,(#7962,#7963,#7964,#7965,#7966,
    #7967,#7968,#7969,#7970,#7971,#7972,#7973,#7974,#7975,#7976,#7977,
    #7978,#7979,#7980,#7981,#7982,#7983),.UNSPECIFIED.,.F.,.F.,(7,5,5,5,
    7),(0.,0.251999877222,0.500999938237,0.74999999931,1.),
  .UNSPECIFIED.);
#7962 = CARTESIAN_POINT('',(-17.00875,24.45,59.568125));
#7963 = CARTESIAN_POINT('',(-17.00875,24.45,59.277269172719));
#7964 = CARTESIAN_POINT('',(-16.98572380726,24.45,58.986396619331));
#7965 = CARTESIAN_POINT('',(-16.93966669177,24.45,58.697822961774));
#7966 = CARTESIAN_POINT('',(-16.87089298149,24.45,58.413805020811));
#7967 = CARTESIAN_POINT('',(-16.7799828025,24.45,58.136546328864));
#7968 = CARTESIAN_POINT('',(-16.55701912511,24.45,57.603011457387));
#7969 = CARTESIAN_POINT('',(-16.4254559167,24.45,57.346495198129));
#7970 = CARTESIAN_POINT('',(-16.27400071979,24.45,57.100694903808));
#7971 = CARTESIAN_POINT('',(-16.10376948447,24.45,56.867504451228));
#7972 = CARTESIAN_POINT('',(-15.91609312448,24.45,56.648673346334));
#7973 = CARTESIAN_POINT('',(-15.50901945027,24.45,56.242876527167));
#7974 = CARTESIAN_POINT('',(-15.28959982349,24.45,56.055888570355));
#7975 = CARTESIAN_POINT('',(-15.05587572529,24.45,55.8863907632));
#7976 = CARTESIAN_POINT('',(-14.80960083421,24.45,55.735708516645));
#7977 = CARTESIAN_POINT('',(-14.55267252343,24.45,55.604951825703));
#7978 = CARTESIAN_POINT('',(-14.02057235888,24.45,55.384548719766));
#7979 = CARTESIAN_POINT('',(-13.74530187259,24.45,55.295057281797));
#7980 = CARTESIAN_POINT('',(-13.46343064316,24.45,55.227366018767));
#7981 = CARTESIAN_POINT('',(-13.17711125452,24.45,55.182037169507));
#7982 = CARTESIAN_POINT('',(-12.88854758919,24.45,55.159375));
#7983 = CARTESIAN_POINT('',(-12.6,24.45,55.159375));
#7984 = PCURVE('',#5453,#7985);
#7985 = DEFINITIONAL_REPRESENTATION('',(#7986),#8009);
#7986 = B_SPLINE_CURVE_WITH_KNOTS('',6,(#7987,#7988,#7989,#7990,#7991,
    #7992,#7993,#7994,#7995,#7996,#7997,#7998,#7999,#8000,#8001,#8002,
    #8003,#8004,#8005,#8006,#8007,#8008),.UNSPECIFIED.,.F.,.F.,(7,5,5,5,
    7),(0.,0.251999877222,0.500999938237,0.74999999931,1.),
  .UNSPECIFIED.);
#7987 = CARTESIAN_POINT('',(-21.431875,17.00875));
#7988 = CARTESIAN_POINT('',(-21.72273082728,17.00875));
#7989 = CARTESIAN_POINT('',(-22.01360338066,16.985723807267));
#7990 = CARTESIAN_POINT('',(-22.30217703822,16.93966669177));
#7991 = CARTESIAN_POINT('',(-22.58619497918,16.870892981495));
#7992 = CARTESIAN_POINT('',(-22.86345367113,16.779982802506));
#7993 = CARTESIAN_POINT('',(-23.39698854261,16.557019125115));
#7994 = CARTESIAN_POINT('',(-23.65350480187,16.425455916701));
#7995 = CARTESIAN_POINT('',(-23.89930509619,16.274000719799));
#7996 = CARTESIAN_POINT('',(-24.13249554877,16.103769484472));
#7997 = CARTESIAN_POINT('',(-24.35132665366,15.916093124488));
#7998 = CARTESIAN_POINT('',(-24.75712347283,15.509019450271));
#7999 = CARTESIAN_POINT('',(-24.94411142964,15.289599823496));
#8000 = CARTESIAN_POINT('',(-25.11360923679,15.055875725294));
#8001 = CARTESIAN_POINT('',(-25.26429148335,14.809600834216));
#8002 = CARTESIAN_POINT('',(-25.39504817429,14.552672523438));
#8003 = CARTESIAN_POINT('',(-25.61545128023,14.020572358882));
#8004 = CARTESIAN_POINT('',(-25.7049427182,13.745301872599));
#8005 = CARTESIAN_POINT('',(-25.77263398123,13.463430643165));
#8006 = CARTESIAN_POINT('',(-25.81796283049,13.177111254526));
#8007 = CARTESIAN_POINT('',(-25.840625,12.888547589195));
#8008 = CARTESIAN_POINT('',(-25.840625,12.6));
#8009 = ( GEOMETRIC_REPRESENTATION_CONTEXT(2) 
PARAMETRIC_REPRESENTATION_CONTEXT() REPRESENTATION_CONTEXT('2D SPACE',''
  ) );
#8010 = PCURVE('',#5413,#8011);
#8011 = DEFINITIONAL_REPRESENTATION('',(#8012),#8035);
#8012 = B_SPLINE_CURVE_WITH_KNOTS('',6,(#8013,#8014,#8015,#8016,#8017,
    #8018,#8019,#8020,#8021,#8022,#8023,#8024,#8025,#8026,#8027,#8028,
    #8029,#8030,#8031,#8032,#8033,#8034),.UNSPECIFIED.,.F.,.F.,(7,5,5,5,
    7),(0.,0.251999877222,0.500999938237,0.74999999931,1.),
  .UNSPECIFIED.);
#8013 = CARTESIAN_POINT('',(4.712388980385,0.3625));
#8014 = CARTESIAN_POINT('',(4.646416578393,0.3625));
#8015 = CARTESIAN_POINT('',(4.580440425124,0.3625));
#8016 = CARTESIAN_POINT('',(4.514468644331,0.3625));
#8017 = CARTESIAN_POINT('',(4.448496868787,0.3625));
#8018 = CARTESIAN_POINT('',(4.382520708704,0.3625));
#8019 = CARTESIAN_POINT('',(4.251361241373,0.3625));
#8020 = CARTESIAN_POINT('',(4.186170637726,0.3625));
#8021 = CARTESIAN_POINT('',(4.120984167321,0.3625));
#8022 = CARTESIAN_POINT('',(4.05579769437,0.3625));
#8023 = CARTESIAN_POINT('',(3.990607087338,0.3625));
#8024 = CARTESIAN_POINT('',(3.860232953968,0.3625));
#8025 = CARTESIAN_POINT('',(3.795042346963,0.3625));
#8026 = CARTESIAN_POINT('',(3.729855874077,0.3625));
#8027 = CARTESIAN_POINT('',(3.664669403714,0.3625));
#8028 = CARTESIAN_POINT('',(3.599478800023,0.3625));
#8029 = CARTESIAN_POINT('',(3.468842890986,0.3625));
#8030 = CARTESIAN_POINT('',(3.403390434721,0.3625));
#8031 = CARTESIAN_POINT('',(3.33794219316,0.3625));
#8032 = CARTESIAN_POINT('',(3.27249394664,0.3625));
#8033 = CARTESIAN_POINT('',(3.207041497184,0.3625));
#8034 = CARTESIAN_POINT('',(3.14159265359,0.3625));
#8035 = ( GEOMETRIC_REPRESENTATION_CONTEXT(2) 
PARAMETRIC_REPRESENTATION_CONTEXT() REPRESENTATION_CONTEXT('2D SPACE',''
  ) );
#8036 = ORIENTED_EDGE('',*,*,#8037,.F.);
#8037 = EDGE_CURVE('',#8038,#7958,#8040,.T.);
#8038 = VERTEX_POINT('',#8039);
#8039 = CARTESIAN_POINT('',(12.6,24.45,55.159375));
#8040 = SURFACE_CURVE('',#8041,(#8045,#8052),.PCURVE_S1.);
#8041 = LINE('',#8042,#8043);
#8042 = CARTESIAN_POINT('',(8.6,24.45,55.159375));
#8043 = VECTOR('',#8044,1.);
#8044 = DIRECTION('',(-1.,-0.,-0.));
#8045 = PCURVE('',#5453,#8046);
#8046 = DEFINITIONAL_REPRESENTATION('',(#8047),#8051);
#8047 = LINE('',#8048,#8049);
#8048 = CARTESIAN_POINT('',(-25.840625,-8.6));
#8049 = VECTOR('',#8050,1.);
#8050 = DIRECTION('',(-0.,1.));
#8051 = ( GEOMETRIC_REPRESENTATION_CONTEXT(2) 
PARAMETRIC_REPRESENTATION_CONTEXT() REPRESENTATION_CONTEXT('2D SPACE',''
  ) );
#8052 = PCURVE('',#4960,#8053);
#8053 = DEFINITIONAL_REPRESENTATION('',(#8054),#8058);
#8054 = LINE('',#8055,#8056);
#8055 = CARTESIAN_POINT('',(-8.6,-2.554975614487));
#8056 = VECTOR('',#8057,1.);
#8057 = DIRECTION('',(-1.,0.));
#8058 = ( GEOMETRIC_REPRESENTATION_CONTEXT(2) 
PARAMETRIC_REPRESENTATION_CONTEXT() REPRESENTATION_CONTEXT('2D SPACE',''
  ) );
#8059 = ORIENTED_EDGE('',*,*,#8060,.T.);
#8060 = EDGE_CURVE('',#8038,#8061,#8063,.T.);
#8061 = VERTEX_POINT('',#8062);
#8062 = CARTESIAN_POINT('',(17.00875,24.45,59.568125));
#8063 = SURFACE_CURVE('',#8064,(#8087,#8113),.PCURVE_S1.);
#8064 = B_SPLINE_CURVE_WITH_KNOTS('',6,(#8065,#8066,#8067,#8068,#8069,
    #8070,#8071,#8072,#8073,#8074,#8075,#8076,#8077,#8078,#8079,#8080,
    #8081,#8082,#8083,#8084,#8085,#8086),.UNSPECIFIED.,.F.,.F.,(7,5,5,5,
    7),(0.,0.250999938962,0.499999999412,0.749999999902,1.),
  .UNSPECIFIED.);
#8065 = CARTESIAN_POINT('',(12.6,24.45,55.159375));
#8066 = CARTESIAN_POINT('',(12.889701708936,24.45,55.159375));
#8067 = CARTESIAN_POINT('',(13.179419816426,24.45,55.182218818674));
#8068 = CARTESIAN_POINT('',(13.466866448076,24.45,55.227911075083));
#8069 = CARTESIAN_POINT('',(13.749811355714,24.45,55.296142503504));
#8070 = CARTESIAN_POINT('',(14.026076577323,24.45,55.38634197309));
#8071 = CARTESIAN_POINT('',(14.558895449714,24.45,55.608023964715));
#8072 = CARTESIAN_POINT('',(14.815618051452,24.45,55.739184076207));
#8073 = CARTESIAN_POINT('',(15.061655947686,24.45,55.890252984309));
#8074 = CARTESIAN_POINT('',(15.295113511096,24.45,56.060117715112));
#8075 = CARTESIAN_POINT('',(15.514239147266,24.45,56.247450104622));
#8076 = CARTESIAN_POINT('',(15.921490982284,24.45,56.65470193964));
#8077 = CARTESIAN_POINT('',(16.109511750353,24.45,56.874771819679));
#8078 = CARTESIAN_POINT('',(16.279917773873,24.45,57.109282558462));
#8079 = CARTESIAN_POINT('',(16.431365883799,24.45,57.356460571578));
#8080 = CARTESIAN_POINT('',(16.562731511258,24.45,57.61438620767));
#8081 = CARTESIAN_POINT('',(16.783576280234,24.45,58.147552641118));
#8082 = CARTESIAN_POINT('',(16.873067718203,24.45,58.4228231274));
#8083 = CARTESIAN_POINT('',(16.940758981234,24.45,58.704694356835));
#8084 = CARTESIAN_POINT('',(16.986087830493,24.45,58.991013745474));
#8085 = CARTESIAN_POINT('',(17.00875,24.45,59.279577410805));
#8086 = CARTESIAN_POINT('',(17.00875,24.45,59.568125));
#8087 = PCURVE('',#5453,#8088);
#8088 = DEFINITIONAL_REPRESENTATION('',(#8089),#8112);
#8089 = B_SPLINE_CURVE_WITH_KNOTS('',6,(#8090,#8091,#8092,#8093,#8094,
    #8095,#8096,#8097,#8098,#8099,#8100,#8101,#8102,#8103,#8104,#8105,
    #8106,#8107,#8108,#8109,#8110,#8111),.UNSPECIFIED.,.F.,.F.,(7,5,5,5,
    7),(0.,0.250999938962,0.499999999412,0.749999999902,1.),
  .UNSPECIFIED.);
#8090 = CARTESIAN_POINT('',(-25.840625,-12.6));
#8091 = CARTESIAN_POINT('',(-25.840625,-12.88970170893));
#8092 = CARTESIAN_POINT('',(-25.81778118132,-13.17941981642));
#8093 = CARTESIAN_POINT('',(-25.77208892491,-13.46686644807));
#8094 = CARTESIAN_POINT('',(-25.70385749649,-13.74981135571));
#8095 = CARTESIAN_POINT('',(-25.61365802691,-14.02607657732));
#8096 = CARTESIAN_POINT('',(-25.39197603528,-14.55889544971));
#8097 = CARTESIAN_POINT('',(-25.26081592379,-14.81561805145));
#8098 = CARTESIAN_POINT('',(-25.10974701569,-15.06165594768));
#8099 = CARTESIAN_POINT('',(-24.93988228488,-15.29511351109));
#8100 = CARTESIAN_POINT('',(-24.75254989537,-15.51423914726));
#8101 = CARTESIAN_POINT('',(-24.34529806036,-15.92149098228));
#8102 = CARTESIAN_POINT('',(-24.12522818032,-16.10951175035));
#8103 = CARTESIAN_POINT('',(-23.89071744153,-16.27991777387));
#8104 = CARTESIAN_POINT('',(-23.64353942842,-16.43136588379));
#8105 = CARTESIAN_POINT('',(-23.38561379233,-16.56273151125));
#8106 = CARTESIAN_POINT('',(-22.85244735888,-16.78357628023));
#8107 = CARTESIAN_POINT('',(-22.5771768726,-16.8730677182));
#8108 = CARTESIAN_POINT('',(-22.29530564316,-16.94075898123));
#8109 = CARTESIAN_POINT('',(-22.00898625452,-16.98608783049));
#8110 = CARTESIAN_POINT('',(-21.72042258919,-17.00875));
#8111 = CARTESIAN_POINT('',(-21.431875,-17.00875));
#8112 = ( GEOMETRIC_REPRESENTATION_CONTEXT(2) 
PARAMETRIC_REPRESENTATION_CONTEXT() REPRESENTATION_CONTEXT('2D SPACE',''
  ) );
#8113 = PCURVE('',#8114,#8133);
#8114 = B_SPLINE_SURFACE_WITH_KNOTS('',8,1,(
    (#8115,#8116)
    ,(#8117,#8118)
    ,(#8119,#8120)
    ,(#8121,#8122)
    ,(#8123,#8124)
    ,(#8125,#8126)
    ,(#8127,#8128)
    ,(#8129,#8130)
    ,(#8131,#8132
    )),.UNSPECIFIED.,.F.,.F.,.F.,(9,9),(2,2),(1.570796326795,
    3.14159265359),(0.,1.),.PIECEWISE_BEZIER_KNOTS.);
#8115 = CARTESIAN_POINT('',(16.9,23.,59.55));
#8116 = CARTESIAN_POINT('',(17.2,27.,59.6));
#8117 = CARTESIAN_POINT('',(16.9,23.,58.705696974347));
#8118 = CARTESIAN_POINT('',(17.2,27.,58.696792112093));
#8119 = CARTESIAN_POINT('',(16.710538607467,23.000000000001,
    57.861393682933));
#8120 = CARTESIAN_POINT('',(16.997320370778,27.,57.793583939881));
#8121 = CARTESIAN_POINT('',(16.331617683247,22.999999999999,
    57.066693092357));
#8122 = CARTESIAN_POINT('',(16.591963103009,27.,56.943439122059));
#8123 = CARTESIAN_POINT('',(15.778812649854,23.000000000001,
    56.371187350149));
#8124 = CARTESIAN_POINT('',(16.000590276587,27.,56.199409723412));
#8125 = CARTESIAN_POINT('',(15.08330690764,22.999999999999,
    55.818382316751));
#8126 = CARTESIAN_POINT('',(15.256560877941,27.,55.608036896991));
#8127 = CARTESIAN_POINT('',(14.288606317068,23.,55.439461392534));
#8128 = CARTESIAN_POINT('',(14.406416060119,27.,55.202679629222));
#8129 = CARTESIAN_POINT('',(13.444303025652,23.,55.25));
#8130 = CARTESIAN_POINT('',(13.503207887907,27.,55.));
#8131 = CARTESIAN_POINT('',(12.6,23.,55.25));
#8132 = CARTESIAN_POINT('',(12.6,27.,55.));
#8133 = DEFINITIONAL_REPRESENTATION('',(#8134),#8157);
#8134 = B_SPLINE_CURVE_WITH_KNOTS('',6,(#8135,#8136,#8137,#8138,#8139,
    #8140,#8141,#8142,#8143,#8144,#8145,#8146,#8147,#8148,#8149,#8150,
    #8151,#8152,#8153,#8154,#8155,#8156),.UNSPECIFIED.,.F.,.F.,(7,5,5,5,
    7),(0.,0.250999938962,0.499999999412,0.749999999902,1.),
  .UNSPECIFIED.);
#8135 = CARTESIAN_POINT('',(3.14159265359,0.3625));
#8136 = CARTESIAN_POINT('',(3.075882030639,0.3625));
#8137 = CARTESIAN_POINT('',(3.010167729689,0.3625));
#8138 = CARTESIAN_POINT('',(2.944457715779,0.3625));
#8139 = CARTESIAN_POINT('',(2.878747706971,0.3625));
#8140 = CARTESIAN_POINT('',(2.81303339921,0.3625));
#8141 = CARTESIAN_POINT('',(2.682135710868,0.3625));
#8142 = CARTESIAN_POINT('',(2.616945107199,0.3625));
#8143 = CARTESIAN_POINT('',(2.551758636815,0.3625));
#8144 = CARTESIAN_POINT('',(2.486572163896,0.3625));
#8145 = CARTESIAN_POINT('',(2.421381556878,0.3625));
#8146 = CARTESIAN_POINT('',(2.290745643819,0.3625));
#8147 = CARTESIAN_POINT('',(2.225293186083,0.3625));
#8148 = CARTESIAN_POINT('',(2.1598449454,0.3625));
#8149 = CARTESIAN_POINT('',(2.094396707281,0.3625));
#8150 = CARTESIAN_POINT('',(2.028944252899,0.3625));
#8151 = CARTESIAN_POINT('',(1.898046564191,0.3625));
#8152 = CARTESIAN_POINT('',(1.832594107926,0.3625));
#8153 = CARTESIAN_POINT('',(1.767145866365,0.3625));
#8154 = CARTESIAN_POINT('',(1.701697619845,0.3625));
#8155 = CARTESIAN_POINT('',(1.636245170389,0.3625));
#8156 = CARTESIAN_POINT('',(1.570796326795,0.3625));
#8157 = ( GEOMETRIC_REPRESENTATION_CONTEXT(2) 
PARAMETRIC_REPRESENTATION_CONTEXT() REPRESENTATION_CONTEXT('2D SPACE',''
  ) );
#8158 = ORIENTED_EDGE('',*,*,#8159,.T.);
#8159 = EDGE_CURVE('',#8061,#6208,#8160,.T.);
#8160 = SURFACE_CURVE('',#8161,(#8164,#8170),.PCURVE_S1.);
#8161 = B_SPLINE_CURVE_WITH_KNOTS('',1,(#8162,#8163),.UNSPECIFIED.,.F.,
  .F.,(2,2),(0.,1.),.PIECEWISE_BEZIER_KNOTS.);
#8162 = CARTESIAN_POINT('',(17.00875,24.45,59.568125));
#8163 = CARTESIAN_POINT('',(17.00875,24.45,139.931875));
#8164 = PCURVE('',#5453,#8165);
#8165 = DEFINITIONAL_REPRESENTATION('',(#8166),#8169);
#8166 = B_SPLINE_CURVE_WITH_KNOTS('',1,(#8167,#8168),.UNSPECIFIED.,.F.,
  .F.,(2,2),(0.,1.),.PIECEWISE_BEZIER_KNOTS.);
#8167 = CARTESIAN_POINT('',(-21.431875,-17.00875));
#8168 = CARTESIAN_POINT('',(58.931875,-17.00875));
#8169 = ( GEOMETRIC_REPRESENTATION_CONTEXT(2) 
PARAMETRIC_REPRESENTATION_CONTEXT() REPRESENTATION_CONTEXT('2D SPACE',''
  ) );
#8170 = PCURVE('',#4587,#8171);
#8171 = DEFINITIONAL_REPRESENTATION('',(#8172),#8175);
#8172 = B_SPLINE_CURVE_WITH_KNOTS('',1,(#8173,#8174),.UNSPECIFIED.,.F.,
  .F.,(2,2),(0.,1.),.PIECEWISE_BEZIER_KNOTS.);
#8173 = CARTESIAN_POINT('',(40.181875,-0.551544705804));
#8174 = CARTESIAN_POINT('',(-40.181875,-0.551544705804));
#8175 = ( GEOMETRIC_REPRESENTATION_CONTEXT(2) 
PARAMETRIC_REPRESENTATION_CONTEXT() REPRESENTATION_CONTEXT('2D SPACE',''
  ) );
#8176 = ORIENTED_EDGE('',*,*,#6207,.T.);
#8177 = ORIENTED_EDGE('',*,*,#6119,.F.);
#8178 = ORIENTED_EDGE('',*,*,#5773,.T.);
#8179 = ADVANCED_FACE('',(#8180),#8114,.F.);
#8180 = FACE_BOUND('',#8181,.F.);
#8181 = EDGE_LOOP('',(#8182,#8183,#8204,#8303));
#8182 = ORIENTED_EDGE('',*,*,#8060,.F.);
#8183 = ORIENTED_EDGE('',*,*,#8184,.T.);
#8184 = EDGE_CURVE('',#8038,#8185,#8187,.T.);
#8185 = VERTEX_POINT('',#8186);
#8186 = CARTESIAN_POINT('',(12.6,24.8,55.1375));
#8187 = SURFACE_CURVE('',#8188,(#8191,#8198),.PCURVE_S1.);
#8188 = B_SPLINE_CURVE_WITH_KNOTS('',1,(#8189,#8190),.UNSPECIFIED.,.F.,
  .F.,(2,2),(0.,1.),.PIECEWISE_BEZIER_KNOTS.);
#8189 = CARTESIAN_POINT('',(12.6,23.,55.25));
#8190 = CARTESIAN_POINT('',(12.6,27.,55.));
#8191 = PCURVE('',#8114,#8192);
#8192 = DEFINITIONAL_REPRESENTATION('',(#8193),#8197);
#8193 = LINE('',#8194,#8195);
#8194 = CARTESIAN_POINT('',(3.14159265359,0.));
#8195 = VECTOR('',#8196,1.);
#8196 = DIRECTION('',(0.,1.));
#8197 = ( GEOMETRIC_REPRESENTATION_CONTEXT(2) 
PARAMETRIC_REPRESENTATION_CONTEXT() REPRESENTATION_CONTEXT('2D SPACE',''
  ) );
#8198 = PCURVE('',#4960,#8199);
#8199 = DEFINITIONAL_REPRESENTATION('',(#8200),#8203);
#8200 = B_SPLINE_CURVE_WITH_KNOTS('',1,(#8201,#8202),.UNSPECIFIED.,.F.,
  .F.,(2,2),(0.,1.),.PIECEWISE_BEZIER_KNOTS.);
#8201 = CARTESIAN_POINT('',(-4.6,-4.00780488547));
#8202 = CARTESIAN_POINT('',(-4.6,0.));
#8203 = ( GEOMETRIC_REPRESENTATION_CONTEXT(2) 
PARAMETRIC_REPRESENTATION_CONTEXT() REPRESENTATION_CONTEXT('2D SPACE',''
  ) );
#8204 = ORIENTED_EDGE('',*,*,#8205,.T.);
#8205 = EDGE_CURVE('',#8185,#8206,#8208,.T.);
#8206 = VERTEX_POINT('',#8207);
#8207 = CARTESIAN_POINT('',(17.035,24.8,59.5725));
#8208 = SURFACE_CURVE('',#8209,(#8232,#8258),.PCURVE_S1.);
#8209 = B_SPLINE_CURVE_WITH_KNOTS('',6,(#8210,#8211,#8212,#8213,#8214,
    #8215,#8216,#8217,#8218,#8219,#8220,#8221,#8222,#8223,#8224,#8225,
    #8226,#8227,#8228,#8229,#8230,#8231),.UNSPECIFIED.,.F.,.F.,(7,5,5,5,
    7),(0.,0.251999877153,0.500999938202,0.74999999931,1.),
  .UNSPECIFIED.);
#8210 = CARTESIAN_POINT('',(12.6,24.8,55.1375));
#8211 = CARTESIAN_POINT('',(12.892587600208,24.8,55.1375));
#8212 = CARTESIAN_POINT('',(13.185192035551,24.8,55.160663291855));
#8213 = CARTESIAN_POINT('',(13.475483875972,24.8,55.206994636489));
#8214 = CARTESIAN_POINT('',(13.761192875822,24.8,55.276177826653));
#8215 = CARTESIAN_POINT('',(14.040102391189,24.8,55.367629294096));
#8216 = CARTESIAN_POINT('',(14.576813961198,24.8,55.591920510555));
#8217 = CARTESIAN_POINT('',(14.834857541949,24.8,55.724267057469));
#8218 = CARTESIAN_POINT('',(15.082121343477,24.8,55.876624029011));
#8219 = CARTESIAN_POINT('',(15.31670022628,24.8,56.047868828527));
#8220 = CARTESIAN_POINT('',(15.536834270868,24.8,56.236662631267));
#8221 = CARTESIAN_POINT('',(15.945047228655,24.8,56.646160046577));
#8222 = CARTESIAN_POINT('',(16.13314852941,24.8,56.866886117159));
#8223 = CARTESIAN_POINT('',(16.303655533878,24.8,57.102001822934));
#8224 = CARTESIAN_POINT('',(16.455234952887,24.8,57.349743047002));
#8225 = CARTESIAN_POINT('',(16.58677018025,24.8,57.608201132661));
#8226 = CARTESIAN_POINT('',(16.808485579491,24.8,58.143469453493));
#8227 = CARTESIAN_POINT('',(16.898509858495,24.8,58.420378925057));
#8228 = CARTESIAN_POINT('',(16.96660415661,24.8,58.703928431831));
#8229 = CARTESIAN_POINT('',(17.012202898771,24.8,58.991952581439));
#8230 = CARTESIAN_POINT('',(17.035,24.8,59.282234381185));
#8231 = CARTESIAN_POINT('',(17.035,24.8,59.5725));
#8232 = PCURVE('',#8114,#8233);
#8233 = DEFINITIONAL_REPRESENTATION('',(#8234),#8257);
#8234 = B_SPLINE_CURVE_WITH_KNOTS('',6,(#8235,#8236,#8237,#8238,#8239,
    #8240,#8241,#8242,#8243,#8244,#8245,#8246,#8247,#8248,#8249,#8250,
    #8251,#8252,#8253,#8254,#8255,#8256),.UNSPECIFIED.,.F.,.F.,(7,5,5,5,
    7),(0.,0.251999877153,0.500999938202,0.74999999931,1.),
  .UNSPECIFIED.);
#8235 = CARTESIAN_POINT('',(3.14159265359,0.45));
#8236 = CARTESIAN_POINT('',(3.07562025219,0.45));
#8237 = CARTESIAN_POINT('',(3.009644097406,0.45));
#8238 = CARTESIAN_POINT('',(2.943672317537,0.45));
#8239 = CARTESIAN_POINT('',(2.87770054292,0.45));
#8240 = CARTESIAN_POINT('',(2.811724381318,0.45));
#8241 = CARTESIAN_POINT('',(2.680564915136,0.45));
#8242 = CARTESIAN_POINT('',(2.615374310057,0.45));
#8243 = CARTESIAN_POINT('',(2.550187840529,0.45));
#8244 = CARTESIAN_POINT('',(2.485001368452,0.45));
#8245 = CARTESIAN_POINT('',(2.419810759987,0.45));
#8246 = CARTESIAN_POINT('',(2.289436627729,0.45));
#8247 = CARTESIAN_POINT('',(2.224246019291,0.45));
#8248 = CARTESIAN_POINT('',(2.15905954728,0.45));
#8249 = CARTESIAN_POINT('',(2.093873077793,0.45));
#8250 = CARTESIAN_POINT('',(2.028682472671,0.45));
#8251 = CARTESIAN_POINT('',(1.898046564759,0.45));
#8252 = CARTESIAN_POINT('',(1.832594107033,0.45));
#8253 = CARTESIAN_POINT('',(1.767145866364,0.45));
#8254 = CARTESIAN_POINT('',(1.701697620734,0.45));
#8255 = CARTESIAN_POINT('',(1.63624516982,0.45));
#8256 = CARTESIAN_POINT('',(1.570796326795,0.45));
#8257 = ( GEOMETRIC_REPRESENTATION_CONTEXT(2) 
PARAMETRIC_REPRESENTATION_CONTEXT() REPRESENTATION_CONTEXT('2D SPACE',''
  ) );
#8258 = PCURVE('',#8259,#8278);
#8259 = B_SPLINE_SURFACE_WITH_KNOTS('',8,1,(
    (#8260,#8261)
    ,(#8262,#8263)
    ,(#8264,#8265)
    ,(#8266,#8267)
    ,(#8268,#8269)
    ,(#8270,#8271)
    ,(#8272,#8273)
    ,(#8274,#8275)
    ,(#8276,#8277
    )),.UNSPECIFIED.,.F.,.F.,.F.,(9,9),(2,2),(1.570796326795,
    3.14159265359),(0.,1.),.PIECEWISE_BEZIER_KNOTS.);
#8260 = CARTESIAN_POINT('',(16.9,23.,59.55));
#8261 = CARTESIAN_POINT('',(17.2,27.,59.6));
#8262 = CARTESIAN_POINT('',(16.9,23.,58.705696974347));
#8263 = CARTESIAN_POINT('',(17.2,27.,58.696792112093));
#8264 = CARTESIAN_POINT('',(16.710538607467,23.000000000001,
    57.861393682933));
#8265 = CARTESIAN_POINT('',(16.997320370778,27.,57.793583939881));
#8266 = CARTESIAN_POINT('',(16.331617683247,22.999999999999,
    57.066693092357));
#8267 = CARTESIAN_POINT('',(16.591963103009,27.,56.943439122059));
#8268 = CARTESIAN_POINT('',(15.778812649854,23.000000000001,
    56.371187350149));
#8269 = CARTESIAN_POINT('',(16.000590276587,27.,56.199409723412));
#8270 = CARTESIAN_POINT('',(15.08330690764,22.999999999999,
    55.818382316751));
#8271 = CARTESIAN_POINT('',(15.256560877941,27.,55.608036896991));
#8272 = CARTESIAN_POINT('',(14.288606317068,23.,55.439461392534));
#8273 = CARTESIAN_POINT('',(14.406416060119,27.,55.202679629222));
#8274 = CARTESIAN_POINT('',(13.444303025652,23.,55.25));
#8275 = CARTESIAN_POINT('',(13.503207887907,27.,55.));
#8276 = CARTESIAN_POINT('',(12.6,23.,55.25));
#8277 = CARTESIAN_POINT('',(12.6,27.,55.));
#8278 = DEFINITIONAL_REPRESENTATION('',(#8279),#8302);
#8279 = B_SPLINE_CURVE_WITH_KNOTS('',6,(#8280,#8281,#8282,#8283,#8284,
    #8285,#8286,#8287,#8288,#8289,#8290,#8291,#8292,#8293,#8294,#8295,
    #8296,#8297,#8298,#8299,#8300,#8301),.UNSPECIFIED.,.F.,.F.,(7,5,5,5,
    7),(0.,0.251999877153,0.500999938202,0.74999999931,1.),
  .UNSPECIFIED.);
#8280 = CARTESIAN_POINT('',(3.14159265359,0.45));
#8281 = CARTESIAN_POINT('',(3.07562025219,0.45));
#8282 = CARTESIAN_POINT('',(3.009644097406,0.45));
#8283 = CARTESIAN_POINT('',(2.943672317537,0.45));
#8284 = CARTESIAN_POINT('',(2.87770054292,0.45));
#8285 = CARTESIAN_POINT('',(2.811724381318,0.45));
#8286 = CARTESIAN_POINT('',(2.680564915136,0.45));
#8287 = CARTESIAN_POINT('',(2.615374310057,0.45));
#8288 = CARTESIAN_POINT('',(2.550187840529,0.45));
#8289 = CARTESIAN_POINT('',(2.485001368452,0.45));
#8290 = CARTESIAN_POINT('',(2.419810759987,0.45));
#8291 = CARTESIAN_POINT('',(2.289436627729,0.45));
#8292 = CARTESIAN_POINT('',(2.224246019291,0.45));
#8293 = CARTESIAN_POINT('',(2.15905954728,0.45));
#8294 = CARTESIAN_POINT('',(2.093873077793,0.45));
#8295 = CARTESIAN_POINT('',(2.028682472671,0.45));
#8296 = CARTESIAN_POINT('',(1.898046564759,0.45));
#8297 = CARTESIAN_POINT('',(1.832594107033,0.45));
#8298 = CARTESIAN_POINT('',(1.767145866364,0.45));
#8299 = CARTESIAN_POINT('',(1.701697620734,0.45));
#8300 = CARTESIAN_POINT('',(1.63624516982,0.45));
#8301 = CARTESIAN_POINT('',(1.570796326795,0.45));
#8302 = ( GEOMETRIC_REPRESENTATION_CONTEXT(2) 
PARAMETRIC_REPRESENTATION_CONTEXT() REPRESENTATION_CONTEXT('2D SPACE',''
  ) );
#8303 = ORIENTED_EDGE('',*,*,#8304,.F.);
#8304 = EDGE_CURVE('',#8061,#8206,#8305,.T.);
#8305 = SURFACE_CURVE('',#8306,(#8309,#8316),.PCURVE_S1.);
#8306 = B_SPLINE_CURVE_WITH_KNOTS('',1,(#8307,#8308),.UNSPECIFIED.,.F.,
  .F.,(2,2),(0.,1.),.PIECEWISE_BEZIER_KNOTS.);
#8307 = CARTESIAN_POINT('',(16.9,23.,59.55));
#8308 = CARTESIAN_POINT('',(17.2,27.,59.6));
#8309 = PCURVE('',#8114,#8310);
#8310 = DEFINITIONAL_REPRESENTATION('',(#8311),#8315);
#8311 = LINE('',#8312,#8313);
#8312 = CARTESIAN_POINT('',(1.570796326795,0.));
#8313 = VECTOR('',#8314,1.);
#8314 = DIRECTION('',(0.,1.));
#8315 = ( GEOMETRIC_REPRESENTATION_CONTEXT(2) 
PARAMETRIC_REPRESENTATION_CONTEXT() REPRESENTATION_CONTEXT('2D SPACE',''
  ) );
#8316 = PCURVE('',#4587,#8317);
#8317 = DEFINITIONAL_REPRESENTATION('',(#8318),#8321);
#8318 = B_SPLINE_CURVE_WITH_KNOTS('',1,(#8319,#8320),.UNSPECIFIED.,.F.,
  .F.,(2,2),(0.,1.),.PIECEWISE_BEZIER_KNOTS.);
#8319 = CARTESIAN_POINT('',(40.2,-2.005617112013));
#8320 = CARTESIAN_POINT('',(40.15,2.005617112013));
#8321 = ( GEOMETRIC_REPRESENTATION_CONTEXT(2) 
PARAMETRIC_REPRESENTATION_CONTEXT() REPRESENTATION_CONTEXT('2D SPACE',''
  ) );
#8322 = ADVANCED_FACE('',(#8323),#8259,.F.);
#8323 = FACE_BOUND('',#8324,.F.);
#8324 = EDGE_LOOP('',(#8325,#8326,#8347,#8427));
#8325 = ORIENTED_EDGE('',*,*,#8205,.F.);
#8326 = ORIENTED_EDGE('',*,*,#8327,.T.);
#8327 = EDGE_CURVE('',#8185,#8328,#8330,.T.);
#8328 = VERTEX_POINT('',#8329);
#8329 = CARTESIAN_POINT('',(12.6,26.45,55.034375));
#8330 = SURFACE_CURVE('',#8331,(#8334,#8341),.PCURVE_S1.);
#8331 = B_SPLINE_CURVE_WITH_KNOTS('',1,(#8332,#8333),.UNSPECIFIED.,.F.,
  .F.,(2,2),(0.,1.),.PIECEWISE_BEZIER_KNOTS.);
#8332 = CARTESIAN_POINT('',(12.6,23.,55.25));
#8333 = CARTESIAN_POINT('',(12.6,27.,55.));
#8334 = PCURVE('',#8259,#8335);
#8335 = DEFINITIONAL_REPRESENTATION('',(#8336),#8340);
#8336 = LINE('',#8337,#8338);
#8337 = CARTESIAN_POINT('',(3.14159265359,0.));
#8338 = VECTOR('',#8339,1.);
#8339 = DIRECTION('',(0.,1.));
#8340 = ( GEOMETRIC_REPRESENTATION_CONTEXT(2) 
PARAMETRIC_REPRESENTATION_CONTEXT() REPRESENTATION_CONTEXT('2D SPACE',''
  ) );
#8341 = PCURVE('',#4960,#8342);
#8342 = DEFINITIONAL_REPRESENTATION('',(#8343),#8346);
#8343 = B_SPLINE_CURVE_WITH_KNOTS('',1,(#8344,#8345),.UNSPECIFIED.,.F.,
  .F.,(2,2),(0.,1.),.PIECEWISE_BEZIER_KNOTS.);
#8344 = CARTESIAN_POINT('',(-4.6,-4.00780488547));
#8345 = CARTESIAN_POINT('',(-4.6,0.));
#8346 = ( GEOMETRIC_REPRESENTATION_CONTEXT(2) 
PARAMETRIC_REPRESENTATION_CONTEXT() REPRESENTATION_CONTEXT('2D SPACE',''
  ) );
#8347 = ORIENTED_EDGE('',*,*,#8348,.T.);
#8348 = EDGE_CURVE('',#8328,#8349,#8351,.T.);
#8349 = VERTEX_POINT('',#8350);
#8350 = CARTESIAN_POINT('',(17.15875,26.45,59.593125));
#8351 = SURFACE_CURVE('',#8352,(#8375,#8401),.PCURVE_S1.);
#8352 = B_SPLINE_CURVE_WITH_KNOTS('',6,(#8353,#8354,#8355,#8356,#8357,
    #8358,#8359,#8360,#8361,#8362,#8363,#8364,#8365,#8366,#8367,#8368,
    #8369,#8370,#8371,#8372,#8373,#8374),.UNSPECIFIED.,.F.,.F.,(7,5,5,5,
    7),(0.,0.251999876843,0.500999938046,0.749999999308,1.),
  .UNSPECIFIED.);
#8353 = CARTESIAN_POINT('',(12.6,26.45,55.034375));
#8354 = CARTESIAN_POINT('',(12.900751672745,26.45,55.034375));
#8355 = CARTESIAN_POINT('',(13.201520694017,26.45,55.058184616312));
#8356 = CARTESIAN_POINT('',(13.49991253965,26.45,55.105808755327));
#8357 = CARTESIAN_POINT('',(13.793593674469,26.45,55.176922350905));
#8358 = CARTESIAN_POINT('',(14.080285642718,26.45,55.270925606583));
#8359 = CARTESIAN_POINT('',(14.631973077527,26.45,55.501475221634));
#8360 = CARTESIAN_POINT('',(14.897216887785,26.45,55.637514649912));
#8361 = CARTESIAN_POINT('',(15.151380080734,26.45,55.794122844754));
#8362 = CARTESIAN_POINT('',(15.39250442041,26.45,55.970145875719));
#8363 = CARTESIAN_POINT('',(15.618780894708,26.45,56.164207622574));
#8364 = CARTESIAN_POINT('',(16.038384220501,26.45,56.585131246112));
#8365 = CARTESIAN_POINT('',(16.231734142395,26.45,56.812016265802));
#8366 = CARTESIAN_POINT('',(16.406998791608,26.45,57.053692407383));
#8367 = CARTESIAN_POINT('',(16.562807737902,26.45,57.308346344412));
#8368 = CARTESIAN_POINT('',(16.698013208256,26.45,57.574016225559));
#8369 = CARTESIAN_POINT('',(16.925915133195,26.45,58.124220140551));
#8370 = CARTESIAN_POINT('',(17.018451376898,26.45,58.408856256639));
#8371 = CARTESIAN_POINT('',(17.088445697761,26.45,58.700317642509));
#8372 = CARTESIAN_POINT('',(17.13531679206,26.45,58.996378522674));
#8373 = CARTESIAN_POINT('',(17.15875,26.45,59.29476009853));
#8374 = CARTESIAN_POINT('',(17.15875,26.45,59.593125));
#8375 = PCURVE('',#8259,#8376);
#8376 = DEFINITIONAL_REPRESENTATION('',(#8377),#8400);
#8377 = B_SPLINE_CURVE_WITH_KNOTS('',6,(#8378,#8379,#8380,#8381,#8382,
    #8383,#8384,#8385,#8386,#8387,#8388,#8389,#8390,#8391,#8392,#8393,
    #8394,#8395,#8396,#8397,#8398,#8399),.UNSPECIFIED.,.F.,.F.,(7,5,5,5,
    7),(0.,0.251999876843,0.500999938046,0.749999999308,1.),
  .UNSPECIFIED.);
#8378 = CARTESIAN_POINT('',(3.14159265359,0.8625));
#8379 = CARTESIAN_POINT('',(3.075620254852,0.8625));
#8380 = CARTESIAN_POINT('',(3.009644093252,0.8625));
#8381 = CARTESIAN_POINT('',(2.94367231754,0.8625));
#8382 = CARTESIAN_POINT('',(2.877700547093,0.8625));
#8383 = CARTESIAN_POINT('',(2.811724378658,0.8625));
#8384 = CARTESIAN_POINT('',(2.680564917644,0.8625));
#8385 = CARTESIAN_POINT('',(2.615374306127,0.8625));
#8386 = CARTESIAN_POINT('',(2.550187840539,0.8625));
#8387 = CARTESIAN_POINT('',(2.485001372397,0.8625));
#8388 = CARTESIAN_POINT('',(2.419810757485,0.8625));
#8389 = CARTESIAN_POINT('',(2.289436630231,0.8625));
#8390 = CARTESIAN_POINT('',(2.224246015346,0.8625));
#8391 = CARTESIAN_POINT('',(2.15905954727,0.8625));
#8392 = CARTESIAN_POINT('',(2.093873081724,0.8625));
#8393 = CARTESIAN_POINT('',(2.028682470163,0.8625));
#8394 = CARTESIAN_POINT('',(1.898046567317,0.8625));
#8395 = CARTESIAN_POINT('',(1.83259410302,0.8625));
#8396 = CARTESIAN_POINT('',(1.767145866361,0.8625));
#8397 = CARTESIAN_POINT('',(1.701697624728,0.8625));
#8398 = CARTESIAN_POINT('',(1.63624516726,0.8625));
#8399 = CARTESIAN_POINT('',(1.570796326795,0.8625));
#8400 = ( GEOMETRIC_REPRESENTATION_CONTEXT(2) 
PARAMETRIC_REPRESENTATION_CONTEXT() REPRESENTATION_CONTEXT('2D SPACE',''
  ) );
#8401 = PCURVE('',#5026,#8402);
#8402 = DEFINITIONAL_REPRESENTATION('',(#8403),#8426);
#8403 = B_SPLINE_CURVE_WITH_KNOTS('',6,(#8404,#8405,#8406,#8407,#8408,
    #8409,#8410,#8411,#8412,#8413,#8414,#8415,#8416,#8417,#8418,#8419,
    #8420,#8421,#8422,#8423,#8424,#8425),.UNSPECIFIED.,.F.,.F.,(7,5,5,5,
    7),(0.,0.251999876843,0.500999938046,0.749999999308,1.),
  .UNSPECIFIED.);
#8404 = CARTESIAN_POINT('',(3.14159265359,0.8625));
#8405 = CARTESIAN_POINT('',(3.075620254852,0.8625));
#8406 = CARTESIAN_POINT('',(3.009644093252,0.8625));
#8407 = CARTESIAN_POINT('',(2.94367231754,0.8625));
#8408 = CARTESIAN_POINT('',(2.877700547093,0.8625));
#8409 = CARTESIAN_POINT('',(2.811724378658,0.8625));
#8410 = CARTESIAN_POINT('',(2.680564917644,0.8625));
#8411 = CARTESIAN_POINT('',(2.615374306127,0.8625));
#8412 = CARTESIAN_POINT('',(2.550187840539,0.8625));
#8413 = CARTESIAN_POINT('',(2.485001372397,0.8625));
#8414 = CARTESIAN_POINT('',(2.419810757485,0.8625));
#8415 = CARTESIAN_POINT('',(2.289436630231,0.8625));
#8416 = CARTESIAN_POINT('',(2.224246015346,0.8625));
#8417 = CARTESIAN_POINT('',(2.15905954727,0.8625));
#8418 = CARTESIAN_POINT('',(2.093873081724,0.8625));
#8419 = CARTESIAN_POINT('',(2.028682470163,0.8625));
#8420 = CARTESIAN_POINT('',(1.898046567317,0.8625));
#8421 = CARTESIAN_POINT('',(1.83259410302,0.8625));
#8422 = CARTESIAN_POINT('',(1.767145866361,0.8625));
#8423 = CARTESIAN_POINT('',(1.701697624728,0.8625));
#8424 = CARTESIAN_POINT('',(1.63624516726,0.8625));
#8425 = CARTESIAN_POINT('',(1.570796326795,0.8625));
#8426 = ( GEOMETRIC_REPRESENTATION_CONTEXT(2) 
PARAMETRIC_REPRESENTATION_CONTEXT() REPRESENTATION_CONTEXT('2D SPACE',''
  ) );
#8427 = ORIENTED_EDGE('',*,*,#8428,.F.);
#8428 = EDGE_CURVE('',#8206,#8349,#8429,.T.);
#8429 = SURFACE_CURVE('',#8430,(#8433,#8440),.PCURVE_S1.);
#8430 = B_SPLINE_CURVE_WITH_KNOTS('',1,(#8431,#8432),.UNSPECIFIED.,.F.,
  .F.,(2,2),(0.,1.),.PIECEWISE_BEZIER_KNOTS.);
#8431 = CARTESIAN_POINT('',(16.9,23.,59.55));
#8432 = CARTESIAN_POINT('',(17.2,27.,59.6));
#8433 = PCURVE('',#8259,#8434);
#8434 = DEFINITIONAL_REPRESENTATION('',(#8435),#8439);
#8435 = LINE('',#8436,#8437);
#8436 = CARTESIAN_POINT('',(1.570796326795,0.));
#8437 = VECTOR('',#8438,1.);
#8438 = DIRECTION('',(0.,1.));
#8439 = ( GEOMETRIC_REPRESENTATION_CONTEXT(2) 
PARAMETRIC_REPRESENTATION_CONTEXT() REPRESENTATION_CONTEXT('2D SPACE',''
  ) );
#8440 = PCURVE('',#4587,#8441);
#8441 = DEFINITIONAL_REPRESENTATION('',(#8442),#8445);
#8442 = B_SPLINE_CURVE_WITH_KNOTS('',1,(#8443,#8444),.UNSPECIFIED.,.F.,
  .F.,(2,2),(0.,1.),.PIECEWISE_BEZIER_KNOTS.);
#8443 = CARTESIAN_POINT('',(40.2,-2.005617112013));
#8444 = CARTESIAN_POINT('',(40.15,2.005617112013));
#8445 = ( GEOMETRIC_REPRESENTATION_CONTEXT(2) 
PARAMETRIC_REPRESENTATION_CONTEXT() REPRESENTATION_CONTEXT('2D SPACE',''
  ) );
#8446 = ADVANCED_FACE('',(#8447),#7773,.T.);
#8447 = FACE_BOUND('',#8448,.F.);
#8448 = EDGE_LOOP('',(#8449,#8472,#8473,#8496,#8525,#8553));
#8449 = ORIENTED_EDGE('',*,*,#8450,.F.);
#8450 = EDGE_CURVE('',#7757,#8451,#8453,.T.);
#8451 = VERTEX_POINT('',#8452);
#8452 = CARTESIAN_POINT('',(13.3,24.8,53.25));
#8453 = SURFACE_CURVE('',#8454,(#8458,#8465),.PCURVE_S1.);
#8454 = LINE('',#8455,#8456);
#8455 = CARTESIAN_POINT('',(13.3,24.4,53.25));
#8456 = VECTOR('',#8457,1.);
#8457 = DIRECTION('',(-0.,1.,-0.));
#8458 = PCURVE('',#7773,#8459);
#8459 = DEFINITIONAL_REPRESENTATION('',(#8460),#8464);
#8460 = LINE('',#8461,#8462);
#8461 = CARTESIAN_POINT('',(-0.,0.));
#8462 = VECTOR('',#8463,1.);
#8463 = DIRECTION('',(-0.,1.));
#8464 = ( GEOMETRIC_REPRESENTATION_CONTEXT(2) 
PARAMETRIC_REPRESENTATION_CONTEXT() REPRESENTATION_CONTEXT('2D SPACE',''
  ) );
#8465 = PCURVE('',#7801,#8466);
#8466 = DEFINITIONAL_REPRESENTATION('',(#8467),#8471);
#8467 = LINE('',#8468,#8469);
#8468 = CARTESIAN_POINT('',(-5.5,0.));
#8469 = VECTOR('',#8470,1.);
#8470 = DIRECTION('',(-0.,-1.));
#8471 = ( GEOMETRIC_REPRESENTATION_CONTEXT(2) 
PARAMETRIC_REPRESENTATION_CONTEXT() REPRESENTATION_CONTEXT('2D SPACE',''
  ) );
#8472 = ORIENTED_EDGE('',*,*,#7756,.T.);
#8473 = ORIENTED_EDGE('',*,*,#8474,.F.);
#8474 = EDGE_CURVE('',#8475,#7729,#8477,.T.);
#8475 = VERTEX_POINT('',#8476);
#8476 = CARTESIAN_POINT('',(18.3,24.4,56.458712152522));
#8477 = SURFACE_CURVE('',#8478,(#8482,#8489),.PCURVE_S1.);
#8478 = LINE('',#8479,#8480);
#8479 = CARTESIAN_POINT('',(18.3,24.4,56.458712152522));
#8480 = VECTOR('',#8481,1.);
#8481 = DIRECTION('',(-0.,1.,-0.));
#8482 = PCURVE('',#7773,#8483);
#8483 = DEFINITIONAL_REPRESENTATION('',(#8484),#8488);
#8484 = LINE('',#8485,#8486);
#8485 = CARTESIAN_POINT('',(-1.141096660643,0.));
#8486 = VECTOR('',#8487,1.);
#8487 = DIRECTION('',(-0.,1.));
#8488 = ( GEOMETRIC_REPRESENTATION_CONTEXT(2) 
PARAMETRIC_REPRESENTATION_CONTEXT() REPRESENTATION_CONTEXT('2D SPACE',''
  ) );
#8489 = PCURVE('',#7744,#8490);
#8490 = DEFINITIONAL_REPRESENTATION('',(#8491),#8495);
#8491 = LINE('',#8492,#8493);
#8492 = CARTESIAN_POINT('',(-102.5412878474,-7.2));
#8493 = VECTOR('',#8494,1.);
#8494 = DIRECTION('',(-0.,-1.));
#8495 = ( GEOMETRIC_REPRESENTATION_CONTEXT(2) 
PARAMETRIC_REPRESENTATION_CONTEXT() REPRESENTATION_CONTEXT('2D SPACE',''
  ) );
#8496 = ORIENTED_EDGE('',*,*,#8497,.T.);
#8497 = EDGE_CURVE('',#8475,#8498,#8500,.T.);
#8498 = VERTEX_POINT('',#8499);
#8499 = CARTESIAN_POINT('',(18.8,24.4,58.75));
#8500 = SURFACE_CURVE('',#8501,(#8506,#8513),.PCURVE_S1.);
#8501 = CIRCLE('',#8502,5.5);
#8502 = AXIS2_PLACEMENT_3D('',#8503,#8504,#8505);
#8503 = CARTESIAN_POINT('',(13.3,24.4,58.75));
#8504 = DIRECTION('',(0.,-1.,0.));
#8505 = DIRECTION('',(-0.,-0.,1.));
#8506 = PCURVE('',#7773,#8507);
#8507 = DEFINITIONAL_REPRESENTATION('',(#8508),#8512);
#8508 = LINE('',#8509,#8510);
#8509 = CARTESIAN_POINT('',(3.14159265359,-0.));
#8510 = VECTOR('',#8511,1.);
#8511 = DIRECTION('',(-1.,0.));
#8512 = ( GEOMETRIC_REPRESENTATION_CONTEXT(2) 
PARAMETRIC_REPRESENTATION_CONTEXT() REPRESENTATION_CONTEXT('2D SPACE',''
  ) );
#8513 = PCURVE('',#8514,#8519);
#8514 = PLANE('',#8515);
#8515 = AXIS2_PLACEMENT_3D('',#8516,#8517,#8518);
#8516 = CARTESIAN_POINT('',(0.,24.4,99.75));
#8517 = DIRECTION('',(0.,-1.,-0.));
#8518 = DIRECTION('',(0.,0.,1.));
#8519 = DEFINITIONAL_REPRESENTATION('',(#8520),#8524);
#8520 = CIRCLE('',#8521,5.5);
#8521 = AXIS2_PLACEMENT_2D('',#8522,#8523);
#8522 = CARTESIAN_POINT('',(-41.,-13.3));
#8523 = DIRECTION('',(1.,-0.));
#8524 = ( GEOMETRIC_REPRESENTATION_CONTEXT(2) 
PARAMETRIC_REPRESENTATION_CONTEXT() REPRESENTATION_CONTEXT('2D SPACE',''
  ) );
#8525 = ORIENTED_EDGE('',*,*,#8526,.T.);
#8526 = EDGE_CURVE('',#8498,#8527,#8529,.T.);
#8527 = VERTEX_POINT('',#8528);
#8528 = CARTESIAN_POINT('',(18.8,24.8,58.75));
#8529 = SURFACE_CURVE('',#8530,(#8534,#8541),.PCURVE_S1.);
#8530 = LINE('',#8531,#8532);
#8531 = CARTESIAN_POINT('',(18.8,24.4,58.75));
#8532 = VECTOR('',#8533,1.);
#8533 = DIRECTION('',(-0.,1.,-0.));
#8534 = PCURVE('',#7773,#8535);
#8535 = DEFINITIONAL_REPRESENTATION('',(#8536),#8540);
#8536 = LINE('',#8537,#8538);
#8537 = CARTESIAN_POINT('',(-1.570796326795,0.));
#8538 = VECTOR('',#8539,1.);
#8539 = DIRECTION('',(-0.,1.));
#8540 = ( GEOMETRIC_REPRESENTATION_CONTEXT(2) 
PARAMETRIC_REPRESENTATION_CONTEXT() REPRESENTATION_CONTEXT('2D SPACE',''
  ) );
#8541 = PCURVE('',#8542,#8547);
#8542 = PLANE('',#8543);
#8543 = AXIS2_PLACEMENT_3D('',#8544,#8545,#8546);
#8544 = CARTESIAN_POINT('',(18.8,24.4,146.25));
#8545 = DIRECTION('',(1.,-0.,-0.));
#8546 = DIRECTION('',(0.,0.,1.));
#8547 = DEFINITIONAL_REPRESENTATION('',(#8548),#8552);
#8548 = LINE('',#8549,#8550);
#8549 = CARTESIAN_POINT('',(-87.5,0.));
#8550 = VECTOR('',#8551,1.);
#8551 = DIRECTION('',(-0.,-1.));
#8552 = ( GEOMETRIC_REPRESENTATION_CONTEXT(2) 
PARAMETRIC_REPRESENTATION_CONTEXT() REPRESENTATION_CONTEXT('2D SPACE',''
  ) );
#8553 = ORIENTED_EDGE('',*,*,#8554,.F.);
#8554 = EDGE_CURVE('',#8451,#8527,#8555,.T.);
#8555 = SURFACE_CURVE('',#8556,(#8561,#8568),.PCURVE_S1.);
#8556 = CIRCLE('',#8557,5.5);
#8557 = AXIS2_PLACEMENT_3D('',#8558,#8559,#8560);
#8558 = CARTESIAN_POINT('',(13.3,24.8,58.75));
#8559 = DIRECTION('',(0.,-1.,0.));
#8560 = DIRECTION('',(-0.,-0.,-1.));
#8561 = PCURVE('',#7773,#8562);
#8562 = DEFINITIONAL_REPRESENTATION('',(#8563),#8567);
#8563 = LINE('',#8564,#8565);
#8564 = CARTESIAN_POINT('',(-0.,0.4));
#8565 = VECTOR('',#8566,1.);
#8566 = DIRECTION('',(-1.,0.));
#8567 = ( GEOMETRIC_REPRESENTATION_CONTEXT(2) 
PARAMETRIC_REPRESENTATION_CONTEXT() REPRESENTATION_CONTEXT('2D SPACE',''
  ) );
#8568 = PCURVE('',#526,#8569);
#8569 = DEFINITIONAL_REPRESENTATION('',(#8570),#8574);
#8570 = CIRCLE('',#8571,5.5);
#8571 = AXIS2_PLACEMENT_2D('',#8572,#8573);
#8572 = CARTESIAN_POINT('',(-9.75,-16.7));
#8573 = DIRECTION('',(1.,-0.));
#8574 = ( GEOMETRIC_REPRESENTATION_CONTEXT(2) 
PARAMETRIC_REPRESENTATION_CONTEXT() REPRESENTATION_CONTEXT('2D SPACE',''
  ) );
#8575 = ADVANCED_FACE('',(#8576),#8514,.T.);
#8576 = FACE_BOUND('',#8577,.F.);
#8577 = EDGE_LOOP('',(#8578,#8579,#8602,#8630));
#8578 = ORIENTED_EDGE('',*,*,#8497,.F.);
#8579 = ORIENTED_EDGE('',*,*,#8580,.F.);
#8580 = EDGE_CURVE('',#8581,#8475,#8583,.T.);
#8581 = VERTEX_POINT('',#8582);
#8582 = CARTESIAN_POINT('',(18.3,24.4,143.04128784747));
#8583 = SURFACE_CURVE('',#8584,(#8588,#8595),.PCURVE_S1.);
#8584 = LINE('',#8585,#8586);
#8585 = CARTESIAN_POINT('',(18.3,24.4,129.375));
#8586 = VECTOR('',#8587,1.);
#8587 = DIRECTION('',(-0.,-0.,-1.));
#8588 = PCURVE('',#8514,#8589);
#8589 = DEFINITIONAL_REPRESENTATION('',(#8590),#8594);
#8590 = LINE('',#8591,#8592);
#8591 = CARTESIAN_POINT('',(29.625,-18.3));
#8592 = VECTOR('',#8593,1.);
#8593 = DIRECTION('',(-1.,0.));
#8594 = ( GEOMETRIC_REPRESENTATION_CONTEXT(2) 
PARAMETRIC_REPRESENTATION_CONTEXT() REPRESENTATION_CONTEXT('2D SPACE',''
  ) );
#8595 = PCURVE('',#7744,#8596);
#8596 = DEFINITIONAL_REPRESENTATION('',(#8597),#8601);
#8597 = LINE('',#8598,#8599);
#8598 = CARTESIAN_POINT('',(-29.625,-7.2));
#8599 = VECTOR('',#8600,1.);
#8600 = DIRECTION('',(-1.,0.));
#8601 = ( GEOMETRIC_REPRESENTATION_CONTEXT(2) 
PARAMETRIC_REPRESENTATION_CONTEXT() REPRESENTATION_CONTEXT('2D SPACE',''
  ) );
#8602 = ORIENTED_EDGE('',*,*,#8603,.T.);
#8603 = EDGE_CURVE('',#8581,#8604,#8606,.T.);
#8604 = VERTEX_POINT('',#8605);
#8605 = CARTESIAN_POINT('',(18.8,24.4,140.75));
#8606 = SURFACE_CURVE('',#8607,(#8612,#8623),.PCURVE_S1.);
#8607 = CIRCLE('',#8608,5.5);
#8608 = AXIS2_PLACEMENT_3D('',#8609,#8610,#8611);
#8609 = CARTESIAN_POINT('',(13.3,24.4,140.75));
#8610 = DIRECTION('',(0.,1.,0.));
#8611 = DIRECTION('',(-0.,-0.,1.));
#8612 = PCURVE('',#8514,#8613);
#8613 = DEFINITIONAL_REPRESENTATION('',(#8614),#8622);
#8614 = ( BOUNDED_CURVE() B_SPLINE_CURVE(2,(#8615,#8616,#8617,#8618,
#8619,#8620,#8621),.UNSPECIFIED.,.T.,.F.) B_SPLINE_CURVE_WITH_KNOTS((1,2
    ,2,2,2,1),(-2.094395102393,0.,2.094395102393,4.188790204786,
6.28318530718,8.377580409573),.UNSPECIFIED.) CURVE() 
GEOMETRIC_REPRESENTATION_ITEM() RATIONAL_B_SPLINE_CURVE((1.,0.5,1.,0.5,
1.,0.5,1.)) REPRESENTATION_ITEM('') );
#8615 = CARTESIAN_POINT('',(46.5,-13.3));
#8616 = CARTESIAN_POINT('',(46.5,-22.82627944162));
#8617 = CARTESIAN_POINT('',(38.25,-18.06313972081));
#8618 = CARTESIAN_POINT('',(30.,-13.3));
#8619 = CARTESIAN_POINT('',(38.25,-8.536860279186));
#8620 = CARTESIAN_POINT('',(46.5,-3.773720558371));
#8621 = CARTESIAN_POINT('',(46.5,-13.3));
#8622 = ( GEOMETRIC_REPRESENTATION_CONTEXT(2) 
PARAMETRIC_REPRESENTATION_CONTEXT() REPRESENTATION_CONTEXT('2D SPACE',''
  ) );
#8623 = PCURVE('',#7942,#8624);
#8624 = DEFINITIONAL_REPRESENTATION('',(#8625),#8629);
#8625 = LINE('',#8626,#8627);
#8626 = CARTESIAN_POINT('',(0.,0.));
#8627 = VECTOR('',#8628,1.);
#8628 = DIRECTION('',(1.,0.));
#8629 = ( GEOMETRIC_REPRESENTATION_CONTEXT(2) 
PARAMETRIC_REPRESENTATION_CONTEXT() REPRESENTATION_CONTEXT('2D SPACE',''
  ) );
#8630 = ORIENTED_EDGE('',*,*,#8631,.T.);
#8631 = EDGE_CURVE('',#8604,#8498,#8632,.T.);
#8632 = SURFACE_CURVE('',#8633,(#8637,#8644),.PCURVE_S1.);
#8633 = LINE('',#8634,#8635);
#8634 = CARTESIAN_POINT('',(18.8,24.4,146.25));
#8635 = VECTOR('',#8636,1.);
#8636 = DIRECTION('',(-0.,-0.,-1.));
#8637 = PCURVE('',#8514,#8638);
#8638 = DEFINITIONAL_REPRESENTATION('',(#8639),#8643);
#8639 = LINE('',#8640,#8641);
#8640 = CARTESIAN_POINT('',(46.5,-18.8));
#8641 = VECTOR('',#8642,1.);
#8642 = DIRECTION('',(-1.,0.));
#8643 = ( GEOMETRIC_REPRESENTATION_CONTEXT(2) 
PARAMETRIC_REPRESENTATION_CONTEXT() REPRESENTATION_CONTEXT('2D SPACE',''
  ) );
#8644 = PCURVE('',#8542,#8645);
#8645 = DEFINITIONAL_REPRESENTATION('',(#8646),#8650);
#8646 = LINE('',#8647,#8648);
#8647 = CARTESIAN_POINT('',(-0.,-0.));
#8648 = VECTOR('',#8649,1.);
#8649 = DIRECTION('',(-1.,0.));
#8650 = ( GEOMETRIC_REPRESENTATION_CONTEXT(2) 
PARAMETRIC_REPRESENTATION_CONTEXT() REPRESENTATION_CONTEXT('2D SPACE',''
  ) );
#8651 = ADVANCED_FACE('',(#8652),#8542,.T.);
#8652 = FACE_BOUND('',#8653,.F.);
#8653 = EDGE_LOOP('',(#8654,#8655,#8678,#8701,#8729,#8757,#8778));
#8654 = ORIENTED_EDGE('',*,*,#8631,.F.);
#8655 = ORIENTED_EDGE('',*,*,#8656,.T.);
#8656 = EDGE_CURVE('',#8604,#8657,#8659,.T.);
#8657 = VERTEX_POINT('',#8658);
#8658 = CARTESIAN_POINT('',(18.8,32.6,140.75));
#8659 = SURFACE_CURVE('',#8660,(#8664,#8671),.PCURVE_S1.);
#8660 = LINE('',#8661,#8662);
#8661 = CARTESIAN_POINT('',(18.8,24.4,140.75));
#8662 = VECTOR('',#8663,1.);
#8663 = DIRECTION('',(-0.,1.,-0.));
#8664 = PCURVE('',#8542,#8665);
#8665 = DEFINITIONAL_REPRESENTATION('',(#8666),#8670);
#8666 = LINE('',#8667,#8668);
#8667 = CARTESIAN_POINT('',(-5.5,0.));
#8668 = VECTOR('',#8669,1.);
#8669 = DIRECTION('',(-0.,-1.));
#8670 = ( GEOMETRIC_REPRESENTATION_CONTEXT(2) 
PARAMETRIC_REPRESENTATION_CONTEXT() REPRESENTATION_CONTEXT('2D SPACE',''
  ) );
#8671 = PCURVE('',#7942,#8672);
#8672 = DEFINITIONAL_REPRESENTATION('',(#8673),#8677);
#8673 = LINE('',#8674,#8675);
#8674 = CARTESIAN_POINT('',(1.570796326795,0.));
#8675 = VECTOR('',#8676,1.);
#8676 = DIRECTION('',(0.,1.));
#8677 = ( GEOMETRIC_REPRESENTATION_CONTEXT(2) 
PARAMETRIC_REPRESENTATION_CONTEXT() REPRESENTATION_CONTEXT('2D SPACE',''
  ) );
#8678 = ORIENTED_EDGE('',*,*,#8679,.T.);
#8679 = EDGE_CURVE('',#8657,#8680,#8682,.T.);
#8680 = VERTEX_POINT('',#8681);
#8681 = CARTESIAN_POINT('',(18.8,32.6,138.));
#8682 = SURFACE_CURVE('',#8683,(#8687,#8694),.PCURVE_S1.);
#8683 = LINE('',#8684,#8685);
#8684 = CARTESIAN_POINT('',(18.8,32.6,142.125));
#8685 = VECTOR('',#8686,1.);
#8686 = DIRECTION('',(-0.,-0.,-1.));
#8687 = PCURVE('',#8542,#8688);
#8688 = DEFINITIONAL_REPRESENTATION('',(#8689),#8693);
#8689 = LINE('',#8690,#8691);
#8690 = CARTESIAN_POINT('',(-4.125,-8.2));
#8691 = VECTOR('',#8692,1.);
#8692 = DIRECTION('',(-1.,0.));
#8693 = ( GEOMETRIC_REPRESENTATION_CONTEXT(2) 
PARAMETRIC_REPRESENTATION_CONTEXT() REPRESENTATION_CONTEXT('2D SPACE',''
  ) );
#8694 = PCURVE('',#237,#8695);
#8695 = DEFINITIONAL_REPRESENTATION('',(#8696),#8700);
#8696 = LINE('',#8697,#8698);
#8697 = CARTESIAN_POINT('',(-4.125,-11.2));
#8698 = VECTOR('',#8699,1.);
#8699 = DIRECTION('',(1.,-0.));
#8700 = ( GEOMETRIC_REPRESENTATION_CONTEXT(2) 
PARAMETRIC_REPRESENTATION_CONTEXT() REPRESENTATION_CONTEXT('2D SPACE',''
  ) );
#8701 = ORIENTED_EDGE('',*,*,#8702,.T.);
#8702 = EDGE_CURVE('',#8680,#8703,#8705,.T.);
#8703 = VERTEX_POINT('',#8704);
#8704 = CARTESIAN_POINT('',(18.8,28.7,129.));
#8705 = SURFACE_CURVE('',#8706,(#8711,#8722),.PCURVE_S1.);
#8706 = CIRCLE('',#8707,12.334615384615);
#8707 = AXIS2_PLACEMENT_3D('',#8708,#8709,#8710);
#8708 = CARTESIAN_POINT('',(18.8,20.265384615385,138.));
#8709 = DIRECTION('',(-1.,0.,0.));
#8710 = DIRECTION('',(-0.,0.683816651076,-0.729653882133));
#8711 = PCURVE('',#8542,#8712);
#8712 = DEFINITIONAL_REPRESENTATION('',(#8713),#8721);
#8713 = ( BOUNDED_CURVE() B_SPLINE_CURVE(2,(#8714,#8715,#8716,#8717,
#8718,#8719,#8720),.UNSPECIFIED.,.T.,.F.) B_SPLINE_CURVE_WITH_KNOTS((1,2
    ,2,2,2,1),(-2.094395102393,0.,2.094395102393,4.188790204786,
6.28318530718,8.377580409573),.UNSPECIFIED.) CURVE() 
GEOMETRIC_REPRESENTATION_ITEM() RATIONAL_B_SPLINE_CURVE((1.,0.5,1.,0.5,
1.,0.5,1.)) REPRESENTATION_ITEM('') );
#8714 = CARTESIAN_POINT('',(-17.25,-4.3));
#8715 = CARTESIAN_POINT('',(-31.85918238845,11.28845726812));
#8716 = CARTESIAN_POINT('',(-11.05459119422,16.146151710983));
#8717 = CARTESIAN_POINT('',(9.75,21.003846153846));
#8718 = CARTESIAN_POINT('',(3.554591194228,0.557694442863));
#8719 = CARTESIAN_POINT('',(-2.640817611544,-19.88845726812));
#8720 = CARTESIAN_POINT('',(-17.25,-4.3));
#8721 = ( GEOMETRIC_REPRESENTATION_CONTEXT(2) 
PARAMETRIC_REPRESENTATION_CONTEXT() REPRESENTATION_CONTEXT('2D SPACE',''
  ) );
#8722 = PCURVE('',#590,#8723);
#8723 = DEFINITIONAL_REPRESENTATION('',(#8724),#8728);
#8724 = LINE('',#8725,#8726);
#8725 = CARTESIAN_POINT('',(6.28318530718,-11.2));
#8726 = VECTOR('',#8727,1.);
#8727 = DIRECTION('',(-1.,0.));
#8728 = ( GEOMETRIC_REPRESENTATION_CONTEXT(2) 
PARAMETRIC_REPRESENTATION_CONTEXT() REPRESENTATION_CONTEXT('2D SPACE',''
  ) );
#8729 = ORIENTED_EDGE('',*,*,#8730,.F.);
#8730 = EDGE_CURVE('',#8731,#8703,#8733,.T.);
#8731 = VERTEX_POINT('',#8732);
#8732 = CARTESIAN_POINT('',(18.8,24.8,120.));
#8733 = SURFACE_CURVE('',#8734,(#8739,#8750),.PCURVE_S1.);
#8734 = CIRCLE('',#8735,12.334615384615);
#8735 = AXIS2_PLACEMENT_3D('',#8736,#8737,#8738);
#8736 = CARTESIAN_POINT('',(18.8,37.134615384615,120.));
#8737 = DIRECTION('',(-1.,0.,-0.));
#8738 = DIRECTION('',(0.,-1.,-1.152111701264E-15));
#8739 = PCURVE('',#8542,#8740);
#8740 = DEFINITIONAL_REPRESENTATION('',(#8741),#8749);
#8741 = ( BOUNDED_CURVE() B_SPLINE_CURVE(2,(#8742,#8743,#8744,#8745,
#8746,#8747,#8748),.UNSPECIFIED.,.T.,.F.) B_SPLINE_CURVE_WITH_KNOTS((1,2
    ,2,2,2,1),(-2.094395102393,0.,2.094395102393,4.188790204786,
6.28318530718,8.377580409573),.UNSPECIFIED.) CURVE() 
GEOMETRIC_REPRESENTATION_ITEM() RATIONAL_B_SPLINE_CURVE((1.,0.5,1.,0.5,
1.,0.5,1.)) REPRESENTATION_ITEM('') );
#8742 = CARTESIAN_POINT('',(-26.25,-0.4));
#8743 = CARTESIAN_POINT('',(-4.885819462025,-0.4));
#8744 = CARTESIAN_POINT('',(-15.56790973101,-18.90192307692));
#8745 = CARTESIAN_POINT('',(-26.25,-37.40384615384));
#8746 = CARTESIAN_POINT('',(-36.93209026898,-18.90192307692));
#8747 = CARTESIAN_POINT('',(-47.61418053797,-0.4));
#8748 = CARTESIAN_POINT('',(-26.25,-0.4));
#8749 = ( GEOMETRIC_REPRESENTATION_CONTEXT(2) 
PARAMETRIC_REPRESENTATION_CONTEXT() REPRESENTATION_CONTEXT('2D SPACE',''
  ) );
#8750 = PCURVE('',#559,#8751);
#8751 = DEFINITIONAL_REPRESENTATION('',(#8752),#8756);
#8752 = LINE('',#8753,#8754);
#8753 = CARTESIAN_POINT('',(-0.,-11.2));
#8754 = VECTOR('',#8755,1.);
#8755 = DIRECTION('',(-1.,0.));
#8756 = ( GEOMETRIC_REPRESENTATION_CONTEXT(2) 
PARAMETRIC_REPRESENTATION_CONTEXT() REPRESENTATION_CONTEXT('2D SPACE',''
  ) );
#8757 = ORIENTED_EDGE('',*,*,#8758,.T.);
#8758 = EDGE_CURVE('',#8731,#8527,#8759,.T.);
#8759 = SURFACE_CURVE('',#8760,(#8764,#8771),.PCURVE_S1.);
#8760 = LINE('',#8761,#8762);
#8761 = CARTESIAN_POINT('',(18.8,24.8,97.625));
#8762 = VECTOR('',#8763,1.);
#8763 = DIRECTION('',(-0.,-0.,-1.));
#8764 = PCURVE('',#8542,#8765);
#8765 = DEFINITIONAL_REPRESENTATION('',(#8766),#8770);
#8766 = LINE('',#8767,#8768);
#8767 = CARTESIAN_POINT('',(-48.625,-0.4));
#8768 = VECTOR('',#8769,1.);
#8769 = DIRECTION('',(-1.,0.));
#8770 = ( GEOMETRIC_REPRESENTATION_CONTEXT(2) 
PARAMETRIC_REPRESENTATION_CONTEXT() REPRESENTATION_CONTEXT('2D SPACE',''
  ) );
#8771 = PCURVE('',#526,#8772);
#8772 = DEFINITIONAL_REPRESENTATION('',(#8773),#8777);
#8773 = LINE('',#8774,#8775);
#8774 = CARTESIAN_POINT('',(-48.625,-11.2));
#8775 = VECTOR('',#8776,1.);
#8776 = DIRECTION('',(1.,-0.));
#8777 = ( GEOMETRIC_REPRESENTATION_CONTEXT(2) 
PARAMETRIC_REPRESENTATION_CONTEXT() REPRESENTATION_CONTEXT('2D SPACE',''
  ) );
#8778 = ORIENTED_EDGE('',*,*,#8526,.F.);
#8779 = ADVANCED_FACE('',(#8780),#7801,.T.);
#8780 = FACE_BOUND('',#8781,.F.);
#8781 = EDGE_LOOP('',(#8782,#8783,#8784,#8807));
#8782 = ORIENTED_EDGE('',*,*,#7785,.T.);
#8783 = ORIENTED_EDGE('',*,*,#8450,.T.);
#8784 = ORIENTED_EDGE('',*,*,#8785,.T.);
#8785 = EDGE_CURVE('',#8451,#8786,#8788,.T.);
#8786 = VERTEX_POINT('',#8787);
#8787 = CARTESIAN_POINT('',(-13.3,24.8,53.25));
#8788 = SURFACE_CURVE('',#8789,(#8793,#8800),.PCURVE_S1.);
#8789 = LINE('',#8790,#8791);
#8790 = CARTESIAN_POINT('',(24.4,24.8,53.25));
#8791 = VECTOR('',#8792,1.);
#8792 = DIRECTION('',(-1.,-0.,-0.));
#8793 = PCURVE('',#7801,#8794);
#8794 = DEFINITIONAL_REPRESENTATION('',(#8795),#8799);
#8795 = LINE('',#8796,#8797);
#8796 = CARTESIAN_POINT('',(5.6,-0.4));
#8797 = VECTOR('',#8798,1.);
#8798 = DIRECTION('',(-1.,0.));
#8799 = ( GEOMETRIC_REPRESENTATION_CONTEXT(2) 
PARAMETRIC_REPRESENTATION_CONTEXT() REPRESENTATION_CONTEXT('2D SPACE',''
  ) );
#8800 = PCURVE('',#526,#8801);
#8801 = DEFINITIONAL_REPRESENTATION('',(#8802),#8806);
#8802 = LINE('',#8803,#8804);
#8803 = CARTESIAN_POINT('',(-4.25,-5.6));
#8804 = VECTOR('',#8805,1.);
#8805 = DIRECTION('',(-0.,-1.));
#8806 = ( GEOMETRIC_REPRESENTATION_CONTEXT(2) 
PARAMETRIC_REPRESENTATION_CONTEXT() REPRESENTATION_CONTEXT('2D SPACE',''
  ) );
#8807 = ORIENTED_EDGE('',*,*,#8808,.F.);
#8808 = EDGE_CURVE('',#7786,#8786,#8809,.T.);
#8809 = SURFACE_CURVE('',#8810,(#8814,#8821),.PCURVE_S1.);
#8810 = LINE('',#8811,#8812);
#8811 = CARTESIAN_POINT('',(-13.3,24.4,53.25));
#8812 = VECTOR('',#8813,1.);
#8813 = DIRECTION('',(-0.,1.,-0.));
#8814 = PCURVE('',#7801,#8815);
#8815 = DEFINITIONAL_REPRESENTATION('',(#8816),#8820);
#8816 = LINE('',#8817,#8818);
#8817 = CARTESIAN_POINT('',(-32.1,0.));
#8818 = VECTOR('',#8819,1.);
#8819 = DIRECTION('',(-0.,-1.));
#8820 = ( GEOMETRIC_REPRESENTATION_CONTEXT(2) 
PARAMETRIC_REPRESENTATION_CONTEXT() REPRESENTATION_CONTEXT('2D SPACE',''
  ) );
#8821 = PCURVE('',#7830,#8822);
#8822 = DEFINITIONAL_REPRESENTATION('',(#8823),#8827);
#8823 = LINE('',#8824,#8825);
#8824 = CARTESIAN_POINT('',(0.,0.));
#8825 = VECTOR('',#8826,1.);
#8826 = DIRECTION('',(0.,1.));
#8827 = ( GEOMETRIC_REPRESENTATION_CONTEXT(2) 
PARAMETRIC_REPRESENTATION_CONTEXT() REPRESENTATION_CONTEXT('2D SPACE',''
  ) );
#8828 = ADVANCED_FACE('',(#8829),#7830,.T.);
#8829 = FACE_BOUND('',#8830,.T.);
#8830 = EDGE_LOOP('',(#8831,#8832,#8833,#8856,#8889,#8917));
#8831 = ORIENTED_EDGE('',*,*,#8808,.F.);
#8832 = ORIENTED_EDGE('',*,*,#7813,.F.);
#8833 = ORIENTED_EDGE('',*,*,#8834,.F.);
#8834 = EDGE_CURVE('',#8835,#7814,#8837,.T.);
#8835 = VERTEX_POINT('',#8836);
#8836 = CARTESIAN_POINT('',(-18.3,24.4,56.458712152522));
#8837 = SURFACE_CURVE('',#8838,(#8842,#8849),.PCURVE_S1.);
#8838 = LINE('',#8839,#8840);
#8839 = CARTESIAN_POINT('',(-18.3,24.4,56.458712152522));
#8840 = VECTOR('',#8841,1.);
#8841 = DIRECTION('',(-0.,1.,-0.));
#8842 = PCURVE('',#7830,#8843);
#8843 = DEFINITIONAL_REPRESENTATION('',(#8844),#8848);
#8844 = LINE('',#8845,#8846);
#8845 = CARTESIAN_POINT('',(1.141096660643,0.));
#8846 = VECTOR('',#8847,1.);
#8847 = DIRECTION('',(0.,1.));
#8848 = ( GEOMETRIC_REPRESENTATION_CONTEXT(2) 
PARAMETRIC_REPRESENTATION_CONTEXT() REPRESENTATION_CONTEXT('2D SPACE',''
  ) );
#8849 = PCURVE('',#7858,#8850);
#8850 = DEFINITIONAL_REPRESENTATION('',(#8851),#8855);
#8851 = LINE('',#8852,#8853);
#8852 = CARTESIAN_POINT('',(-53.45871215252,-7.2));
#8853 = VECTOR('',#8854,1.);
#8854 = DIRECTION('',(-0.,-1.));
#8855 = ( GEOMETRIC_REPRESENTATION_CONTEXT(2) 
PARAMETRIC_REPRESENTATION_CONTEXT() REPRESENTATION_CONTEXT('2D SPACE',''
  ) );
#8856 = ORIENTED_EDGE('',*,*,#8857,.T.);
#8857 = EDGE_CURVE('',#8835,#8858,#8860,.T.);
#8858 = VERTEX_POINT('',#8859);
#8859 = CARTESIAN_POINT('',(-18.8,24.4,58.75));
#8860 = SURFACE_CURVE('',#8861,(#8866,#8873),.PCURVE_S1.);
#8861 = CIRCLE('',#8862,5.5);
#8862 = AXIS2_PLACEMENT_3D('',#8863,#8864,#8865);
#8863 = CARTESIAN_POINT('',(-13.3,24.4,58.75));
#8864 = DIRECTION('',(0.,1.,0.));
#8865 = DIRECTION('',(-0.,-0.,1.));
#8866 = PCURVE('',#7830,#8867);
#8867 = DEFINITIONAL_REPRESENTATION('',(#8868),#8872);
#8868 = LINE('',#8869,#8870);
#8869 = CARTESIAN_POINT('',(-3.14159265359,0.));
#8870 = VECTOR('',#8871,1.);
#8871 = DIRECTION('',(1.,0.));
#8872 = ( GEOMETRIC_REPRESENTATION_CONTEXT(2) 
PARAMETRIC_REPRESENTATION_CONTEXT() REPRESENTATION_CONTEXT('2D SPACE',''
  ) );
#8873 = PCURVE('',#8874,#8879);
#8874 = PLANE('',#8875);
#8875 = AXIS2_PLACEMENT_3D('',#8876,#8877,#8878);
#8876 = CARTESIAN_POINT('',(0.,24.4,99.75));
#8877 = DIRECTION('',(0.,-1.,-0.));
#8878 = DIRECTION('',(0.,0.,1.));
#8879 = DEFINITIONAL_REPRESENTATION('',(#8880),#8888);
#8880 = ( BOUNDED_CURVE() B_SPLINE_CURVE(2,(#8881,#8882,#8883,#8884,
#8885,#8886,#8887),.UNSPECIFIED.,.T.,.F.) B_SPLINE_CURVE_WITH_KNOTS((1,2
    ,2,2,2,1),(-2.094395102393,0.,2.094395102393,4.188790204786,
6.28318530718,8.377580409573),.UNSPECIFIED.) CURVE() 
GEOMETRIC_REPRESENTATION_ITEM() RATIONAL_B_SPLINE_CURVE((1.,0.5,1.,0.5,
1.,0.5,1.)) REPRESENTATION_ITEM('') );
#8881 = CARTESIAN_POINT('',(-35.5,13.3));
#8882 = CARTESIAN_POINT('',(-35.5,3.773720558371));
#8883 = CARTESIAN_POINT('',(-43.75,8.536860279186));
#8884 = CARTESIAN_POINT('',(-52.,13.3));
#8885 = CARTESIAN_POINT('',(-43.75,18.063139720814));
#8886 = CARTESIAN_POINT('',(-35.5,22.826279441629));
#8887 = CARTESIAN_POINT('',(-35.5,13.3));
#8888 = ( GEOMETRIC_REPRESENTATION_CONTEXT(2) 
PARAMETRIC_REPRESENTATION_CONTEXT() REPRESENTATION_CONTEXT('2D SPACE',''
  ) );
#8889 = ORIENTED_EDGE('',*,*,#8890,.T.);
#8890 = EDGE_CURVE('',#8858,#8891,#8893,.T.);
#8891 = VERTEX_POINT('',#8892);
#8892 = CARTESIAN_POINT('',(-18.8,24.8,58.75));
#8893 = SURFACE_CURVE('',#8894,(#8898,#8905),.PCURVE_S1.);
#8894 = LINE('',#8895,#8896);
#8895 = CARTESIAN_POINT('',(-18.8,24.4,58.75));
#8896 = VECTOR('',#8897,1.);
#8897 = DIRECTION('',(-0.,1.,-0.));
#8898 = PCURVE('',#7830,#8899);
#8899 = DEFINITIONAL_REPRESENTATION('',(#8900),#8904);
#8900 = LINE('',#8901,#8902);
#8901 = CARTESIAN_POINT('',(1.570796326795,0.));
#8902 = VECTOR('',#8903,1.);
#8903 = DIRECTION('',(0.,1.));
#8904 = ( GEOMETRIC_REPRESENTATION_CONTEXT(2) 
PARAMETRIC_REPRESENTATION_CONTEXT() REPRESENTATION_CONTEXT('2D SPACE',''
  ) );
#8905 = PCURVE('',#8906,#8911);
#8906 = PLANE('',#8907);
#8907 = AXIS2_PLACEMENT_3D('',#8908,#8909,#8910);
#8908 = CARTESIAN_POINT('',(-18.8,24.4,53.25));
#8909 = DIRECTION('',(-1.,-0.,-0.));
#8910 = DIRECTION('',(0.,0.,-1.));
#8911 = DEFINITIONAL_REPRESENTATION('',(#8912),#8916);
#8912 = LINE('',#8913,#8914);
#8913 = CARTESIAN_POINT('',(-5.5,-0.));
#8914 = VECTOR('',#8915,1.);
#8915 = DIRECTION('',(-0.,-1.));
#8916 = ( GEOMETRIC_REPRESENTATION_CONTEXT(2) 
PARAMETRIC_REPRESENTATION_CONTEXT() REPRESENTATION_CONTEXT('2D SPACE',''
  ) );
#8917 = ORIENTED_EDGE('',*,*,#8918,.T.);
#8918 = EDGE_CURVE('',#8891,#8786,#8919,.T.);
#8919 = SURFACE_CURVE('',#8920,(#8925,#8932),.PCURVE_S1.);
#8920 = CIRCLE('',#8921,5.5);
#8921 = AXIS2_PLACEMENT_3D('',#8922,#8923,#8924);
#8922 = CARTESIAN_POINT('',(-13.3,24.8,58.75));
#8923 = DIRECTION('',(0.,-1.,0.));
#8924 = DIRECTION('',(-0.,-0.,-1.));
#8925 = PCURVE('',#7830,#8926);
#8926 = DEFINITIONAL_REPRESENTATION('',(#8927),#8931);
#8927 = LINE('',#8928,#8929);
#8928 = CARTESIAN_POINT('',(6.28318530718,0.4));
#8929 = VECTOR('',#8930,1.);
#8930 = DIRECTION('',(-1.,0.));
#8931 = ( GEOMETRIC_REPRESENTATION_CONTEXT(2) 
PARAMETRIC_REPRESENTATION_CONTEXT() REPRESENTATION_CONTEXT('2D SPACE',''
  ) );
#8932 = PCURVE('',#526,#8933);
#8933 = DEFINITIONAL_REPRESENTATION('',(#8934),#8938);
#8934 = CIRCLE('',#8935,5.5);
#8935 = AXIS2_PLACEMENT_2D('',#8936,#8937);
#8936 = CARTESIAN_POINT('',(-9.75,-43.3));
#8937 = DIRECTION('',(1.,-0.));
#8938 = ( GEOMETRIC_REPRESENTATION_CONTEXT(2) 
PARAMETRIC_REPRESENTATION_CONTEXT() REPRESENTATION_CONTEXT('2D SPACE',''
  ) );
#8939 = ADVANCED_FACE('',(#8940),#8874,.T.);
#8940 = FACE_BOUND('',#8941,.F.);
#8941 = EDGE_LOOP('',(#8942,#8965,#8966,#8989));
#8942 = ORIENTED_EDGE('',*,*,#8943,.F.);
#8943 = EDGE_CURVE('',#8835,#8944,#8946,.T.);
#8944 = VERTEX_POINT('',#8945);
#8945 = CARTESIAN_POINT('',(-18.3,24.4,143.04128784747));
#8946 = SURFACE_CURVE('',#8947,(#8951,#8958),.PCURVE_S1.);
#8947 = LINE('',#8948,#8949);
#8948 = CARTESIAN_POINT('',(-18.3,24.4,51.375));
#8949 = VECTOR('',#8950,1.);
#8950 = DIRECTION('',(-0.,-0.,1.));
#8951 = PCURVE('',#8874,#8952);
#8952 = DEFINITIONAL_REPRESENTATION('',(#8953),#8957);
#8953 = LINE('',#8954,#8955);
#8954 = CARTESIAN_POINT('',(-48.375,18.3));
#8955 = VECTOR('',#8956,1.);
#8956 = DIRECTION('',(1.,-0.));
#8957 = ( GEOMETRIC_REPRESENTATION_CONTEXT(2) 
PARAMETRIC_REPRESENTATION_CONTEXT() REPRESENTATION_CONTEXT('2D SPACE',''
  ) );
#8958 = PCURVE('',#7858,#8959);
#8959 = DEFINITIONAL_REPRESENTATION('',(#8960),#8964);
#8960 = LINE('',#8961,#8962);
#8961 = CARTESIAN_POINT('',(-48.375,-7.2));
#8962 = VECTOR('',#8963,1.);
#8963 = DIRECTION('',(-1.,-0.));
#8964 = ( GEOMETRIC_REPRESENTATION_CONTEXT(2) 
PARAMETRIC_REPRESENTATION_CONTEXT() REPRESENTATION_CONTEXT('2D SPACE',''
  ) );
#8965 = ORIENTED_EDGE('',*,*,#8857,.T.);
#8966 = ORIENTED_EDGE('',*,*,#8967,.T.);
#8967 = EDGE_CURVE('',#8858,#8968,#8970,.T.);
#8968 = VERTEX_POINT('',#8969);
#8969 = CARTESIAN_POINT('',(-18.8,24.4,140.75));
#8970 = SURFACE_CURVE('',#8971,(#8975,#8982),.PCURVE_S1.);
#8971 = LINE('',#8972,#8973);
#8972 = CARTESIAN_POINT('',(-18.8,24.4,53.25));
#8973 = VECTOR('',#8974,1.);
#8974 = DIRECTION('',(-0.,-0.,1.));
#8975 = PCURVE('',#8874,#8976);
#8976 = DEFINITIONAL_REPRESENTATION('',(#8977),#8981);
#8977 = LINE('',#8978,#8979);
#8978 = CARTESIAN_POINT('',(-46.5,18.8));
#8979 = VECTOR('',#8980,1.);
#8980 = DIRECTION('',(1.,-0.));
#8981 = ( GEOMETRIC_REPRESENTATION_CONTEXT(2) 
PARAMETRIC_REPRESENTATION_CONTEXT() REPRESENTATION_CONTEXT('2D SPACE',''
  ) );
#8982 = PCURVE('',#8906,#8983);
#8983 = DEFINITIONAL_REPRESENTATION('',(#8984),#8988);
#8984 = LINE('',#8985,#8986);
#8985 = CARTESIAN_POINT('',(-0.,-0.));
#8986 = VECTOR('',#8987,1.);
#8987 = DIRECTION('',(-1.,-0.));
#8988 = ( GEOMETRIC_REPRESENTATION_CONTEXT(2) 
PARAMETRIC_REPRESENTATION_CONTEXT() REPRESENTATION_CONTEXT('2D SPACE',''
  ) );
#8989 = ORIENTED_EDGE('',*,*,#8990,.T.);
#8990 = EDGE_CURVE('',#8968,#8944,#8991,.T.);
#8991 = SURFACE_CURVE('',#8992,(#8997,#9008),.PCURVE_S1.);
#8992 = CIRCLE('',#8993,5.5);
#8993 = AXIS2_PLACEMENT_3D('',#8994,#8995,#8996);
#8994 = CARTESIAN_POINT('',(-13.3,24.4,140.75));
#8995 = DIRECTION('',(0.,1.,0.));
#8996 = DIRECTION('',(-0.,-0.,1.));
#8997 = PCURVE('',#8874,#8998);
#8998 = DEFINITIONAL_REPRESENTATION('',(#8999),#9007);
#8999 = ( BOUNDED_CURVE() B_SPLINE_CURVE(2,(#9000,#9001,#9002,#9003,
#9004,#9005,#9006),.UNSPECIFIED.,.T.,.F.) B_SPLINE_CURVE_WITH_KNOTS((1,2
    ,2,2,2,1),(-2.094395102393,0.,2.094395102393,4.188790204786,
6.28318530718,8.377580409573),.UNSPECIFIED.) CURVE() 
GEOMETRIC_REPRESENTATION_ITEM() RATIONAL_B_SPLINE_CURVE((1.,0.5,1.,0.5,
1.,0.5,1.)) REPRESENTATION_ITEM('') );
#9000 = CARTESIAN_POINT('',(46.5,13.3));
#9001 = CARTESIAN_POINT('',(46.5,3.773720558371));
#9002 = CARTESIAN_POINT('',(38.25,8.536860279186));
#9003 = CARTESIAN_POINT('',(30.,13.3));
#9004 = CARTESIAN_POINT('',(38.25,18.063139720814));
#9005 = CARTESIAN_POINT('',(46.5,22.826279441629));
#9006 = CARTESIAN_POINT('',(46.5,13.3));
#9007 = ( GEOMETRIC_REPRESENTATION_CONTEXT(2) 
PARAMETRIC_REPRESENTATION_CONTEXT() REPRESENTATION_CONTEXT('2D SPACE',''
  ) );
#9008 = PCURVE('',#7887,#9009);
#9009 = DEFINITIONAL_REPRESENTATION('',(#9010),#9014);
#9010 = LINE('',#9011,#9012);
#9011 = CARTESIAN_POINT('',(-4.712388980385,0.));
#9012 = VECTOR('',#9013,1.);
#9013 = DIRECTION('',(1.,0.));
#9014 = ( GEOMETRIC_REPRESENTATION_CONTEXT(2) 
PARAMETRIC_REPRESENTATION_CONTEXT() REPRESENTATION_CONTEXT('2D SPACE',''
  ) );
#9015 = ADVANCED_FACE('',(#9016),#8906,.T.);
#9016 = FACE_BOUND('',#9017,.F.);
#9017 = EDGE_LOOP('',(#9018,#9019,#9020,#9043,#9072,#9101,#9124));
#9018 = ORIENTED_EDGE('',*,*,#8967,.F.);
#9019 = ORIENTED_EDGE('',*,*,#8890,.T.);
#9020 = ORIENTED_EDGE('',*,*,#9021,.T.);
#9021 = EDGE_CURVE('',#8891,#9022,#9024,.T.);
#9022 = VERTEX_POINT('',#9023);
#9023 = CARTESIAN_POINT('',(-18.8,24.8,120.));
#9024 = SURFACE_CURVE('',#9025,(#9029,#9036),.PCURVE_S1.);
#9025 = LINE('',#9026,#9027);
#9026 = CARTESIAN_POINT('',(-18.8,24.8,51.125));
#9027 = VECTOR('',#9028,1.);
#9028 = DIRECTION('',(-0.,-0.,1.));
#9029 = PCURVE('',#8906,#9030);
#9030 = DEFINITIONAL_REPRESENTATION('',(#9031),#9035);
#9031 = LINE('',#9032,#9033);
#9032 = CARTESIAN_POINT('',(2.125,-0.4));
#9033 = VECTOR('',#9034,1.);
#9034 = DIRECTION('',(-1.,-0.));
#9035 = ( GEOMETRIC_REPRESENTATION_CONTEXT(2) 
PARAMETRIC_REPRESENTATION_CONTEXT() REPRESENTATION_CONTEXT('2D SPACE',''
  ) );
#9036 = PCURVE('',#526,#9037);
#9037 = DEFINITIONAL_REPRESENTATION('',(#9038),#9042);
#9038 = LINE('',#9039,#9040);
#9039 = CARTESIAN_POINT('',(-2.125,-48.8));
#9040 = VECTOR('',#9041,1.);
#9041 = DIRECTION('',(-1.,0.));
#9042 = ( GEOMETRIC_REPRESENTATION_CONTEXT(2) 
PARAMETRIC_REPRESENTATION_CONTEXT() REPRESENTATION_CONTEXT('2D SPACE',''
  ) );
#9043 = ORIENTED_EDGE('',*,*,#9044,.T.);
#9044 = EDGE_CURVE('',#9022,#9045,#9047,.T.);
#9045 = VERTEX_POINT('',#9046);
#9046 = CARTESIAN_POINT('',(-18.8,28.7,129.));
#9047 = SURFACE_CURVE('',#9048,(#9053,#9060),.PCURVE_S1.);
#9048 = CIRCLE('',#9049,12.334615384615);
#9049 = AXIS2_PLACEMENT_3D('',#9050,#9051,#9052);
#9050 = CARTESIAN_POINT('',(-18.8,37.134615384615,120.));
#9051 = DIRECTION('',(-1.,0.,-0.));
#9052 = DIRECTION('',(0.,-1.,-1.152111701264E-15));
#9053 = PCURVE('',#8906,#9054);
#9054 = DEFINITIONAL_REPRESENTATION('',(#9055),#9059);
#9055 = CIRCLE('',#9056,12.334615384615);
#9056 = AXIS2_PLACEMENT_2D('',#9057,#9058);
#9057 = CARTESIAN_POINT('',(-66.75,-12.73461538461));
#9058 = DIRECTION('',(1.152111701264E-15,1.));
#9059 = ( GEOMETRIC_REPRESENTATION_CONTEXT(2) 
PARAMETRIC_REPRESENTATION_CONTEXT() REPRESENTATION_CONTEXT('2D SPACE',''
  ) );
#9060 = PCURVE('',#9061,#9066);
#9061 = CYLINDRICAL_SURFACE('',#9062,12.334615384615);
#9062 = AXIS2_PLACEMENT_3D('',#9063,#9064,#9065);
#9063 = CARTESIAN_POINT('',(30.,37.134615384615,120.));
#9064 = DIRECTION('',(1.,-0.,-0.));
#9065 = DIRECTION('',(0.,-1.,-1.152111701264E-15));
#9066 = DEFINITIONAL_REPRESENTATION('',(#9067),#9071);
#9067 = LINE('',#9068,#9069);
#9068 = CARTESIAN_POINT('',(-0.,-48.8));
#9069 = VECTOR('',#9070,1.);
#9070 = DIRECTION('',(-1.,0.));
#9071 = ( GEOMETRIC_REPRESENTATION_CONTEXT(2) 
PARAMETRIC_REPRESENTATION_CONTEXT() REPRESENTATION_CONTEXT('2D SPACE',''
  ) );
#9072 = ORIENTED_EDGE('',*,*,#9073,.F.);
#9073 = EDGE_CURVE('',#9074,#9045,#9076,.T.);
#9074 = VERTEX_POINT('',#9075);
#9075 = CARTESIAN_POINT('',(-18.8,32.6,138.));
#9076 = SURFACE_CURVE('',#9077,(#9082,#9089),.PCURVE_S1.);
#9077 = CIRCLE('',#9078,12.334615384615);
#9078 = AXIS2_PLACEMENT_3D('',#9079,#9080,#9081);
#9079 = CARTESIAN_POINT('',(-18.8,20.265384615385,138.));
#9080 = DIRECTION('',(-1.,0.,0.));
#9081 = DIRECTION('',(-0.,0.683816651076,-0.729653882133));
#9082 = PCURVE('',#8906,#9083);
#9083 = DEFINITIONAL_REPRESENTATION('',(#9084),#9088);
#9084 = CIRCLE('',#9085,12.334615384615);
#9085 = AXIS2_PLACEMENT_2D('',#9086,#9087);
#9086 = CARTESIAN_POINT('',(-84.75,4.134615384615));
#9087 = DIRECTION('',(0.729653882133,-0.683816651076));
#9088 = ( GEOMETRIC_REPRESENTATION_CONTEXT(2) 
PARAMETRIC_REPRESENTATION_CONTEXT() REPRESENTATION_CONTEXT('2D SPACE',''
  ) );
#9089 = PCURVE('',#9090,#9095);
#9090 = CYLINDRICAL_SURFACE('',#9091,12.334615384615);
#9091 = AXIS2_PLACEMENT_3D('',#9092,#9093,#9094);
#9092 = CARTESIAN_POINT('',(30.,20.265384615385,138.));
#9093 = DIRECTION('',(1.,-0.,-0.));
#9094 = DIRECTION('',(-0.,0.683816651076,-0.729653882133));
#9095 = DEFINITIONAL_REPRESENTATION('',(#9096),#9100);
#9096 = LINE('',#9097,#9098);
#9097 = CARTESIAN_POINT('',(6.28318530718,-48.8));
#9098 = VECTOR('',#9099,1.);
#9099 = DIRECTION('',(-1.,0.));
#9100 = ( GEOMETRIC_REPRESENTATION_CONTEXT(2) 
PARAMETRIC_REPRESENTATION_CONTEXT() REPRESENTATION_CONTEXT('2D SPACE',''
  ) );
#9101 = ORIENTED_EDGE('',*,*,#9102,.T.);
#9102 = EDGE_CURVE('',#9074,#9103,#9105,.T.);
#9103 = VERTEX_POINT('',#9104);
#9104 = CARTESIAN_POINT('',(-18.8,32.6,140.75));
#9105 = SURFACE_CURVE('',#9106,(#9110,#9117),.PCURVE_S1.);
#9106 = LINE('',#9107,#9108);
#9107 = CARTESIAN_POINT('',(-18.8,32.6,95.625));
#9108 = VECTOR('',#9109,1.);
#9109 = DIRECTION('',(-0.,-0.,1.));
#9110 = PCURVE('',#8906,#9111);
#9111 = DEFINITIONAL_REPRESENTATION('',(#9112),#9116);
#9112 = LINE('',#9113,#9114);
#9113 = CARTESIAN_POINT('',(-42.375,-8.2));
#9114 = VECTOR('',#9115,1.);
#9115 = DIRECTION('',(-1.,-0.));
#9116 = ( GEOMETRIC_REPRESENTATION_CONTEXT(2) 
PARAMETRIC_REPRESENTATION_CONTEXT() REPRESENTATION_CONTEXT('2D SPACE',''
  ) );
#9117 = PCURVE('',#237,#9118);
#9118 = DEFINITIONAL_REPRESENTATION('',(#9119),#9123);
#9119 = LINE('',#9120,#9121);
#9120 = CARTESIAN_POINT('',(42.375,-48.8));
#9121 = VECTOR('',#9122,1.);
#9122 = DIRECTION('',(-1.,0.));
#9123 = ( GEOMETRIC_REPRESENTATION_CONTEXT(2) 
PARAMETRIC_REPRESENTATION_CONTEXT() REPRESENTATION_CONTEXT('2D SPACE',''
  ) );
#9124 = ORIENTED_EDGE('',*,*,#9125,.F.);
#9125 = EDGE_CURVE('',#8968,#9103,#9126,.T.);
#9126 = SURFACE_CURVE('',#9127,(#9131,#9138),.PCURVE_S1.);
#9127 = LINE('',#9128,#9129);
#9128 = CARTESIAN_POINT('',(-18.8,24.4,140.75));
#9129 = VECTOR('',#9130,1.);
#9130 = DIRECTION('',(-0.,1.,-0.));
#9131 = PCURVE('',#8906,#9132);
#9132 = DEFINITIONAL_REPRESENTATION('',(#9133),#9137);
#9133 = LINE('',#9134,#9135);
#9134 = CARTESIAN_POINT('',(-87.5,-0.));
#9135 = VECTOR('',#9136,1.);
#9136 = DIRECTION('',(-0.,-1.));
#9137 = ( GEOMETRIC_REPRESENTATION_CONTEXT(2) 
PARAMETRIC_REPRESENTATION_CONTEXT() REPRESENTATION_CONTEXT('2D SPACE',''
  ) );
#9138 = PCURVE('',#7887,#9139);
#9139 = DEFINITIONAL_REPRESENTATION('',(#9140),#9144);
#9140 = LINE('',#9141,#9142);
#9141 = CARTESIAN_POINT('',(0.,0.));
#9142 = VECTOR('',#9143,1.);
#9143 = DIRECTION('',(0.,1.));
#9144 = ( GEOMETRIC_REPRESENTATION_CONTEXT(2) 
PARAMETRIC_REPRESENTATION_CONTEXT() REPRESENTATION_CONTEXT('2D SPACE',''
  ) );
#9145 = ADVANCED_FACE('',(#9146),#9061,.T.);
#9146 = FACE_BOUND('',#9147,.F.);
#9147 = EDGE_LOOP('',(#9148,#9149,#9172,#9196));
#9148 = ORIENTED_EDGE('',*,*,#9044,.F.);
#9149 = ORIENTED_EDGE('',*,*,#9150,.T.);
#9150 = EDGE_CURVE('',#9022,#9151,#9153,.T.);
#9151 = VERTEX_POINT('',#9152);
#9152 = CARTESIAN_POINT('',(-20.25,24.8,120.));
#9153 = SURFACE_CURVE('',#9154,(#9158,#9165),.PCURVE_S1.);
#9154 = LINE('',#9155,#9156);
#9155 = CARTESIAN_POINT('',(30.,24.8,120.));
#9156 = VECTOR('',#9157,1.);
#9157 = DIRECTION('',(-1.,-0.,-0.));
#9158 = PCURVE('',#9061,#9159);
#9159 = DEFINITIONAL_REPRESENTATION('',(#9160),#9164);
#9160 = LINE('',#9161,#9162);
#9161 = CARTESIAN_POINT('',(-0.,0.));
#9162 = VECTOR('',#9163,1.);
#9163 = DIRECTION('',(-0.,-1.));
#9164 = ( GEOMETRIC_REPRESENTATION_CONTEXT(2) 
PARAMETRIC_REPRESENTATION_CONTEXT() REPRESENTATION_CONTEXT('2D SPACE',''
  ) );
#9165 = PCURVE('',#526,#9166);
#9166 = DEFINITIONAL_REPRESENTATION('',(#9167),#9171);
#9167 = LINE('',#9168,#9169);
#9168 = CARTESIAN_POINT('',(-71.,0.));
#9169 = VECTOR('',#9170,1.);
#9170 = DIRECTION('',(-0.,-1.));
#9171 = ( GEOMETRIC_REPRESENTATION_CONTEXT(2) 
PARAMETRIC_REPRESENTATION_CONTEXT() REPRESENTATION_CONTEXT('2D SPACE',''
  ) );
#9172 = ORIENTED_EDGE('',*,*,#9173,.T.);
#9173 = EDGE_CURVE('',#9151,#9174,#9176,.T.);
#9174 = VERTEX_POINT('',#9175);
#9175 = CARTESIAN_POINT('',(-20.25,28.7,129.));
#9176 = SURFACE_CURVE('',#9177,(#9182,#9189),.PCURVE_S1.);
#9177 = CIRCLE('',#9178,12.334615384615);
#9178 = AXIS2_PLACEMENT_3D('',#9179,#9180,#9181);
#9179 = CARTESIAN_POINT('',(-20.25,37.134615384615,120.));
#9180 = DIRECTION('',(-1.,0.,-0.));
#9181 = DIRECTION('',(0.,-1.,-1.152111701264E-15));
#9182 = PCURVE('',#9061,#9183);
#9183 = DEFINITIONAL_REPRESENTATION('',(#9184),#9188);
#9184 = LINE('',#9185,#9186);
#9185 = CARTESIAN_POINT('',(-0.,-50.25));
#9186 = VECTOR('',#9187,1.);
#9187 = DIRECTION('',(-1.,0.));
#9188 = ( GEOMETRIC_REPRESENTATION_CONTEXT(2) 
PARAMETRIC_REPRESENTATION_CONTEXT() REPRESENTATION_CONTEXT('2D SPACE',''
  ) );
#9189 = PCURVE('',#204,#9190);
#9190 = DEFINITIONAL_REPRESENTATION('',(#9191),#9195);
#9191 = CIRCLE('',#9192,12.334615384615);
#9192 = AXIS2_PLACEMENT_2D('',#9193,#9194);
#9193 = CARTESIAN_POINT('',(-97.,-21.13461538461));
#9194 = DIRECTION('',(1.152111701264E-15,1.));
#9195 = ( GEOMETRIC_REPRESENTATION_CONTEXT(2) 
PARAMETRIC_REPRESENTATION_CONTEXT() REPRESENTATION_CONTEXT('2D SPACE',''
  ) );
#9196 = ORIENTED_EDGE('',*,*,#9197,.F.);
#9197 = EDGE_CURVE('',#9045,#9174,#9198,.T.);
#9198 = SURFACE_CURVE('',#9199,(#9203,#9210),.PCURVE_S1.);
#9199 = LINE('',#9200,#9201);
#9200 = CARTESIAN_POINT('',(30.,28.7,129.));
#9201 = VECTOR('',#9202,1.);
#9202 = DIRECTION('',(-1.,-0.,-0.));
#9203 = PCURVE('',#9061,#9204);
#9204 = DEFINITIONAL_REPRESENTATION('',(#9205),#9209);
#9205 = LINE('',#9206,#9207);
#9206 = CARTESIAN_POINT('',(-0.817815657902,0.));
#9207 = VECTOR('',#9208,1.);
#9208 = DIRECTION('',(-0.,-1.));
#9209 = ( GEOMETRIC_REPRESENTATION_CONTEXT(2) 
PARAMETRIC_REPRESENTATION_CONTEXT() REPRESENTATION_CONTEXT('2D SPACE',''
  ) );
#9210 = PCURVE('',#9090,#9211);
#9211 = DEFINITIONAL_REPRESENTATION('',(#9212),#9216);
#9212 = LINE('',#9213,#9214);
#9213 = CARTESIAN_POINT('',(0.,0.));
#9214 = VECTOR('',#9215,1.);
#9215 = DIRECTION('',(0.,-1.));
#9216 = ( GEOMETRIC_REPRESENTATION_CONTEXT(2) 
PARAMETRIC_REPRESENTATION_CONTEXT() REPRESENTATION_CONTEXT('2D SPACE',''
  ) );
#9217 = ADVANCED_FACE('',(#9218),#9090,.F.);
#9218 = FACE_BOUND('',#9219,.F.);
#9219 = EDGE_LOOP('',(#9220,#9243,#9244,#9245));
#9220 = ORIENTED_EDGE('',*,*,#9221,.F.);
#9221 = EDGE_CURVE('',#9074,#9222,#9224,.T.);
#9222 = VERTEX_POINT('',#9223);
#9223 = CARTESIAN_POINT('',(-20.25,32.6,138.));
#9224 = SURFACE_CURVE('',#9225,(#9229,#9236),.PCURVE_S1.);
#9225 = LINE('',#9226,#9227);
#9226 = CARTESIAN_POINT('',(30.,32.6,138.));
#9227 = VECTOR('',#9228,1.);
#9228 = DIRECTION('',(-1.,-0.,-0.));
#9229 = PCURVE('',#9090,#9230);
#9230 = DEFINITIONAL_REPRESENTATION('',(#9231),#9235);
#9231 = LINE('',#9232,#9233);
#9232 = CARTESIAN_POINT('',(0.817815657902,0.));
#9233 = VECTOR('',#9234,1.);
#9234 = DIRECTION('',(0.,-1.));
#9235 = ( GEOMETRIC_REPRESENTATION_CONTEXT(2) 
PARAMETRIC_REPRESENTATION_CONTEXT() REPRESENTATION_CONTEXT('2D SPACE',''
  ) );
#9236 = PCURVE('',#237,#9237);
#9237 = DEFINITIONAL_REPRESENTATION('',(#9238),#9242);
#9238 = LINE('',#9239,#9240);
#9239 = CARTESIAN_POINT('',(-0.,0.));
#9240 = VECTOR('',#9241,1.);
#9241 = DIRECTION('',(-0.,-1.));
#9242 = ( GEOMETRIC_REPRESENTATION_CONTEXT(2) 
PARAMETRIC_REPRESENTATION_CONTEXT() REPRESENTATION_CONTEXT('2D SPACE',''
  ) );
#9243 = ORIENTED_EDGE('',*,*,#9073,.T.);
#9244 = ORIENTED_EDGE('',*,*,#9197,.T.);
#9245 = ORIENTED_EDGE('',*,*,#9246,.F.);
#9246 = EDGE_CURVE('',#9222,#9174,#9247,.T.);
#9247 = SURFACE_CURVE('',#9248,(#9253,#9260),.PCURVE_S1.);
#9248 = CIRCLE('',#9249,12.334615384615);
#9249 = AXIS2_PLACEMENT_3D('',#9250,#9251,#9252);
#9250 = CARTESIAN_POINT('',(-20.25,20.265384615385,138.));
#9251 = DIRECTION('',(-1.,0.,0.));
#9252 = DIRECTION('',(-0.,0.683816651076,-0.729653882133));
#9253 = PCURVE('',#9090,#9254);
#9254 = DEFINITIONAL_REPRESENTATION('',(#9255),#9259);
#9255 = LINE('',#9256,#9257);
#9256 = CARTESIAN_POINT('',(6.28318530718,-50.25));
#9257 = VECTOR('',#9258,1.);
#9258 = DIRECTION('',(-1.,0.));
#9259 = ( GEOMETRIC_REPRESENTATION_CONTEXT(2) 
PARAMETRIC_REPRESENTATION_CONTEXT() REPRESENTATION_CONTEXT('2D SPACE',''
  ) );
#9260 = PCURVE('',#204,#9261);
#9261 = DEFINITIONAL_REPRESENTATION('',(#9262),#9266);
#9262 = CIRCLE('',#9263,12.334615384615);
#9263 = AXIS2_PLACEMENT_2D('',#9264,#9265);
#9264 = CARTESIAN_POINT('',(-115.,-4.265384615385));
#9265 = DIRECTION('',(0.729653882133,-0.683816651076));
#9266 = ( GEOMETRIC_REPRESENTATION_CONTEXT(2) 
PARAMETRIC_REPRESENTATION_CONTEXT() REPRESENTATION_CONTEXT('2D SPACE',''
  ) );
#9267 = ADVANCED_FACE('',(#9268),#7858,.F.);
#9268 = FACE_BOUND('',#9269,.T.);
#9269 = EDGE_LOOP('',(#9270,#9271,#9272,#9293));
#9270 = ORIENTED_EDGE('',*,*,#8834,.T.);
#9271 = ORIENTED_EDGE('',*,*,#7842,.T.);
#9272 = ORIENTED_EDGE('',*,*,#9273,.F.);
#9273 = EDGE_CURVE('',#8944,#7843,#9274,.T.);
#9274 = SURFACE_CURVE('',#9275,(#9279,#9286),.PCURVE_S1.);
#9275 = LINE('',#9276,#9277);
#9276 = CARTESIAN_POINT('',(-18.3,24.4,143.04128784747));
#9277 = VECTOR('',#9278,1.);
#9278 = DIRECTION('',(-0.,1.,-0.));
#9279 = PCURVE('',#7858,#9280);
#9280 = DEFINITIONAL_REPRESENTATION('',(#9281),#9285);
#9281 = LINE('',#9282,#9283);
#9282 = CARTESIAN_POINT('',(-140.0412878474,-7.2));
#9283 = VECTOR('',#9284,1.);
#9284 = DIRECTION('',(-0.,-1.));
#9285 = ( GEOMETRIC_REPRESENTATION_CONTEXT(2) 
PARAMETRIC_REPRESENTATION_CONTEXT() REPRESENTATION_CONTEXT('2D SPACE',''
  ) );
#9286 = PCURVE('',#7887,#9287);
#9287 = DEFINITIONAL_REPRESENTATION('',(#9288),#9292);
#9288 = LINE('',#9289,#9290);
#9289 = CARTESIAN_POINT('',(0.429699666151,0.));
#9290 = VECTOR('',#9291,1.);
#9291 = DIRECTION('',(0.,1.));
#9292 = ( GEOMETRIC_REPRESENTATION_CONTEXT(2) 
PARAMETRIC_REPRESENTATION_CONTEXT() REPRESENTATION_CONTEXT('2D SPACE',''
  ) );
#9293 = ORIENTED_EDGE('',*,*,#8943,.F.);
#9294 = ADVANCED_FACE('',(#9295),#7887,.T.);
#9295 = FACE_BOUND('',#9296,.T.);
#9296 = EDGE_LOOP('',(#9297,#9298,#9299,#9300,#9301,#9324));
#9297 = ORIENTED_EDGE('',*,*,#9125,.F.);
#9298 = ORIENTED_EDGE('',*,*,#8990,.T.);
#9299 = ORIENTED_EDGE('',*,*,#9273,.T.);
#9300 = ORIENTED_EDGE('',*,*,#7870,.F.);
#9301 = ORIENTED_EDGE('',*,*,#9302,.T.);
#9302 = EDGE_CURVE('',#7871,#9303,#9305,.T.);
#9303 = VERTEX_POINT('',#9304);
#9304 = CARTESIAN_POINT('',(-13.3,32.6,146.25));
#9305 = SURFACE_CURVE('',#9306,(#9310,#9317),.PCURVE_S1.);
#9306 = LINE('',#9307,#9308);
#9307 = CARTESIAN_POINT('',(-13.3,24.4,146.25));
#9308 = VECTOR('',#9309,1.);
#9309 = DIRECTION('',(-0.,1.,-0.));
#9310 = PCURVE('',#7887,#9311);
#9311 = DEFINITIONAL_REPRESENTATION('',(#9312),#9316);
#9312 = LINE('',#9313,#9314);
#9313 = CARTESIAN_POINT('',(1.570796326795,0.));
#9314 = VECTOR('',#9315,1.);
#9315 = DIRECTION('',(0.,1.));
#9316 = ( GEOMETRIC_REPRESENTATION_CONTEXT(2) 
PARAMETRIC_REPRESENTATION_CONTEXT() REPRESENTATION_CONTEXT('2D SPACE',''
  ) );
#9317 = PCURVE('',#7915,#9318);
#9318 = DEFINITIONAL_REPRESENTATION('',(#9319),#9323);
#9319 = LINE('',#9320,#9321);
#9320 = CARTESIAN_POINT('',(-5.5,-0.));
#9321 = VECTOR('',#9322,1.);
#9322 = DIRECTION('',(-0.,-1.));
#9323 = ( GEOMETRIC_REPRESENTATION_CONTEXT(2) 
PARAMETRIC_REPRESENTATION_CONTEXT() REPRESENTATION_CONTEXT('2D SPACE',''
  ) );
#9324 = ORIENTED_EDGE('',*,*,#9325,.T.);
#9325 = EDGE_CURVE('',#9303,#9103,#9326,.T.);
#9326 = SURFACE_CURVE('',#9327,(#9332,#9339),.PCURVE_S1.);
#9327 = CIRCLE('',#9328,5.5);
#9328 = AXIS2_PLACEMENT_3D('',#9329,#9330,#9331);
#9329 = CARTESIAN_POINT('',(-13.3,32.6,140.75));
#9330 = DIRECTION('',(0.,-1.,0.));
#9331 = DIRECTION('',(-1.,-0.,-0.));
#9332 = PCURVE('',#7887,#9333);
#9333 = DEFINITIONAL_REPRESENTATION('',(#9334),#9338);
#9334 = LINE('',#9335,#9336);
#9335 = CARTESIAN_POINT('',(6.28318530718,8.2));
#9336 = VECTOR('',#9337,1.);
#9337 = DIRECTION('',(-1.,0.));
#9338 = ( GEOMETRIC_REPRESENTATION_CONTEXT(2) 
PARAMETRIC_REPRESENTATION_CONTEXT() REPRESENTATION_CONTEXT('2D SPACE',''
  ) );
#9339 = PCURVE('',#237,#9340);
#9340 = DEFINITIONAL_REPRESENTATION('',(#9341),#9345);
#9341 = CIRCLE('',#9342,5.5);
#9342 = AXIS2_PLACEMENT_2D('',#9343,#9344);
#9343 = CARTESIAN_POINT('',(-2.75,-43.3));
#9344 = DIRECTION('',(-0.,-1.));
#9345 = ( GEOMETRIC_REPRESENTATION_CONTEXT(2) 
PARAMETRIC_REPRESENTATION_CONTEXT() REPRESENTATION_CONTEXT('2D SPACE',''
  ) );
#9346 = ADVANCED_FACE('',(#9347),#7915,.T.);
#9347 = FACE_BOUND('',#9348,.F.);
#9348 = EDGE_LOOP('',(#9349,#9350,#9351,#9374));
#9349 = ORIENTED_EDGE('',*,*,#7899,.T.);
#9350 = ORIENTED_EDGE('',*,*,#9302,.T.);
#9351 = ORIENTED_EDGE('',*,*,#9352,.T.);
#9352 = EDGE_CURVE('',#9303,#9353,#9355,.T.);
#9353 = VERTEX_POINT('',#9354);
#9354 = CARTESIAN_POINT('',(13.3,32.6,146.25));
#9355 = SURFACE_CURVE('',#9356,(#9360,#9367),.PCURVE_S1.);
#9356 = LINE('',#9357,#9358);
#9357 = CARTESIAN_POINT('',(5.6,32.6,146.25));
#9358 = VECTOR('',#9359,1.);
#9359 = DIRECTION('',(1.,-0.,-0.));
#9360 = PCURVE('',#7915,#9361);
#9361 = DEFINITIONAL_REPRESENTATION('',(#9362),#9366);
#9362 = LINE('',#9363,#9364);
#9363 = CARTESIAN_POINT('',(-24.4,-8.2));
#9364 = VECTOR('',#9365,1.);
#9365 = DIRECTION('',(-1.,0.));
#9366 = ( GEOMETRIC_REPRESENTATION_CONTEXT(2) 
PARAMETRIC_REPRESENTATION_CONTEXT() REPRESENTATION_CONTEXT('2D SPACE',''
  ) );
#9367 = PCURVE('',#237,#9368);
#9368 = DEFINITIONAL_REPRESENTATION('',(#9369),#9373);
#9369 = LINE('',#9370,#9371);
#9370 = CARTESIAN_POINT('',(-8.25,-24.4));
#9371 = VECTOR('',#9372,1.);
#9372 = DIRECTION('',(-0.,1.));
#9373 = ( GEOMETRIC_REPRESENTATION_CONTEXT(2) 
PARAMETRIC_REPRESENTATION_CONTEXT() REPRESENTATION_CONTEXT('2D SPACE',''
  ) );
#9374 = ORIENTED_EDGE('',*,*,#9375,.F.);
#9375 = EDGE_CURVE('',#7900,#9353,#9376,.T.);
#9376 = SURFACE_CURVE('',#9377,(#9381,#9388),.PCURVE_S1.);
#9377 = LINE('',#9378,#9379);
#9378 = CARTESIAN_POINT('',(13.3,24.4,146.25));
#9379 = VECTOR('',#9380,1.);
#9380 = DIRECTION('',(-0.,1.,-0.));
#9381 = PCURVE('',#7915,#9382);
#9382 = DEFINITIONAL_REPRESENTATION('',(#9383),#9387);
#9383 = LINE('',#9384,#9385);
#9384 = CARTESIAN_POINT('',(-32.1,-0.));
#9385 = VECTOR('',#9386,1.);
#9386 = DIRECTION('',(-0.,-1.));
#9387 = ( GEOMETRIC_REPRESENTATION_CONTEXT(2) 
PARAMETRIC_REPRESENTATION_CONTEXT() REPRESENTATION_CONTEXT('2D SPACE',''
  ) );
#9388 = PCURVE('',#7942,#9389);
#9389 = DEFINITIONAL_REPRESENTATION('',(#9390),#9394);
#9390 = LINE('',#9391,#9392);
#9391 = CARTESIAN_POINT('',(0.,0.));
#9392 = VECTOR('',#9393,1.);
#9393 = DIRECTION('',(0.,1.));
#9394 = ( GEOMETRIC_REPRESENTATION_CONTEXT(2) 
PARAMETRIC_REPRESENTATION_CONTEXT() REPRESENTATION_CONTEXT('2D SPACE',''
  ) );
#9395 = ADVANCED_FACE('',(#9396),#7942,.T.);
#9396 = FACE_BOUND('',#9397,.T.);
#9397 = EDGE_LOOP('',(#9398,#9399,#9400,#9421,#9422,#9423));
#9398 = ORIENTED_EDGE('',*,*,#9375,.F.);
#9399 = ORIENTED_EDGE('',*,*,#7927,.F.);
#9400 = ORIENTED_EDGE('',*,*,#9401,.F.);
#9401 = EDGE_CURVE('',#8581,#7727,#9402,.T.);
#9402 = SURFACE_CURVE('',#9403,(#9407,#9414),.PCURVE_S1.);
#9403 = LINE('',#9404,#9405);
#9404 = CARTESIAN_POINT('',(18.3,24.4,143.04128784747));
#9405 = VECTOR('',#9406,1.);
#9406 = DIRECTION('',(-0.,1.,-0.));
#9407 = PCURVE('',#7942,#9408);
#9408 = DEFINITIONAL_REPRESENTATION('',(#9409),#9413);
#9409 = LINE('',#9410,#9411);
#9410 = CARTESIAN_POINT('',(1.141096660643,0.));
#9411 = VECTOR('',#9412,1.);
#9412 = DIRECTION('',(0.,1.));
#9413 = ( GEOMETRIC_REPRESENTATION_CONTEXT(2) 
PARAMETRIC_REPRESENTATION_CONTEXT() REPRESENTATION_CONTEXT('2D SPACE',''
  ) );
#9414 = PCURVE('',#7744,#9415);
#9415 = DEFINITIONAL_REPRESENTATION('',(#9416),#9420);
#9416 = LINE('',#9417,#9418);
#9417 = CARTESIAN_POINT('',(-15.95871215252,-7.2));
#9418 = VECTOR('',#9419,1.);
#9419 = DIRECTION('',(-0.,-1.));
#9420 = ( GEOMETRIC_REPRESENTATION_CONTEXT(2) 
PARAMETRIC_REPRESENTATION_CONTEXT() REPRESENTATION_CONTEXT('2D SPACE',''
  ) );
#9421 = ORIENTED_EDGE('',*,*,#8603,.T.);
#9422 = ORIENTED_EDGE('',*,*,#8656,.T.);
#9423 = ORIENTED_EDGE('',*,*,#9424,.T.);
#9424 = EDGE_CURVE('',#8657,#9353,#9425,.T.);
#9425 = SURFACE_CURVE('',#9426,(#9431,#9438),.PCURVE_S1.);
#9426 = CIRCLE('',#9427,5.5);
#9427 = AXIS2_PLACEMENT_3D('',#9428,#9429,#9430);
#9428 = CARTESIAN_POINT('',(13.3,32.6,140.75));
#9429 = DIRECTION('',(0.,-1.,0.));
#9430 = DIRECTION('',(-0.,-0.,1.));
#9431 = PCURVE('',#7942,#9432);
#9432 = DEFINITIONAL_REPRESENTATION('',(#9433),#9437);
#9433 = LINE('',#9434,#9435);
#9434 = CARTESIAN_POINT('',(6.28318530718,8.2));
#9435 = VECTOR('',#9436,1.);
#9436 = DIRECTION('',(-1.,0.));
#9437 = ( GEOMETRIC_REPRESENTATION_CONTEXT(2) 
PARAMETRIC_REPRESENTATION_CONTEXT() REPRESENTATION_CONTEXT('2D SPACE',''
  ) );
#9438 = PCURVE('',#237,#9439);
#9439 = DEFINITIONAL_REPRESENTATION('',(#9440),#9444);
#9440 = CIRCLE('',#9441,5.5);
#9441 = AXIS2_PLACEMENT_2D('',#9442,#9443);
#9442 = CARTESIAN_POINT('',(-2.75,-16.7));
#9443 = DIRECTION('',(-1.,0.));
#9444 = ( GEOMETRIC_REPRESENTATION_CONTEXT(2) 
PARAMETRIC_REPRESENTATION_CONTEXT() REPRESENTATION_CONTEXT('2D SPACE',''
  ) );
#9445 = ADVANCED_FACE('',(#9446),#7744,.F.);
#9446 = FACE_BOUND('',#9447,.T.);
#9447 = EDGE_LOOP('',(#9448,#9449,#9450,#9451));
#9448 = ORIENTED_EDGE('',*,*,#9401,.T.);
#9449 = ORIENTED_EDGE('',*,*,#7726,.T.);
#9450 = ORIENTED_EDGE('',*,*,#8474,.F.);
#9451 = ORIENTED_EDGE('',*,*,#8580,.F.);
#9452 = ADVANCED_FACE('',(#9453),#5413,.F.);
#9453 = FACE_BOUND('',#9454,.F.);
#9454 = EDGE_LOOP('',(#9455,#9474,#9475,#9476));
#9455 = ORIENTED_EDGE('',*,*,#9456,.F.);
#9456 = EDGE_CURVE('',#7958,#5590,#9457,.T.);
#9457 = SURFACE_CURVE('',#9458,(#9461,#9468),.PCURVE_S1.);
#9458 = B_SPLINE_CURVE_WITH_KNOTS('',1,(#9459,#9460),.UNSPECIFIED.,.F.,
  .F.,(2,2),(0.,1.),.PIECEWISE_BEZIER_KNOTS.);
#9459 = CARTESIAN_POINT('',(-12.6,23.,55.25));
#9460 = CARTESIAN_POINT('',(-12.6,27.,55.));
#9461 = PCURVE('',#5413,#9462);
#9462 = DEFINITIONAL_REPRESENTATION('',(#9463),#9467);
#9463 = LINE('',#9464,#9465);
#9464 = CARTESIAN_POINT('',(3.14159265359,0.));
#9465 = VECTOR('',#9466,1.);
#9466 = DIRECTION('',(0.,1.));
#9467 = ( GEOMETRIC_REPRESENTATION_CONTEXT(2) 
PARAMETRIC_REPRESENTATION_CONTEXT() REPRESENTATION_CONTEXT('2D SPACE',''
  ) );
#9468 = PCURVE('',#4960,#9469);
#9469 = DEFINITIONAL_REPRESENTATION('',(#9470),#9473);
#9470 = B_SPLINE_CURVE_WITH_KNOTS('',1,(#9471,#9472),.UNSPECIFIED.,.F.,
  .F.,(2,2),(0.,1.),.PIECEWISE_BEZIER_KNOTS.);
#9471 = CARTESIAN_POINT('',(-29.8,-4.00780488547));
#9472 = CARTESIAN_POINT('',(-29.8,0.));
#9473 = ( GEOMETRIC_REPRESENTATION_CONTEXT(2) 
PARAMETRIC_REPRESENTATION_CONTEXT() REPRESENTATION_CONTEXT('2D SPACE',''
  ) );
#9474 = ORIENTED_EDGE('',*,*,#7957,.F.);
#9475 = ORIENTED_EDGE('',*,*,#5397,.T.);
#9476 = ORIENTED_EDGE('',*,*,#5612,.T.);
#9477 = ADVANCED_FACE('',(#9478),#4899,.F.);
#9478 = FACE_BOUND('',#9479,.F.);
#9479 = EDGE_LOOP('',(#9480,#9499,#9500,#9501));
#9480 = ORIENTED_EDGE('',*,*,#9481,.F.);
#9481 = EDGE_CURVE('',#5592,#4846,#9482,.T.);
#9482 = SURFACE_CURVE('',#9483,(#9486,#9493),.PCURVE_S1.);
#9483 = B_SPLINE_CURVE_WITH_KNOTS('',1,(#9484,#9485),.UNSPECIFIED.,.F.,
  .F.,(2,2),(0.,1.),.PIECEWISE_BEZIER_KNOTS.);
#9484 = CARTESIAN_POINT('',(-12.6,23.,55.25));
#9485 = CARTESIAN_POINT('',(-12.6,27.,55.));
#9486 = PCURVE('',#4899,#9487);
#9487 = DEFINITIONAL_REPRESENTATION('',(#9488),#9492);
#9488 = LINE('',#9489,#9490);
#9489 = CARTESIAN_POINT('',(3.14159265359,0.));
#9490 = VECTOR('',#9491,1.);
#9491 = DIRECTION('',(0.,1.));
#9492 = ( GEOMETRIC_REPRESENTATION_CONTEXT(2) 
PARAMETRIC_REPRESENTATION_CONTEXT() REPRESENTATION_CONTEXT('2D SPACE',''
  ) );
#9493 = PCURVE('',#4960,#9494);
#9494 = DEFINITIONAL_REPRESENTATION('',(#9495),#9498);
#9495 = B_SPLINE_CURVE_WITH_KNOTS('',1,(#9496,#9497),.UNSPECIFIED.,.F.,
  .F.,(2,2),(0.,1.),.PIECEWISE_BEZIER_KNOTS.);
#9496 = CARTESIAN_POINT('',(-29.8,-4.00780488547));
#9497 = CARTESIAN_POINT('',(-29.8,0.));
#9498 = ( GEOMETRIC_REPRESENTATION_CONTEXT(2) 
PARAMETRIC_REPRESENTATION_CONTEXT() REPRESENTATION_CONTEXT('2D SPACE',''
  ) );
#9499 = ORIENTED_EDGE('',*,*,#5691,.F.);
#9500 = ORIENTED_EDGE('',*,*,#5527,.T.);
#9501 = ORIENTED_EDGE('',*,*,#4845,.T.);
#9502 = ADVANCED_FACE('',(#9503),#4960,.T.);
#9503 = FACE_BOUND('',#9504,.F.);
#9504 = EDGE_LOOP('',(#9505,#9506,#9507,#9508,#9509,#9510,#9511,#9530));
#9505 = ORIENTED_EDGE('',*,*,#8184,.F.);
#9506 = ORIENTED_EDGE('',*,*,#8037,.T.);
#9507 = ORIENTED_EDGE('',*,*,#9456,.T.);
#9508 = ORIENTED_EDGE('',*,*,#5589,.T.);
#9509 = ORIENTED_EDGE('',*,*,#9481,.T.);
#9510 = ORIENTED_EDGE('',*,*,#4944,.T.);
#9511 = ORIENTED_EDGE('',*,*,#9512,.F.);
#9512 = EDGE_CURVE('',#8328,#4945,#9513,.T.);
#9513 = SURFACE_CURVE('',#9514,(#9517,#9523),.PCURVE_S1.);
#9514 = B_SPLINE_CURVE_WITH_KNOTS('',1,(#9515,#9516),.UNSPECIFIED.,.F.,
  .F.,(2,2),(0.,1.),.PIECEWISE_BEZIER_KNOTS.);
#9515 = CARTESIAN_POINT('',(12.6,23.,55.25));
#9516 = CARTESIAN_POINT('',(12.6,27.,55.));
#9517 = PCURVE('',#4960,#9518);
#9518 = DEFINITIONAL_REPRESENTATION('',(#9519),#9522);
#9519 = B_SPLINE_CURVE_WITH_KNOTS('',1,(#9520,#9521),.UNSPECIFIED.,.F.,
  .F.,(2,2),(0.,1.),.PIECEWISE_BEZIER_KNOTS.);
#9520 = CARTESIAN_POINT('',(-4.6,-4.00780488547));
#9521 = CARTESIAN_POINT('',(-4.6,0.));
#9522 = ( GEOMETRIC_REPRESENTATION_CONTEXT(2) 
PARAMETRIC_REPRESENTATION_CONTEXT() REPRESENTATION_CONTEXT('2D SPACE',''
  ) );
#9523 = PCURVE('',#5026,#9524);
#9524 = DEFINITIONAL_REPRESENTATION('',(#9525),#9529);
#9525 = LINE('',#9526,#9527);
#9526 = CARTESIAN_POINT('',(3.14159265359,0.));
#9527 = VECTOR('',#9528,1.);
#9528 = DIRECTION('',(0.,1.));
#9529 = ( GEOMETRIC_REPRESENTATION_CONTEXT(2) 
PARAMETRIC_REPRESENTATION_CONTEXT() REPRESENTATION_CONTEXT('2D SPACE',''
  ) );
#9530 = ORIENTED_EDGE('',*,*,#8327,.F.);
#9531 = ADVANCED_FACE('',(#9532),#5026,.F.);
#9532 = FACE_BOUND('',#9533,.F.);
#9533 = EDGE_LOOP('',(#9534,#9535,#9536,#9537));
#9534 = ORIENTED_EDGE('',*,*,#8348,.F.);
#9535 = ORIENTED_EDGE('',*,*,#9512,.T.);
#9536 = ORIENTED_EDGE('',*,*,#4972,.T.);
#9537 = ORIENTED_EDGE('',*,*,#9538,.F.);
#9538 = EDGE_CURVE('',#8349,#4973,#9539,.T.);
#9539 = SURFACE_CURVE('',#9540,(#9543,#9550),.PCURVE_S1.);
#9540 = B_SPLINE_CURVE_WITH_KNOTS('',1,(#9541,#9542),.UNSPECIFIED.,.F.,
  .F.,(2,2),(0.,1.),.PIECEWISE_BEZIER_KNOTS.);
#9541 = CARTESIAN_POINT('',(16.9,23.,59.55));
#9542 = CARTESIAN_POINT('',(17.2,27.,59.6));
#9543 = PCURVE('',#5026,#9544);
#9544 = DEFINITIONAL_REPRESENTATION('',(#9545),#9549);
#9545 = LINE('',#9546,#9547);
#9546 = CARTESIAN_POINT('',(1.570796326795,0.));
#9547 = VECTOR('',#9548,1.);
#9548 = DIRECTION('',(0.,1.));
#9549 = ( GEOMETRIC_REPRESENTATION_CONTEXT(2) 
PARAMETRIC_REPRESENTATION_CONTEXT() REPRESENTATION_CONTEXT('2D SPACE',''
  ) );
#9550 = PCURVE('',#4587,#9551);
#9551 = DEFINITIONAL_REPRESENTATION('',(#9552),#9555);
#9552 = B_SPLINE_CURVE_WITH_KNOTS('',1,(#9553,#9554),.UNSPECIFIED.,.F.,
  .F.,(2,2),(0.,1.),.PIECEWISE_BEZIER_KNOTS.);
#9553 = CARTESIAN_POINT('',(40.2,-2.005617112013));
#9554 = CARTESIAN_POINT('',(40.15,2.005617112013));
#9555 = ( GEOMETRIC_REPRESENTATION_CONTEXT(2) 
PARAMETRIC_REPRESENTATION_CONTEXT() REPRESENTATION_CONTEXT('2D SPACE',''
  ) );
#9556 = ADVANCED_FACE('',(#9557),#4587,.F.);
#9557 = FACE_BOUND('',#9558,.F.);
#9558 = EDGE_LOOP('',(#9559,#9560,#9561,#9562,#9563,#9564,#9565,#9566));
#9559 = ORIENTED_EDGE('',*,*,#6512,.F.);
#9560 = ORIENTED_EDGE('',*,*,#8159,.F.);
#9561 = ORIENTED_EDGE('',*,*,#8304,.T.);
#9562 = ORIENTED_EDGE('',*,*,#8428,.T.);
#9563 = ORIENTED_EDGE('',*,*,#9538,.T.);
#9564 = ORIENTED_EDGE('',*,*,#5071,.T.);
#9565 = ORIENTED_EDGE('',*,*,#4567,.T.);
#9566 = ORIENTED_EDGE('',*,*,#9567,.F.);
#9567 = EDGE_CURVE('',#6513,#4568,#9568,.T.);
#9568 = SURFACE_CURVE('',#9569,(#9573,#9580),.PCURVE_S1.);
#9569 = LINE('',#9570,#9571);
#9570 = CARTESIAN_POINT('',(17.2,27.,139.9));
#9571 = VECTOR('',#9572,1.);
#9572 = DIRECTION('',(-2.008567749978E-16,0.,-1.));
#9573 = PCURVE('',#4587,#9574);
#9574 = DEFINITIONAL_REPRESENTATION('',(#9575),#9579);
#9575 = LINE('',#9576,#9577);
#9576 = CARTESIAN_POINT('',(-40.15,2.005617112013));
#9577 = VECTOR('',#9578,1.);
#9578 = DIRECTION('',(1.,-9.545711334684E-18));
#9579 = ( GEOMETRIC_REPRESENTATION_CONTEXT(2) 
PARAMETRIC_REPRESENTATION_CONTEXT() REPRESENTATION_CONTEXT('2D SPACE',''
  ) );
#9580 = PCURVE('',#3731,#9581);
#9581 = DEFINITIONAL_REPRESENTATION('',(#9582),#9586);
#9582 = LINE('',#9583,#9584);
#9583 = CARTESIAN_POINT('',(-40.15,-4.252646234993));
#9584 = VECTOR('',#9585,1.);
#9585 = DIRECTION('',(1.,-3.333682861216E-17));
#9586 = ( GEOMETRIC_REPRESENTATION_CONTEXT(2) 
PARAMETRIC_REPRESENTATION_CONTEXT() REPRESENTATION_CONTEXT('2D SPACE',''
  ) );
#9587 = ADVANCED_FACE('',(#9588),#3731,.F.);
#9588 = FACE_BOUND('',#9589,.F.);
#9589 = EDGE_LOOP('',(#9590,#9609,#9610,#9611,#9612,#9613,#9614));
#9590 = ORIENTED_EDGE('',*,*,#9591,.F.);
#9591 = EDGE_CURVE('',#6923,#3718,#9592,.T.);
#9592 = SURFACE_CURVE('',#9593,(#9596,#9602),.PCURVE_S1.);
#9593 = B_SPLINE_CURVE_WITH_KNOTS('',1,(#9594,#9595),.UNSPECIFIED.,.F.,
  .F.,(2,2),(0.,1.),.PIECEWISE_BEZIER_KNOTS.);
#9594 = CARTESIAN_POINT('',(17.2,27.,139.9));
#9595 = CARTESIAN_POINT('',(17.5,35.5,140.05));
#9596 = PCURVE('',#3731,#9597);
#9597 = DEFINITIONAL_REPRESENTATION('',(#9598),#9601);
#9598 = B_SPLINE_CURVE_WITH_KNOTS('',1,(#9599,#9600),.UNSPECIFIED.,.F.,
  .F.,(2,2),(0.,1.),.PIECEWISE_BEZIER_KNOTS.);
#9599 = CARTESIAN_POINT('',(-40.15,-4.252646234993));
#9600 = CARTESIAN_POINT('',(-40.3,4.252646234993));
#9601 = ( GEOMETRIC_REPRESENTATION_CONTEXT(2) 
PARAMETRIC_REPRESENTATION_CONTEXT() REPRESENTATION_CONTEXT('2D SPACE',''
  ) );
#9602 = PCURVE('',#3906,#9603);
#9603 = DEFINITIONAL_REPRESENTATION('',(#9604),#9608);
#9604 = LINE('',#9605,#9606);
#9605 = CARTESIAN_POINT('',(1.570796326795,0.));
#9606 = VECTOR('',#9607,1.);
#9607 = DIRECTION('',(0.,1.));
#9608 = ( GEOMETRIC_REPRESENTATION_CONTEXT(2) 
PARAMETRIC_REPRESENTATION_CONTEXT() REPRESENTATION_CONTEXT('2D SPACE',''
  ) );
#9609 = ORIENTED_EDGE('',*,*,#6922,.F.);
#9610 = ORIENTED_EDGE('',*,*,#6599,.F.);
#9611 = ORIENTED_EDGE('',*,*,#9567,.T.);
#9612 = ORIENTED_EDGE('',*,*,#4601,.T.);
#9613 = ORIENTED_EDGE('',*,*,#4448,.T.);
#9614 = ORIENTED_EDGE('',*,*,#3717,.T.);
#9615 = ADVANCED_FACE('',(#9616),#3906,.F.);
#9616 = FACE_BOUND('',#9617,.F.);
#9617 = EDGE_LOOP('',(#9618,#9637,#9638,#9639));
#9618 = ORIENTED_EDGE('',*,*,#9619,.F.);
#9619 = EDGE_CURVE('',#6901,#3743,#9620,.T.);
#9620 = SURFACE_CURVE('',#9621,(#9624,#9631),.PCURVE_S1.);
#9621 = B_SPLINE_CURVE_WITH_KNOTS('',1,(#9622,#9623),.UNSPECIFIED.,.F.,
  .F.,(2,2),(0.,1.),.PIECEWISE_BEZIER_KNOTS.);
#9622 = CARTESIAN_POINT('',(12.6,27.,144.5));
#9623 = CARTESIAN_POINT('',(12.6,35.5,144.95));
#9624 = PCURVE('',#3906,#9625);
#9625 = DEFINITIONAL_REPRESENTATION('',(#9626),#9630);
#9626 = LINE('',#9627,#9628);
#9627 = CARTESIAN_POINT('',(0.,0.));
#9628 = VECTOR('',#9629,1.);
#9629 = DIRECTION('',(0.,1.));
#9630 = ( GEOMETRIC_REPRESENTATION_CONTEXT(2) 
PARAMETRIC_REPRESENTATION_CONTEXT() REPRESENTATION_CONTEXT('2D SPACE',''
  ) );
#9631 = PCURVE('',#4022,#9632);
#9632 = DEFINITIONAL_REPRESENTATION('',(#9633),#9636);
#9633 = B_SPLINE_CURVE_WITH_KNOTS('',1,(#9634,#9635),.UNSPECIFIED.,.F.,
  .F.,(2,2),(0.,1.),.PIECEWISE_BEZIER_KNOTS.);
#9634 = CARTESIAN_POINT('',(-30.1,-8.511903429903));
#9635 = CARTESIAN_POINT('',(-30.1,0.));
#9636 = ( GEOMETRIC_REPRESENTATION_CONTEXT(2) 
PARAMETRIC_REPRESENTATION_CONTEXT() REPRESENTATION_CONTEXT('2D SPACE',''
  ) );
#9637 = ORIENTED_EDGE('',*,*,#6943,.F.);
#9638 = ORIENTED_EDGE('',*,*,#9591,.T.);
#9639 = ORIENTED_EDGE('',*,*,#3742,.T.);
#9640 = ADVANCED_FACE('',(#9641),#4022,.T.);
#9641 = FACE_BOUND('',#9642,.F.);
#9642 = EDGE_LOOP('',(#9643,#9662,#9663,#9664,#9665,#9666,#9667,#9668));
#9643 = ORIENTED_EDGE('',*,*,#9644,.F.);
#9644 = EDGE_CURVE('',#7490,#4007,#9645,.T.);
#9645 = SURFACE_CURVE('',#9646,(#9649,#9655),.PCURVE_S1.);
#9646 = B_SPLINE_CURVE_WITH_KNOTS('',1,(#9647,#9648),.UNSPECIFIED.,.F.,
  .F.,(2,2),(0.,1.),.PIECEWISE_BEZIER_KNOTS.);
#9647 = CARTESIAN_POINT('',(-12.6,27.,144.5));
#9648 = CARTESIAN_POINT('',(-12.6,35.5,144.95));
#9649 = PCURVE('',#4022,#9650);
#9650 = DEFINITIONAL_REPRESENTATION('',(#9651),#9654);
#9651 = B_SPLINE_CURVE_WITH_KNOTS('',1,(#9652,#9653),.UNSPECIFIED.,.F.,
  .F.,(2,2),(0.,1.),.PIECEWISE_BEZIER_KNOTS.);
#9652 = CARTESIAN_POINT('',(-4.9,-8.511903429903));
#9653 = CARTESIAN_POINT('',(-4.9,0.));
#9654 = ( GEOMETRIC_REPRESENTATION_CONTEXT(2) 
PARAMETRIC_REPRESENTATION_CONTEXT() REPRESENTATION_CONTEXT('2D SPACE',''
  ) );
#9655 = PCURVE('',#4178,#9656);
#9656 = DEFINITIONAL_REPRESENTATION('',(#9657),#9661);
#9657 = LINE('',#9658,#9659);
#9658 = CARTESIAN_POINT('',(6.28318530718,0.));
#9659 = VECTOR('',#9660,1.);
#9660 = DIRECTION('',(0.,1.));
#9661 = ( GEOMETRIC_REPRESENTATION_CONTEXT(2) 
PARAMETRIC_REPRESENTATION_CONTEXT() REPRESENTATION_CONTEXT('2D SPACE',''
  ) );
#9662 = ORIENTED_EDGE('',*,*,#7489,.F.);
#9663 = ORIENTED_EDGE('',*,*,#7196,.F.);
#9664 = ORIENTED_EDGE('',*,*,#6182,.T.);
#9665 = ORIENTED_EDGE('',*,*,#6577,.T.);
#9666 = ORIENTED_EDGE('',*,*,#6900,.T.);
#9667 = ORIENTED_EDGE('',*,*,#9619,.T.);
#9668 = ORIENTED_EDGE('',*,*,#4006,.T.);
#9669 = ADVANCED_FACE('',(#9670),#4178,.F.);
#9670 = FACE_BOUND('',#9671,.F.);
#9671 = EDGE_LOOP('',(#9672,#9691,#9692,#9693));
#9672 = ORIENTED_EDGE('',*,*,#9673,.F.);
#9673 = EDGE_CURVE('',#7468,#4035,#9674,.T.);
#9674 = SURFACE_CURVE('',#9675,(#9678,#9685),.PCURVE_S1.);
#9675 = B_SPLINE_CURVE_WITH_KNOTS('',1,(#9676,#9677),.UNSPECIFIED.,.F.,
  .F.,(2,2),(0.,1.),.PIECEWISE_BEZIER_KNOTS.);
#9676 = CARTESIAN_POINT('',(-17.2,27.,139.9));
#9677 = CARTESIAN_POINT('',(-17.5,35.5,140.05));
#9678 = PCURVE('',#4178,#9679);
#9679 = DEFINITIONAL_REPRESENTATION('',(#9680),#9684);
#9680 = LINE('',#9681,#9682);
#9681 = CARTESIAN_POINT('',(4.712388980385,0.));
#9682 = VECTOR('',#9683,1.);
#9683 = DIRECTION('',(0.,1.));
#9684 = ( GEOMETRIC_REPRESENTATION_CONTEXT(2) 
PARAMETRIC_REPRESENTATION_CONTEXT() REPRESENTATION_CONTEXT('2D SPACE',''
  ) );
#9685 = PCURVE('',#4282,#9686);
#9686 = DEFINITIONAL_REPRESENTATION('',(#9687),#9690);
#9687 = B_SPLINE_CURVE_WITH_KNOTS('',1,(#9688,#9689),.UNSPECIFIED.,.F.,
  .F.,(2,2),(0.,1.),.PIECEWISE_BEZIER_KNOTS.);
#9688 = CARTESIAN_POINT('',(40.15,-4.252646234993));
#9689 = CARTESIAN_POINT('',(40.3,4.252646234993));
#9690 = ( GEOMETRIC_REPRESENTATION_CONTEXT(2) 
PARAMETRIC_REPRESENTATION_CONTEXT() REPRESENTATION_CONTEXT('2D SPACE',''
  ) );
#9691 = ORIENTED_EDGE('',*,*,#7510,.F.);
#9692 = ORIENTED_EDGE('',*,*,#9644,.T.);
#9693 = ORIENTED_EDGE('',*,*,#4034,.T.);
#9694 = ADVANCED_FACE('',(#9695),#4282,.F.);
#9695 = FACE_BOUND('',#9696,.F.);
#9696 = EDGE_LOOP('',(#9697,#9698,#9699,#9700,#9701,#9702,#9703));
#9697 = ORIENTED_EDGE('',*,*,#5340,.F.);
#9698 = ORIENTED_EDGE('',*,*,#5504,.T.);
#9699 = ORIENTED_EDGE('',*,*,#7174,.T.);
#9700 = ORIENTED_EDGE('',*,*,#7467,.T.);
#9701 = ORIENTED_EDGE('',*,*,#9673,.T.);
#9702 = ORIENTED_EDGE('',*,*,#4268,.T.);
#9703 = ORIENTED_EDGE('',*,*,#9704,.F.);
#9704 = EDGE_CURVE('',#5318,#4269,#9705,.T.);
#9705 = SURFACE_CURVE('',#9706,(#9723,#9743),.PCURVE_S1.);
#9706 = B_SPLINE_CURVE_WITH_KNOTS('',8,(#9707,#9708,#9709,#9710,#9711,
    #9712,#9713,#9714,#9715,#9716,#9717,#9718,#9719,#9720,#9721,#9722),
  .UNSPECIFIED.,.F.,.F.,(9,7,9),(0.,0.257361498105,1.),.UNSPECIFIED.);
#9707 = CARTESIAN_POINT('',(-17.33058823529,30.7,129.));
#9708 = CARTESIAN_POINT('',(-17.33983919033,30.962110392913,
    129.24564448361));
#9709 = CARTESIAN_POINT('',(-17.34869909152,31.213140926524,
    129.49729119363));
#9710 = CARTESIAN_POINT('',(-17.35717227133,31.45321435444,
    129.75442097374));
#9711 = CARTESIAN_POINT('',(-17.36526345102,31.682464445798,
    130.01655372963));
#9712 = CARTESIAN_POINT('',(-17.37297766954,31.901033970395,
    130.28324922567));
#9713 = CARTESIAN_POINT('',(-17.38032021237,32.109072683821,
    130.55410788165));
#9714 = CARTESIAN_POINT('',(-17.38729654044,32.306735312592,
    130.82877156947));
#9715 = CARTESIAN_POINT('',(-17.41300232253,33.035065805169,
    131.90955809908));
#9716 = CARTESIAN_POINT('',(-17.42907364847,33.490420040145,
    132.74058382308));
#9717 = CARTESIAN_POINT('',(-17.44228489661,33.864738737519,
    133.59305995635));
#9718 = CARTESIAN_POINT('',(-17.45273382106,34.160791596768,
    134.46112081369));
#9719 = CARTESIAN_POINT('',(-17.46050428289,34.380954681904,
    135.33969277452));
#9720 = CARTESIAN_POINT('',(-17.46565756585,34.526964365752,
    136.22452935317));
#9721 = CARTESIAN_POINT('',(-17.46823529411,34.6,137.11216428786));
#9722 = CARTESIAN_POINT('',(-17.46823529411,34.6,138.));
#9723 = PCURVE('',#4282,#9724);
#9724 = DEFINITIONAL_REPRESENTATION('',(#9725),#9742);
#9725 = B_SPLINE_CURVE_WITH_KNOTS('',8,(#9726,#9727,#9728,#9729,#9730,
    #9731,#9732,#9733,#9734,#9735,#9736,#9737,#9738,#9739,#9740,#9741),
  .UNSPECIFIED.,.F.,.F.,(9,7,9),(0.,0.257361498105,1.),.UNSPECIFIED.);
#9726 = CARTESIAN_POINT('',(29.25,-0.55034245394));
#9727 = CARTESIAN_POINT('',(29.495644483615,-0.288068859688));
#9728 = CARTESIAN_POINT('',(29.747291193635,-3.688202353961E-02));
#9729 = CARTESIAN_POINT('',(30.004420973748,0.203340884542));
#9730 = CARTESIAN_POINT('',(30.266553729633,0.432733716986));
#9731 = CARTESIAN_POINT('',(30.533249225672,0.651439332483));
#9732 = CARTESIAN_POINT('',(30.80410788165,0.859607579868));
#9733 = CARTESIAN_POINT('',(31.078771569472,1.057393281995));
#9734 = CARTESIAN_POINT('',(32.15955809908,1.78617726484));
#9735 = CARTESIAN_POINT('',(32.990583823089,2.241815023183));
#9736 = CARTESIAN_POINT('',(33.84305995635,2.616366787671));
#9737 = CARTESIAN_POINT('',(34.711120813699,2.912603982316));
#9738 = CARTESIAN_POINT('',(35.589692774522,3.132904150573));
#9739 = CARTESIAN_POINT('',(36.474529353179,3.279004746405));
#9740 = CARTESIAN_POINT('',(37.362164287868,3.352085855818));
#9741 = CARTESIAN_POINT('',(38.25,3.352085855818));
#9742 = ( GEOMETRIC_REPRESENTATION_CONTEXT(2) 
PARAMETRIC_REPRESENTATION_CONTEXT() REPRESENTATION_CONTEXT('2D SPACE',''
  ) );
#9743 = PCURVE('',#4309,#9744);
#9744 = DEFINITIONAL_REPRESENTATION('',(#9745),#9762);
#9745 = B_SPLINE_CURVE_WITH_KNOTS('',8,(#9746,#9747,#9748,#9749,#9750,
    #9751,#9752,#9753,#9754,#9755,#9756,#9757,#9758,#9759,#9760,#9761),
  .UNSPECIFIED.,.F.,.F.,(9,7,9),(0.,0.257361498105,1.),.UNSPECIFIED.);
#9746 = CARTESIAN_POINT('',(0.,-47.33058823529));
#9747 = CARTESIAN_POINT('',(2.912337699032E-02,-47.33983919033));
#9748 = CARTESIAN_POINT('',(5.792408554255E-02,-47.34869909152));
#9749 = CARTESIAN_POINT('',(8.641823111999E-02,-47.35717227133));
#9750 = CARTESIAN_POINT('',(0.11462126766,-47.36526345102));
#9751 = CARTESIAN_POINT('',(0.14254836929,-47.37297766954));
#9752 = CARTESIAN_POINT('',(0.17021480204,-47.38032021237));
#9753 = CARTESIAN_POINT('',(0.197636295561,-47.38729654044));
#9754 = CARTESIAN_POINT('',(0.303297474385,-47.41300232253));
#9755 = CARTESIAN_POINT('',(0.379799245463,-47.42907364847));
#9756 = CARTESIAN_POINT('',(0.454807633895,-47.44228489661));
#9757 = CARTESIAN_POINT('',(0.528636543788,-47.45273382106));
#9758 = CARTESIAN_POINT('',(0.601569574784,-47.46050428289));
#9759 = CARTESIAN_POINT('',(0.673873459671,-47.46565756585));
#9760 = CARTESIAN_POINT('',(0.745836460785,-47.46823529411));
#9761 = CARTESIAN_POINT('',(0.817815657902,-47.46823529411));
#9762 = ( GEOMETRIC_REPRESENTATION_CONTEXT(2) 
PARAMETRIC_REPRESENTATION_CONTEXT() REPRESENTATION_CONTEXT('2D SPACE',''
  ) );
#9763 = ADVANCED_FACE('',(#9764),#4309,.T.);
#9764 = FACE_BOUND('',#9765,.T.);
#9765 = EDGE_LOOP('',(#9766,#9767,#9768,#9769));
#9766 = ORIENTED_EDGE('',*,*,#4293,.F.);
#9767 = ORIENTED_EDGE('',*,*,#9704,.F.);
#9768 = ORIENTED_EDGE('',*,*,#5317,.T.);
#9769 = ORIENTED_EDGE('',*,*,#9770,.F.);
#9770 = EDGE_CURVE('',#4294,#5294,#9771,.T.);
#9771 = SURFACE_CURVE('',#9772,(#9777,#9784),.PCURVE_S1.);
#9772 = CIRCLE('',#9773,12.334615384615);
#9773 = AXIS2_PLACEMENT_3D('',#9774,#9775,#9776);
#9774 = CARTESIAN_POINT('',(-18.8,22.265384615385,138.));
#9775 = DIRECTION('',(-1.,0.,0.));
#9776 = DIRECTION('',(-0.,0.683816651076,-0.729653882133));
#9777 = PCURVE('',#4309,#9778);
#9778 = DEFINITIONAL_REPRESENTATION('',(#9779),#9783);
#9779 = LINE('',#9780,#9781);
#9780 = CARTESIAN_POINT('',(6.28318530718,-48.8));
#9781 = VECTOR('',#9782,1.);
#9782 = DIRECTION('',(-1.,0.));
#9783 = ( GEOMETRIC_REPRESENTATION_CONTEXT(2) 
PARAMETRIC_REPRESENTATION_CONTEXT() REPRESENTATION_CONTEXT('2D SPACE',''
  ) );
#9784 = PCURVE('',#987,#9785);
#9785 = DEFINITIONAL_REPRESENTATION('',(#9786),#9790);
#9786 = CIRCLE('',#9787,12.334615384615);
#9787 = AXIS2_PLACEMENT_2D('',#9788,#9789);
#9788 = CARTESIAN_POINT('',(-84.75,2.134615384615));
#9789 = DIRECTION('',(0.729653882133,-0.683816651076));
#9790 = ( GEOMETRIC_REPRESENTATION_CONTEXT(2) 
PARAMETRIC_REPRESENTATION_CONTEXT() REPRESENTATION_CONTEXT('2D SPACE',''
  ) );
#9791 = ADVANCED_FACE('',(#9792),#987,.T.);
#9792 = FACE_BOUND('',#9793,.F.);
#9793 = EDGE_LOOP('',(#9794,#9817,#9818,#9819,#9820,#9821,#9822,#9823,
    #9824,#9848));
#9794 = ORIENTED_EDGE('',*,*,#9795,.F.);
#9795 = EDGE_CURVE('',#5215,#9796,#9798,.T.);
#9796 = VERTEX_POINT('',#9797);
#9797 = CARTESIAN_POINT('',(-18.8,26.45,120.));
#9798 = SURFACE_CURVE('',#9799,(#9803,#9810),.PCURVE_S1.);
#9799 = LINE('',#9800,#9801);
#9800 = CARTESIAN_POINT('',(-18.8,26.45,51.125));
#9801 = VECTOR('',#9802,1.);
#9802 = DIRECTION('',(-0.,-0.,1.));
#9803 = PCURVE('',#987,#9804);
#9804 = DEFINITIONAL_REPRESENTATION('',(#9805),#9809);
#9805 = LINE('',#9806,#9807);
#9806 = CARTESIAN_POINT('',(2.125,-2.05));
#9807 = VECTOR('',#9808,1.);
#9808 = DIRECTION('',(-1.,-0.));
#9809 = ( GEOMETRIC_REPRESENTATION_CONTEXT(2) 
PARAMETRIC_REPRESENTATION_CONTEXT() REPRESENTATION_CONTEXT('2D SPACE',''
  ) );
#9810 = PCURVE('',#387,#9811);
#9811 = DEFINITIONAL_REPRESENTATION('',(#9812),#9816);
#9812 = LINE('',#9813,#9814);
#9813 = CARTESIAN_POINT('',(-2.125,-48.8));
#9814 = VECTOR('',#9815,1.);
#9815 = DIRECTION('',(-1.,0.));
#9816 = ( GEOMETRIC_REPRESENTATION_CONTEXT(2) 
PARAMETRIC_REPRESENTATION_CONTEXT() REPRESENTATION_CONTEXT('2D SPACE',''
  ) );
#9817 = ORIENTED_EDGE('',*,*,#5238,.T.);
#9818 = ORIENTED_EDGE('',*,*,#4769,.F.);
#9819 = ORIENTED_EDGE('',*,*,#5293,.T.);
#9820 = ORIENTED_EDGE('',*,*,#9770,.F.);
#9821 = ORIENTED_EDGE('',*,*,#4321,.F.);
#9822 = ORIENTED_EDGE('',*,*,#3587,.F.);
#9823 = ORIENTED_EDGE('',*,*,#971,.F.);
#9824 = ORIENTED_EDGE('',*,*,#9825,.T.);
#9825 = EDGE_CURVE('',#972,#9826,#9828,.T.);
#9826 = VERTEX_POINT('',#9827);
#9827 = CARTESIAN_POINT('',(-18.8,30.35,129.));
#9828 = SURFACE_CURVE('',#9829,(#9834,#9841),.PCURVE_S1.);
#9829 = CIRCLE('',#9830,12.334615384615);
#9830 = AXIS2_PLACEMENT_3D('',#9831,#9832,#9833);
#9831 = CARTESIAN_POINT('',(-18.8,21.915384615385,138.));
#9832 = DIRECTION('',(-1.,0.,0.));
#9833 = DIRECTION('',(-0.,0.683816651076,-0.729653882133));
#9834 = PCURVE('',#987,#9835);
#9835 = DEFINITIONAL_REPRESENTATION('',(#9836),#9840);
#9836 = CIRCLE('',#9837,12.334615384615);
#9837 = AXIS2_PLACEMENT_2D('',#9838,#9839);
#9838 = CARTESIAN_POINT('',(-84.75,2.484615384615));
#9839 = DIRECTION('',(0.729653882133,-0.683816651076));
#9840 = ( GEOMETRIC_REPRESENTATION_CONTEXT(2) 
PARAMETRIC_REPRESENTATION_CONTEXT() REPRESENTATION_CONTEXT('2D SPACE',''
  ) );
#9841 = PCURVE('',#1015,#9842);
#9842 = DEFINITIONAL_REPRESENTATION('',(#9843),#9847);
#9843 = LINE('',#9844,#9845);
#9844 = CARTESIAN_POINT('',(6.28318530718,-48.8));
#9845 = VECTOR('',#9846,1.);
#9846 = DIRECTION('',(-1.,0.));
#9847 = ( GEOMETRIC_REPRESENTATION_CONTEXT(2) 
PARAMETRIC_REPRESENTATION_CONTEXT() REPRESENTATION_CONTEXT('2D SPACE',''
  ) );
#9848 = ORIENTED_EDGE('',*,*,#9849,.F.);
#9849 = EDGE_CURVE('',#9796,#9826,#9850,.T.);
#9850 = SURFACE_CURVE('',#9851,(#9856,#9863),.PCURVE_S1.);
#9851 = CIRCLE('',#9852,12.334615384615);
#9852 = AXIS2_PLACEMENT_3D('',#9853,#9854,#9855);
#9853 = CARTESIAN_POINT('',(-18.8,38.784615384615,120.));
#9854 = DIRECTION('',(-1.,0.,-0.));
#9855 = DIRECTION('',(0.,-1.,-1.152111701264E-15));
#9856 = PCURVE('',#987,#9857);
#9857 = DEFINITIONAL_REPRESENTATION('',(#9858),#9862);
#9858 = CIRCLE('',#9859,12.334615384615);
#9859 = AXIS2_PLACEMENT_2D('',#9860,#9861);
#9860 = CARTESIAN_POINT('',(-66.75,-14.38461538461));
#9861 = DIRECTION('',(1.152111701264E-15,1.));
#9862 = ( GEOMETRIC_REPRESENTATION_CONTEXT(2) 
PARAMETRIC_REPRESENTATION_CONTEXT() REPRESENTATION_CONTEXT('2D SPACE',''
  ) );
#9863 = PCURVE('',#9864,#9869);
#9864 = CYLINDRICAL_SURFACE('',#9865,12.334615384615);
#9865 = AXIS2_PLACEMENT_3D('',#9866,#9867,#9868);
#9866 = CARTESIAN_POINT('',(30.,38.784615384615,120.));
#9867 = DIRECTION('',(1.,-0.,-0.));
#9868 = DIRECTION('',(0.,-1.,-1.152111701264E-15));
#9869 = DEFINITIONAL_REPRESENTATION('',(#9870),#9874);
#9870 = LINE('',#9871,#9872);
#9871 = CARTESIAN_POINT('',(-0.,-48.8));
#9872 = VECTOR('',#9873,1.);
#9873 = DIRECTION('',(-1.,0.));
#9874 = ( GEOMETRIC_REPRESENTATION_CONTEXT(2) 
PARAMETRIC_REPRESENTATION_CONTEXT() REPRESENTATION_CONTEXT('2D SPACE',''
  ) );
#9875 = ADVANCED_FACE('',(#9876),#9864,.F.);
#9876 = FACE_BOUND('',#9877,.T.);
#9877 = EDGE_LOOP('',(#9878,#9879,#9902,#9926));
#9878 = ORIENTED_EDGE('',*,*,#9849,.F.);
#9879 = ORIENTED_EDGE('',*,*,#9880,.T.);
#9880 = EDGE_CURVE('',#9796,#9881,#9883,.T.);
#9881 = VERTEX_POINT('',#9882);
#9882 = CARTESIAN_POINT('',(-20.25,26.45,120.));
#9883 = SURFACE_CURVE('',#9884,(#9888,#9895),.PCURVE_S1.);
#9884 = LINE('',#9885,#9886);
#9885 = CARTESIAN_POINT('',(30.,26.45,120.));
#9886 = VECTOR('',#9887,1.);
#9887 = DIRECTION('',(-1.,-0.,-0.));
#9888 = PCURVE('',#9864,#9889);
#9889 = DEFINITIONAL_REPRESENTATION('',(#9890),#9894);
#9890 = LINE('',#9891,#9892);
#9891 = CARTESIAN_POINT('',(-0.,0.));
#9892 = VECTOR('',#9893,1.);
#9893 = DIRECTION('',(-0.,-1.));
#9894 = ( GEOMETRIC_REPRESENTATION_CONTEXT(2) 
PARAMETRIC_REPRESENTATION_CONTEXT() REPRESENTATION_CONTEXT('2D SPACE',''
  ) );
#9895 = PCURVE('',#387,#9896);
#9896 = DEFINITIONAL_REPRESENTATION('',(#9897),#9901);
#9897 = LINE('',#9898,#9899);
#9898 = CARTESIAN_POINT('',(-71.,0.));
#9899 = VECTOR('',#9900,1.);
#9900 = DIRECTION('',(-0.,-1.));
#9901 = ( GEOMETRIC_REPRESENTATION_CONTEXT(2) 
PARAMETRIC_REPRESENTATION_CONTEXT() REPRESENTATION_CONTEXT('2D SPACE',''
  ) );
#9902 = ORIENTED_EDGE('',*,*,#9903,.T.);
#9903 = EDGE_CURVE('',#9881,#9904,#9906,.T.);
#9904 = VERTEX_POINT('',#9905);
#9905 = CARTESIAN_POINT('',(-20.25,30.35,129.));
#9906 = SURFACE_CURVE('',#9907,(#9912,#9919),.PCURVE_S1.);
#9907 = CIRCLE('',#9908,12.334615384615);
#9908 = AXIS2_PLACEMENT_3D('',#9909,#9910,#9911);
#9909 = CARTESIAN_POINT('',(-20.25,38.784615384615,120.));
#9910 = DIRECTION('',(-1.,0.,-0.));
#9911 = DIRECTION('',(0.,-1.,-1.152111701264E-15));
#9912 = PCURVE('',#9864,#9913);
#9913 = DEFINITIONAL_REPRESENTATION('',(#9914),#9918);
#9914 = LINE('',#9915,#9916);
#9915 = CARTESIAN_POINT('',(-0.,-50.25));
#9916 = VECTOR('',#9917,1.);
#9917 = DIRECTION('',(-1.,0.));
#9918 = ( GEOMETRIC_REPRESENTATION_CONTEXT(2) 
PARAMETRIC_REPRESENTATION_CONTEXT() REPRESENTATION_CONTEXT('2D SPACE',''
  ) );
#9919 = PCURVE('',#204,#9920);
#9920 = DEFINITIONAL_REPRESENTATION('',(#9921),#9925);
#9921 = CIRCLE('',#9922,12.334615384615);
#9922 = AXIS2_PLACEMENT_2D('',#9923,#9924);
#9923 = CARTESIAN_POINT('',(-97.,-22.78461538461));
#9924 = DIRECTION('',(1.152111701264E-15,1.));
#9925 = ( GEOMETRIC_REPRESENTATION_CONTEXT(2) 
PARAMETRIC_REPRESENTATION_CONTEXT() REPRESENTATION_CONTEXT('2D SPACE',''
  ) );
#9926 = ORIENTED_EDGE('',*,*,#9927,.F.);
#9927 = EDGE_CURVE('',#9826,#9904,#9928,.T.);
#9928 = SURFACE_CURVE('',#9929,(#9933,#9940),.PCURVE_S1.);
#9929 = LINE('',#9930,#9931);
#9930 = CARTESIAN_POINT('',(30.,30.35,129.));
#9931 = VECTOR('',#9932,1.);
#9932 = DIRECTION('',(-1.,-0.,-0.));
#9933 = PCURVE('',#9864,#9934);
#9934 = DEFINITIONAL_REPRESENTATION('',(#9935),#9939);
#9935 = LINE('',#9936,#9937);
#9936 = CARTESIAN_POINT('',(-0.817815657902,0.));
#9937 = VECTOR('',#9938,1.);
#9938 = DIRECTION('',(-0.,-1.));
#9939 = ( GEOMETRIC_REPRESENTATION_CONTEXT(2) 
PARAMETRIC_REPRESENTATION_CONTEXT() REPRESENTATION_CONTEXT('2D SPACE',''
  ) );
#9940 = PCURVE('',#1015,#9941);
#9941 = DEFINITIONAL_REPRESENTATION('',(#9942),#9946);
#9942 = LINE('',#9943,#9944);
#9943 = CARTESIAN_POINT('',(0.,0.));
#9944 = VECTOR('',#9945,1.);
#9945 = DIRECTION('',(0.,-1.));
#9946 = ( GEOMETRIC_REPRESENTATION_CONTEXT(2) 
PARAMETRIC_REPRESENTATION_CONTEXT() REPRESENTATION_CONTEXT('2D SPACE',''
  ) );
#9947 = ADVANCED_FACE('',(#9948),#930,.T.);
#9948 = FACE_BOUND('',#9949,.F.);
#9949 = EDGE_LOOP('',(#9950,#9951,#9952,#9953));
#9950 = ORIENTED_EDGE('',*,*,#914,.F.);
#9951 = ORIENTED_EDGE('',*,*,#3611,.T.);
#9952 = ORIENTED_EDGE('',*,*,#4343,.F.);
#9953 = ORIENTED_EDGE('',*,*,#9954,.F.);
#9954 = EDGE_CURVE('',#886,#4344,#9955,.T.);
#9955 = SURFACE_CURVE('',#9956,(#9960,#9967),.PCURVE_S1.);
#9956 = LINE('',#9957,#9958);
#9957 = CARTESIAN_POINT('',(13.3,24.4,146.25));
#9958 = VECTOR('',#9959,1.);
#9959 = DIRECTION('',(-0.,1.,-0.));
#9960 = PCURVE('',#930,#9961);
#9961 = DEFINITIONAL_REPRESENTATION('',(#9962),#9966);
#9962 = LINE('',#9963,#9964);
#9963 = CARTESIAN_POINT('',(-32.1,-0.));
#9964 = VECTOR('',#9965,1.);
#9965 = DIRECTION('',(-0.,-1.));
#9966 = ( GEOMETRIC_REPRESENTATION_CONTEXT(2) 
PARAMETRIC_REPRESENTATION_CONTEXT() REPRESENTATION_CONTEXT('2D SPACE',''
  ) );
#9967 = PCURVE('',#902,#9968);
#9968 = DEFINITIONAL_REPRESENTATION('',(#9969),#9973);
#9969 = LINE('',#9970,#9971);
#9970 = CARTESIAN_POINT('',(0.,0.));
#9971 = VECTOR('',#9972,1.);
#9972 = DIRECTION('',(0.,1.));
#9973 = ( GEOMETRIC_REPRESENTATION_CONTEXT(2) 
PARAMETRIC_REPRESENTATION_CONTEXT() REPRESENTATION_CONTEXT('2D SPACE',''
  ) );
#9974 = ADVANCED_FACE('',(#9975),#1015,.T.);
#9975 = FACE_BOUND('',#9976,.T.);
#9976 = EDGE_LOOP('',(#9977,#9978,#9979,#9980));
#9977 = ORIENTED_EDGE('',*,*,#999,.F.);
#9978 = ORIENTED_EDGE('',*,*,#9825,.T.);
#9979 = ORIENTED_EDGE('',*,*,#9927,.T.);
#9980 = ORIENTED_EDGE('',*,*,#9981,.F.);
#9981 = EDGE_CURVE('',#1000,#9904,#9982,.T.);
#9982 = SURFACE_CURVE('',#9983,(#9988,#9995),.PCURVE_S1.);
#9983 = CIRCLE('',#9984,12.334615384615);
#9984 = AXIS2_PLACEMENT_3D('',#9985,#9986,#9987);
#9985 = CARTESIAN_POINT('',(-20.25,21.915384615385,138.));
#9986 = DIRECTION('',(-1.,0.,0.));
#9987 = DIRECTION('',(-0.,0.683816651076,-0.729653882133));
#9988 = PCURVE('',#1015,#9989);
#9989 = DEFINITIONAL_REPRESENTATION('',(#9990),#9994);
#9990 = LINE('',#9991,#9992);
#9991 = CARTESIAN_POINT('',(6.28318530718,-50.25));
#9992 = VECTOR('',#9993,1.);
#9993 = DIRECTION('',(-1.,0.));
#9994 = ( GEOMETRIC_REPRESENTATION_CONTEXT(2) 
PARAMETRIC_REPRESENTATION_CONTEXT() REPRESENTATION_CONTEXT('2D SPACE',''
  ) );
#9995 = PCURVE('',#204,#9996);
#9996 = DEFINITIONAL_REPRESENTATION('',(#9997),#10001);
#9997 = CIRCLE('',#9998,12.334615384615);
#9998 = AXIS2_PLACEMENT_2D('',#9999,#10000);
#9999 = CARTESIAN_POINT('',(-115.,-5.915384615385));
#10000 = DIRECTION('',(0.729653882133,-0.683816651076));
#10001 = ( GEOMETRIC_REPRESENTATION_CONTEXT(2) 
PARAMETRIC_REPRESENTATION_CONTEXT() REPRESENTATION_CONTEXT('2D SPACE',''
  ) );
#10002 = ADVANCED_FACE('',(#10003),#902,.T.);
#10003 = FACE_BOUND('',#10004,.T.);
#10004 = EDGE_LOOP('',(#10005,#10006,#10007,#10028));
#10005 = ORIENTED_EDGE('',*,*,#9954,.F.);
#10006 = ORIENTED_EDGE('',*,*,#885,.F.);
#10007 = ORIENTED_EDGE('',*,*,#10008,.T.);
#10008 = EDGE_CURVE('',#858,#3667,#10009,.T.);
#10009 = SURFACE_CURVE('',#10010,(#10014,#10021),.PCURVE_S1.);
#10010 = LINE('',#10011,#10012);
#10011 = CARTESIAN_POINT('',(18.8,24.4,140.75));
#10012 = VECTOR('',#10013,1.);
#10013 = DIRECTION('',(-0.,1.,-0.));
#10014 = PCURVE('',#902,#10015);
#10015 = DEFINITIONAL_REPRESENTATION('',(#10016),#10020);
#10016 = LINE('',#10017,#10018);
#10017 = CARTESIAN_POINT('',(1.570796326795,0.));
#10018 = VECTOR('',#10019,1.);
#10019 = DIRECTION('',(0.,1.));
#10020 = ( GEOMETRIC_REPRESENTATION_CONTEXT(2) 
PARAMETRIC_REPRESENTATION_CONTEXT() REPRESENTATION_CONTEXT('2D SPACE',''
  ) );
#10021 = PCURVE('',#873,#10022);
#10022 = DEFINITIONAL_REPRESENTATION('',(#10023),#10027);
#10023 = LINE('',#10024,#10025);
#10024 = CARTESIAN_POINT('',(-5.5,0.));
#10025 = VECTOR('',#10026,1.);
#10026 = DIRECTION('',(-0.,-1.));
#10027 = ( GEOMETRIC_REPRESENTATION_CONTEXT(2) 
PARAMETRIC_REPRESENTATION_CONTEXT() REPRESENTATION_CONTEXT('2D SPACE',''
  ) );
#10028 = ORIENTED_EDGE('',*,*,#4366,.T.);
#10029 = ADVANCED_FACE('',(#10030),#873,.T.);
#10030 = FACE_BOUND('',#10031,.F.);
#10031 = EDGE_LOOP('',(#10032,#10033,#10034,#10035,#10036,#10037,#10038,
    #10039,#10062,#10090));
#10032 = ORIENTED_EDGE('',*,*,#857,.F.);
#10033 = ORIENTED_EDGE('',*,*,#10008,.T.);
#10034 = ORIENTED_EDGE('',*,*,#3664,.F.);
#10035 = ORIENTED_EDGE('',*,*,#4392,.T.);
#10036 = ORIENTED_EDGE('',*,*,#4511,.F.);
#10037 = ORIENTED_EDGE('',*,*,#4660,.F.);
#10038 = ORIENTED_EDGE('',*,*,#5139,.F.);
#10039 = ORIENTED_EDGE('',*,*,#10040,.F.);
#10040 = EDGE_CURVE('',#10041,#5116,#10043,.T.);
#10041 = VERTEX_POINT('',#10042);
#10042 = CARTESIAN_POINT('',(18.8,26.45,120.));
#10043 = SURFACE_CURVE('',#10044,(#10048,#10055),.PCURVE_S1.);
#10044 = LINE('',#10045,#10046);
#10045 = CARTESIAN_POINT('',(18.8,26.45,97.625));
#10046 = VECTOR('',#10047,1.);
#10047 = DIRECTION('',(-0.,-0.,-1.));
#10048 = PCURVE('',#873,#10049);
#10049 = DEFINITIONAL_REPRESENTATION('',(#10050),#10054);
#10050 = LINE('',#10051,#10052);
#10051 = CARTESIAN_POINT('',(-48.625,-2.05));
#10052 = VECTOR('',#10053,1.);
#10053 = DIRECTION('',(-1.,0.));
#10054 = ( GEOMETRIC_REPRESENTATION_CONTEXT(2) 
PARAMETRIC_REPRESENTATION_CONTEXT() REPRESENTATION_CONTEXT('2D SPACE',''
  ) );
#10055 = PCURVE('',#387,#10056);
#10056 = DEFINITIONAL_REPRESENTATION('',(#10057),#10061);
#10057 = LINE('',#10058,#10059);
#10058 = CARTESIAN_POINT('',(-48.625,-11.2));
#10059 = VECTOR('',#10060,1.);
#10060 = DIRECTION('',(1.,-0.));
#10061 = ( GEOMETRIC_REPRESENTATION_CONTEXT(2) 
PARAMETRIC_REPRESENTATION_CONTEXT() REPRESENTATION_CONTEXT('2D SPACE',''
  ) );
#10062 = ORIENTED_EDGE('',*,*,#10063,.T.);
#10063 = EDGE_CURVE('',#10041,#10064,#10066,.T.);
#10064 = VERTEX_POINT('',#10065);
#10065 = CARTESIAN_POINT('',(18.8,30.35,129.));
#10066 = SURFACE_CURVE('',#10067,(#10072,#10083),.PCURVE_S1.);
#10067 = CIRCLE('',#10068,12.334615384615);
#10068 = AXIS2_PLACEMENT_3D('',#10069,#10070,#10071);
#10069 = CARTESIAN_POINT('',(18.8,38.784615384615,120.));
#10070 = DIRECTION('',(-1.,0.,-0.));
#10071 = DIRECTION('',(0.,-1.,-1.152111701264E-15));
#10072 = PCURVE('',#873,#10073);
#10073 = DEFINITIONAL_REPRESENTATION('',(#10074),#10082);
#10074 = ( BOUNDED_CURVE() B_SPLINE_CURVE(2,(#10075,#10076,#10077,#10078
    ,#10079,#10080,#10081),.UNSPECIFIED.,.T.,.F.) 
B_SPLINE_CURVE_WITH_KNOTS((1,2,2,2,2,1),(-2.094395102393,0.,
    2.094395102393,4.188790204786,6.28318530718,8.377580409573),
.UNSPECIFIED.) CURVE() GEOMETRIC_REPRESENTATION_ITEM() 
RATIONAL_B_SPLINE_CURVE((1.,0.5,1.,0.5,1.,0.5,1.)) REPRESENTATION_ITEM(
  '') );
#10075 = CARTESIAN_POINT('',(-26.25,-2.05));
#10076 = CARTESIAN_POINT('',(-4.885819462025,-2.05));
#10077 = CARTESIAN_POINT('',(-15.56790973101,-20.55192307692));
#10078 = CARTESIAN_POINT('',(-26.25,-39.05384615384));
#10079 = CARTESIAN_POINT('',(-36.93209026898,-20.55192307692));
#10080 = CARTESIAN_POINT('',(-47.61418053797,-2.05));
#10081 = CARTESIAN_POINT('',(-26.25,-2.05));
#10082 = ( GEOMETRIC_REPRESENTATION_CONTEXT(2) 
PARAMETRIC_REPRESENTATION_CONTEXT() REPRESENTATION_CONTEXT('2D SPACE',''
  ) );
#10083 = PCURVE('',#359,#10084);
#10084 = DEFINITIONAL_REPRESENTATION('',(#10085),#10089);
#10085 = LINE('',#10086,#10087);
#10086 = CARTESIAN_POINT('',(-0.,-11.2));
#10087 = VECTOR('',#10088,1.);
#10088 = DIRECTION('',(-1.,0.));
#10089 = ( GEOMETRIC_REPRESENTATION_CONTEXT(2) 
PARAMETRIC_REPRESENTATION_CONTEXT() REPRESENTATION_CONTEXT('2D SPACE',''
  ) );
#10090 = ORIENTED_EDGE('',*,*,#10091,.F.);
#10091 = EDGE_CURVE('',#835,#10064,#10092,.T.);
#10092 = SURFACE_CURVE('',#10093,(#10098,#10109),.PCURVE_S1.);
#10093 = CIRCLE('',#10094,12.334615384615);
#10094 = AXIS2_PLACEMENT_3D('',#10095,#10096,#10097);
#10095 = CARTESIAN_POINT('',(18.8,21.915384615385,138.));
#10096 = DIRECTION('',(-1.,0.,0.));
#10097 = DIRECTION('',(-0.,0.683816651076,-0.729653882133));
#10098 = PCURVE('',#873,#10099);
#10099 = DEFINITIONAL_REPRESENTATION('',(#10100),#10108);
#10100 = ( BOUNDED_CURVE() B_SPLINE_CURVE(2,(#10101,#10102,#10103,#10104
    ,#10105,#10106,#10107),.UNSPECIFIED.,.T.,.F.) 
B_SPLINE_CURVE_WITH_KNOTS((1,2,2,2,2,1),(-2.094395102393,0.,
    2.094395102393,4.188790204786,6.28318530718,8.377580409573),
.UNSPECIFIED.) CURVE() GEOMETRIC_REPRESENTATION_ITEM() 
RATIONAL_B_SPLINE_CURVE((1.,0.5,1.,0.5,1.,0.5,1.)) REPRESENTATION_ITEM(
  '') );
#10101 = CARTESIAN_POINT('',(-17.25,-5.95));
#10102 = CARTESIAN_POINT('',(-31.85918238845,9.63845726812));
#10103 = CARTESIAN_POINT('',(-11.05459119422,14.496151710983));
#10104 = CARTESIAN_POINT('',(9.75,19.353846153846));
#10105 = CARTESIAN_POINT('',(3.554591194228,-1.092305557137));
#10106 = CARTESIAN_POINT('',(-2.640817611544,-21.53845726812));
#10107 = CARTESIAN_POINT('',(-17.25,-5.95));
#10108 = ( GEOMETRIC_REPRESENTATION_CONTEXT(2) 
PARAMETRIC_REPRESENTATION_CONTEXT() REPRESENTATION_CONTEXT('2D SPACE',''
  ) );
#10109 = PCURVE('',#326,#10110);
#10110 = DEFINITIONAL_REPRESENTATION('',(#10111),#10115);
#10111 = LINE('',#10112,#10113);
#10112 = CARTESIAN_POINT('',(6.28318530718,-11.2));
#10113 = VECTOR('',#10114,1.);
#10114 = DIRECTION('',(-1.,0.));
#10115 = ( GEOMETRIC_REPRESENTATION_CONTEXT(2) 
PARAMETRIC_REPRESENTATION_CONTEXT() REPRESENTATION_CONTEXT('2D SPACE',''
  ) );
#10116 = ADVANCED_FACE('',(#10117),#326,.T.);
#10117 = FACE_BOUND('',#10118,.T.);
#10118 = EDGE_LOOP('',(#10119,#10120,#10121,#10142));
#10119 = ORIENTED_EDGE('',*,*,#834,.F.);
#10120 = ORIENTED_EDGE('',*,*,#305,.T.);
#10121 = ORIENTED_EDGE('',*,*,#10122,.T.);
#10122 = EDGE_CURVE('',#306,#10064,#10123,.T.);
#10123 = SURFACE_CURVE('',#10124,(#10128,#10135),.PCURVE_S1.);
#10124 = LINE('',#10125,#10126);
#10125 = CARTESIAN_POINT('',(30.,30.35,129.));
#10126 = VECTOR('',#10127,1.);
#10127 = DIRECTION('',(-1.,-0.,-0.));
#10128 = PCURVE('',#326,#10129);
#10129 = DEFINITIONAL_REPRESENTATION('',(#10130),#10134);
#10130 = LINE('',#10131,#10132);
#10131 = CARTESIAN_POINT('',(0.,0.));
#10132 = VECTOR('',#10133,1.);
#10133 = DIRECTION('',(0.,-1.));
#10134 = ( GEOMETRIC_REPRESENTATION_CONTEXT(2) 
PARAMETRIC_REPRESENTATION_CONTEXT() REPRESENTATION_CONTEXT('2D SPACE',''
  ) );
#10135 = PCURVE('',#359,#10136);
#10136 = DEFINITIONAL_REPRESENTATION('',(#10137),#10141);
#10137 = LINE('',#10138,#10139);
#10138 = CARTESIAN_POINT('',(-0.817815657902,0.));
#10139 = VECTOR('',#10140,1.);
#10140 = DIRECTION('',(-0.,-1.));
#10141 = ( GEOMETRIC_REPRESENTATION_CONTEXT(2) 
PARAMETRIC_REPRESENTATION_CONTEXT() REPRESENTATION_CONTEXT('2D SPACE',''
  ) );
#10142 = ORIENTED_EDGE('',*,*,#10091,.F.);
#10143 = ADVANCED_FACE('',(#10144),#359,.F.);
#10144 = FACE_BOUND('',#10145,.T.);
#10145 = EDGE_LOOP('',(#10146,#10147,#10168,#10169));
#10146 = ORIENTED_EDGE('',*,*,#338,.F.);
#10147 = ORIENTED_EDGE('',*,*,#10148,.T.);
#10148 = EDGE_CURVE('',#339,#10041,#10149,.T.);
#10149 = SURFACE_CURVE('',#10150,(#10154,#10161),.PCURVE_S1.);
#10150 = LINE('',#10151,#10152);
#10151 = CARTESIAN_POINT('',(30.,26.45,120.));
#10152 = VECTOR('',#10153,1.);
#10153 = DIRECTION('',(-1.,-0.,-0.));
#10154 = PCURVE('',#359,#10155);
#10155 = DEFINITIONAL_REPRESENTATION('',(#10156),#10160);
#10156 = LINE('',#10157,#10158);
#10157 = CARTESIAN_POINT('',(-0.,0.));
#10158 = VECTOR('',#10159,1.);
#10159 = DIRECTION('',(-0.,-1.));
#10160 = ( GEOMETRIC_REPRESENTATION_CONTEXT(2) 
PARAMETRIC_REPRESENTATION_CONTEXT() REPRESENTATION_CONTEXT('2D SPACE',''
  ) );
#10161 = PCURVE('',#387,#10162);
#10162 = DEFINITIONAL_REPRESENTATION('',(#10163),#10167);
#10163 = LINE('',#10164,#10165);
#10164 = CARTESIAN_POINT('',(-71.,0.));
#10165 = VECTOR('',#10166,1.);
#10166 = DIRECTION('',(-0.,-1.));
#10167 = ( GEOMETRIC_REPRESENTATION_CONTEXT(2) 
PARAMETRIC_REPRESENTATION_CONTEXT() REPRESENTATION_CONTEXT('2D SPACE',''
  ) );
#10168 = ORIENTED_EDGE('',*,*,#10063,.T.);
#10169 = ORIENTED_EDGE('',*,*,#10122,.F.);
#10170 = ADVANCED_FACE('',(#10171),#387,.F.);
#10171 = FACE_BOUND('',#10172,.T.);
#10172 = EDGE_LOOP('',(#10173,#10174,#10175,#10198,#10219,#10220,#10221,
    #10222,#10223,#10224));
#10173 = ORIENTED_EDGE('',*,*,#10148,.F.);
#10174 = ORIENTED_EDGE('',*,*,#371,.T.);
#10175 = ORIENTED_EDGE('',*,*,#10176,.T.);
#10176 = EDGE_CURVE('',#372,#10177,#10179,.T.);
#10177 = VERTEX_POINT('',#10178);
#10178 = CARTESIAN_POINT('',(-20.25,26.45,49.));
#10179 = SURFACE_CURVE('',#10180,(#10184,#10191),.PCURVE_S1.);
#10180 = LINE('',#10181,#10182);
#10181 = CARTESIAN_POINT('',(30.,26.45,49.));
#10182 = VECTOR('',#10183,1.);
#10183 = DIRECTION('',(-1.,-0.,-0.));
#10184 = PCURVE('',#387,#10185);
#10185 = DEFINITIONAL_REPRESENTATION('',(#10186),#10190);
#10186 = LINE('',#10187,#10188);
#10187 = CARTESIAN_POINT('',(-0.,0.));
#10188 = VECTOR('',#10189,1.);
#10189 = DIRECTION('',(-0.,-1.));
#10190 = ( GEOMETRIC_REPRESENTATION_CONTEXT(2) 
PARAMETRIC_REPRESENTATION_CONTEXT() REPRESENTATION_CONTEXT('2D SPACE',''
  ) );
#10191 = PCURVE('',#420,#10192);
#10192 = DEFINITIONAL_REPRESENTATION('',(#10193),#10197);
#10193 = LINE('',#10194,#10195);
#10194 = CARTESIAN_POINT('',(-0.479519291993,0.));
#10195 = VECTOR('',#10196,1.);
#10196 = DIRECTION('',(-0.,-1.));
#10197 = ( GEOMETRIC_REPRESENTATION_CONTEXT(2) 
PARAMETRIC_REPRESENTATION_CONTEXT() REPRESENTATION_CONTEXT('2D SPACE',''
  ) );
#10198 = ORIENTED_EDGE('',*,*,#10199,.T.);
#10199 = EDGE_CURVE('',#10177,#9881,#10200,.T.);
#10200 = SURFACE_CURVE('',#10201,(#10205,#10212),.PCURVE_S1.);
#10201 = LINE('',#10202,#10203);
#10202 = CARTESIAN_POINT('',(-20.25,26.45,36.));
#10203 = VECTOR('',#10204,1.);
#10204 = DIRECTION('',(-0.,-0.,1.));
#10205 = PCURVE('',#387,#10206);
#10206 = DEFINITIONAL_REPRESENTATION('',(#10207),#10211);
#10207 = LINE('',#10208,#10209);
#10208 = CARTESIAN_POINT('',(13.,-50.25));
#10209 = VECTOR('',#10210,1.);
#10210 = DIRECTION('',(-1.,0.));
#10211 = ( GEOMETRIC_REPRESENTATION_CONTEXT(2) 
PARAMETRIC_REPRESENTATION_CONTEXT() REPRESENTATION_CONTEXT('2D SPACE',''
  ) );
#10212 = PCURVE('',#204,#10213);
#10213 = DEFINITIONAL_REPRESENTATION('',(#10214),#10218);
#10214 = LINE('',#10215,#10216);
#10215 = CARTESIAN_POINT('',(-13.,-10.45));
#10216 = VECTOR('',#10217,1.);
#10217 = DIRECTION('',(-1.,-0.));
#10218 = ( GEOMETRIC_REPRESENTATION_CONTEXT(2) 
PARAMETRIC_REPRESENTATION_CONTEXT() REPRESENTATION_CONTEXT('2D SPACE',''
  ) );
#10219 = ORIENTED_EDGE('',*,*,#9880,.F.);
#10220 = ORIENTED_EDGE('',*,*,#9795,.F.);
#10221 = ORIENTED_EDGE('',*,*,#5214,.T.);
#10222 = ORIENTED_EDGE('',*,*,#5164,.F.);
#10223 = ORIENTED_EDGE('',*,*,#5115,.T.);
#10224 = ORIENTED_EDGE('',*,*,#10040,.F.);
#10225 = ADVANCED_FACE('',(#10226),#420,.F.);
#10226 = FACE_BOUND('',#10227,.T.);
#10227 = EDGE_LOOP('',(#10228,#10229,#10252,#10274));
#10228 = ORIENTED_EDGE('',*,*,#399,.F.);
#10229 = ORIENTED_EDGE('',*,*,#10230,.T.);
#10230 = EDGE_CURVE('',#400,#10231,#10233,.T.);
#10231 = VERTEX_POINT('',#10232);
#10232 = CARTESIAN_POINT('',(-20.25,28.240970726667,41.673826819612));
#10233 = SURFACE_CURVE('',#10234,(#10238,#10245),.PCURVE_S1.);
#10234 = LINE('',#10235,#10236);
#10235 = CARTESIAN_POINT('',(30.,28.240970726667,41.673826819612));
#10236 = VECTOR('',#10237,1.);
#10237 = DIRECTION('',(-1.,-0.,-0.));
#10238 = PCURVE('',#420,#10239);
#10239 = DEFINITIONAL_REPRESENTATION('',(#10240),#10244);
#10240 = LINE('',#10241,#10242);
#10241 = CARTESIAN_POINT('',(-0.,0.));
#10242 = VECTOR('',#10243,1.);
#10243 = DIRECTION('',(-0.,-1.));
#10244 = ( GEOMETRIC_REPRESENTATION_CONTEXT(2) 
PARAMETRIC_REPRESENTATION_CONTEXT() REPRESENTATION_CONTEXT('2D SPACE',''
  ) );
#10245 = PCURVE('',#448,#10246);
#10246 = DEFINITIONAL_REPRESENTATION('',(#10247),#10251);
#10247 = LINE('',#10248,#10249);
#10248 = CARTESIAN_POINT('',(-23.99612877039,0.));
#10249 = VECTOR('',#10250,1.);
#10250 = DIRECTION('',(-0.,-1.));
#10251 = ( GEOMETRIC_REPRESENTATION_CONTEXT(2) 
PARAMETRIC_REPRESENTATION_CONTEXT() REPRESENTATION_CONTEXT('2D SPACE',''
  ) );
#10252 = ORIENTED_EDGE('',*,*,#10253,.T.);
#10253 = EDGE_CURVE('',#10231,#10177,#10254,.T.);
#10254 = SURFACE_CURVE('',#10255,(#10260,#10267),.PCURVE_S1.);
#10255 = CIRCLE('',#10256,15.879765304335);
#10256 = AXIS2_PLACEMENT_3D('',#10257,#10258,#10259);
#10257 = CARTESIAN_POINT('',(-20.25,42.329765304335,49.));
#10258 = DIRECTION('',(-1.,0.,-0.));
#10259 = DIRECTION('',(0.,-0.887216801235,-0.461352736642));
#10260 = PCURVE('',#420,#10261);
#10261 = DEFINITIONAL_REPRESENTATION('',(#10262),#10266);
#10262 = LINE('',#10263,#10264);
#10263 = CARTESIAN_POINT('',(-1.036778536477E-17,-50.25));
#10264 = VECTOR('',#10265,1.);
#10265 = DIRECTION('',(-1.,0.));
#10266 = ( GEOMETRIC_REPRESENTATION_CONTEXT(2) 
PARAMETRIC_REPRESENTATION_CONTEXT() REPRESENTATION_CONTEXT('2D SPACE',''
  ) );
#10267 = PCURVE('',#204,#10268);
#10268 = DEFINITIONAL_REPRESENTATION('',(#10269),#10273);
#10269 = CIRCLE('',#10270,15.879765304335);
#10270 = AXIS2_PLACEMENT_2D('',#10271,#10272);
#10271 = CARTESIAN_POINT('',(-26.,-26.32976530433));
#10272 = DIRECTION('',(0.461352736642,0.887216801235));
#10273 = ( GEOMETRIC_REPRESENTATION_CONTEXT(2) 
PARAMETRIC_REPRESENTATION_CONTEXT() REPRESENTATION_CONTEXT('2D SPACE',''
  ) );
#10274 = ORIENTED_EDGE('',*,*,#10176,.F.);
#10275 = ADVANCED_FACE('',(#10276,#10392,#10658),#448,.F.);
#10276 = FACE_BOUND('',#10277,.T.);
#10277 = EDGE_LOOP('',(#10278,#10279,#10280,#10314,#10337,#10371));
#10278 = ORIENTED_EDGE('',*,*,#10230,.F.);
#10279 = ORIENTED_EDGE('',*,*,#432,.T.);
#10280 = ORIENTED_EDGE('',*,*,#10281,.T.);
#10281 = EDGE_CURVE('',#433,#10282,#10284,.T.);
#10282 = VERTEX_POINT('',#10283);
#10283 = CARTESIAN_POINT('',(16.45,37.951360672865,23.));
#10284 = SURFACE_CURVE('',#10285,(#10290,#10301),.PCURVE_S1.);
#10285 = ELLIPSE('',#10286,4.283056852296,3.8);
#10286 = AXIS2_PLACEMENT_3D('',#10287,#10288,#10289);
#10287 = CARTESIAN_POINT('',(16.45,35.975360672865,26.8));
#10288 = DIRECTION('',(-0.,0.887216801235,0.461352736642));
#10289 = DIRECTION('',(-0.,0.461352736642,-0.887216801235));
#10290 = PCURVE('',#448,#10291);
#10291 = DEFINITIONAL_REPRESENTATION('',(#10292),#10300);
#10292 = ( BOUNDED_CURVE() B_SPLINE_CURVE(2,(#10293,#10294,#10295,#10296
    ,#10297,#10298,#10299),.UNSPECIFIED.,.T.,.F.) 
B_SPLINE_CURVE_WITH_KNOTS((1,2,2,2,2,1),(-2.094395102393,0.,
    2.094395102393,4.188790204786,6.28318530718,8.377580409573),
.UNSPECIFIED.) CURVE() GEOMETRIC_REPRESENTATION_ITEM() 
RATIONAL_B_SPLINE_CURVE((1.,0.5,1.,0.5,1.,0.5,1.)) REPRESENTATION_ITEM(
  '') );
#10293 = CARTESIAN_POINT('',(-2.948480897154,-13.55));
#10294 = CARTESIAN_POINT('',(-2.948480897154,-20.13179306876));
#10295 = CARTESIAN_POINT('',(-9.373066175598,-16.84089653438));
#10296 = CARTESIAN_POINT('',(-15.79765145404,-13.55));
#10297 = CARTESIAN_POINT('',(-9.373066175598,-10.25910346561));
#10298 = CARTESIAN_POINT('',(-2.948480897154,-6.968206931238));
#10299 = CARTESIAN_POINT('',(-2.948480897154,-13.55));
#10300 = ( GEOMETRIC_REPRESENTATION_CONTEXT(2) 
PARAMETRIC_REPRESENTATION_CONTEXT() REPRESENTATION_CONTEXT('2D SPACE',''
  ) );
#10301 = PCURVE('',#105,#10302);
#10302 = DEFINITIONAL_REPRESENTATION('',(#10303),#10313);
#10303 = B_SPLINE_CURVE_WITH_KNOTS('',8,(#10304,#10305,#10306,#10307,
    #10308,#10309,#10310,#10311,#10312),.UNSPECIFIED.,.F.,.F.,(9,9),(
    4.712388980385,6.28318530718),.PIECEWISE_BEZIER_KNOTS.);
#10304 = CARTESIAN_POINT('',(-1.570796326795,19.975360672865));
#10305 = CARTESIAN_POINT('',(-1.374446785946,20.363347365584));
#10306 = CARTESIAN_POINT('',(-1.178097245096,20.751334150392));
#10307 = CARTESIAN_POINT('',(-0.981747704244,21.116526877052));
#10308 = CARTESIAN_POINT('',(-0.785398163398,21.436135963878));
#10309 = CARTESIAN_POINT('',(-0.589048622545,21.6901691325));
#10310 = CARTESIAN_POINT('',(-0.392699081699,21.864296579493));
#10311 = CARTESIAN_POINT('',(-0.196349540849,21.951360672865));
#10312 = CARTESIAN_POINT('',(0.,21.951360672865));
#10313 = ( GEOMETRIC_REPRESENTATION_CONTEXT(2) 
PARAMETRIC_REPRESENTATION_CONTEXT() REPRESENTATION_CONTEXT('2D SPACE',''
  ) );
#10314 = ORIENTED_EDGE('',*,*,#10315,.T.);
#10315 = EDGE_CURVE('',#10282,#10316,#10318,.T.);
#10316 = VERTEX_POINT('',#10317);
#10317 = CARTESIAN_POINT('',(-16.45,37.951360672865,23.));
#10318 = SURFACE_CURVE('',#10319,(#10323,#10330),.PCURVE_S1.);
#10319 = LINE('',#10320,#10321);
#10320 = CARTESIAN_POINT('',(25.125,37.951360672865,23.));
#10321 = VECTOR('',#10322,1.);
#10322 = DIRECTION('',(-1.,-0.,-0.));
#10323 = PCURVE('',#448,#10324);
#10324 = DEFINITIONAL_REPRESENTATION('',(#10325),#10329);
#10325 = LINE('',#10326,#10327);
#10326 = CARTESIAN_POINT('',(-2.948480897154,-4.875));
#10327 = VECTOR('',#10328,1.);
#10328 = DIRECTION('',(-0.,-1.));
#10329 = ( GEOMETRIC_REPRESENTATION_CONTEXT(2) 
PARAMETRIC_REPRESENTATION_CONTEXT() REPRESENTATION_CONTEXT('2D SPACE',''
  ) );
#10330 = PCURVE('',#139,#10331);
#10331 = DEFINITIONAL_REPRESENTATION('',(#10332),#10336);
#10332 = LINE('',#10333,#10334);
#10333 = CARTESIAN_POINT('',(4.875,-21.95136067286));
#10334 = VECTOR('',#10335,1.);
#10335 = DIRECTION('',(-1.,0.));
#10336 = ( GEOMETRIC_REPRESENTATION_CONTEXT(2) 
PARAMETRIC_REPRESENTATION_CONTEXT() REPRESENTATION_CONTEXT('2D SPACE',''
  ) );
#10337 = ORIENTED_EDGE('',*,*,#10338,.T.);
#10338 = EDGE_CURVE('',#10316,#10339,#10341,.T.);
#10339 = VERTEX_POINT('',#10340);
#10340 = CARTESIAN_POINT('',(-20.25,35.975360672865,26.8));
#10341 = SURFACE_CURVE('',#10342,(#10347,#10358),.PCURVE_S1.);
#10342 = ELLIPSE('',#10343,4.283056852296,3.8);
#10343 = AXIS2_PLACEMENT_3D('',#10344,#10345,#10346);
#10344 = CARTESIAN_POINT('',(-16.45,35.975360672865,26.8));
#10345 = DIRECTION('',(-0.,0.887216801235,0.461352736642));
#10346 = DIRECTION('',(-0.,0.461352736642,-0.887216801235));
#10347 = PCURVE('',#448,#10348);
#10348 = DEFINITIONAL_REPRESENTATION('',(#10349),#10357);
#10349 = ( BOUNDED_CURVE() B_SPLINE_CURVE(2,(#10350,#10351,#10352,#10353
    ,#10354,#10355,#10356),.UNSPECIFIED.,.T.,.F.) 
B_SPLINE_CURVE_WITH_KNOTS((1,2,2,2,2,1),(-2.094395102393,0.,
    2.094395102393,4.188790204786,6.28318530718,8.377580409573),
.UNSPECIFIED.) CURVE() GEOMETRIC_REPRESENTATION_ITEM() 
RATIONAL_B_SPLINE_CURVE((1.,0.5,1.,0.5,1.,0.5,1.)) REPRESENTATION_ITEM(
  '') );
#10350 = CARTESIAN_POINT('',(-2.948480897154,-46.45));
#10351 = CARTESIAN_POINT('',(-2.948480897154,-53.03179306876));
#10352 = CARTESIAN_POINT('',(-9.373066175598,-49.74089653438));
#10353 = CARTESIAN_POINT('',(-15.79765145404,-46.45));
#10354 = CARTESIAN_POINT('',(-9.373066175598,-43.15910346561));
#10355 = CARTESIAN_POINT('',(-2.948480897154,-39.86820693123));
#10356 = CARTESIAN_POINT('',(-2.948480897154,-46.45));
#10357 = ( GEOMETRIC_REPRESENTATION_CONTEXT(2) 
PARAMETRIC_REPRESENTATION_CONTEXT() REPRESENTATION_CONTEXT('2D SPACE',''
  ) );
#10358 = PCURVE('',#172,#10359);
#10359 = DEFINITIONAL_REPRESENTATION('',(#10360),#10370);
#10360 = B_SPLINE_CURVE_WITH_KNOTS('',8,(#10361,#10362,#10363,#10364,
    #10365,#10366,#10367,#10368,#10369),.UNSPECIFIED.,.F.,.F.,(9,9),(
    1.135381031785E-17,1.570796326795),.PIECEWISE_BEZIER_KNOTS.);
#10361 = CARTESIAN_POINT('',(0.,21.951360672865));
#10362 = CARTESIAN_POINT('',(0.196349540849,21.951360672865));
#10363 = CARTESIAN_POINT('',(0.392699081699,21.864296579506));
#10364 = CARTESIAN_POINT('',(0.589048622546,21.690169132418));
#10365 = CARTESIAN_POINT('',(0.785398163398,21.436135963927));
#10366 = CARTESIAN_POINT('',(0.981747704245,21.11652687703));
#10367 = CARTESIAN_POINT('',(1.178097245096,20.751334150414));
#10368 = CARTESIAN_POINT('',(1.374446785946,20.363347365584));
#10369 = CARTESIAN_POINT('',(1.570796326795,19.975360672865));
#10370 = ( GEOMETRIC_REPRESENTATION_CONTEXT(2) 
PARAMETRIC_REPRESENTATION_CONTEXT() REPRESENTATION_CONTEXT('2D SPACE',''
  ) );
#10371 = ORIENTED_EDGE('',*,*,#10372,.T.);
#10372 = EDGE_CURVE('',#10339,#10231,#10373,.T.);
#10373 = SURFACE_CURVE('',#10374,(#10378,#10385),.PCURVE_S1.);
#10374 = LINE('',#10375,#10376);
#10375 = CARTESIAN_POINT('',(-20.25,36.295372066172,26.18459347441));
#10376 = VECTOR('',#10377,1.);
#10377 = DIRECTION('',(-0.,-0.461352736642,0.887216801235));
#10378 = PCURVE('',#448,#10379);
#10379 = DEFINITIONAL_REPRESENTATION('',(#10380),#10384);
#10380 = LINE('',#10381,#10382);
#10381 = CARTESIAN_POINT('',(-6.537900608298,-50.25));
#10382 = VECTOR('',#10383,1.);
#10383 = DIRECTION('',(-1.,0.));
#10384 = ( GEOMETRIC_REPRESENTATION_CONTEXT(2) 
PARAMETRIC_REPRESENTATION_CONTEXT() REPRESENTATION_CONTEXT('2D SPACE',''
  ) );
#10385 = PCURVE('',#204,#10386);
#10386 = DEFINITIONAL_REPRESENTATION('',(#10387),#10391);
#10387 = LINE('',#10388,#10389);
#10388 = CARTESIAN_POINT('',(-3.18459347441,-20.29537206617));
#10389 = VECTOR('',#10390,1.);
#10390 = DIRECTION('',(-0.887216801235,0.461352736642));
#10391 = ( GEOMETRIC_REPRESENTATION_CONTEXT(2) 
PARAMETRIC_REPRESENTATION_CONTEXT() REPRESENTATION_CONTEXT('2D SPACE',''
  ) );
#10392 = FACE_BOUND('',#10393,.T.);
#10393 = EDGE_LOOP('',(#10394,#10434,#10462,#10500,#10528,#10566,#10594,
    #10632));
#10394 = ORIENTED_EDGE('',*,*,#10395,.F.);
#10395 = EDGE_CURVE('',#10396,#10398,#10400,.T.);
#10396 = VERTEX_POINT('',#10397);
#10397 = CARTESIAN_POINT('',(8.25,35.598360672865,27.525));
#10398 = VERTEX_POINT('',#10399);
#10399 = CARTESIAN_POINT('',(7.65,35.910360672865,26.925));
#10400 = SURFACE_CURVE('',#10401,(#10406,#10417),.PCURVE_S1.);
#10401 = ELLIPSE('',#10402,0.676272134573,0.6);
#10402 = AXIS2_PLACEMENT_3D('',#10403,#10404,#10405);
#10403 = CARTESIAN_POINT('',(7.65,35.598360672865,27.525));
#10404 = DIRECTION('',(-0.,0.887216801235,0.461352736642));
#10405 = DIRECTION('',(-0.,0.461352736642,-0.887216801235));
#10406 = PCURVE('',#448,#10407);
#10407 = DEFINITIONAL_REPRESENTATION('',(#10408),#10416);
#10408 = ( BOUNDED_CURVE() B_SPLINE_CURVE(2,(#10409,#10410,#10411,#10412
    ,#10413,#10414,#10415),.UNSPECIFIED.,.T.,.F.) 
B_SPLINE_CURVE_WITH_KNOTS((1,2,2,2,2,1),(-2.094395102393,0.,
    2.094395102393,4.188790204786,6.28318530718,8.377580409573),
.UNSPECIFIED.) CURVE() GEOMETRIC_REPRESENTATION_ITEM() 
RATIONAL_B_SPLINE_CURVE((1.,0.5,1.,0.5,1.,0.5,1.)) REPRESENTATION_ITEM(
  '') );
#10409 = CARTESIAN_POINT('',(-7.372427777486,-22.35));
#10410 = CARTESIAN_POINT('',(-7.372427777486,-23.38923048454));
#10411 = CARTESIAN_POINT('',(-8.386835979345,-22.86961524227));
#10412 = CARTESIAN_POINT('',(-9.401244181205,-22.35));
#10413 = CARTESIAN_POINT('',(-8.386835979345,-21.83038475772));
#10414 = CARTESIAN_POINT('',(-7.372427777486,-21.31076951545));
#10415 = CARTESIAN_POINT('',(-7.372427777486,-22.35));
#10416 = ( GEOMETRIC_REPRESENTATION_CONTEXT(2) 
PARAMETRIC_REPRESENTATION_CONTEXT() REPRESENTATION_CONTEXT('2D SPACE',''
  ) );
#10417 = PCURVE('',#10418,#10423);
#10418 = CYLINDRICAL_SURFACE('',#10419,0.6);
#10419 = AXIS2_PLACEMENT_3D('',#10420,#10421,#10422);
#10420 = CARTESIAN_POINT('',(7.65,16.,27.525));
#10421 = DIRECTION('',(-0.,1.,-0.));
#10422 = DIRECTION('',(-0.,-0.,-1.));
#10423 = DEFINITIONAL_REPRESENTATION('',(#10424),#10433);
#10424 = B_SPLINE_CURVE_WITH_KNOTS('',7,(#10425,#10426,#10427,#10428,
    #10429,#10430,#10431,#10432),.UNSPECIFIED.,.F.,.F.,(8,8),(
    4.712388980385,6.28318530718),.PIECEWISE_BEZIER_KNOTS.);
#10425 = CARTESIAN_POINT('',(-1.570796326795,19.598360672865));
#10426 = CARTESIAN_POINT('',(-1.346396851538,19.668373309145));
#10427 = CARTESIAN_POINT('',(-1.121997376282,19.738385661136));
#10428 = CARTESIAN_POINT('',(-0.897597901026,19.802641682498));
#10429 = CARTESIAN_POINT('',(-0.67319842577,19.85537457432));
#10430 = CARTESIAN_POINT('',(-0.448798950513,19.892031087006));
#10431 = CARTESIAN_POINT('',(-0.224399475256,19.910360672865));
#10432 = CARTESIAN_POINT('',(0.,19.910360672865));
#10433 = ( GEOMETRIC_REPRESENTATION_CONTEXT(2) 
PARAMETRIC_REPRESENTATION_CONTEXT() REPRESENTATION_CONTEXT('2D SPACE',''
  ) );
#10434 = ORIENTED_EDGE('',*,*,#10435,.F.);
#10435 = EDGE_CURVE('',#10436,#10396,#10438,.T.);
#10436 = VERTEX_POINT('',#10437);
#10437 = CARTESIAN_POINT('',(8.25,35.520360672865,27.675));
#10438 = SURFACE_CURVE('',#10439,(#10443,#10450),.PCURVE_S1.);
#10439 = LINE('',#10440,#10441);
#10440 = CARTESIAN_POINT('',(8.25,35.215790831915,28.260711232596));
#10441 = VECTOR('',#10442,1.);
#10442 = DIRECTION('',(-0.,0.461352736642,-0.887216801235));
#10443 = PCURVE('',#448,#10444);
#10444 = DEFINITIONAL_REPRESENTATION('',(#10445),#10449);
#10445 = LINE('',#10446,#10447);
#10446 = CARTESIAN_POINT('',(-8.877934921554,-21.75));
#10447 = VECTOR('',#10448,1.);
#10448 = DIRECTION('',(1.,-0.));
#10449 = ( GEOMETRIC_REPRESENTATION_CONTEXT(2) 
PARAMETRIC_REPRESENTATION_CONTEXT() REPRESENTATION_CONTEXT('2D SPACE',''
  ) );
#10450 = PCURVE('',#10451,#10456);
#10451 = PLANE('',#10452);
#10452 = AXIS2_PLACEMENT_3D('',#10453,#10454,#10455);
#10453 = CARTESIAN_POINT('',(8.25,16.,28.275));
#10454 = DIRECTION('',(1.,-0.,-0.));
#10455 = DIRECTION('',(0.,0.,1.));
#10456 = DEFINITIONAL_REPRESENTATION('',(#10457),#10461);
#10457 = LINE('',#10458,#10459);
#10458 = CARTESIAN_POINT('',(-1.428876740401E-02,-19.21579083191));
#10459 = VECTOR('',#10460,1.);
#10460 = DIRECTION('',(-0.887216801235,-0.461352736642));
#10461 = ( GEOMETRIC_REPRESENTATION_CONTEXT(2) 
PARAMETRIC_REPRESENTATION_CONTEXT() REPRESENTATION_CONTEXT('2D SPACE',''
  ) );
#10462 = ORIENTED_EDGE('',*,*,#10463,.F.);
#10463 = EDGE_CURVE('',#10464,#10436,#10466,.T.);
#10464 = VERTEX_POINT('',#10465);
#10465 = CARTESIAN_POINT('',(7.65,35.208360672865,28.275));
#10466 = SURFACE_CURVE('',#10467,(#10472,#10483),.PCURVE_S1.);
#10467 = ELLIPSE('',#10468,0.676272134573,0.6);
#10468 = AXIS2_PLACEMENT_3D('',#10469,#10470,#10471);
#10469 = CARTESIAN_POINT('',(7.65,35.520360672865,27.675));
#10470 = DIRECTION('',(-0.,0.887216801235,0.461352736642));
#10471 = DIRECTION('',(-0.,0.461352736642,-0.887216801235));
#10472 = PCURVE('',#448,#10473);
#10473 = DEFINITIONAL_REPRESENTATION('',(#10474),#10482);
#10474 = ( BOUNDED_CURVE() B_SPLINE_CURVE(2,(#10475,#10476,#10477,#10478
    ,#10479,#10480,#10481),.UNSPECIFIED.,.T.,.F.) 
B_SPLINE_CURVE_WITH_KNOTS((1,2,2,2,2,1),(-2.094395102393,0.,
    2.094395102393,4.188790204786,6.28318530718,8.377580409573),
.UNSPECIFIED.) CURVE() GEOMETRIC_REPRESENTATION_ITEM() 
RATIONAL_B_SPLINE_CURVE((1.,0.5,1.,0.5,1.,0.5,1.)) REPRESENTATION_ITEM(
  '') );
#10475 = CARTESIAN_POINT('',(-7.541495811129,-22.35));
#10476 = CARTESIAN_POINT('',(-7.541495811129,-23.38923048454));
#10477 = CARTESIAN_POINT('',(-8.555904012989,-22.86961524227));
#10478 = CARTESIAN_POINT('',(-9.570312214848,-22.35));
#10479 = CARTESIAN_POINT('',(-8.555904012989,-21.83038475772));
#10480 = CARTESIAN_POINT('',(-7.541495811129,-21.31076951545));
#10481 = CARTESIAN_POINT('',(-7.541495811129,-22.35));
#10482 = ( GEOMETRIC_REPRESENTATION_CONTEXT(2) 
PARAMETRIC_REPRESENTATION_CONTEXT() REPRESENTATION_CONTEXT('2D SPACE',''
  ) );
#10483 = PCURVE('',#10484,#10489);
#10484 = CYLINDRICAL_SURFACE('',#10485,0.6);
#10485 = AXIS2_PLACEMENT_3D('',#10486,#10487,#10488);
#10486 = CARTESIAN_POINT('',(7.65,16.,27.675));
#10487 = DIRECTION('',(-0.,1.,-0.));
#10488 = DIRECTION('',(-0.,-0.,1.));
#10489 = DEFINITIONAL_REPRESENTATION('',(#10490),#10499);
#10490 = B_SPLINE_CURVE_WITH_KNOTS('',7,(#10491,#10492,#10493,#10494,
    #10495,#10496,#10497,#10498),.UNSPECIFIED.,.F.,.F.,(8,8),(
    3.14159265359,4.712388980385),.PIECEWISE_BEZIER_KNOTS.);
#10491 = CARTESIAN_POINT('',(0.,19.208360672865));
#10492 = CARTESIAN_POINT('',(0.224399475256,19.208360672865));
#10493 = CARTESIAN_POINT('',(0.448798950513,19.226690258721));
#10494 = CARTESIAN_POINT('',(0.673198425769,19.263346771421));
#10495 = CARTESIAN_POINT('',(0.897597901026,19.316079663229));
#10496 = CARTESIAN_POINT('',(1.121997376282,19.380335684596));
#10497 = CARTESIAN_POINT('',(1.346396851538,19.450348036585));
#10498 = CARTESIAN_POINT('',(1.570796326795,19.520360672865));
#10499 = ( GEOMETRIC_REPRESENTATION_CONTEXT(2) 
PARAMETRIC_REPRESENTATION_CONTEXT() REPRESENTATION_CONTEXT('2D SPACE',''
  ) );
#10500 = ORIENTED_EDGE('',*,*,#10501,.F.);
#10501 = EDGE_CURVE('',#10502,#10464,#10504,.T.);
#10502 = VERTEX_POINT('',#10503);
#10503 = CARTESIAN_POINT('',(-7.65,35.208360672865,28.275));
#10504 = SURFACE_CURVE('',#10505,(#10509,#10516),.PCURVE_S1.);
#10505 = LINE('',#10506,#10507);
#10506 = CARTESIAN_POINT('',(10.875,35.208360672865,28.275));
#10507 = VECTOR('',#10508,1.);
#10508 = DIRECTION('',(1.,-0.,0.));
#10509 = PCURVE('',#448,#10510);
#10510 = DEFINITIONAL_REPRESENTATION('',(#10511),#10515);
#10511 = LINE('',#10512,#10513);
#10512 = CARTESIAN_POINT('',(-8.894040080275,-19.125));
#10513 = VECTOR('',#10514,1.);
#10514 = DIRECTION('',(-0.,1.));
#10515 = ( GEOMETRIC_REPRESENTATION_CONTEXT(2) 
PARAMETRIC_REPRESENTATION_CONTEXT() REPRESENTATION_CONTEXT('2D SPACE',''
  ) );
#10516 = PCURVE('',#10517,#10522);
#10517 = PLANE('',#10518);
#10518 = AXIS2_PLACEMENT_3D('',#10519,#10520,#10521);
#10519 = CARTESIAN_POINT('',(-8.25,16.,28.275));
#10520 = DIRECTION('',(-0.,-0.,1.));
#10521 = DIRECTION('',(-1.,0.,0.));
#10522 = DEFINITIONAL_REPRESENTATION('',(#10523),#10527);
#10523 = LINE('',#10524,#10525);
#10524 = CARTESIAN_POINT('',(-19.125,-19.20836067286));
#10525 = VECTOR('',#10526,1.);
#10526 = DIRECTION('',(-1.,-0.));
#10527 = ( GEOMETRIC_REPRESENTATION_CONTEXT(2) 
PARAMETRIC_REPRESENTATION_CONTEXT() REPRESENTATION_CONTEXT('2D SPACE',''
  ) );
#10528 = ORIENTED_EDGE('',*,*,#10529,.F.);
#10529 = EDGE_CURVE('',#10530,#10502,#10532,.T.);
#10530 = VERTEX_POINT('',#10531);
#10531 = CARTESIAN_POINT('',(-8.25,35.520360672865,27.675));
#10532 = SURFACE_CURVE('',#10533,(#10538,#10549),.PCURVE_S1.);
#10533 = ELLIPSE('',#10534,0.676272134573,0.6);
#10534 = AXIS2_PLACEMENT_3D('',#10535,#10536,#10537);
#10535 = CARTESIAN_POINT('',(-7.65,35.520360672865,27.675));
#10536 = DIRECTION('',(-0.,0.887216801235,0.461352736642));
#10537 = DIRECTION('',(-0.,0.461352736642,-0.887216801235));
#10538 = PCURVE('',#448,#10539);
#10539 = DEFINITIONAL_REPRESENTATION('',(#10540),#10548);
#10540 = ( BOUNDED_CURVE() B_SPLINE_CURVE(2,(#10541,#10542,#10543,#10544
    ,#10545,#10546,#10547),.UNSPECIFIED.,.T.,.F.) 
B_SPLINE_CURVE_WITH_KNOTS((1,2,2,2,2,1),(-2.094395102393,0.,
    2.094395102393,4.188790204786,6.28318530718,8.377580409573),
.UNSPECIFIED.) CURVE() GEOMETRIC_REPRESENTATION_ITEM() 
RATIONAL_B_SPLINE_CURVE((1.,0.5,1.,0.5,1.,0.5,1.)) REPRESENTATION_ITEM(
  '') );
#10541 = CARTESIAN_POINT('',(-7.541495811129,-37.65));
#10542 = CARTESIAN_POINT('',(-7.541495811129,-38.68923048454));
#10543 = CARTESIAN_POINT('',(-8.555904012989,-38.16961524227));
#10544 = CARTESIAN_POINT('',(-9.570312214848,-37.65));
#10545 = CARTESIAN_POINT('',(-8.555904012989,-37.13038475772));
#10546 = CARTESIAN_POINT('',(-7.541495811129,-36.61076951545));
#10547 = CARTESIAN_POINT('',(-7.541495811129,-37.65));
#10548 = ( GEOMETRIC_REPRESENTATION_CONTEXT(2) 
PARAMETRIC_REPRESENTATION_CONTEXT() REPRESENTATION_CONTEXT('2D SPACE',''
  ) );
#10549 = PCURVE('',#10550,#10555);
#10550 = CYLINDRICAL_SURFACE('',#10551,0.6);
#10551 = AXIS2_PLACEMENT_3D('',#10552,#10553,#10554);
#10552 = CARTESIAN_POINT('',(-7.65,16.,27.675));
#10553 = DIRECTION('',(-0.,1.,-0.));
#10554 = DIRECTION('',(-1.,-0.,-0.));
#10555 = DEFINITIONAL_REPRESENTATION('',(#10556),#10565);
#10556 = B_SPLINE_CURVE_WITH_KNOTS('',7,(#10557,#10558,#10559,#10560,
    #10561,#10562,#10563,#10564),.UNSPECIFIED.,.F.,.F.,(8,8),(
    1.570796326795,3.14159265359),.PIECEWISE_BEZIER_KNOTS.);
#10557 = CARTESIAN_POINT('',(0.,19.520360672865));
#10558 = CARTESIAN_POINT('',(0.224399475256,19.450348036585));
#10559 = CARTESIAN_POINT('',(0.448798950513,19.380335684605));
#10560 = CARTESIAN_POINT('',(0.673198425769,19.316079663208));
#10561 = CARTESIAN_POINT('',(0.897597901026,19.263346771441));
#10562 = CARTESIAN_POINT('',(1.121997376282,19.226690258714));
#10563 = CARTESIAN_POINT('',(1.346396851538,19.208360672865));
#10564 = CARTESIAN_POINT('',(1.570796326795,19.208360672865));
#10565 = ( GEOMETRIC_REPRESENTATION_CONTEXT(2) 
PARAMETRIC_REPRESENTATION_CONTEXT() REPRESENTATION_CONTEXT('2D SPACE',''
  ) );
#10566 = ORIENTED_EDGE('',*,*,#10567,.F.);
#10567 = EDGE_CURVE('',#10568,#10530,#10570,.T.);
#10568 = VERTEX_POINT('',#10569);
#10569 = CARTESIAN_POINT('',(-8.25,35.598360672865,27.525));
#10570 = SURFACE_CURVE('',#10571,(#10575,#10582),.PCURVE_S1.);
#10571 = LINE('',#10572,#10573);
#10572 = CARTESIAN_POINT('',(-8.25,35.492081763905,27.729382517231));
#10573 = VECTOR('',#10574,1.);
#10574 = DIRECTION('',(-0.,-0.461352736642,0.887216801235));
#10575 = PCURVE('',#448,#10576);
#10576 = DEFINITIONAL_REPRESENTATION('',(#10577),#10581);
#10577 = LINE('',#10578,#10579);
#10578 = CARTESIAN_POINT('',(-8.279063580721,-38.25));
#10579 = VECTOR('',#10580,1.);
#10580 = DIRECTION('',(-1.,0.));
#10581 = ( GEOMETRIC_REPRESENTATION_CONTEXT(2) 
PARAMETRIC_REPRESENTATION_CONTEXT() REPRESENTATION_CONTEXT('2D SPACE',''
  ) );
#10582 = PCURVE('',#10583,#10588);
#10583 = PLANE('',#10584);
#10584 = AXIS2_PLACEMENT_3D('',#10585,#10586,#10587);
#10585 = CARTESIAN_POINT('',(-8.25,16.,26.925));
#10586 = DIRECTION('',(-1.,-0.,-0.));
#10587 = DIRECTION('',(0.,0.,-1.));
#10588 = DEFINITIONAL_REPRESENTATION('',(#10589),#10593);
#10589 = LINE('',#10590,#10591);
#10590 = CARTESIAN_POINT('',(-0.804382517231,-19.4920817639));
#10591 = VECTOR('',#10592,1.);
#10592 = DIRECTION('',(-0.887216801235,0.461352736642));
#10593 = ( GEOMETRIC_REPRESENTATION_CONTEXT(2) 
PARAMETRIC_REPRESENTATION_CONTEXT() REPRESENTATION_CONTEXT('2D SPACE',''
  ) );
#10594 = ORIENTED_EDGE('',*,*,#10595,.F.);
#10595 = EDGE_CURVE('',#10596,#10568,#10598,.T.);
#10596 = VERTEX_POINT('',#10597);
#10597 = CARTESIAN_POINT('',(-7.65,35.910360672865,26.925));
#10598 = SURFACE_CURVE('',#10599,(#10604,#10615),.PCURVE_S1.);
#10599 = ELLIPSE('',#10600,0.676272134573,0.6);
#10600 = AXIS2_PLACEMENT_3D('',#10601,#10602,#10603);
#10601 = CARTESIAN_POINT('',(-7.65,35.598360672865,27.525));
#10602 = DIRECTION('',(-0.,0.887216801235,0.461352736642));
#10603 = DIRECTION('',(-0.,0.461352736642,-0.887216801235));
#10604 = PCURVE('',#448,#10605);
#10605 = DEFINITIONAL_REPRESENTATION('',(#10606),#10614);
#10606 = ( BOUNDED_CURVE() B_SPLINE_CURVE(2,(#10607,#10608,#10609,#10610
    ,#10611,#10612,#10613),.UNSPECIFIED.,.T.,.F.) 
B_SPLINE_CURVE_WITH_KNOTS((1,2,2,2,2,1),(-2.094395102393,0.,
    2.094395102393,4.188790204786,6.28318530718,8.377580409573),
.UNSPECIFIED.) CURVE() GEOMETRIC_REPRESENTATION_ITEM() 
RATIONAL_B_SPLINE_CURVE((1.,0.5,1.,0.5,1.,0.5,1.)) REPRESENTATION_ITEM(
  '') );
#10607 = CARTESIAN_POINT('',(-7.372427777486,-37.65));
#10608 = CARTESIAN_POINT('',(-7.372427777486,-38.68923048454));
#10609 = CARTESIAN_POINT('',(-8.386835979345,-38.16961524227));
#10610 = CARTESIAN_POINT('',(-9.401244181205,-37.65));
#10611 = CARTESIAN_POINT('',(-8.386835979345,-37.13038475772));
#10612 = CARTESIAN_POINT('',(-7.372427777486,-36.61076951545));
#10613 = CARTESIAN_POINT('',(-7.372427777486,-37.65));
#10614 = ( GEOMETRIC_REPRESENTATION_CONTEXT(2) 
PARAMETRIC_REPRESENTATION_CONTEXT() REPRESENTATION_CONTEXT('2D SPACE',''
  ) );
#10615 = PCURVE('',#10616,#10621);
#10616 = CYLINDRICAL_SURFACE('',#10617,0.6);
#10617 = AXIS2_PLACEMENT_3D('',#10618,#10619,#10620);
#10618 = CARTESIAN_POINT('',(-7.65,16.,27.525));
#10619 = DIRECTION('',(-0.,1.,-0.));
#10620 = DIRECTION('',(-0.,-0.,-1.));
#10621 = DEFINITIONAL_REPRESENTATION('',(#10622),#10631);
#10622 = B_SPLINE_CURVE_WITH_KNOTS('',7,(#10623,#10624,#10625,#10626,
    #10627,#10628,#10629,#10630),.UNSPECIFIED.,.F.,.F.,(8,8),(
    7.115566971099E-17,1.570796326795),.PIECEWISE_BEZIER_KNOTS.);
#10623 = CARTESIAN_POINT('',(0.,19.910360672865));
#10624 = CARTESIAN_POINT('',(0.224399475256,19.910360672865));
#10625 = CARTESIAN_POINT('',(0.448798950513,19.89203108701));
#10626 = CARTESIAN_POINT('',(0.673198425769,19.855374574314));
#10627 = CARTESIAN_POINT('',(0.897597901026,19.802641682503));
#10628 = CARTESIAN_POINT('',(1.121997376282,19.738385661133));
#10629 = CARTESIAN_POINT('',(1.346396851538,19.668373309145));
#10630 = CARTESIAN_POINT('',(1.570796326795,19.598360672865));
#10631 = ( GEOMETRIC_REPRESENTATION_CONTEXT(2) 
PARAMETRIC_REPRESENTATION_CONTEXT() REPRESENTATION_CONTEXT('2D SPACE',''
  ) );
#10632 = ORIENTED_EDGE('',*,*,#10633,.F.);
#10633 = EDGE_CURVE('',#10398,#10596,#10634,.T.);
#10634 = SURFACE_CURVE('',#10635,(#10639,#10646),.PCURVE_S1.);
#10635 = LINE('',#10636,#10637);
#10636 = CARTESIAN_POINT('',(19.125,35.910360672865,26.925));
#10637 = VECTOR('',#10638,1.);
#10638 = DIRECTION('',(-1.,-0.,-0.));
#10639 = PCURVE('',#448,#10640);
#10640 = DEFINITIONAL_REPRESENTATION('',(#10641),#10645);
#10641 = LINE('',#10642,#10643);
#10642 = CARTESIAN_POINT('',(-7.372427777486,-10.875));
#10643 = VECTOR('',#10644,1.);
#10644 = DIRECTION('',(-0.,-1.));
#10645 = ( GEOMETRIC_REPRESENTATION_CONTEXT(2) 
PARAMETRIC_REPRESENTATION_CONTEXT() REPRESENTATION_CONTEXT('2D SPACE',''
  ) );
#10646 = PCURVE('',#10647,#10652);
#10647 = PLANE('',#10648);
#10648 = AXIS2_PLACEMENT_3D('',#10649,#10650,#10651);
#10649 = CARTESIAN_POINT('',(8.25,16.,26.925));
#10650 = DIRECTION('',(-0.,-0.,-1.));
#10651 = DIRECTION('',(1.,0.,0.));
#10652 = DEFINITIONAL_REPRESENTATION('',(#10653),#10657);
#10653 = LINE('',#10654,#10655);
#10654 = CARTESIAN_POINT('',(10.875,-19.91036067286));
#10655 = VECTOR('',#10656,1.);
#10656 = DIRECTION('',(-1.,0.));
#10657 = ( GEOMETRIC_REPRESENTATION_CONTEXT(2) 
PARAMETRIC_REPRESENTATION_CONTEXT() REPRESENTATION_CONTEXT('2D SPACE',''
  ) );
#10658 = FACE_BOUND('',#10659,.T.);
#10659 = EDGE_LOOP('',(#10660,#10700,#10728,#10766,#10794,#10832,#10860,
    #10898));
#10660 = ORIENTED_EDGE('',*,*,#10661,.F.);
#10661 = EDGE_CURVE('',#10662,#10664,#10666,.T.);
#10662 = VERTEX_POINT('',#10663);
#10663 = CARTESIAN_POINT('',(17.,33.219360672865,32.1));
#10664 = VERTEX_POINT('',#10665);
#10665 = CARTESIAN_POINT('',(15.75,33.869360672865,30.85));
#10666 = SURFACE_CURVE('',#10667,(#10672,#10683),.PCURVE_S1.);
#10667 = ELLIPSE('',#10668,1.408900280361,1.25);
#10668 = AXIS2_PLACEMENT_3D('',#10669,#10670,#10671);
#10669 = CARTESIAN_POINT('',(15.75,33.219360672865,32.1));
#10670 = DIRECTION('',(-0.,0.887216801235,0.461352736642));
#10671 = DIRECTION('',(-0.,0.461352736642,-0.887216801235));
#10672 = PCURVE('',#448,#10673);
#10673 = DEFINITIONAL_REPRESENTATION('',(#10674),#10682);
#10674 = ( BOUNDED_CURVE() B_SPLINE_CURVE(2,(#10675,#10676,#10677,#10678
    ,#10679,#10680,#10681),.UNSPECIFIED.,.T.,.F.) 
B_SPLINE_CURVE_WITH_KNOTS((1,2,2,2,2,1),(-2.094395102393,0.,
    2.094395102393,4.188790204786,6.28318530718,8.377580409573),
.UNSPECIFIED.) CURVE() GEOMETRIC_REPRESENTATION_ITEM() 
RATIONAL_B_SPLINE_CURVE((1.,0.5,1.,0.5,1.,0.5,1.)) REPRESENTATION_ITEM(
  '') );
#10675 = CARTESIAN_POINT('',(-11.79637465781,-14.25));
#10676 = CARTESIAN_POINT('',(-11.79637465781,-16.41506350946));
#10677 = CARTESIAN_POINT('',(-13.90972507835,-15.33253175473));
#10678 = CARTESIAN_POINT('',(-16.0230754989,-14.25));
#10679 = CARTESIAN_POINT('',(-13.90972507835,-13.16746824526));
#10680 = CARTESIAN_POINT('',(-11.79637465781,-12.08493649053));
#10681 = CARTESIAN_POINT('',(-11.79637465781,-14.25));
#10682 = ( GEOMETRIC_REPRESENTATION_CONTEXT(2) 
PARAMETRIC_REPRESENTATION_CONTEXT() REPRESENTATION_CONTEXT('2D SPACE',''
  ) );
#10683 = PCURVE('',#10684,#10689);
#10684 = CYLINDRICAL_SURFACE('',#10685,1.25);
#10685 = AXIS2_PLACEMENT_3D('',#10686,#10687,#10688);
#10686 = CARTESIAN_POINT('',(15.75,16.,32.1));
#10687 = DIRECTION('',(-0.,1.,-0.));
#10688 = DIRECTION('',(-0.,-0.,-1.));
#10689 = DEFINITIONAL_REPRESENTATION('',(#10690),#10699);
#10690 = B_SPLINE_CURVE_WITH_KNOTS('',7,(#10691,#10692,#10693,#10694,
    #10695,#10696,#10697,#10698),.UNSPECIFIED.,.F.,.F.,(8,8),(
    4.712388980385,6.28318530718),.PIECEWISE_BEZIER_KNOTS.);
#10691 = CARTESIAN_POINT('',(-1.570796326795,17.219360672865));
#10692 = CARTESIAN_POINT('',(-1.346396851538,17.365220331782));
#10693 = CARTESIAN_POINT('',(-1.121997376282,17.511079398425));
#10694 = CARTESIAN_POINT('',(-0.897597901026,17.644946109614));
#10695 = CARTESIAN_POINT('',(-0.673198425769,17.754806300876));
#10696 = CARTESIAN_POINT('',(-0.448798950513,17.831174035667));
#10697 = CARTESIAN_POINT('',(-0.224399475256,17.869360672865));
#10698 = CARTESIAN_POINT('',(0.,17.869360672865));
#10699 = ( GEOMETRIC_REPRESENTATION_CONTEXT(2) 
PARAMETRIC_REPRESENTATION_CONTEXT() REPRESENTATION_CONTEXT('2D SPACE',''
  ) );
#10700 = ORIENTED_EDGE('',*,*,#10701,.F.);
#10701 = EDGE_CURVE('',#10702,#10662,#10704,.T.);
#10702 = VERTEX_POINT('',#10703);
#10703 = CARTESIAN_POINT('',(17.,29.475360672865,39.3));
#10704 = SURFACE_CURVE('',#10705,(#10709,#10716),.PCURVE_S1.);
#10705 = LINE('',#10706,#10707);
#10706 = CARTESIAN_POINT('',(17.,32.703589950303,33.091866774158));
#10707 = VECTOR('',#10708,1.);
#10708 = DIRECTION('',(-0.,0.461352736642,-0.887216801235));
#10709 = PCURVE('',#448,#10710);
#10710 = DEFINITIONAL_REPRESENTATION('',(#10711),#10715);
#10711 = LINE('',#10712,#10713);
#10712 = CARTESIAN_POINT('',(-14.32322803913,-13.));
#10713 = VECTOR('',#10714,1.);
#10714 = DIRECTION('',(1.,-0.));
#10715 = ( GEOMETRIC_REPRESENTATION_CONTEXT(2) 
PARAMETRIC_REPRESENTATION_CONTEXT() REPRESENTATION_CONTEXT('2D SPACE',''
  ) );
#10716 = PCURVE('',#10717,#10722);
#10717 = PLANE('',#10718);
#10718 = AXIS2_PLACEMENT_3D('',#10719,#10720,#10721);
#10719 = CARTESIAN_POINT('',(17.,16.,40.55));
#10720 = DIRECTION('',(1.,-0.,-0.));
#10721 = DIRECTION('',(0.,0.,1.));
#10722 = DEFINITIONAL_REPRESENTATION('',(#10723),#10727);
#10723 = LINE('',#10724,#10725);
#10724 = CARTESIAN_POINT('',(-7.458133225842,-16.7035899503));
#10725 = VECTOR('',#10726,1.);
#10726 = DIRECTION('',(-0.887216801235,-0.461352736642));
#10727 = ( GEOMETRIC_REPRESENTATION_CONTEXT(2) 
PARAMETRIC_REPRESENTATION_CONTEXT() REPRESENTATION_CONTEXT('2D SPACE',''
  ) );
#10728 = ORIENTED_EDGE('',*,*,#10729,.F.);
#10729 = EDGE_CURVE('',#10730,#10702,#10732,.T.);
#10730 = VERTEX_POINT('',#10731);
#10731 = CARTESIAN_POINT('',(15.75,28.825360672865,40.55));
#10732 = SURFACE_CURVE('',#10733,(#10738,#10749),.PCURVE_S1.);
#10733 = ELLIPSE('',#10734,1.408900280361,1.25);
#10734 = AXIS2_PLACEMENT_3D('',#10735,#10736,#10737);
#10735 = CARTESIAN_POINT('',(15.75,29.475360672865,39.3));
#10736 = DIRECTION('',(-0.,0.887216801235,0.461352736642));
#10737 = DIRECTION('',(-0.,0.461352736642,-0.887216801235));
#10738 = PCURVE('',#448,#10739);
#10739 = DEFINITIONAL_REPRESENTATION('',(#10740),#10748);
#10740 = ( BOUNDED_CURVE() B_SPLINE_CURVE(2,(#10741,#10742,#10743,#10744
    ,#10745,#10746,#10747),.UNSPECIFIED.,.T.,.F.) 
B_SPLINE_CURVE_WITH_KNOTS((1,2,2,2,2,1),(-2.094395102393,0.,
    2.094395102393,4.188790204786,6.28318530718,8.377580409573),
.UNSPECIFIED.) CURVE() GEOMETRIC_REPRESENTATION_ITEM() 
RATIONAL_B_SPLINE_CURVE((1.,0.5,1.,0.5,1.,0.5,1.)) REPRESENTATION_ITEM(
  '') );
#10741 = CARTESIAN_POINT('',(-19.91164027269,-14.25));
#10742 = CARTESIAN_POINT('',(-19.91164027269,-16.41506350946));
#10743 = CARTESIAN_POINT('',(-22.02499069323,-15.33253175473));
#10744 = CARTESIAN_POINT('',(-24.13834111377,-14.25));
#10745 = CARTESIAN_POINT('',(-22.02499069323,-13.16746824526));
#10746 = CARTESIAN_POINT('',(-19.91164027269,-12.08493649053));
#10747 = CARTESIAN_POINT('',(-19.91164027269,-14.25));
#10748 = ( GEOMETRIC_REPRESENTATION_CONTEXT(2) 
PARAMETRIC_REPRESENTATION_CONTEXT() REPRESENTATION_CONTEXT('2D SPACE',''
  ) );
#10749 = PCURVE('',#10750,#10755);
#10750 = CYLINDRICAL_SURFACE('',#10751,1.25);
#10751 = AXIS2_PLACEMENT_3D('',#10752,#10753,#10754);
#10752 = CARTESIAN_POINT('',(15.75,16.,39.3));
#10753 = DIRECTION('',(-0.,1.,-0.));
#10754 = DIRECTION('',(-0.,-0.,1.));
#10755 = DEFINITIONAL_REPRESENTATION('',(#10756),#10765);
#10756 = B_SPLINE_CURVE_WITH_KNOTS('',7,(#10757,#10758,#10759,#10760,
    #10761,#10762,#10763,#10764),.UNSPECIFIED.,.F.,.F.,(8,8),(
    3.14159265359,4.712388980385),.PIECEWISE_BEZIER_KNOTS.);
#10757 = CARTESIAN_POINT('',(0.,12.825360672865));
#10758 = CARTESIAN_POINT('',(0.224399475256,12.825360672865));
#10759 = CARTESIAN_POINT('',(0.448798950513,12.863547310065));
#10760 = CARTESIAN_POINT('',(0.673198425769,12.939915044851));
#10761 = CARTESIAN_POINT('',(0.897597901025,13.049775236119));
#10762 = CARTESIAN_POINT('',(1.121997376282,13.183641947305));
#10763 = CARTESIAN_POINT('',(1.346396851538,13.329501013949));
#10764 = CARTESIAN_POINT('',(1.570796326795,13.475360672865));
#10765 = ( GEOMETRIC_REPRESENTATION_CONTEXT(2) 
PARAMETRIC_REPRESENTATION_CONTEXT() REPRESENTATION_CONTEXT('2D SPACE',''
  ) );
#10766 = ORIENTED_EDGE('',*,*,#10767,.F.);
#10767 = EDGE_CURVE('',#10768,#10730,#10770,.T.);
#10768 = VERTEX_POINT('',#10769);
#10769 = CARTESIAN_POINT('',(-15.75,28.825360672865,40.55));
#10770 = SURFACE_CURVE('',#10771,(#10775,#10782),.PCURVE_S1.);
#10771 = LINE('',#10772,#10773);
#10772 = CARTESIAN_POINT('',(6.5,28.825360672865,40.55));
#10773 = VECTOR('',#10774,1.);
#10774 = DIRECTION('',(1.,-0.,0.));
#10775 = PCURVE('',#448,#10776);
#10776 = DEFINITIONAL_REPRESENTATION('',(#10777),#10781);
#10777 = LINE('',#10778,#10779);
#10778 = CARTESIAN_POINT('',(-22.72944083341,-23.5));
#10779 = VECTOR('',#10780,1.);
#10780 = DIRECTION('',(-0.,1.));
#10781 = ( GEOMETRIC_REPRESENTATION_CONTEXT(2) 
PARAMETRIC_REPRESENTATION_CONTEXT() REPRESENTATION_CONTEXT('2D SPACE',''
  ) );
#10782 = PCURVE('',#10783,#10788);
#10783 = PLANE('',#10784);
#10784 = AXIS2_PLACEMENT_3D('',#10785,#10786,#10787);
#10785 = CARTESIAN_POINT('',(-17.,16.,40.55));
#10786 = DIRECTION('',(-0.,-0.,1.));
#10787 = DIRECTION('',(-1.,0.,0.));
#10788 = DEFINITIONAL_REPRESENTATION('',(#10789),#10793);
#10789 = LINE('',#10790,#10791);
#10790 = CARTESIAN_POINT('',(-23.5,-12.82536067286));
#10791 = VECTOR('',#10792,1.);
#10792 = DIRECTION('',(-1.,-0.));
#10793 = ( GEOMETRIC_REPRESENTATION_CONTEXT(2) 
PARAMETRIC_REPRESENTATION_CONTEXT() REPRESENTATION_CONTEXT('2D SPACE',''
  ) );
#10794 = ORIENTED_EDGE('',*,*,#10795,.F.);
#10795 = EDGE_CURVE('',#10796,#10768,#10798,.T.);
#10796 = VERTEX_POINT('',#10797);
#10797 = CARTESIAN_POINT('',(-17.,29.475360672865,39.3));
#10798 = SURFACE_CURVE('',#10799,(#10804,#10815),.PCURVE_S1.);
#10799 = ELLIPSE('',#10800,1.408900280361,1.25);
#10800 = AXIS2_PLACEMENT_3D('',#10801,#10802,#10803);
#10801 = CARTESIAN_POINT('',(-15.75,29.475360672865,39.3));
#10802 = DIRECTION('',(-0.,0.887216801235,0.461352736642));
#10803 = DIRECTION('',(-0.,0.461352736642,-0.887216801235));
#10804 = PCURVE('',#448,#10805);
#10805 = DEFINITIONAL_REPRESENTATION('',(#10806),#10814);
#10806 = ( BOUNDED_CURVE() B_SPLINE_CURVE(2,(#10807,#10808,#10809,#10810
    ,#10811,#10812,#10813),.UNSPECIFIED.,.T.,.F.) 
B_SPLINE_CURVE_WITH_KNOTS((1,2,2,2,2,1),(-2.094395102393,0.,
    2.094395102393,4.188790204786,6.28318530718,8.377580409573),
.UNSPECIFIED.) CURVE() GEOMETRIC_REPRESENTATION_ITEM() 
RATIONAL_B_SPLINE_CURVE((1.,0.5,1.,0.5,1.,0.5,1.)) REPRESENTATION_ITEM(
  '') );
#10807 = CARTESIAN_POINT('',(-19.91164027269,-45.75));
#10808 = CARTESIAN_POINT('',(-19.91164027269,-47.91506350946));
#10809 = CARTESIAN_POINT('',(-22.02499069323,-46.83253175473));
#10810 = CARTESIAN_POINT('',(-24.13834111377,-45.75));
#10811 = CARTESIAN_POINT('',(-22.02499069323,-44.66746824526));
#10812 = CARTESIAN_POINT('',(-19.91164027269,-43.58493649053));
#10813 = CARTESIAN_POINT('',(-19.91164027269,-45.75));
#10814 = ( GEOMETRIC_REPRESENTATION_CONTEXT(2) 
PARAMETRIC_REPRESENTATION_CONTEXT() REPRESENTATION_CONTEXT('2D SPACE',''
  ) );
#10815 = PCURVE('',#10816,#10821);
#10816 = CYLINDRICAL_SURFACE('',#10817,1.25);
#10817 = AXIS2_PLACEMENT_3D('',#10818,#10819,#10820);
#10818 = CARTESIAN_POINT('',(-15.75,16.,39.3));
#10819 = DIRECTION('',(-0.,1.,-0.));
#10820 = DIRECTION('',(-1.,-0.,-0.));
#10821 = DEFINITIONAL_REPRESENTATION('',(#10822),#10831);
#10822 = B_SPLINE_CURVE_WITH_KNOTS('',7,(#10823,#10824,#10825,#10826,
    #10827,#10828,#10829,#10830),.UNSPECIFIED.,.F.,.F.,(8,8),(
    1.570796326795,3.14159265359),.PIECEWISE_BEZIER_KNOTS.);
#10823 = CARTESIAN_POINT('',(0.,13.475360672865));
#10824 = CARTESIAN_POINT('',(0.224399475256,13.329501013949));
#10825 = CARTESIAN_POINT('',(0.448798950513,13.183641947307));
#10826 = CARTESIAN_POINT('',(0.673198425769,13.049775236115));
#10827 = CARTESIAN_POINT('',(0.897597901026,12.939915044856));
#10828 = CARTESIAN_POINT('',(1.121997376282,12.863547310063));
#10829 = CARTESIAN_POINT('',(1.346396851538,12.825360672865));
#10830 = CARTESIAN_POINT('',(1.570796326795,12.825360672865));
#10831 = ( GEOMETRIC_REPRESENTATION_CONTEXT(2) 
PARAMETRIC_REPRESENTATION_CONTEXT() REPRESENTATION_CONTEXT('2D SPACE',''
  ) );
#10832 = ORIENTED_EDGE('',*,*,#10833,.F.);
#10833 = EDGE_CURVE('',#10834,#10796,#10836,.T.);
#10834 = VERTEX_POINT('',#10835);
#10835 = CARTESIAN_POINT('',(-17.,33.219360672865,32.1));
#10836 = SURFACE_CURVE('',#10837,(#10841,#10848),.PCURVE_S1.);
#10837 = LINE('',#10838,#10839);
#10838 = CARTESIAN_POINT('',(-17.,34.688791461638,29.274171560052));
#10839 = VECTOR('',#10840,1.);
#10840 = DIRECTION('',(-0.,-0.461352736642,0.887216801235));
#10841 = PCURVE('',#448,#10842);
#10842 = DEFINITIONAL_REPRESENTATION('',(#10843),#10847);
#10843 = LINE('',#10844,#10845);
#10844 = CARTESIAN_POINT('',(-10.02022655314,-47.));
#10845 = VECTOR('',#10846,1.);
#10846 = DIRECTION('',(-1.,0.));
#10847 = ( GEOMETRIC_REPRESENTATION_CONTEXT(2) 
PARAMETRIC_REPRESENTATION_CONTEXT() REPRESENTATION_CONTEXT('2D SPACE',''
  ) );
#10848 = PCURVE('',#10849,#10854);
#10849 = PLANE('',#10850);
#10850 = AXIS2_PLACEMENT_3D('',#10851,#10852,#10853);
#10851 = CARTESIAN_POINT('',(-17.,16.,30.85));
#10852 = DIRECTION('',(-1.,-0.,-0.));
#10853 = DIRECTION('',(0.,0.,-1.));
#10854 = DEFINITIONAL_REPRESENTATION('',(#10855),#10859);
#10855 = LINE('',#10856,#10857);
#10856 = CARTESIAN_POINT('',(1.575828439948,-18.68879146163));
#10857 = VECTOR('',#10858,1.);
#10858 = DIRECTION('',(-0.887216801235,0.461352736642));
#10859 = ( GEOMETRIC_REPRESENTATION_CONTEXT(2) 
PARAMETRIC_REPRESENTATION_CONTEXT() REPRESENTATION_CONTEXT('2D SPACE',''
  ) );
#10860 = ORIENTED_EDGE('',*,*,#10861,.F.);
#10861 = EDGE_CURVE('',#10862,#10834,#10864,.T.);
#10862 = VERTEX_POINT('',#10863);
#10863 = CARTESIAN_POINT('',(-15.75,33.869360672865,30.85));
#10864 = SURFACE_CURVE('',#10865,(#10870,#10881),.PCURVE_S1.);
#10865 = ELLIPSE('',#10866,1.408900280361,1.25);
#10866 = AXIS2_PLACEMENT_3D('',#10867,#10868,#10869);
#10867 = CARTESIAN_POINT('',(-15.75,33.219360672865,32.1));
#10868 = DIRECTION('',(-0.,0.887216801235,0.461352736642));
#10869 = DIRECTION('',(-0.,0.461352736642,-0.887216801235));
#10870 = PCURVE('',#448,#10871);
#10871 = DEFINITIONAL_REPRESENTATION('',(#10872),#10880);
#10872 = ( BOUNDED_CURVE() B_SPLINE_CURVE(2,(#10873,#10874,#10875,#10876
    ,#10877,#10878,#10879),.UNSPECIFIED.,.T.,.F.) 
B_SPLINE_CURVE_WITH_KNOTS((1,2,2,2,2,1),(-2.094395102393,0.,
    2.094395102393,4.188790204786,6.28318530718,8.377580409573),
.UNSPECIFIED.) CURVE() GEOMETRIC_REPRESENTATION_ITEM() 
RATIONAL_B_SPLINE_CURVE((1.,0.5,1.,0.5,1.,0.5,1.)) REPRESENTATION_ITEM(
  '') );
#10873 = CARTESIAN_POINT('',(-11.79637465781,-45.75));
#10874 = CARTESIAN_POINT('',(-11.79637465781,-47.91506350946));
#10875 = CARTESIAN_POINT('',(-13.90972507835,-46.83253175473));
#10876 = CARTESIAN_POINT('',(-16.0230754989,-45.75));
#10877 = CARTESIAN_POINT('',(-13.90972507835,-44.66746824526));
#10878 = CARTESIAN_POINT('',(-11.79637465781,-43.58493649053));
#10879 = CARTESIAN_POINT('',(-11.79637465781,-45.75));
#10880 = ( GEOMETRIC_REPRESENTATION_CONTEXT(2) 
PARAMETRIC_REPRESENTATION_CONTEXT() REPRESENTATION_CONTEXT('2D SPACE',''
  ) );
#10881 = PCURVE('',#10882,#10887);
#10882 = CYLINDRICAL_SURFACE('',#10883,1.25);
#10883 = AXIS2_PLACEMENT_3D('',#10884,#10885,#10886);
#10884 = CARTESIAN_POINT('',(-15.75,16.,32.1));
#10885 = DIRECTION('',(-0.,1.,-0.));
#10886 = DIRECTION('',(-0.,-0.,-1.));
#10887 = DEFINITIONAL_REPRESENTATION('',(#10888),#10897);
#10888 = B_SPLINE_CURVE_WITH_KNOTS('',7,(#10889,#10890,#10891,#10892,
    #10893,#10894,#10895,#10896),.UNSPECIFIED.,.F.,.F.,(8,8),(
    1.564451847973E-17,1.570796326795),.PIECEWISE_BEZIER_KNOTS.);
#10889 = CARTESIAN_POINT('',(0.,17.869360672865));
#10890 = CARTESIAN_POINT('',(0.224399475256,17.869360672865));
#10891 = CARTESIAN_POINT('',(0.448798950513,17.831174035669));
#10892 = CARTESIAN_POINT('',(0.67319842577,17.754806300873));
#10893 = CARTESIAN_POINT('',(0.897597901026,17.644946109619));
#10894 = CARTESIAN_POINT('',(1.121997376282,17.511079398422));
#10895 = CARTESIAN_POINT('',(1.346396851538,17.365220331782));
#10896 = CARTESIAN_POINT('',(1.570796326795,17.219360672865));
#10897 = ( GEOMETRIC_REPRESENTATION_CONTEXT(2) 
PARAMETRIC_REPRESENTATION_CONTEXT() REPRESENTATION_CONTEXT('2D SPACE',''
  ) );
#10898 = ORIENTED_EDGE('',*,*,#10899,.F.);
#10899 = EDGE_CURVE('',#10664,#10862,#10900,.T.);
#10900 = SURFACE_CURVE('',#10901,(#10905,#10912),.PCURVE_S1.);
#10901 = LINE('',#10902,#10903);
#10902 = CARTESIAN_POINT('',(23.5,33.869360672865,30.85));
#10903 = VECTOR('',#10904,1.);
#10904 = DIRECTION('',(-1.,-0.,-0.));
#10905 = PCURVE('',#448,#10906);
#10906 = DEFINITIONAL_REPRESENTATION('',(#10907),#10911);
#10907 = LINE('',#10908,#10909);
#10908 = CARTESIAN_POINT('',(-11.79637465781,-6.5));
#10909 = VECTOR('',#10910,1.);
#10910 = DIRECTION('',(-0.,-1.));
#10911 = ( GEOMETRIC_REPRESENTATION_CONTEXT(2) 
PARAMETRIC_REPRESENTATION_CONTEXT() REPRESENTATION_CONTEXT('2D SPACE',''
  ) );
#10912 = PCURVE('',#10913,#10918);
#10913 = PLANE('',#10914);
#10914 = AXIS2_PLACEMENT_3D('',#10915,#10916,#10917);
#10915 = CARTESIAN_POINT('',(17.,16.,30.85));
#10916 = DIRECTION('',(-0.,-0.,-1.));
#10917 = DIRECTION('',(1.,0.,0.));
#10918 = DEFINITIONAL_REPRESENTATION('',(#10919),#10923);
#10919 = LINE('',#10920,#10921);
#10920 = CARTESIAN_POINT('',(6.5,-17.86936067286));
#10921 = VECTOR('',#10922,1.);
#10922 = DIRECTION('',(-1.,0.));
#10923 = ( GEOMETRIC_REPRESENTATION_CONTEXT(2) 
PARAMETRIC_REPRESENTATION_CONTEXT() REPRESENTATION_CONTEXT('2D SPACE',''
  ) );
#10924 = ADVANCED_FACE('',(#10925),#10816,.F.);
#10925 = FACE_BOUND('',#10926,.F.);
#10926 = EDGE_LOOP('',(#10927,#10950,#10988,#11009));
#10927 = ORIENTED_EDGE('',*,*,#10928,.F.);
#10928 = EDGE_CURVE('',#10929,#10796,#10931,.T.);
#10929 = VERTEX_POINT('',#10930);
#10930 = CARTESIAN_POINT('',(-17.,28.075360672865,39.3));
#10931 = SURFACE_CURVE('',#10932,(#10936,#10943),.PCURVE_S1.);
#10932 = LINE('',#10933,#10934);
#10933 = CARTESIAN_POINT('',(-17.,16.,39.3));
#10934 = VECTOR('',#10935,1.);
#10935 = DIRECTION('',(-0.,1.,-0.));
#10936 = PCURVE('',#10816,#10937);
#10937 = DEFINITIONAL_REPRESENTATION('',(#10938),#10942);
#10938 = LINE('',#10939,#10940);
#10939 = CARTESIAN_POINT('',(0.,0.));
#10940 = VECTOR('',#10941,1.);
#10941 = DIRECTION('',(0.,1.));
#10942 = ( GEOMETRIC_REPRESENTATION_CONTEXT(2) 
PARAMETRIC_REPRESENTATION_CONTEXT() REPRESENTATION_CONTEXT('2D SPACE',''
  ) );
#10943 = PCURVE('',#10849,#10944);
#10944 = DEFINITIONAL_REPRESENTATION('',(#10945),#10949);
#10945 = LINE('',#10946,#10947);
#10946 = CARTESIAN_POINT('',(-8.45,-0.));
#10947 = VECTOR('',#10948,1.);
#10948 = DIRECTION('',(-0.,-1.));
#10949 = ( GEOMETRIC_REPRESENTATION_CONTEXT(2) 
PARAMETRIC_REPRESENTATION_CONTEXT() REPRESENTATION_CONTEXT('2D SPACE',''
  ) );
#10950 = ORIENTED_EDGE('',*,*,#10951,.T.);
#10951 = EDGE_CURVE('',#10929,#10952,#10954,.T.);
#10952 = VERTEX_POINT('',#10953);
#10953 = CARTESIAN_POINT('',(-15.75,27.425360672865,40.55));
#10954 = SURFACE_CURVE('',#10955,(#10960,#10972),.PCURVE_S1.);
#10955 = ELLIPSE('',#10956,1.408900280361,1.25);
#10956 = AXIS2_PLACEMENT_3D('',#10957,#10958,#10959);
#10957 = CARTESIAN_POINT('',(-15.75,28.075360672865,39.3));
#10958 = DIRECTION('',(-0.,0.887216801235,0.461352736642));
#10959 = DIRECTION('',(-0.,0.461352736642,-0.887216801235));
#10960 = PCURVE('',#10816,#10961);
#10961 = DEFINITIONAL_REPRESENTATION('',(#10962),#10971);
#10962 = B_SPLINE_CURVE_WITH_KNOTS('',7,(#10963,#10964,#10965,#10966,
    #10967,#10968,#10969,#10970),.UNSPECIFIED.,.F.,.F.,(8,8),(
    1.570796326795,3.14159265359),.PIECEWISE_BEZIER_KNOTS.);
#10963 = CARTESIAN_POINT('',(0.,12.075360672865));
#10964 = CARTESIAN_POINT('',(0.224399475256,11.929501013949));
#10965 = CARTESIAN_POINT('',(0.448798950513,11.783641947309));
#10966 = CARTESIAN_POINT('',(0.673198425769,11.649775236109));
#10967 = CARTESIAN_POINT('',(0.897597901026,11.539915044863));
#10968 = CARTESIAN_POINT('',(1.121997376282,11.46354731006));
#10969 = CARTESIAN_POINT('',(1.346396851538,11.425360672865));
#10970 = CARTESIAN_POINT('',(1.570796326795,11.425360672865));
#10971 = ( GEOMETRIC_REPRESENTATION_CONTEXT(2) 
PARAMETRIC_REPRESENTATION_CONTEXT() REPRESENTATION_CONTEXT('2D SPACE',''
  ) );
#10972 = PCURVE('',#10973,#10978);
#10973 = PLANE('',#10974);
#10974 = AXIS2_PLACEMENT_3D('',#10975,#10976,#10977);
#10975 = CARTESIAN_POINT('',(30.,37.911650403704,20.384058209926));
#10976 = DIRECTION('',(-0.,-0.887216801235,-0.461352736642));
#10977 = DIRECTION('',(0.,0.461352736642,-0.887216801235));
#10978 = DEFINITIONAL_REPRESENTATION('',(#10979),#10987);
#10979 = ( BOUNDED_CURVE() B_SPLINE_CURVE(2,(#10980,#10981,#10982,#10983
    ,#10984,#10985,#10986),.UNSPECIFIED.,.T.,.F.) 
B_SPLINE_CURVE_WITH_KNOTS((1,2,2,2,2,1),(-2.094395102393,0.,
    2.094395102393,4.188790204786,6.28318530718,8.377580409573),
.UNSPECIFIED.) CURVE() GEOMETRIC_REPRESENTATION_ITEM() 
RATIONAL_B_SPLINE_CURVE((1.,0.5,1.,0.5,1.,0.5,1.)) REPRESENTATION_ITEM(
  '') );
#10980 = CARTESIAN_POINT('',(-19.91164027269,-45.75));
#10981 = CARTESIAN_POINT('',(-19.91164027269,-47.91506350946));
#10982 = CARTESIAN_POINT('',(-22.02499069323,-46.83253175473));
#10983 = CARTESIAN_POINT('',(-24.13834111377,-45.75));
#10984 = CARTESIAN_POINT('',(-22.02499069323,-44.66746824526));
#10985 = CARTESIAN_POINT('',(-19.91164027269,-43.58493649053));
#10986 = CARTESIAN_POINT('',(-19.91164027269,-45.75));
#10987 = ( GEOMETRIC_REPRESENTATION_CONTEXT(2) 
PARAMETRIC_REPRESENTATION_CONTEXT() REPRESENTATION_CONTEXT('2D SPACE',''
  ) );
#10988 = ORIENTED_EDGE('',*,*,#10989,.T.);
#10989 = EDGE_CURVE('',#10952,#10768,#10990,.T.);
#10990 = SURFACE_CURVE('',#10991,(#10995,#11002),.PCURVE_S1.);
#10991 = LINE('',#10992,#10993);
#10992 = CARTESIAN_POINT('',(-15.75,16.,40.55));
#10993 = VECTOR('',#10994,1.);
#10994 = DIRECTION('',(-0.,1.,-0.));
#10995 = PCURVE('',#10816,#10996);
#10996 = DEFINITIONAL_REPRESENTATION('',(#10997),#11001);
#10997 = LINE('',#10998,#10999);
#10998 = CARTESIAN_POINT('',(1.570796326795,0.));
#10999 = VECTOR('',#11000,1.);
#11000 = DIRECTION('',(0.,1.));
#11001 = ( GEOMETRIC_REPRESENTATION_CONTEXT(2) 
PARAMETRIC_REPRESENTATION_CONTEXT() REPRESENTATION_CONTEXT('2D SPACE',''
  ) );
#11002 = PCURVE('',#10783,#11003);
#11003 = DEFINITIONAL_REPRESENTATION('',(#11004),#11008);
#11004 = LINE('',#11005,#11006);
#11005 = CARTESIAN_POINT('',(-1.25,-0.));
#11006 = VECTOR('',#11007,1.);
#11007 = DIRECTION('',(-0.,-1.));
#11008 = ( GEOMETRIC_REPRESENTATION_CONTEXT(2) 
PARAMETRIC_REPRESENTATION_CONTEXT() REPRESENTATION_CONTEXT('2D SPACE',''
  ) );
#11009 = ORIENTED_EDGE('',*,*,#10795,.F.);
#11010 = ADVANCED_FACE('',(#11011,#11203),#10973,.F.);
#11011 = FACE_BOUND('',#11012,.T.);
#11012 = EDGE_LOOP('',(#11013,#11048,#11071,#11104,#11125,#11126,#11149,
    #11182));
#11013 = ORIENTED_EDGE('',*,*,#11014,.T.);
#11014 = EDGE_CURVE('',#11015,#11017,#11019,.T.);
#11015 = VERTEX_POINT('',#11016);
#11016 = CARTESIAN_POINT('',(17.,31.819360672865,32.1));
#11017 = VERTEX_POINT('',#11018);
#11018 = CARTESIAN_POINT('',(15.75,32.469360672865,30.85));
#11019 = SURFACE_CURVE('',#11020,(#11025,#11036),.PCURVE_S1.);
#11020 = ELLIPSE('',#11021,1.408900280361,1.25);
#11021 = AXIS2_PLACEMENT_3D('',#11022,#11023,#11024);
#11022 = CARTESIAN_POINT('',(15.75,31.819360672865,32.1));
#11023 = DIRECTION('',(-0.,0.887216801235,0.461352736642));
#11024 = DIRECTION('',(-0.,0.461352736642,-0.887216801235));
#11025 = PCURVE('',#10973,#11026);
#11026 = DEFINITIONAL_REPRESENTATION('',(#11027),#11035);
#11027 = ( BOUNDED_CURVE() B_SPLINE_CURVE(2,(#11028,#11029,#11030,#11031
    ,#11032,#11033,#11034),.UNSPECIFIED.,.T.,.F.) 
B_SPLINE_CURVE_WITH_KNOTS((1,2,2,2,2,1),(-2.094395102393,0.,
    2.094395102393,4.188790204786,6.28318530718,8.377580409573),
.UNSPECIFIED.) CURVE() GEOMETRIC_REPRESENTATION_ITEM() 
RATIONAL_B_SPLINE_CURVE((1.,0.5,1.,0.5,1.,0.5,1.)) REPRESENTATION_ITEM(
  '') );
#11028 = CARTESIAN_POINT('',(-11.79637465781,-14.25));
#11029 = CARTESIAN_POINT('',(-11.79637465781,-16.41506350946));
#11030 = CARTESIAN_POINT('',(-13.90972507835,-15.33253175473));
#11031 = CARTESIAN_POINT('',(-16.0230754989,-14.25));
#11032 = CARTESIAN_POINT('',(-13.90972507835,-13.16746824526));
#11033 = CARTESIAN_POINT('',(-11.79637465781,-12.08493649053));
#11034 = CARTESIAN_POINT('',(-11.79637465781,-14.25));
#11035 = ( GEOMETRIC_REPRESENTATION_CONTEXT(2) 
PARAMETRIC_REPRESENTATION_CONTEXT() REPRESENTATION_CONTEXT('2D SPACE',''
  ) );
#11036 = PCURVE('',#10684,#11037);
#11037 = DEFINITIONAL_REPRESENTATION('',(#11038),#11047);
#11038 = B_SPLINE_CURVE_WITH_KNOTS('',7,(#11039,#11040,#11041,#11042,
    #11043,#11044,#11045,#11046),.UNSPECIFIED.,.F.,.F.,(8,8),(
    4.712388980385,6.28318530718),.PIECEWISE_BEZIER_KNOTS.);
#11039 = CARTESIAN_POINT('',(-1.570796326795,15.819360672865));
#11040 = CARTESIAN_POINT('',(-1.346396851538,15.965220331782));
#11041 = CARTESIAN_POINT('',(-1.121997376282,16.111079398423));
#11042 = CARTESIAN_POINT('',(-0.897597901026,16.244946109615));
#11043 = CARTESIAN_POINT('',(-0.673198425769,16.354806300876));
#11044 = CARTESIAN_POINT('',(-0.448798950513,16.431174035667));
#11045 = CARTESIAN_POINT('',(-0.224399475256,16.469360672865));
#11046 = CARTESIAN_POINT('',(0.,16.469360672865));
#11047 = ( GEOMETRIC_REPRESENTATION_CONTEXT(2) 
PARAMETRIC_REPRESENTATION_CONTEXT() REPRESENTATION_CONTEXT('2D SPACE',''
  ) );
#11048 = ORIENTED_EDGE('',*,*,#11049,.T.);
#11049 = EDGE_CURVE('',#11017,#11050,#11052,.T.);
#11050 = VERTEX_POINT('',#11051);
#11051 = CARTESIAN_POINT('',(-15.75,32.469360672865,30.85));
#11052 = SURFACE_CURVE('',#11053,(#11057,#11064),.PCURVE_S1.);
#11053 = LINE('',#11054,#11055);
#11054 = CARTESIAN_POINT('',(23.5,32.469360672865,30.85));
#11055 = VECTOR('',#11056,1.);
#11056 = DIRECTION('',(-1.,-0.,-0.));
#11057 = PCURVE('',#10973,#11058);
#11058 = DEFINITIONAL_REPRESENTATION('',(#11059),#11063);
#11059 = LINE('',#11060,#11061);
#11060 = CARTESIAN_POINT('',(-11.79637465781,-6.5));
#11061 = VECTOR('',#11062,1.);
#11062 = DIRECTION('',(-0.,-1.));
#11063 = ( GEOMETRIC_REPRESENTATION_CONTEXT(2) 
PARAMETRIC_REPRESENTATION_CONTEXT() REPRESENTATION_CONTEXT('2D SPACE',''
  ) );
#11064 = PCURVE('',#10913,#11065);
#11065 = DEFINITIONAL_REPRESENTATION('',(#11066),#11070);
#11066 = LINE('',#11067,#11068);
#11067 = CARTESIAN_POINT('',(6.5,-16.46936067286));
#11068 = VECTOR('',#11069,1.);
#11069 = DIRECTION('',(-1.,0.));
#11070 = ( GEOMETRIC_REPRESENTATION_CONTEXT(2) 
PARAMETRIC_REPRESENTATION_CONTEXT() REPRESENTATION_CONTEXT('2D SPACE',''
  ) );
#11071 = ORIENTED_EDGE('',*,*,#11072,.T.);
#11072 = EDGE_CURVE('',#11050,#11073,#11075,.T.);
#11073 = VERTEX_POINT('',#11074);
#11074 = CARTESIAN_POINT('',(-17.,31.819360672865,32.1));
#11075 = SURFACE_CURVE('',#11076,(#11081,#11092),.PCURVE_S1.);
#11076 = ELLIPSE('',#11077,1.408900280361,1.25);
#11077 = AXIS2_PLACEMENT_3D('',#11078,#11079,#11080);
#11078 = CARTESIAN_POINT('',(-15.75,31.819360672865,32.1));
#11079 = DIRECTION('',(-0.,0.887216801235,0.461352736642));
#11080 = DIRECTION('',(-0.,0.461352736642,-0.887216801235));
#11081 = PCURVE('',#10973,#11082);
#11082 = DEFINITIONAL_REPRESENTATION('',(#11083),#11091);
#11083 = ( BOUNDED_CURVE() B_SPLINE_CURVE(2,(#11084,#11085,#11086,#11087
    ,#11088,#11089,#11090),.UNSPECIFIED.,.T.,.F.) 
B_SPLINE_CURVE_WITH_KNOTS((1,2,2,2,2,1),(-2.094395102393,0.,
    2.094395102393,4.188790204786,6.28318530718,8.377580409573),
.UNSPECIFIED.) CURVE() GEOMETRIC_REPRESENTATION_ITEM() 
RATIONAL_B_SPLINE_CURVE((1.,0.5,1.,0.5,1.,0.5,1.)) REPRESENTATION_ITEM(
  '') );
#11084 = CARTESIAN_POINT('',(-11.79637465781,-45.75));
#11085 = CARTESIAN_POINT('',(-11.79637465781,-47.91506350946));
#11086 = CARTESIAN_POINT('',(-13.90972507835,-46.83253175473));
#11087 = CARTESIAN_POINT('',(-16.0230754989,-45.75));
#11088 = CARTESIAN_POINT('',(-13.90972507835,-44.66746824526));
#11089 = CARTESIAN_POINT('',(-11.79637465781,-43.58493649053));
#11090 = CARTESIAN_POINT('',(-11.79637465781,-45.75));
#11091 = ( GEOMETRIC_REPRESENTATION_CONTEXT(2) 
PARAMETRIC_REPRESENTATION_CONTEXT() REPRESENTATION_CONTEXT('2D SPACE',''
  ) );
#11092 = PCURVE('',#10882,#11093);
#11093 = DEFINITIONAL_REPRESENTATION('',(#11094),#11103);
#11094 = B_SPLINE_CURVE_WITH_KNOTS('',7,(#11095,#11096,#11097,#11098,
    #11099,#11100,#11101,#11102),.UNSPECIFIED.,.F.,.F.,(8,8),(
    1.564451847973E-17,1.570796326795),.PIECEWISE_BEZIER_KNOTS.);
#11095 = CARTESIAN_POINT('',(0.,16.469360672865));
#11096 = CARTESIAN_POINT('',(0.224399475256,16.469360672865));
#11097 = CARTESIAN_POINT('',(0.448798950513,16.431174035665));
#11098 = CARTESIAN_POINT('',(0.67319842577,16.354806300882));
#11099 = CARTESIAN_POINT('',(0.897597901026,16.244946109611));
#11100 = CARTESIAN_POINT('',(1.121997376282,16.111079398425));
#11101 = CARTESIAN_POINT('',(1.346396851538,15.965220331782));
#11102 = CARTESIAN_POINT('',(1.570796326795,15.819360672865));
#11103 = ( GEOMETRIC_REPRESENTATION_CONTEXT(2) 
PARAMETRIC_REPRESENTATION_CONTEXT() REPRESENTATION_CONTEXT('2D SPACE',''
  ) );
#11104 = ORIENTED_EDGE('',*,*,#11105,.T.);
#11105 = EDGE_CURVE('',#11073,#10929,#11106,.T.);
#11106 = SURFACE_CURVE('',#11107,(#11111,#11118),.PCURVE_S1.);
#11107 = LINE('',#11108,#11109);
#11108 = CARTESIAN_POINT('',(-17.,33.437783904963,28.987647630581));
#11109 = VECTOR('',#11110,1.);
#11110 = DIRECTION('',(-0.,-0.461352736642,0.887216801235));
#11111 = PCURVE('',#10973,#11112);
#11112 = DEFINITIONAL_REPRESENTATION('',(#11113),#11117);
#11113 = LINE('',#11114,#11115);
#11114 = CARTESIAN_POINT('',(-9.697279637494,-47.));
#11115 = VECTOR('',#11116,1.);
#11116 = DIRECTION('',(-1.,0.));
#11117 = ( GEOMETRIC_REPRESENTATION_CONTEXT(2) 
PARAMETRIC_REPRESENTATION_CONTEXT() REPRESENTATION_CONTEXT('2D SPACE',''
  ) );
#11118 = PCURVE('',#10849,#11119);
#11119 = DEFINITIONAL_REPRESENTATION('',(#11120),#11124);
#11120 = LINE('',#11121,#11122);
#11121 = CARTESIAN_POINT('',(1.862352369419,-17.43778390496));
#11122 = VECTOR('',#11123,1.);
#11123 = DIRECTION('',(-0.887216801235,0.461352736642));
#11124 = ( GEOMETRIC_REPRESENTATION_CONTEXT(2) 
PARAMETRIC_REPRESENTATION_CONTEXT() REPRESENTATION_CONTEXT('2D SPACE',''
  ) );
#11125 = ORIENTED_EDGE('',*,*,#10951,.T.);
#11126 = ORIENTED_EDGE('',*,*,#11127,.T.);
#11127 = EDGE_CURVE('',#10952,#11128,#11130,.T.);
#11128 = VERTEX_POINT('',#11129);
#11129 = CARTESIAN_POINT('',(15.75,27.425360672865,40.55));
#11130 = SURFACE_CURVE('',#11131,(#11135,#11142),.PCURVE_S1.);
#11131 = LINE('',#11132,#11133);
#11132 = CARTESIAN_POINT('',(6.5,27.425360672865,40.55));
#11133 = VECTOR('',#11134,1.);
#11134 = DIRECTION('',(1.,-0.,0.));
#11135 = PCURVE('',#10973,#11136);
#11136 = DEFINITIONAL_REPRESENTATION('',(#11137),#11141);
#11137 = LINE('',#11138,#11139);
#11138 = CARTESIAN_POINT('',(-22.72944083341,-23.5));
#11139 = VECTOR('',#11140,1.);
#11140 = DIRECTION('',(-0.,1.));
#11141 = ( GEOMETRIC_REPRESENTATION_CONTEXT(2) 
PARAMETRIC_REPRESENTATION_CONTEXT() REPRESENTATION_CONTEXT('2D SPACE',''
  ) );
#11142 = PCURVE('',#10783,#11143);
#11143 = DEFINITIONAL_REPRESENTATION('',(#11144),#11148);
#11144 = LINE('',#11145,#11146);
#11145 = CARTESIAN_POINT('',(-23.5,-11.42536067286));
#11146 = VECTOR('',#11147,1.);
#11147 = DIRECTION('',(-1.,-0.));
#11148 = ( GEOMETRIC_REPRESENTATION_CONTEXT(2) 
PARAMETRIC_REPRESENTATION_CONTEXT() REPRESENTATION_CONTEXT('2D SPACE',''
  ) );
#11149 = ORIENTED_EDGE('',*,*,#11150,.T.);
#11150 = EDGE_CURVE('',#11128,#11151,#11153,.T.);
#11151 = VERTEX_POINT('',#11152);
#11152 = CARTESIAN_POINT('',(17.,28.075360672865,39.3));
#11153 = SURFACE_CURVE('',#11154,(#11159,#11170),.PCURVE_S1.);
#11154 = ELLIPSE('',#11155,1.408900280361,1.25);
#11155 = AXIS2_PLACEMENT_3D('',#11156,#11157,#11158);
#11156 = CARTESIAN_POINT('',(15.75,28.075360672865,39.3));
#11157 = DIRECTION('',(-0.,0.887216801235,0.461352736642));
#11158 = DIRECTION('',(-0.,0.461352736642,-0.887216801235));
#11159 = PCURVE('',#10973,#11160);
#11160 = DEFINITIONAL_REPRESENTATION('',(#11161),#11169);
#11161 = ( BOUNDED_CURVE() B_SPLINE_CURVE(2,(#11162,#11163,#11164,#11165
    ,#11166,#11167,#11168),.UNSPECIFIED.,.T.,.F.) 
B_SPLINE_CURVE_WITH_KNOTS((1,2,2,2,2,1),(-2.094395102393,0.,
    2.094395102393,4.188790204786,6.28318530718,8.377580409573),
.UNSPECIFIED.) CURVE() GEOMETRIC_REPRESENTATION_ITEM() 
RATIONAL_B_SPLINE_CURVE((1.,0.5,1.,0.5,1.,0.5,1.)) REPRESENTATION_ITEM(
  '') );
#11162 = CARTESIAN_POINT('',(-19.91164027269,-14.25));
#11163 = CARTESIAN_POINT('',(-19.91164027269,-16.41506350946));
#11164 = CARTESIAN_POINT('',(-22.02499069323,-15.33253175473));
#11165 = CARTESIAN_POINT('',(-24.13834111377,-14.25));
#11166 = CARTESIAN_POINT('',(-22.02499069323,-13.16746824526));
#11167 = CARTESIAN_POINT('',(-19.91164027269,-12.08493649053));
#11168 = CARTESIAN_POINT('',(-19.91164027269,-14.25));
#11169 = ( GEOMETRIC_REPRESENTATION_CONTEXT(2) 
PARAMETRIC_REPRESENTATION_CONTEXT() REPRESENTATION_CONTEXT('2D SPACE',''
  ) );
#11170 = PCURVE('',#10750,#11171);
#11171 = DEFINITIONAL_REPRESENTATION('',(#11172),#11181);
#11172 = B_SPLINE_CURVE_WITH_KNOTS('',7,(#11173,#11174,#11175,#11176,
    #11177,#11178,#11179,#11180),.UNSPECIFIED.,.F.,.F.,(8,8),(
    3.14159265359,4.712388980385),.PIECEWISE_BEZIER_KNOTS.);
#11173 = CARTESIAN_POINT('',(0.,11.425360672865));
#11174 = CARTESIAN_POINT('',(0.224399475256,11.425360672865));
#11175 = CARTESIAN_POINT('',(0.448798950513,11.463547310062));
#11176 = CARTESIAN_POINT('',(0.673198425769,11.53991504486));
#11177 = CARTESIAN_POINT('',(0.897597901025,11.649775236116));
#11178 = CARTESIAN_POINT('',(1.121997376282,11.783641947308));
#11179 = CARTESIAN_POINT('',(1.346396851538,11.929501013949));
#11180 = CARTESIAN_POINT('',(1.570796326795,12.075360672865));
#11181 = ( GEOMETRIC_REPRESENTATION_CONTEXT(2) 
PARAMETRIC_REPRESENTATION_CONTEXT() REPRESENTATION_CONTEXT('2D SPACE',''
  ) );
#11182 = ORIENTED_EDGE('',*,*,#11183,.T.);
#11183 = EDGE_CURVE('',#11151,#11015,#11184,.T.);
#11184 = SURFACE_CURVE('',#11185,(#11189,#11196),.PCURVE_S1.);
#11185 = LINE('',#11186,#11187);
#11186 = CARTESIAN_POINT('',(17.,31.452582393628,32.805342844687));
#11187 = VECTOR('',#11188,1.);
#11188 = DIRECTION('',(-0.,0.461352736642,-0.887216801235));
#11189 = PCURVE('',#10973,#11190);
#11190 = DEFINITIONAL_REPRESENTATION('',(#11191),#11195);
#11191 = LINE('',#11192,#11193);
#11192 = CARTESIAN_POINT('',(-14.00028112348,-13.));
#11193 = VECTOR('',#11194,1.);
#11194 = DIRECTION('',(1.,-0.));
#11195 = ( GEOMETRIC_REPRESENTATION_CONTEXT(2) 
PARAMETRIC_REPRESENTATION_CONTEXT() REPRESENTATION_CONTEXT('2D SPACE',''
  ) );
#11196 = PCURVE('',#10717,#11197);
#11197 = DEFINITIONAL_REPRESENTATION('',(#11198),#11202);
#11198 = LINE('',#11199,#11200);
#11199 = CARTESIAN_POINT('',(-7.744657155313,-15.45258239362));
#11200 = VECTOR('',#11201,1.);
#11201 = DIRECTION('',(-0.887216801235,-0.461352736642));
#11202 = ( GEOMETRIC_REPRESENTATION_CONTEXT(2) 
PARAMETRIC_REPRESENTATION_CONTEXT() REPRESENTATION_CONTEXT('2D SPACE',''
  ) );
#11203 = FACE_BOUND('',#11204,.T.);
#11204 = EDGE_LOOP('',(#11205,#11235,#11273,#11301,#11339,#11367,#11405,
    #11433));
#11205 = ORIENTED_EDGE('',*,*,#11206,.F.);
#11206 = EDGE_CURVE('',#11207,#11209,#11211,.T.);
#11207 = VERTEX_POINT('',#11208);
#11208 = CARTESIAN_POINT('',(15.3,31.897360672865,31.95));
#11209 = VERTEX_POINT('',#11210);
#11210 = CARTESIAN_POINT('',(-15.3,31.897360672865,31.95));
#11211 = SURFACE_CURVE('',#11212,(#11216,#11223),.PCURVE_S1.);
#11212 = LINE('',#11213,#11214);
#11213 = CARTESIAN_POINT('',(22.95,31.897360672865,31.95));
#11214 = VECTOR('',#11215,1.);
#11215 = DIRECTION('',(-1.,-0.,-0.));
#11216 = PCURVE('',#10973,#11217);
#11217 = DEFINITIONAL_REPRESENTATION('',(#11218),#11222);
#11218 = LINE('',#11219,#11220);
#11219 = CARTESIAN_POINT('',(-13.03620690453,-7.05));
#11220 = VECTOR('',#11221,1.);
#11221 = DIRECTION('',(-0.,-1.));
#11222 = ( GEOMETRIC_REPRESENTATION_CONTEXT(2) 
PARAMETRIC_REPRESENTATION_CONTEXT() REPRESENTATION_CONTEXT('2D SPACE',''
  ) );
#11223 = PCURVE('',#11224,#11229);
#11224 = PLANE('',#11225);
#11225 = AXIS2_PLACEMENT_3D('',#11226,#11227,#11228);
#11226 = CARTESIAN_POINT('',(15.9,16.,31.95));
#11227 = DIRECTION('',(-0.,-0.,-1.));
#11228 = DIRECTION('',(1.,0.,0.));
#11229 = DEFINITIONAL_REPRESENTATION('',(#11230),#11234);
#11230 = LINE('',#11231,#11232);
#11231 = CARTESIAN_POINT('',(7.05,-15.89736067286));
#11232 = VECTOR('',#11233,1.);
#11233 = DIRECTION('',(-1.,0.));
#11234 = ( GEOMETRIC_REPRESENTATION_CONTEXT(2) 
PARAMETRIC_REPRESENTATION_CONTEXT() REPRESENTATION_CONTEXT('2D SPACE',''
  ) );
#11235 = ORIENTED_EDGE('',*,*,#11236,.F.);
#11236 = EDGE_CURVE('',#11237,#11207,#11239,.T.);
#11237 = VERTEX_POINT('',#11238);
#11238 = CARTESIAN_POINT('',(15.9,31.585360672865,32.55));
#11239 = SURFACE_CURVE('',#11240,(#11245,#11256),.PCURVE_S1.);
#11240 = ELLIPSE('',#11241,0.676272134573,0.6);
#11241 = AXIS2_PLACEMENT_3D('',#11242,#11243,#11244);
#11242 = CARTESIAN_POINT('',(15.3,31.585360672865,32.55));
#11243 = DIRECTION('',(-0.,0.887216801235,0.461352736642));
#11244 = DIRECTION('',(-0.,0.461352736642,-0.887216801235));
#11245 = PCURVE('',#10973,#11246);
#11246 = DEFINITIONAL_REPRESENTATION('',(#11247),#11255);
#11247 = ( BOUNDED_CURVE() B_SPLINE_CURVE(2,(#11248,#11249,#11250,#11251
    ,#11252,#11253,#11254),.UNSPECIFIED.,.T.,.F.) 
B_SPLINE_CURVE_WITH_KNOTS((1,2,2,2,2,1),(-2.094395102393,0.,
    2.094395102393,4.188790204786,6.28318530718,8.377580409573),
.UNSPECIFIED.) CURVE() GEOMETRIC_REPRESENTATION_ITEM() 
RATIONAL_B_SPLINE_CURVE((1.,0.5,1.,0.5,1.,0.5,1.)) REPRESENTATION_ITEM(
  '') );
#11248 = CARTESIAN_POINT('',(-13.03620690453,-14.7));
#11249 = CARTESIAN_POINT('',(-13.03620690453,-15.73923048454));
#11250 = CARTESIAN_POINT('',(-14.05061510639,-15.21961524227));
#11251 = CARTESIAN_POINT('',(-15.06502330825,-14.7));
#11252 = CARTESIAN_POINT('',(-14.05061510639,-14.18038475772));
#11253 = CARTESIAN_POINT('',(-13.03620690453,-13.66076951545));
#11254 = CARTESIAN_POINT('',(-13.03620690453,-14.7));
#11255 = ( GEOMETRIC_REPRESENTATION_CONTEXT(2) 
PARAMETRIC_REPRESENTATION_CONTEXT() REPRESENTATION_CONTEXT('2D SPACE',''
  ) );
#11256 = PCURVE('',#11257,#11262);
#11257 = CYLINDRICAL_SURFACE('',#11258,0.6);
#11258 = AXIS2_PLACEMENT_3D('',#11259,#11260,#11261);
#11259 = CARTESIAN_POINT('',(15.3,16.,32.55));
#11260 = DIRECTION('',(-0.,1.,-0.));
#11261 = DIRECTION('',(-0.,-0.,-1.));
#11262 = DEFINITIONAL_REPRESENTATION('',(#11263),#11272);
#11263 = B_SPLINE_CURVE_WITH_KNOTS('',7,(#11264,#11265,#11266,#11267,
    #11268,#11269,#11270,#11271),.UNSPECIFIED.,.F.,.F.,(8,8),(
    4.712388980385,6.28318530718),.PIECEWISE_BEZIER_KNOTS.);
#11264 = CARTESIAN_POINT('',(-1.570796326795,15.585360672865));
#11265 = CARTESIAN_POINT('',(-1.346396851538,15.655373309145));
#11266 = CARTESIAN_POINT('',(-1.121997376282,15.725385661132));
#11267 = CARTESIAN_POINT('',(-0.897597901026,15.789641682509));
#11268 = CARTESIAN_POINT('',(-0.673198425769,15.842374574305));
#11269 = CARTESIAN_POINT('',(-0.448798950513,15.879031087012));
#11270 = CARTESIAN_POINT('',(-0.224399475256,15.897360672865));
#11271 = CARTESIAN_POINT('',(0.,15.897360672865));
#11272 = ( GEOMETRIC_REPRESENTATION_CONTEXT(2) 
PARAMETRIC_REPRESENTATION_CONTEXT() REPRESENTATION_CONTEXT('2D SPACE',''
  ) );
#11273 = ORIENTED_EDGE('',*,*,#11274,.F.);
#11274 = EDGE_CURVE('',#11275,#11237,#11277,.T.);
#11275 = VERTEX_POINT('',#11276);
#11276 = CARTESIAN_POINT('',(15.9,28.309360672865,38.85));
#11277 = SURFACE_CURVE('',#11278,(#11282,#11289),.PCURVE_S1.);
#11278 = LINE('',#11279,#11280);
#11279 = CARTESIAN_POINT('',(15.9,31.677708338213,32.372408335871));
#11280 = VECTOR('',#11281,1.);
#11281 = DIRECTION('',(-0.,0.461352736642,-0.887216801235));
#11282 = PCURVE('',#10973,#11283);
#11283 = DEFINITIONAL_REPRESENTATION('',(#11284),#11288);
#11284 = LINE('',#11285,#11286);
#11285 = CARTESIAN_POINT('',(-13.5123118828,-14.1));
#11286 = VECTOR('',#11287,1.);
#11287 = DIRECTION('',(1.,-0.));
#11288 = ( GEOMETRIC_REPRESENTATION_CONTEXT(2) 
PARAMETRIC_REPRESENTATION_CONTEXT() REPRESENTATION_CONTEXT('2D SPACE',''
  ) );
#11289 = PCURVE('',#11290,#11295);
#11290 = PLANE('',#11291);
#11291 = AXIS2_PLACEMENT_3D('',#11292,#11293,#11294);
#11292 = CARTESIAN_POINT('',(15.9,16.,39.45));
#11293 = DIRECTION('',(1.,-0.,-0.));
#11294 = DIRECTION('',(0.,0.,1.));
#11295 = DEFINITIONAL_REPRESENTATION('',(#11296),#11300);
#11296 = LINE('',#11297,#11298);
#11297 = CARTESIAN_POINT('',(-7.077591664129,-15.67770833821));
#11298 = VECTOR('',#11299,1.);
#11299 = DIRECTION('',(-0.887216801235,-0.461352736642));
#11300 = ( GEOMETRIC_REPRESENTATION_CONTEXT(2) 
PARAMETRIC_REPRESENTATION_CONTEXT() REPRESENTATION_CONTEXT('2D SPACE',''
  ) );
#11301 = ORIENTED_EDGE('',*,*,#11302,.F.);
#11302 = EDGE_CURVE('',#11303,#11275,#11305,.T.);
#11303 = VERTEX_POINT('',#11304);
#11304 = CARTESIAN_POINT('',(15.3,27.997360672865,39.45));
#11305 = SURFACE_CURVE('',#11306,(#11311,#11322),.PCURVE_S1.);
#11306 = ELLIPSE('',#11307,0.676272134573,0.6);
#11307 = AXIS2_PLACEMENT_3D('',#11308,#11309,#11310);
#11308 = CARTESIAN_POINT('',(15.3,28.309360672865,38.85));
#11309 = DIRECTION('',(-0.,0.887216801235,0.461352736642));
#11310 = DIRECTION('',(-0.,0.461352736642,-0.887216801235));
#11311 = PCURVE('',#10973,#11312);
#11312 = DEFINITIONAL_REPRESENTATION('',(#11313),#11321);
#11313 = ( BOUNDED_CURVE() B_SPLINE_CURVE(2,(#11314,#11315,#11316,#11317
    ,#11318,#11319,#11320),.UNSPECIFIED.,.T.,.F.) 
B_SPLINE_CURVE_WITH_KNOTS((1,2,2,2,2,1),(-2.094395102393,0.,
    2.094395102393,4.188790204786,6.28318530718,8.377580409573),
.UNSPECIFIED.) CURVE() GEOMETRIC_REPRESENTATION_ITEM() 
RATIONAL_B_SPLINE_CURVE((1.,0.5,1.,0.5,1.,0.5,1.)) REPRESENTATION_ITEM(
  '') );
#11314 = CARTESIAN_POINT('',(-20.13706431755,-14.7));
#11315 = CARTESIAN_POINT('',(-20.13706431755,-15.73923048454));
#11316 = CARTESIAN_POINT('',(-21.15147251941,-15.21961524227));
#11317 = CARTESIAN_POINT('',(-22.16588072127,-14.7));
#11318 = CARTESIAN_POINT('',(-21.15147251941,-14.18038475772));
#11319 = CARTESIAN_POINT('',(-20.13706431755,-13.66076951545));
#11320 = CARTESIAN_POINT('',(-20.13706431755,-14.7));
#11321 = ( GEOMETRIC_REPRESENTATION_CONTEXT(2) 
PARAMETRIC_REPRESENTATION_CONTEXT() REPRESENTATION_CONTEXT('2D SPACE',''
  ) );
#11322 = PCURVE('',#11323,#11328);
#11323 = CYLINDRICAL_SURFACE('',#11324,0.6);
#11324 = AXIS2_PLACEMENT_3D('',#11325,#11326,#11327);
#11325 = CARTESIAN_POINT('',(15.3,16.,38.85));
#11326 = DIRECTION('',(-0.,1.,-0.));
#11327 = DIRECTION('',(-0.,-0.,1.));
#11328 = DEFINITIONAL_REPRESENTATION('',(#11329),#11338);
#11329 = B_SPLINE_CURVE_WITH_KNOTS('',7,(#11330,#11331,#11332,#11333,
    #11334,#11335,#11336,#11337),.UNSPECIFIED.,.F.,.F.,(8,8),(
    3.14159265359,4.712388980385),.PIECEWISE_BEZIER_KNOTS.);
#11330 = CARTESIAN_POINT('',(0.,11.997360672865));
#11331 = CARTESIAN_POINT('',(0.224399475256,11.997360672865));
#11332 = CARTESIAN_POINT('',(0.448798950513,12.015690258717));
#11333 = CARTESIAN_POINT('',(0.673198425769,12.052346771428));
#11334 = CARTESIAN_POINT('',(0.897597901026,12.105079663218));
#11335 = CARTESIAN_POINT('',(1.121997376282,12.169335684599));
#11336 = CARTESIAN_POINT('',(1.346396851538,12.239348036585));
#11337 = CARTESIAN_POINT('',(1.570796326795,12.309360672865));
#11338 = ( GEOMETRIC_REPRESENTATION_CONTEXT(2) 
PARAMETRIC_REPRESENTATION_CONTEXT() REPRESENTATION_CONTEXT('2D SPACE',''
  ) );
#11339 = ORIENTED_EDGE('',*,*,#11340,.F.);
#11340 = EDGE_CURVE('',#11341,#11303,#11343,.T.);
#11341 = VERTEX_POINT('',#11342);
#11342 = CARTESIAN_POINT('',(-15.3,27.997360672865,39.45));
#11343 = SURFACE_CURVE('',#11344,(#11348,#11355),.PCURVE_S1.);
#11344 = LINE('',#11345,#11346);
#11345 = CARTESIAN_POINT('',(7.05,27.997360672865,39.45));
#11346 = VECTOR('',#11347,1.);
#11347 = DIRECTION('',(1.,-0.,0.));
#11348 = PCURVE('',#10973,#11349);
#11349 = DEFINITIONAL_REPRESENTATION('',(#11350),#11354);
#11350 = LINE('',#11351,#11352);
#11351 = CARTESIAN_POINT('',(-21.48960858669,-22.95));
#11352 = VECTOR('',#11353,1.);
#11353 = DIRECTION('',(-0.,1.));
#11354 = ( GEOMETRIC_REPRESENTATION_CONTEXT(2) 
PARAMETRIC_REPRESENTATION_CONTEXT() REPRESENTATION_CONTEXT('2D SPACE',''
  ) );
#11355 = PCURVE('',#11356,#11361);
#11356 = PLANE('',#11357);
#11357 = AXIS2_PLACEMENT_3D('',#11358,#11359,#11360);
#11358 = CARTESIAN_POINT('',(-15.9,16.,39.45));
#11359 = DIRECTION('',(-0.,-0.,1.));
#11360 = DIRECTION('',(-1.,0.,0.));
#11361 = DEFINITIONAL_REPRESENTATION('',(#11362),#11366);
#11362 = LINE('',#11363,#11364);
#11363 = CARTESIAN_POINT('',(-22.95,-11.99736067286));
#11364 = VECTOR('',#11365,1.);
#11365 = DIRECTION('',(-1.,-0.));
#11366 = ( GEOMETRIC_REPRESENTATION_CONTEXT(2) 
PARAMETRIC_REPRESENTATION_CONTEXT() REPRESENTATION_CONTEXT('2D SPACE',''
  ) );
#11367 = ORIENTED_EDGE('',*,*,#11368,.F.);
#11368 = EDGE_CURVE('',#11369,#11341,#11371,.T.);
#11369 = VERTEX_POINT('',#11370);
#11370 = CARTESIAN_POINT('',(-15.9,28.309360672865,38.85));
#11371 = SURFACE_CURVE('',#11372,(#11377,#11388),.PCURVE_S1.);
#11372 = ELLIPSE('',#11373,0.676272134573,0.6);
#11373 = AXIS2_PLACEMENT_3D('',#11374,#11375,#11376);
#11374 = CARTESIAN_POINT('',(-15.3,28.309360672865,38.85));
#11375 = DIRECTION('',(-0.,0.887216801235,0.461352736642));
#11376 = DIRECTION('',(-0.,0.461352736642,-0.887216801235));
#11377 = PCURVE('',#10973,#11378);
#11378 = DEFINITIONAL_REPRESENTATION('',(#11379),#11387);
#11379 = ( BOUNDED_CURVE() B_SPLINE_CURVE(2,(#11380,#11381,#11382,#11383
    ,#11384,#11385,#11386),.UNSPECIFIED.,.T.,.F.) 
B_SPLINE_CURVE_WITH_KNOTS((1,2,2,2,2,1),(-2.094395102393,0.,
    2.094395102393,4.188790204786,6.28318530718,8.377580409573),
.UNSPECIFIED.) CURVE() GEOMETRIC_REPRESENTATION_ITEM() 
RATIONAL_B_SPLINE_CURVE((1.,0.5,1.,0.5,1.,0.5,1.)) REPRESENTATION_ITEM(
  '') );
#11380 = CARTESIAN_POINT('',(-20.13706431755,-45.3));
#11381 = CARTESIAN_POINT('',(-20.13706431755,-46.33923048454));
#11382 = CARTESIAN_POINT('',(-21.15147251941,-45.81961524227));
#11383 = CARTESIAN_POINT('',(-22.16588072127,-45.3));
#11384 = CARTESIAN_POINT('',(-21.15147251941,-44.78038475772));
#11385 = CARTESIAN_POINT('',(-20.13706431755,-44.26076951545));
#11386 = CARTESIAN_POINT('',(-20.13706431755,-45.3));
#11387 = ( GEOMETRIC_REPRESENTATION_CONTEXT(2) 
PARAMETRIC_REPRESENTATION_CONTEXT() REPRESENTATION_CONTEXT('2D SPACE',''
  ) );
#11388 = PCURVE('',#11389,#11394);
#11389 = CYLINDRICAL_SURFACE('',#11390,0.6);
#11390 = AXIS2_PLACEMENT_3D('',#11391,#11392,#11393);
#11391 = CARTESIAN_POINT('',(-15.3,16.,38.85));
#11392 = DIRECTION('',(-0.,1.,-0.));
#11393 = DIRECTION('',(-1.,-0.,-0.));
#11394 = DEFINITIONAL_REPRESENTATION('',(#11395),#11404);
#11395 = B_SPLINE_CURVE_WITH_KNOTS('',7,(#11396,#11397,#11398,#11399,
    #11400,#11401,#11402,#11403),.UNSPECIFIED.,.F.,.F.,(8,8),(
    1.570796326795,3.14159265359),.PIECEWISE_BEZIER_KNOTS.);
#11396 = CARTESIAN_POINT('',(0.,12.309360672865));
#11397 = CARTESIAN_POINT('',(0.224399475256,12.239348036585));
#11398 = CARTESIAN_POINT('',(0.448798950513,12.169335684597));
#11399 = CARTESIAN_POINT('',(0.673198425769,12.105079663225));
#11400 = CARTESIAN_POINT('',(0.897597901026,12.052346771422));
#11401 = CARTESIAN_POINT('',(1.121997376282,12.01569025872));
#11402 = CARTESIAN_POINT('',(1.346396851538,11.997360672865));
#11403 = CARTESIAN_POINT('',(1.570796326795,11.997360672865));
#11404 = ( GEOMETRIC_REPRESENTATION_CONTEXT(2) 
PARAMETRIC_REPRESENTATION_CONTEXT() REPRESENTATION_CONTEXT('2D SPACE',''
  ) );
#11405 = ORIENTED_EDGE('',*,*,#11406,.F.);
#11406 = EDGE_CURVE('',#11407,#11369,#11409,.T.);
#11407 = VERTEX_POINT('',#11408);
#11408 = CARTESIAN_POINT('',(-15.9,31.585360672865,32.55));
#11409 = SURFACE_CURVE('',#11410,(#11414,#11421),.PCURVE_S1.);
#11410 = LINE('',#11411,#11412);
#11411 = CARTESIAN_POINT('',(-15.9,33.212657960379,29.420582139397));
#11412 = VECTOR('',#11413,1.);
#11413 = DIRECTION('',(-0.,-0.461352736642,0.887216801235));
#11414 = PCURVE('',#10973,#11415);
#11415 = DEFINITIONAL_REPRESENTATION('',(#11416),#11420);
#11416 = LINE('',#11417,#11418);
#11417 = CARTESIAN_POINT('',(-10.18524887817,-45.9));
#11418 = VECTOR('',#11419,1.);
#11419 = DIRECTION('',(-1.,0.));
#11420 = ( GEOMETRIC_REPRESENTATION_CONTEXT(2) 
PARAMETRIC_REPRESENTATION_CONTEXT() REPRESENTATION_CONTEXT('2D SPACE',''
  ) );
#11421 = PCURVE('',#11422,#11427);
#11422 = PLANE('',#11423);
#11423 = AXIS2_PLACEMENT_3D('',#11424,#11425,#11426);
#11424 = CARTESIAN_POINT('',(-15.9,16.,31.95));
#11425 = DIRECTION('',(-1.,-0.,-0.));
#11426 = DIRECTION('',(0.,0.,-1.));
#11427 = DEFINITIONAL_REPRESENTATION('',(#11428),#11432);
#11428 = LINE('',#11429,#11430);
#11429 = CARTESIAN_POINT('',(2.529417860603,-17.21265796037));
#11430 = VECTOR('',#11431,1.);
#11431 = DIRECTION('',(-0.887216801235,0.461352736642));
#11432 = ( GEOMETRIC_REPRESENTATION_CONTEXT(2) 
PARAMETRIC_REPRESENTATION_CONTEXT() REPRESENTATION_CONTEXT('2D SPACE',''
  ) );
#11433 = ORIENTED_EDGE('',*,*,#11434,.F.);
#11434 = EDGE_CURVE('',#11209,#11407,#11435,.T.);
#11435 = SURFACE_CURVE('',#11436,(#11441,#11452),.PCURVE_S1.);
#11436 = ELLIPSE('',#11437,0.676272134573,0.6);
#11437 = AXIS2_PLACEMENT_3D('',#11438,#11439,#11440);
#11438 = CARTESIAN_POINT('',(-15.3,31.585360672865,32.55));
#11439 = DIRECTION('',(-0.,0.887216801235,0.461352736642));
#11440 = DIRECTION('',(-0.,0.461352736642,-0.887216801235));
#11441 = PCURVE('',#10973,#11442);
#11442 = DEFINITIONAL_REPRESENTATION('',(#11443),#11451);
#11443 = ( BOUNDED_CURVE() B_SPLINE_CURVE(2,(#11444,#11445,#11446,#11447
    ,#11448,#11449,#11450),.UNSPECIFIED.,.T.,.F.) 
B_SPLINE_CURVE_WITH_KNOTS((1,2,2,2,2,1),(-2.094395102393,0.,
    2.094395102393,4.188790204786,6.28318530718,8.377580409573),
.UNSPECIFIED.) CURVE() GEOMETRIC_REPRESENTATION_ITEM() 
RATIONAL_B_SPLINE_CURVE((1.,0.5,1.,0.5,1.,0.5,1.)) REPRESENTATION_ITEM(
  '') );
#11444 = CARTESIAN_POINT('',(-13.03620690453,-45.3));
#11445 = CARTESIAN_POINT('',(-13.03620690453,-46.33923048454));
#11446 = CARTESIAN_POINT('',(-14.05061510639,-45.81961524227));
#11447 = CARTESIAN_POINT('',(-15.06502330825,-45.3));
#11448 = CARTESIAN_POINT('',(-14.05061510639,-44.78038475772));
#11449 = CARTESIAN_POINT('',(-13.03620690453,-44.26076951545));
#11450 = CARTESIAN_POINT('',(-13.03620690453,-45.3));
#11451 = ( GEOMETRIC_REPRESENTATION_CONTEXT(2) 
PARAMETRIC_REPRESENTATION_CONTEXT() REPRESENTATION_CONTEXT('2D SPACE',''
  ) );
#11452 = PCURVE('',#11453,#11458);
#11453 = CYLINDRICAL_SURFACE('',#11454,0.6);
#11454 = AXIS2_PLACEMENT_3D('',#11455,#11456,#11457);
#11455 = CARTESIAN_POINT('',(-15.3,16.,32.55));
#11456 = DIRECTION('',(-0.,1.,-0.));
#11457 = DIRECTION('',(-0.,-0.,-1.));
#11458 = DEFINITIONAL_REPRESENTATION('',(#11459),#11468);
#11459 = B_SPLINE_CURVE_WITH_KNOTS('',7,(#11460,#11461,#11462,#11463,
    #11464,#11465,#11466,#11467),.UNSPECIFIED.,.F.,.F.,(8,8),(
    6.68649615491E-17,1.570796326795),.PIECEWISE_BEZIER_KNOTS.);
#11460 = CARTESIAN_POINT('',(0.,15.897360672865));
#11461 = CARTESIAN_POINT('',(0.224399475256,15.897360672865));
#11462 = CARTESIAN_POINT('',(0.448798950513,15.879031087009));
#11463 = CARTESIAN_POINT('',(0.673198425769,15.842374574316));
#11464 = CARTESIAN_POINT('',(0.897597901026,15.789641682502));
#11465 = CARTESIAN_POINT('',(1.121997376282,15.725385661135));
#11466 = CARTESIAN_POINT('',(1.346396851538,15.655373309145));
#11467 = CARTESIAN_POINT('',(1.570796326795,15.585360672865));
#11468 = ( GEOMETRIC_REPRESENTATION_CONTEXT(2) 
PARAMETRIC_REPRESENTATION_CONTEXT() REPRESENTATION_CONTEXT('2D SPACE',''
  ) );
#11469 = ADVANCED_FACE('',(#11470),#11257,.T.);
#11470 = FACE_BOUND('',#11471,.F.);
#11471 = EDGE_LOOP('',(#11472,#11495,#11496,#11519));
#11472 = ORIENTED_EDGE('',*,*,#11473,.F.);
#11473 = EDGE_CURVE('',#11207,#11474,#11476,.T.);
#11474 = VERTEX_POINT('',#11475);
#11475 = CARTESIAN_POINT('',(15.3,32.797360672865,31.95));
#11476 = SURFACE_CURVE('',#11477,(#11481,#11488),.PCURVE_S1.);
#11477 = LINE('',#11478,#11479);
#11478 = CARTESIAN_POINT('',(15.3,16.,31.95));
#11479 = VECTOR('',#11480,1.);
#11480 = DIRECTION('',(-0.,1.,-0.));
#11481 = PCURVE('',#11257,#11482);
#11482 = DEFINITIONAL_REPRESENTATION('',(#11483),#11487);
#11483 = LINE('',#11484,#11485);
#11484 = CARTESIAN_POINT('',(-0.,0.));
#11485 = VECTOR('',#11486,1.);
#11486 = DIRECTION('',(-0.,1.));
#11487 = ( GEOMETRIC_REPRESENTATION_CONTEXT(2) 
PARAMETRIC_REPRESENTATION_CONTEXT() REPRESENTATION_CONTEXT('2D SPACE',''
  ) );
#11488 = PCURVE('',#11224,#11489);
#11489 = DEFINITIONAL_REPRESENTATION('',(#11490),#11494);
#11490 = LINE('',#11491,#11492);
#11491 = CARTESIAN_POINT('',(-0.6,0.));
#11492 = VECTOR('',#11493,1.);
#11493 = DIRECTION('',(-0.,-1.));
#11494 = ( GEOMETRIC_REPRESENTATION_CONTEXT(2) 
PARAMETRIC_REPRESENTATION_CONTEXT() REPRESENTATION_CONTEXT('2D SPACE',''
  ) );
#11495 = ORIENTED_EDGE('',*,*,#11236,.F.);
#11496 = ORIENTED_EDGE('',*,*,#11497,.T.);
#11497 = EDGE_CURVE('',#11237,#11498,#11500,.T.);
#11498 = VERTEX_POINT('',#11499);
#11499 = CARTESIAN_POINT('',(15.9,32.485360672865,32.55));
#11500 = SURFACE_CURVE('',#11501,(#11505,#11512),.PCURVE_S1.);
#11501 = LINE('',#11502,#11503);
#11502 = CARTESIAN_POINT('',(15.9,16.,32.55));
#11503 = VECTOR('',#11504,1.);
#11504 = DIRECTION('',(-0.,1.,-0.));
#11505 = PCURVE('',#11257,#11506);
#11506 = DEFINITIONAL_REPRESENTATION('',(#11507),#11511);
#11507 = LINE('',#11508,#11509);
#11508 = CARTESIAN_POINT('',(-1.570796326795,0.));
#11509 = VECTOR('',#11510,1.);
#11510 = DIRECTION('',(-0.,1.));
#11511 = ( GEOMETRIC_REPRESENTATION_CONTEXT(2) 
PARAMETRIC_REPRESENTATION_CONTEXT() REPRESENTATION_CONTEXT('2D SPACE',''
  ) );
#11512 = PCURVE('',#11290,#11513);
#11513 = DEFINITIONAL_REPRESENTATION('',(#11514),#11518);
#11514 = LINE('',#11515,#11516);
#11515 = CARTESIAN_POINT('',(-6.9,0.));
#11516 = VECTOR('',#11517,1.);
#11517 = DIRECTION('',(-0.,-1.));
#11518 = ( GEOMETRIC_REPRESENTATION_CONTEXT(2) 
PARAMETRIC_REPRESENTATION_CONTEXT() REPRESENTATION_CONTEXT('2D SPACE',''
  ) );
#11519 = ORIENTED_EDGE('',*,*,#11520,.T.);
#11520 = EDGE_CURVE('',#11498,#11474,#11521,.T.);
#11521 = SURFACE_CURVE('',#11522,(#11527,#11539),.PCURVE_S1.);
#11522 = ELLIPSE('',#11523,0.676272134573,0.6);
#11523 = AXIS2_PLACEMENT_3D('',#11524,#11525,#11526);
#11524 = CARTESIAN_POINT('',(15.3,32.485360672865,32.55));
#11525 = DIRECTION('',(-0.,0.887216801235,0.461352736642));
#11526 = DIRECTION('',(-0.,0.461352736642,-0.887216801235));
#11527 = PCURVE('',#11257,#11528);
#11528 = DEFINITIONAL_REPRESENTATION('',(#11529),#11538);
#11529 = B_SPLINE_CURVE_WITH_KNOTS('',7,(#11530,#11531,#11532,#11533,
    #11534,#11535,#11536,#11537),.UNSPECIFIED.,.F.,.F.,(8,8),(
    4.712388980385,6.28318530718),.PIECEWISE_BEZIER_KNOTS.);
#11530 = CARTESIAN_POINT('',(-1.570796326795,16.485360672865));
#11531 = CARTESIAN_POINT('',(-1.346396851538,16.555373309145));
#11532 = CARTESIAN_POINT('',(-1.121997376282,16.625385661131));
#11533 = CARTESIAN_POINT('',(-0.897597901026,16.689641682515));
#11534 = CARTESIAN_POINT('',(-0.673198425769,16.742374574302));
#11535 = CARTESIAN_POINT('',(-0.448798950513,16.779031087013));
#11536 = CARTESIAN_POINT('',(-0.224399475256,16.797360672865));
#11537 = CARTESIAN_POINT('',(0.,16.797360672865));
#11538 = ( GEOMETRIC_REPRESENTATION_CONTEXT(2) 
PARAMETRIC_REPRESENTATION_CONTEXT() REPRESENTATION_CONTEXT('2D SPACE',''
  ) );
#11539 = PCURVE('',#11540,#11545);
#11540 = PLANE('',#11541);
#11541 = AXIS2_PLACEMENT_3D('',#11542,#11543,#11544);
#11542 = CARTESIAN_POINT('',(30.,38.811650403704,20.384058209926));
#11543 = DIRECTION('',(-0.,-0.887216801235,-0.461352736642));
#11544 = DIRECTION('',(0.,0.461352736642,-0.887216801235));
#11545 = DEFINITIONAL_REPRESENTATION('',(#11546),#11554);
#11546 = ( BOUNDED_CURVE() B_SPLINE_CURVE(2,(#11547,#11548,#11549,#11550
    ,#11551,#11552,#11553),.UNSPECIFIED.,.T.,.F.) 
B_SPLINE_CURVE_WITH_KNOTS((1,2,2,2,2,1),(-2.094395102393,0.,
    2.094395102393,4.188790204786,6.28318530718,8.377580409573),
.UNSPECIFIED.) CURVE() GEOMETRIC_REPRESENTATION_ITEM() 
RATIONAL_B_SPLINE_CURVE((1.,0.5,1.,0.5,1.,0.5,1.)) REPRESENTATION_ITEM(
  '') );
#11547 = CARTESIAN_POINT('',(-13.03620690453,-14.7));
#11548 = CARTESIAN_POINT('',(-13.03620690453,-15.73923048454));
#11549 = CARTESIAN_POINT('',(-14.05061510639,-15.21961524227));
#11550 = CARTESIAN_POINT('',(-15.06502330825,-14.7));
#11551 = CARTESIAN_POINT('',(-14.05061510639,-14.18038475772));
#11552 = CARTESIAN_POINT('',(-13.03620690453,-13.66076951545));
#11553 = CARTESIAN_POINT('',(-13.03620690453,-14.7));
#11554 = ( GEOMETRIC_REPRESENTATION_CONTEXT(2) 
PARAMETRIC_REPRESENTATION_CONTEXT() REPRESENTATION_CONTEXT('2D SPACE',''
  ) );
#11555 = ADVANCED_FACE('',(#11556),#11540,.F.);
#11556 = FACE_BOUND('',#11557,.T.);
#11557 = EDGE_LOOP('',(#11558,#11559,#11582,#11615,#11638,#11671,#11694,
    #11727));
#11558 = ORIENTED_EDGE('',*,*,#11520,.T.);
#11559 = ORIENTED_EDGE('',*,*,#11560,.T.);
#11560 = EDGE_CURVE('',#11474,#11561,#11563,.T.);
#11561 = VERTEX_POINT('',#11562);
#11562 = CARTESIAN_POINT('',(-15.3,32.797360672865,31.95));
#11563 = SURFACE_CURVE('',#11564,(#11568,#11575),.PCURVE_S1.);
#11564 = LINE('',#11565,#11566);
#11565 = CARTESIAN_POINT('',(22.95,32.797360672865,31.95));
#11566 = VECTOR('',#11567,1.);
#11567 = DIRECTION('',(-1.,-0.,-0.));
#11568 = PCURVE('',#11540,#11569);
#11569 = DEFINITIONAL_REPRESENTATION('',(#11570),#11574);
#11570 = LINE('',#11571,#11572);
#11571 = CARTESIAN_POINT('',(-13.03620690453,-7.05));
#11572 = VECTOR('',#11573,1.);
#11573 = DIRECTION('',(-0.,-1.));
#11574 = ( GEOMETRIC_REPRESENTATION_CONTEXT(2) 
PARAMETRIC_REPRESENTATION_CONTEXT() REPRESENTATION_CONTEXT('2D SPACE',''
  ) );
#11575 = PCURVE('',#11224,#11576);
#11576 = DEFINITIONAL_REPRESENTATION('',(#11577),#11581);
#11577 = LINE('',#11578,#11579);
#11578 = CARTESIAN_POINT('',(7.05,-16.79736067286));
#11579 = VECTOR('',#11580,1.);
#11580 = DIRECTION('',(-1.,0.));
#11581 = ( GEOMETRIC_REPRESENTATION_CONTEXT(2) 
PARAMETRIC_REPRESENTATION_CONTEXT() REPRESENTATION_CONTEXT('2D SPACE',''
  ) );
#11582 = ORIENTED_EDGE('',*,*,#11583,.T.);
#11583 = EDGE_CURVE('',#11561,#11584,#11586,.T.);
#11584 = VERTEX_POINT('',#11585);
#11585 = CARTESIAN_POINT('',(-15.9,32.485360672865,32.55));
#11586 = SURFACE_CURVE('',#11587,(#11592,#11603),.PCURVE_S1.);
#11587 = ELLIPSE('',#11588,0.676272134573,0.6);
#11588 = AXIS2_PLACEMENT_3D('',#11589,#11590,#11591);
#11589 = CARTESIAN_POINT('',(-15.3,32.485360672865,32.55));
#11590 = DIRECTION('',(-0.,0.887216801235,0.461352736642));
#11591 = DIRECTION('',(-0.,0.461352736642,-0.887216801235));
#11592 = PCURVE('',#11540,#11593);
#11593 = DEFINITIONAL_REPRESENTATION('',(#11594),#11602);
#11594 = ( BOUNDED_CURVE() B_SPLINE_CURVE(2,(#11595,#11596,#11597,#11598
    ,#11599,#11600,#11601),.UNSPECIFIED.,.T.,.F.) 
B_SPLINE_CURVE_WITH_KNOTS((1,2,2,2,2,1),(-2.094395102393,0.,
    2.094395102393,4.188790204786,6.28318530718,8.377580409573),
.UNSPECIFIED.) CURVE() GEOMETRIC_REPRESENTATION_ITEM() 
RATIONAL_B_SPLINE_CURVE((1.,0.5,1.,0.5,1.,0.5,1.)) REPRESENTATION_ITEM(
  '') );
#11595 = CARTESIAN_POINT('',(-13.03620690453,-45.3));
#11596 = CARTESIAN_POINT('',(-13.03620690453,-46.33923048454));
#11597 = CARTESIAN_POINT('',(-14.05061510639,-45.81961524227));
#11598 = CARTESIAN_POINT('',(-15.06502330825,-45.3));
#11599 = CARTESIAN_POINT('',(-14.05061510639,-44.78038475772));
#11600 = CARTESIAN_POINT('',(-13.03620690453,-44.26076951545));
#11601 = CARTESIAN_POINT('',(-13.03620690453,-45.3));
#11602 = ( GEOMETRIC_REPRESENTATION_CONTEXT(2) 
PARAMETRIC_REPRESENTATION_CONTEXT() REPRESENTATION_CONTEXT('2D SPACE',''
  ) );
#11603 = PCURVE('',#11453,#11604);
#11604 = DEFINITIONAL_REPRESENTATION('',(#11605),#11614);
#11605 = B_SPLINE_CURVE_WITH_KNOTS('',7,(#11606,#11607,#11608,#11609,
    #11610,#11611,#11612,#11613),.UNSPECIFIED.,.F.,.F.,(8,8),(
    6.68649615491E-17,1.570796326795),.PIECEWISE_BEZIER_KNOTS.);
#11606 = CARTESIAN_POINT('',(0.,16.797360672865));
#11607 = CARTESIAN_POINT('',(0.224399475256,16.797360672865));
#11608 = CARTESIAN_POINT('',(0.448798950513,16.779031087011));
#11609 = CARTESIAN_POINT('',(0.673198425769,16.742374574308));
#11610 = CARTESIAN_POINT('',(0.897597901026,16.689641682507));
#11611 = CARTESIAN_POINT('',(1.121997376282,16.625385661133));
#11612 = CARTESIAN_POINT('',(1.346396851538,16.555373309145));
#11613 = CARTESIAN_POINT('',(1.570796326795,16.485360672865));
#11614 = ( GEOMETRIC_REPRESENTATION_CONTEXT(2) 
PARAMETRIC_REPRESENTATION_CONTEXT() REPRESENTATION_CONTEXT('2D SPACE',''
  ) );
#11615 = ORIENTED_EDGE('',*,*,#11616,.T.);
#11616 = EDGE_CURVE('',#11584,#11617,#11619,.T.);
#11617 = VERTEX_POINT('',#11618);
#11618 = CARTESIAN_POINT('',(-15.9,29.209360672865,38.85));
#11619 = SURFACE_CURVE('',#11620,(#11624,#11631),.PCURVE_S1.);
#11620 = LINE('',#11621,#11622);
#11621 = CARTESIAN_POINT('',(-15.9,34.016877103956,29.604776094057));
#11622 = VECTOR('',#11623,1.);
#11623 = DIRECTION('',(-0.,-0.461352736642,0.887216801235));
#11624 = PCURVE('',#11540,#11625);
#11625 = DEFINITIONAL_REPRESENTATION('',(#11626),#11630);
#11626 = LINE('',#11627,#11628);
#11627 = CARTESIAN_POINT('',(-10.39285760966,-45.9));
#11628 = VECTOR('',#11629,1.);
#11629 = DIRECTION('',(-1.,0.));
#11630 = ( GEOMETRIC_REPRESENTATION_CONTEXT(2) 
PARAMETRIC_REPRESENTATION_CONTEXT() REPRESENTATION_CONTEXT('2D SPACE',''
  ) );
#11631 = PCURVE('',#11422,#11632);
#11632 = DEFINITIONAL_REPRESENTATION('',(#11633),#11637);
#11633 = LINE('',#11634,#11635);
#11634 = CARTESIAN_POINT('',(2.345223905943,-18.01687710395));
#11635 = VECTOR('',#11636,1.);
#11636 = DIRECTION('',(-0.887216801235,0.461352736642));
#11637 = ( GEOMETRIC_REPRESENTATION_CONTEXT(2) 
PARAMETRIC_REPRESENTATION_CONTEXT() REPRESENTATION_CONTEXT('2D SPACE',''
  ) );
#11638 = ORIENTED_EDGE('',*,*,#11639,.T.);
#11639 = EDGE_CURVE('',#11617,#11640,#11642,.T.);
#11640 = VERTEX_POINT('',#11641);
#11641 = CARTESIAN_POINT('',(-15.3,28.897360672865,39.45));
#11642 = SURFACE_CURVE('',#11643,(#11648,#11659),.PCURVE_S1.);
#11643 = ELLIPSE('',#11644,0.676272134573,0.6);
#11644 = AXIS2_PLACEMENT_3D('',#11645,#11646,#11647);
#11645 = CARTESIAN_POINT('',(-15.3,29.209360672865,38.85));
#11646 = DIRECTION('',(-0.,0.887216801235,0.461352736642));
#11647 = DIRECTION('',(-0.,0.461352736642,-0.887216801235));
#11648 = PCURVE('',#11540,#11649);
#11649 = DEFINITIONAL_REPRESENTATION('',(#11650),#11658);
#11650 = ( BOUNDED_CURVE() B_SPLINE_CURVE(2,(#11651,#11652,#11653,#11654
    ,#11655,#11656,#11657),.UNSPECIFIED.,.T.,.F.) 
B_SPLINE_CURVE_WITH_KNOTS((1,2,2,2,2,1),(-2.094395102393,0.,
    2.094395102393,4.188790204786,6.28318530718,8.377580409573),
.UNSPECIFIED.) CURVE() GEOMETRIC_REPRESENTATION_ITEM() 
RATIONAL_B_SPLINE_CURVE((1.,0.5,1.,0.5,1.,0.5,1.)) REPRESENTATION_ITEM(
  '') );
#11651 = CARTESIAN_POINT('',(-20.13706431755,-45.3));
#11652 = CARTESIAN_POINT('',(-20.13706431755,-46.33923048454));
#11653 = CARTESIAN_POINT('',(-21.15147251941,-45.81961524227));
#11654 = CARTESIAN_POINT('',(-22.16588072127,-45.3));
#11655 = CARTESIAN_POINT('',(-21.15147251941,-44.78038475772));
#11656 = CARTESIAN_POINT('',(-20.13706431755,-44.26076951545));
#11657 = CARTESIAN_POINT('',(-20.13706431755,-45.3));
#11658 = ( GEOMETRIC_REPRESENTATION_CONTEXT(2) 
PARAMETRIC_REPRESENTATION_CONTEXT() REPRESENTATION_CONTEXT('2D SPACE',''
  ) );
#11659 = PCURVE('',#11389,#11660);
#11660 = DEFINITIONAL_REPRESENTATION('',(#11661),#11670);
#11661 = B_SPLINE_CURVE_WITH_KNOTS('',7,(#11662,#11663,#11664,#11665,
    #11666,#11667,#11668,#11669),.UNSPECIFIED.,.F.,.F.,(8,8),(
    1.570796326795,3.14159265359),.PIECEWISE_BEZIER_KNOTS.);
#11662 = CARTESIAN_POINT('',(0.,13.209360672865));
#11663 = CARTESIAN_POINT('',(0.224399475256,13.139348036585));
#11664 = CARTESIAN_POINT('',(0.448798950513,13.069335684595));
#11665 = CARTESIAN_POINT('',(0.673198425769,13.00507966323));
#11666 = CARTESIAN_POINT('',(0.897597901026,12.952346771417));
#11667 = CARTESIAN_POINT('',(1.121997376282,12.915690258722));
#11668 = CARTESIAN_POINT('',(1.346396851538,12.897360672865));
#11669 = CARTESIAN_POINT('',(1.570796326795,12.897360672865));
#11670 = ( GEOMETRIC_REPRESENTATION_CONTEXT(2) 
PARAMETRIC_REPRESENTATION_CONTEXT() REPRESENTATION_CONTEXT('2D SPACE',''
  ) );
#11671 = ORIENTED_EDGE('',*,*,#11672,.T.);
#11672 = EDGE_CURVE('',#11640,#11673,#11675,.T.);
#11673 = VERTEX_POINT('',#11674);
#11674 = CARTESIAN_POINT('',(15.3,28.897360672865,39.45));
#11675 = SURFACE_CURVE('',#11676,(#11680,#11687),.PCURVE_S1.);
#11676 = LINE('',#11677,#11678);
#11677 = CARTESIAN_POINT('',(7.05,28.897360672865,39.45));
#11678 = VECTOR('',#11679,1.);
#11679 = DIRECTION('',(1.,-0.,0.));
#11680 = PCURVE('',#11540,#11681);
#11681 = DEFINITIONAL_REPRESENTATION('',(#11682),#11686);
#11682 = LINE('',#11683,#11684);
#11683 = CARTESIAN_POINT('',(-21.48960858669,-22.95));
#11684 = VECTOR('',#11685,1.);
#11685 = DIRECTION('',(-0.,1.));
#11686 = ( GEOMETRIC_REPRESENTATION_CONTEXT(2) 
PARAMETRIC_REPRESENTATION_CONTEXT() REPRESENTATION_CONTEXT('2D SPACE',''
  ) );
#11687 = PCURVE('',#11356,#11688);
#11688 = DEFINITIONAL_REPRESENTATION('',(#11689),#11693);
#11689 = LINE('',#11690,#11691);
#11690 = CARTESIAN_POINT('',(-22.95,-12.89736067286));
#11691 = VECTOR('',#11692,1.);
#11692 = DIRECTION('',(-1.,-0.));
#11693 = ( GEOMETRIC_REPRESENTATION_CONTEXT(2) 
PARAMETRIC_REPRESENTATION_CONTEXT() REPRESENTATION_CONTEXT('2D SPACE',''
  ) );
#11694 = ORIENTED_EDGE('',*,*,#11695,.T.);
#11695 = EDGE_CURVE('',#11673,#11696,#11698,.T.);
#11696 = VERTEX_POINT('',#11697);
#11697 = CARTESIAN_POINT('',(15.9,29.209360672865,38.85));
#11698 = SURFACE_CURVE('',#11699,(#11704,#11715),.PCURVE_S1.);
#11699 = ELLIPSE('',#11700,0.676272134573,0.6);
#11700 = AXIS2_PLACEMENT_3D('',#11701,#11702,#11703);
#11701 = CARTESIAN_POINT('',(15.3,29.209360672865,38.85));
#11702 = DIRECTION('',(-0.,0.887216801235,0.461352736642));
#11703 = DIRECTION('',(-0.,0.461352736642,-0.887216801235));
#11704 = PCURVE('',#11540,#11705);
#11705 = DEFINITIONAL_REPRESENTATION('',(#11706),#11714);
#11706 = ( BOUNDED_CURVE() B_SPLINE_CURVE(2,(#11707,#11708,#11709,#11710
    ,#11711,#11712,#11713),.UNSPECIFIED.,.T.,.F.) 
B_SPLINE_CURVE_WITH_KNOTS((1,2,2,2,2,1),(-2.094395102393,0.,
    2.094395102393,4.188790204786,6.28318530718,8.377580409573),
.UNSPECIFIED.) CURVE() GEOMETRIC_REPRESENTATION_ITEM() 
RATIONAL_B_SPLINE_CURVE((1.,0.5,1.,0.5,1.,0.5,1.)) REPRESENTATION_ITEM(
  '') );
#11707 = CARTESIAN_POINT('',(-20.13706431755,-14.7));
#11708 = CARTESIAN_POINT('',(-20.13706431755,-15.73923048454));
#11709 = CARTESIAN_POINT('',(-21.15147251941,-15.21961524227));
#11710 = CARTESIAN_POINT('',(-22.16588072127,-14.7));
#11711 = CARTESIAN_POINT('',(-21.15147251941,-14.18038475772));
#11712 = CARTESIAN_POINT('',(-20.13706431755,-13.66076951545));
#11713 = CARTESIAN_POINT('',(-20.13706431755,-14.7));
#11714 = ( GEOMETRIC_REPRESENTATION_CONTEXT(2) 
PARAMETRIC_REPRESENTATION_CONTEXT() REPRESENTATION_CONTEXT('2D SPACE',''
  ) );
#11715 = PCURVE('',#11323,#11716);
#11716 = DEFINITIONAL_REPRESENTATION('',(#11717),#11726);
#11717 = B_SPLINE_CURVE_WITH_KNOTS('',7,(#11718,#11719,#11720,#11721,
    #11722,#11723,#11724,#11725),.UNSPECIFIED.,.F.,.F.,(8,8),(
    3.14159265359,4.712388980385),.PIECEWISE_BEZIER_KNOTS.);
#11718 = CARTESIAN_POINT('',(0.,12.897360672865));
#11719 = CARTESIAN_POINT('',(0.224399475256,12.897360672865));
#11720 = CARTESIAN_POINT('',(0.448798950513,12.915690258719));
#11721 = CARTESIAN_POINT('',(0.673198425769,12.952346771428));
#11722 = CARTESIAN_POINT('',(0.897597901026,13.005079663222));
#11723 = CARTESIAN_POINT('',(1.121997376282,13.069335684599));
#11724 = CARTESIAN_POINT('',(1.346396851538,13.139348036585));
#11725 = CARTESIAN_POINT('',(1.570796326795,13.209360672865));
#11726 = ( GEOMETRIC_REPRESENTATION_CONTEXT(2) 
PARAMETRIC_REPRESENTATION_CONTEXT() REPRESENTATION_CONTEXT('2D SPACE',''
  ) );
#11727 = ORIENTED_EDGE('',*,*,#11728,.T.);
#11728 = EDGE_CURVE('',#11696,#11498,#11729,.T.);
#11729 = SURFACE_CURVE('',#11730,(#11734,#11741),.PCURVE_S1.);
#11730 = LINE('',#11731,#11732);
#11731 = CARTESIAN_POINT('',(15.9,32.481927481789,32.556602290531));
#11732 = VECTOR('',#11733,1.);
#11733 = DIRECTION('',(-0.,0.461352736642,-0.887216801235));
#11734 = PCURVE('',#11540,#11735);
#11735 = DEFINITIONAL_REPRESENTATION('',(#11736),#11740);
#11736 = LINE('',#11737,#11738);
#11737 = CARTESIAN_POINT('',(-13.71992061429,-14.1));
#11738 = VECTOR('',#11739,1.);
#11739 = DIRECTION('',(1.,-0.));
#11740 = ( GEOMETRIC_REPRESENTATION_CONTEXT(2) 
PARAMETRIC_REPRESENTATION_CONTEXT() REPRESENTATION_CONTEXT('2D SPACE',''
  ) );
#11741 = PCURVE('',#11290,#11742);
#11742 = DEFINITIONAL_REPRESENTATION('',(#11743),#11747);
#11743 = LINE('',#11744,#11745);
#11744 = CARTESIAN_POINT('',(-6.893397709469,-16.48192748178));
#11745 = VECTOR('',#11746,1.);
#11746 = DIRECTION('',(-0.887216801235,-0.461352736642));
#11747 = ( GEOMETRIC_REPRESENTATION_CONTEXT(2) 
PARAMETRIC_REPRESENTATION_CONTEXT() REPRESENTATION_CONTEXT('2D SPACE',''
  ) );
#11748 = ADVANCED_FACE('',(#11749),#11290,.T.);
#11749 = FACE_BOUND('',#11750,.F.);
#11750 = EDGE_LOOP('',(#11751,#11752,#11773,#11774));
#11751 = ORIENTED_EDGE('',*,*,#11274,.F.);
#11752 = ORIENTED_EDGE('',*,*,#11753,.T.);
#11753 = EDGE_CURVE('',#11275,#11696,#11754,.T.);
#11754 = SURFACE_CURVE('',#11755,(#11759,#11766),.PCURVE_S1.);
#11755 = LINE('',#11756,#11757);
#11756 = CARTESIAN_POINT('',(15.9,16.,38.85));
#11757 = VECTOR('',#11758,1.);
#11758 = DIRECTION('',(-0.,1.,-0.));
#11759 = PCURVE('',#11290,#11760);
#11760 = DEFINITIONAL_REPRESENTATION('',(#11761),#11765);
#11761 = LINE('',#11762,#11763);
#11762 = CARTESIAN_POINT('',(-0.6,0.));
#11763 = VECTOR('',#11764,1.);
#11764 = DIRECTION('',(-0.,-1.));
#11765 = ( GEOMETRIC_REPRESENTATION_CONTEXT(2) 
PARAMETRIC_REPRESENTATION_CONTEXT() REPRESENTATION_CONTEXT('2D SPACE',''
  ) );
#11766 = PCURVE('',#11323,#11767);
#11767 = DEFINITIONAL_REPRESENTATION('',(#11768),#11772);
#11768 = LINE('',#11769,#11770);
#11769 = CARTESIAN_POINT('',(1.570796326795,0.));
#11770 = VECTOR('',#11771,1.);
#11771 = DIRECTION('',(0.,1.));
#11772 = ( GEOMETRIC_REPRESENTATION_CONTEXT(2) 
PARAMETRIC_REPRESENTATION_CONTEXT() REPRESENTATION_CONTEXT('2D SPACE',''
  ) );
#11773 = ORIENTED_EDGE('',*,*,#11728,.T.);
#11774 = ORIENTED_EDGE('',*,*,#11497,.F.);
#11775 = ADVANCED_FACE('',(#11776),#11323,.T.);
#11776 = FACE_BOUND('',#11777,.T.);
#11777 = EDGE_LOOP('',(#11778,#11799,#11800,#11801));
#11778 = ORIENTED_EDGE('',*,*,#11779,.F.);
#11779 = EDGE_CURVE('',#11303,#11673,#11780,.T.);
#11780 = SURFACE_CURVE('',#11781,(#11785,#11792),.PCURVE_S1.);
#11781 = LINE('',#11782,#11783);
#11782 = CARTESIAN_POINT('',(15.3,16.,39.45));
#11783 = VECTOR('',#11784,1.);
#11784 = DIRECTION('',(-0.,1.,-0.));
#11785 = PCURVE('',#11323,#11786);
#11786 = DEFINITIONAL_REPRESENTATION('',(#11787),#11791);
#11787 = LINE('',#11788,#11789);
#11788 = CARTESIAN_POINT('',(0.,0.));
#11789 = VECTOR('',#11790,1.);
#11790 = DIRECTION('',(0.,1.));
#11791 = ( GEOMETRIC_REPRESENTATION_CONTEXT(2) 
PARAMETRIC_REPRESENTATION_CONTEXT() REPRESENTATION_CONTEXT('2D SPACE',''
  ) );
#11792 = PCURVE('',#11356,#11793);
#11793 = DEFINITIONAL_REPRESENTATION('',(#11794),#11798);
#11794 = LINE('',#11795,#11796);
#11795 = CARTESIAN_POINT('',(-31.2,-0.));
#11796 = VECTOR('',#11797,1.);
#11797 = DIRECTION('',(-0.,-1.));
#11798 = ( GEOMETRIC_REPRESENTATION_CONTEXT(2) 
PARAMETRIC_REPRESENTATION_CONTEXT() REPRESENTATION_CONTEXT('2D SPACE',''
  ) );
#11799 = ORIENTED_EDGE('',*,*,#11302,.T.);
#11800 = ORIENTED_EDGE('',*,*,#11753,.T.);
#11801 = ORIENTED_EDGE('',*,*,#11695,.F.);
#11802 = ADVANCED_FACE('',(#11803),#11356,.T.);
#11803 = FACE_BOUND('',#11804,.F.);
#11804 = EDGE_LOOP('',(#11805,#11806,#11827,#11828));
#11805 = ORIENTED_EDGE('',*,*,#11340,.F.);
#11806 = ORIENTED_EDGE('',*,*,#11807,.T.);
#11807 = EDGE_CURVE('',#11341,#11640,#11808,.T.);
#11808 = SURFACE_CURVE('',#11809,(#11813,#11820),.PCURVE_S1.);
#11809 = LINE('',#11810,#11811);
#11810 = CARTESIAN_POINT('',(-15.3,16.,39.45));
#11811 = VECTOR('',#11812,1.);
#11812 = DIRECTION('',(-0.,1.,-0.));
#11813 = PCURVE('',#11356,#11814);
#11814 = DEFINITIONAL_REPRESENTATION('',(#11815),#11819);
#11815 = LINE('',#11816,#11817);
#11816 = CARTESIAN_POINT('',(-0.6,-0.));
#11817 = VECTOR('',#11818,1.);
#11818 = DIRECTION('',(-0.,-1.));
#11819 = ( GEOMETRIC_REPRESENTATION_CONTEXT(2) 
PARAMETRIC_REPRESENTATION_CONTEXT() REPRESENTATION_CONTEXT('2D SPACE',''
  ) );
#11820 = PCURVE('',#11389,#11821);
#11821 = DEFINITIONAL_REPRESENTATION('',(#11822),#11826);
#11822 = LINE('',#11823,#11824);
#11823 = CARTESIAN_POINT('',(1.570796326795,0.));
#11824 = VECTOR('',#11825,1.);
#11825 = DIRECTION('',(0.,1.));
#11826 = ( GEOMETRIC_REPRESENTATION_CONTEXT(2) 
PARAMETRIC_REPRESENTATION_CONTEXT() REPRESENTATION_CONTEXT('2D SPACE',''
  ) );
#11827 = ORIENTED_EDGE('',*,*,#11672,.T.);
#11828 = ORIENTED_EDGE('',*,*,#11779,.F.);
#11829 = ADVANCED_FACE('',(#11830),#11389,.T.);
#11830 = FACE_BOUND('',#11831,.T.);
#11831 = EDGE_LOOP('',(#11832,#11853,#11854,#11855));
#11832 = ORIENTED_EDGE('',*,*,#11833,.F.);
#11833 = EDGE_CURVE('',#11369,#11617,#11834,.T.);
#11834 = SURFACE_CURVE('',#11835,(#11839,#11846),.PCURVE_S1.);
#11835 = LINE('',#11836,#11837);
#11836 = CARTESIAN_POINT('',(-15.9,16.,38.85));
#11837 = VECTOR('',#11838,1.);
#11838 = DIRECTION('',(-0.,1.,-0.));
#11839 = PCURVE('',#11389,#11840);
#11840 = DEFINITIONAL_REPRESENTATION('',(#11841),#11845);
#11841 = LINE('',#11842,#11843);
#11842 = CARTESIAN_POINT('',(0.,0.));
#11843 = VECTOR('',#11844,1.);
#11844 = DIRECTION('',(0.,1.));
#11845 = ( GEOMETRIC_REPRESENTATION_CONTEXT(2) 
PARAMETRIC_REPRESENTATION_CONTEXT() REPRESENTATION_CONTEXT('2D SPACE',''
  ) );
#11846 = PCURVE('',#11422,#11847);
#11847 = DEFINITIONAL_REPRESENTATION('',(#11848),#11852);
#11848 = LINE('',#11849,#11850);
#11849 = CARTESIAN_POINT('',(-6.9,-0.));
#11850 = VECTOR('',#11851,1.);
#11851 = DIRECTION('',(-0.,-1.));
#11852 = ( GEOMETRIC_REPRESENTATION_CONTEXT(2) 
PARAMETRIC_REPRESENTATION_CONTEXT() REPRESENTATION_CONTEXT('2D SPACE',''
  ) );
#11853 = ORIENTED_EDGE('',*,*,#11368,.T.);
#11854 = ORIENTED_EDGE('',*,*,#11807,.T.);
#11855 = ORIENTED_EDGE('',*,*,#11639,.F.);
#11856 = ADVANCED_FACE('',(#11857),#11422,.T.);
#11857 = FACE_BOUND('',#11858,.F.);
#11858 = EDGE_LOOP('',(#11859,#11860,#11881,#11882));
#11859 = ORIENTED_EDGE('',*,*,#11406,.F.);
#11860 = ORIENTED_EDGE('',*,*,#11861,.T.);
#11861 = EDGE_CURVE('',#11407,#11584,#11862,.T.);
#11862 = SURFACE_CURVE('',#11863,(#11867,#11874),.PCURVE_S1.);
#11863 = LINE('',#11864,#11865);
#11864 = CARTESIAN_POINT('',(-15.9,16.,32.55));
#11865 = VECTOR('',#11866,1.);
#11866 = DIRECTION('',(-0.,1.,-0.));
#11867 = PCURVE('',#11422,#11868);
#11868 = DEFINITIONAL_REPRESENTATION('',(#11869),#11873);
#11869 = LINE('',#11870,#11871);
#11870 = CARTESIAN_POINT('',(-0.6,-0.));
#11871 = VECTOR('',#11872,1.);
#11872 = DIRECTION('',(-0.,-1.));
#11873 = ( GEOMETRIC_REPRESENTATION_CONTEXT(2) 
PARAMETRIC_REPRESENTATION_CONTEXT() REPRESENTATION_CONTEXT('2D SPACE',''
  ) );
#11874 = PCURVE('',#11453,#11875);
#11875 = DEFINITIONAL_REPRESENTATION('',(#11876),#11880);
#11876 = LINE('',#11877,#11878);
#11877 = CARTESIAN_POINT('',(1.570796326795,0.));
#11878 = VECTOR('',#11879,1.);
#11879 = DIRECTION('',(0.,1.));
#11880 = ( GEOMETRIC_REPRESENTATION_CONTEXT(2) 
PARAMETRIC_REPRESENTATION_CONTEXT() REPRESENTATION_CONTEXT('2D SPACE',''
  ) );
#11881 = ORIENTED_EDGE('',*,*,#11616,.T.);
#11882 = ORIENTED_EDGE('',*,*,#11833,.F.);
#11883 = ADVANCED_FACE('',(#11884),#11453,.T.);
#11884 = FACE_BOUND('',#11885,.T.);
#11885 = EDGE_LOOP('',(#11886,#11907,#11908,#11909));
#11886 = ORIENTED_EDGE('',*,*,#11887,.F.);
#11887 = EDGE_CURVE('',#11209,#11561,#11888,.T.);
#11888 = SURFACE_CURVE('',#11889,(#11893,#11900),.PCURVE_S1.);
#11889 = LINE('',#11890,#11891);
#11890 = CARTESIAN_POINT('',(-15.3,16.,31.95));
#11891 = VECTOR('',#11892,1.);
#11892 = DIRECTION('',(-0.,1.,-0.));
#11893 = PCURVE('',#11453,#11894);
#11894 = DEFINITIONAL_REPRESENTATION('',(#11895),#11899);
#11895 = LINE('',#11896,#11897);
#11896 = CARTESIAN_POINT('',(0.,0.));
#11897 = VECTOR('',#11898,1.);
#11898 = DIRECTION('',(0.,1.));
#11899 = ( GEOMETRIC_REPRESENTATION_CONTEXT(2) 
PARAMETRIC_REPRESENTATION_CONTEXT() REPRESENTATION_CONTEXT('2D SPACE',''
  ) );
#11900 = PCURVE('',#11224,#11901);
#11901 = DEFINITIONAL_REPRESENTATION('',(#11902),#11906);
#11902 = LINE('',#11903,#11904);
#11903 = CARTESIAN_POINT('',(-31.2,0.));
#11904 = VECTOR('',#11905,1.);
#11905 = DIRECTION('',(-0.,-1.));
#11906 = ( GEOMETRIC_REPRESENTATION_CONTEXT(2) 
PARAMETRIC_REPRESENTATION_CONTEXT() REPRESENTATION_CONTEXT('2D SPACE',''
  ) );
#11907 = ORIENTED_EDGE('',*,*,#11434,.T.);
#11908 = ORIENTED_EDGE('',*,*,#11861,.T.);
#11909 = ORIENTED_EDGE('',*,*,#11583,.F.);
#11910 = ADVANCED_FACE('',(#11911),#11224,.T.);
#11911 = FACE_BOUND('',#11912,.F.);
#11912 = EDGE_LOOP('',(#11913,#11914,#11915,#11916));
#11913 = ORIENTED_EDGE('',*,*,#11206,.F.);
#11914 = ORIENTED_EDGE('',*,*,#11473,.T.);
#11915 = ORIENTED_EDGE('',*,*,#11560,.T.);
#11916 = ORIENTED_EDGE('',*,*,#11887,.F.);
#11917 = ADVANCED_FACE('',(#11918),#10849,.F.);
#11918 = FACE_BOUND('',#11919,.T.);
#11919 = EDGE_LOOP('',(#11920,#11921,#11942,#11943));
#11920 = ORIENTED_EDGE('',*,*,#11105,.F.);
#11921 = ORIENTED_EDGE('',*,*,#11922,.T.);
#11922 = EDGE_CURVE('',#11073,#10834,#11923,.T.);
#11923 = SURFACE_CURVE('',#11924,(#11928,#11935),.PCURVE_S1.);
#11924 = LINE('',#11925,#11926);
#11925 = CARTESIAN_POINT('',(-17.,16.,32.1));
#11926 = VECTOR('',#11927,1.);
#11927 = DIRECTION('',(-0.,1.,-0.));
#11928 = PCURVE('',#10849,#11929);
#11929 = DEFINITIONAL_REPRESENTATION('',(#11930),#11934);
#11930 = LINE('',#11931,#11932);
#11931 = CARTESIAN_POINT('',(-1.25,-0.));
#11932 = VECTOR('',#11933,1.);
#11933 = DIRECTION('',(-0.,-1.));
#11934 = ( GEOMETRIC_REPRESENTATION_CONTEXT(2) 
PARAMETRIC_REPRESENTATION_CONTEXT() REPRESENTATION_CONTEXT('2D SPACE',''
  ) );
#11935 = PCURVE('',#10882,#11936);
#11936 = DEFINITIONAL_REPRESENTATION('',(#11937),#11941);
#11937 = LINE('',#11938,#11939);
#11938 = CARTESIAN_POINT('',(1.570796326795,0.));
#11939 = VECTOR('',#11940,1.);
#11940 = DIRECTION('',(0.,1.));
#11941 = ( GEOMETRIC_REPRESENTATION_CONTEXT(2) 
PARAMETRIC_REPRESENTATION_CONTEXT() REPRESENTATION_CONTEXT('2D SPACE',''
  ) );
#11942 = ORIENTED_EDGE('',*,*,#10833,.T.);
#11943 = ORIENTED_EDGE('',*,*,#10928,.F.);
#11944 = ADVANCED_FACE('',(#11945),#10783,.F.);
#11945 = FACE_BOUND('',#11946,.T.);
#11946 = EDGE_LOOP('',(#11947,#11948,#11949,#11950));
#11947 = ORIENTED_EDGE('',*,*,#11127,.F.);
#11948 = ORIENTED_EDGE('',*,*,#10989,.T.);
#11949 = ORIENTED_EDGE('',*,*,#10767,.T.);
#11950 = ORIENTED_EDGE('',*,*,#11951,.F.);
#11951 = EDGE_CURVE('',#11128,#10730,#11952,.T.);
#11952 = SURFACE_CURVE('',#11953,(#11957,#11964),.PCURVE_S1.);
#11953 = LINE('',#11954,#11955);
#11954 = CARTESIAN_POINT('',(15.75,16.,40.55));
#11955 = VECTOR('',#11956,1.);
#11956 = DIRECTION('',(-0.,1.,-0.));
#11957 = PCURVE('',#10783,#11958);
#11958 = DEFINITIONAL_REPRESENTATION('',(#11959),#11963);
#11959 = LINE('',#11960,#11961);
#11960 = CARTESIAN_POINT('',(-32.75,-0.));
#11961 = VECTOR('',#11962,1.);
#11962 = DIRECTION('',(-0.,-1.));
#11963 = ( GEOMETRIC_REPRESENTATION_CONTEXT(2) 
PARAMETRIC_REPRESENTATION_CONTEXT() REPRESENTATION_CONTEXT('2D SPACE',''
  ) );
#11964 = PCURVE('',#10750,#11965);
#11965 = DEFINITIONAL_REPRESENTATION('',(#11966),#11970);
#11966 = LINE('',#11967,#11968);
#11967 = CARTESIAN_POINT('',(0.,0.));
#11968 = VECTOR('',#11969,1.);
#11969 = DIRECTION('',(0.,1.));
#11970 = ( GEOMETRIC_REPRESENTATION_CONTEXT(2) 
PARAMETRIC_REPRESENTATION_CONTEXT() REPRESENTATION_CONTEXT('2D SPACE',''
  ) );
#11971 = ADVANCED_FACE('',(#11972),#10882,.F.);
#11972 = FACE_BOUND('',#11973,.F.);
#11973 = EDGE_LOOP('',(#11974,#11995,#11996,#11997));
#11974 = ORIENTED_EDGE('',*,*,#11975,.F.);
#11975 = EDGE_CURVE('',#11050,#10862,#11976,.T.);
#11976 = SURFACE_CURVE('',#11977,(#11981,#11988),.PCURVE_S1.);
#11977 = LINE('',#11978,#11979);
#11978 = CARTESIAN_POINT('',(-15.75,16.,30.85));
#11979 = VECTOR('',#11980,1.);
#11980 = DIRECTION('',(-0.,1.,-0.));
#11981 = PCURVE('',#10882,#11982);
#11982 = DEFINITIONAL_REPRESENTATION('',(#11983),#11987);
#11983 = LINE('',#11984,#11985);
#11984 = CARTESIAN_POINT('',(0.,0.));
#11985 = VECTOR('',#11986,1.);
#11986 = DIRECTION('',(0.,1.));
#11987 = ( GEOMETRIC_REPRESENTATION_CONTEXT(2) 
PARAMETRIC_REPRESENTATION_CONTEXT() REPRESENTATION_CONTEXT('2D SPACE',''
  ) );
#11988 = PCURVE('',#10913,#11989);
#11989 = DEFINITIONAL_REPRESENTATION('',(#11990),#11994);
#11990 = LINE('',#11991,#11992);
#11991 = CARTESIAN_POINT('',(-32.75,0.));
#11992 = VECTOR('',#11993,1.);
#11993 = DIRECTION('',(-0.,-1.));
#11994 = ( GEOMETRIC_REPRESENTATION_CONTEXT(2) 
PARAMETRIC_REPRESENTATION_CONTEXT() REPRESENTATION_CONTEXT('2D SPACE',''
  ) );
#11995 = ORIENTED_EDGE('',*,*,#11072,.T.);
#11996 = ORIENTED_EDGE('',*,*,#11922,.T.);
#11997 = ORIENTED_EDGE('',*,*,#10861,.F.);
#11998 = ADVANCED_FACE('',(#11999),#10750,.F.);
#11999 = FACE_BOUND('',#12000,.F.);
#12000 = EDGE_LOOP('',(#12001,#12002,#12003,#12024));
#12001 = ORIENTED_EDGE('',*,*,#11951,.F.);
#12002 = ORIENTED_EDGE('',*,*,#11150,.T.);
#12003 = ORIENTED_EDGE('',*,*,#12004,.T.);
#12004 = EDGE_CURVE('',#11151,#10702,#12005,.T.);
#12005 = SURFACE_CURVE('',#12006,(#12010,#12017),.PCURVE_S1.);
#12006 = LINE('',#12007,#12008);
#12007 = CARTESIAN_POINT('',(17.,16.,39.3));
#12008 = VECTOR('',#12009,1.);
#12009 = DIRECTION('',(-0.,1.,-0.));
#12010 = PCURVE('',#10750,#12011);
#12011 = DEFINITIONAL_REPRESENTATION('',(#12012),#12016);
#12012 = LINE('',#12013,#12014);
#12013 = CARTESIAN_POINT('',(1.570796326795,0.));
#12014 = VECTOR('',#12015,1.);
#12015 = DIRECTION('',(0.,1.));
#12016 = ( GEOMETRIC_REPRESENTATION_CONTEXT(2) 
PARAMETRIC_REPRESENTATION_CONTEXT() REPRESENTATION_CONTEXT('2D SPACE',''
  ) );
#12017 = PCURVE('',#10717,#12018);
#12018 = DEFINITIONAL_REPRESENTATION('',(#12019),#12023);
#12019 = LINE('',#12020,#12021);
#12020 = CARTESIAN_POINT('',(-1.25,0.));
#12021 = VECTOR('',#12022,1.);
#12022 = DIRECTION('',(-0.,-1.));
#12023 = ( GEOMETRIC_REPRESENTATION_CONTEXT(2) 
PARAMETRIC_REPRESENTATION_CONTEXT() REPRESENTATION_CONTEXT('2D SPACE',''
  ) );
#12024 = ORIENTED_EDGE('',*,*,#10729,.F.);
#12025 = ADVANCED_FACE('',(#12026),#10913,.F.);
#12026 = FACE_BOUND('',#12027,.T.);
#12027 = EDGE_LOOP('',(#12028,#12029,#12050,#12051));
#12028 = ORIENTED_EDGE('',*,*,#11049,.F.);
#12029 = ORIENTED_EDGE('',*,*,#12030,.T.);
#12030 = EDGE_CURVE('',#11017,#10664,#12031,.T.);
#12031 = SURFACE_CURVE('',#12032,(#12036,#12043),.PCURVE_S1.);
#12032 = LINE('',#12033,#12034);
#12033 = CARTESIAN_POINT('',(15.75,16.,30.85));
#12034 = VECTOR('',#12035,1.);
#12035 = DIRECTION('',(-0.,1.,-0.));
#12036 = PCURVE('',#10913,#12037);
#12037 = DEFINITIONAL_REPRESENTATION('',(#12038),#12042);
#12038 = LINE('',#12039,#12040);
#12039 = CARTESIAN_POINT('',(-1.25,0.));
#12040 = VECTOR('',#12041,1.);
#12041 = DIRECTION('',(-0.,-1.));
#12042 = ( GEOMETRIC_REPRESENTATION_CONTEXT(2) 
PARAMETRIC_REPRESENTATION_CONTEXT() REPRESENTATION_CONTEXT('2D SPACE',''
  ) );
#12043 = PCURVE('',#10684,#12044);
#12044 = DEFINITIONAL_REPRESENTATION('',(#12045),#12049);
#12045 = LINE('',#12046,#12047);
#12046 = CARTESIAN_POINT('',(-0.,0.));
#12047 = VECTOR('',#12048,1.);
#12048 = DIRECTION('',(-0.,1.));
#12049 = ( GEOMETRIC_REPRESENTATION_CONTEXT(2) 
PARAMETRIC_REPRESENTATION_CONTEXT() REPRESENTATION_CONTEXT('2D SPACE',''
  ) );
#12050 = ORIENTED_EDGE('',*,*,#10899,.T.);
#12051 = ORIENTED_EDGE('',*,*,#11975,.F.);
#12052 = ADVANCED_FACE('',(#12053),#10717,.F.);
#12053 = FACE_BOUND('',#12054,.T.);
#12054 = EDGE_LOOP('',(#12055,#12056,#12057,#12058));
#12055 = ORIENTED_EDGE('',*,*,#11183,.F.);
#12056 = ORIENTED_EDGE('',*,*,#12004,.T.);
#12057 = ORIENTED_EDGE('',*,*,#10701,.T.);
#12058 = ORIENTED_EDGE('',*,*,#12059,.F.);
#12059 = EDGE_CURVE('',#11015,#10662,#12060,.T.);
#12060 = SURFACE_CURVE('',#12061,(#12065,#12072),.PCURVE_S1.);
#12061 = LINE('',#12062,#12063);
#12062 = CARTESIAN_POINT('',(17.,16.,32.1));
#12063 = VECTOR('',#12064,1.);
#12064 = DIRECTION('',(-0.,1.,-0.));
#12065 = PCURVE('',#10717,#12066);
#12066 = DEFINITIONAL_REPRESENTATION('',(#12067),#12071);
#12067 = LINE('',#12068,#12069);
#12068 = CARTESIAN_POINT('',(-8.45,0.));
#12069 = VECTOR('',#12070,1.);
#12070 = DIRECTION('',(-0.,-1.));
#12071 = ( GEOMETRIC_REPRESENTATION_CONTEXT(2) 
PARAMETRIC_REPRESENTATION_CONTEXT() REPRESENTATION_CONTEXT('2D SPACE',''
  ) );
#12072 = PCURVE('',#10684,#12073);
#12073 = DEFINITIONAL_REPRESENTATION('',(#12074),#12078);
#12074 = LINE('',#12075,#12076);
#12075 = CARTESIAN_POINT('',(-1.570796326795,0.));
#12076 = VECTOR('',#12077,1.);
#12077 = DIRECTION('',(-0.,1.));
#12078 = ( GEOMETRIC_REPRESENTATION_CONTEXT(2) 
PARAMETRIC_REPRESENTATION_CONTEXT() REPRESENTATION_CONTEXT('2D SPACE',''
  ) );
#12079 = ADVANCED_FACE('',(#12080),#10684,.F.);
#12080 = FACE_BOUND('',#12081,.T.);
#12081 = EDGE_LOOP('',(#12082,#12083,#12084,#12085));
#12082 = ORIENTED_EDGE('',*,*,#12030,.F.);
#12083 = ORIENTED_EDGE('',*,*,#11014,.F.);
#12084 = ORIENTED_EDGE('',*,*,#12059,.T.);
#12085 = ORIENTED_EDGE('',*,*,#10661,.T.);
#12086 = ADVANCED_FACE('',(#12087),#10451,.F.);
#12087 = FACE_BOUND('',#12088,.T.);
#12088 = EDGE_LOOP('',(#12089,#12119,#12140,#12141));
#12089 = ORIENTED_EDGE('',*,*,#12090,.F.);
#12090 = EDGE_CURVE('',#12091,#12093,#12095,.T.);
#12091 = VERTEX_POINT('',#12092);
#12092 = CARTESIAN_POINT('',(8.25,34.320360672865,27.675));
#12093 = VERTEX_POINT('',#12094);
#12094 = CARTESIAN_POINT('',(8.25,34.398360672865,27.525));
#12095 = SURFACE_CURVE('',#12096,(#12100,#12107),.PCURVE_S1.);
#12096 = LINE('',#12097,#12098);
#12097 = CARTESIAN_POINT('',(8.25,34.14349864048,28.015119293049));
#12098 = VECTOR('',#12099,1.);
#12099 = DIRECTION('',(-0.,0.461352736642,-0.887216801235));
#12100 = PCURVE('',#10451,#12101);
#12101 = DEFINITIONAL_REPRESENTATION('',(#12102),#12106);
#12102 = LINE('',#12103,#12104);
#12103 = CARTESIAN_POINT('',(-0.259880706951,-18.14349864048));
#12104 = VECTOR('',#12105,1.);
#12105 = DIRECTION('',(-0.887216801235,-0.461352736642));
#12106 = ( GEOMETRIC_REPRESENTATION_CONTEXT(2) 
PARAMETRIC_REPRESENTATION_CONTEXT() REPRESENTATION_CONTEXT('2D SPACE',''
  ) );
#12107 = PCURVE('',#12108,#12113);
#12108 = PLANE('',#12109);
#12109 = AXIS2_PLACEMENT_3D('',#12110,#12111,#12112);
#12110 = CARTESIAN_POINT('',(30.,38.111650403704,20.384058209926));
#12111 = DIRECTION('',(-0.,-0.887216801235,-0.461352736642));
#12112 = DIRECTION('',(0.,0.461352736642,-0.887216801235));
#12113 = DEFINITIONAL_REPRESENTATION('',(#12114),#12118);
#12114 = LINE('',#12115,#12116);
#12115 = CARTESIAN_POINT('',(-8.601123279569,-21.75));
#12116 = VECTOR('',#12117,1.);
#12117 = DIRECTION('',(1.,-0.));
#12118 = ( GEOMETRIC_REPRESENTATION_CONTEXT(2) 
PARAMETRIC_REPRESENTATION_CONTEXT() REPRESENTATION_CONTEXT('2D SPACE',''
  ) );
#12119 = ORIENTED_EDGE('',*,*,#12120,.T.);
#12120 = EDGE_CURVE('',#12091,#10436,#12121,.T.);
#12121 = SURFACE_CURVE('',#12122,(#12126,#12133),.PCURVE_S1.);
#12122 = LINE('',#12123,#12124);
#12123 = CARTESIAN_POINT('',(8.25,16.,27.675));
#12124 = VECTOR('',#12125,1.);
#12125 = DIRECTION('',(-0.,1.,-0.));
#12126 = PCURVE('',#10451,#12127);
#12127 = DEFINITIONAL_REPRESENTATION('',(#12128),#12132);
#12128 = LINE('',#12129,#12130);
#12129 = CARTESIAN_POINT('',(-0.6,0.));
#12130 = VECTOR('',#12131,1.);
#12131 = DIRECTION('',(-0.,-1.));
#12132 = ( GEOMETRIC_REPRESENTATION_CONTEXT(2) 
PARAMETRIC_REPRESENTATION_CONTEXT() REPRESENTATION_CONTEXT('2D SPACE',''
  ) );
#12133 = PCURVE('',#10484,#12134);
#12134 = DEFINITIONAL_REPRESENTATION('',(#12135),#12139);
#12135 = LINE('',#12136,#12137);
#12136 = CARTESIAN_POINT('',(1.570796326795,0.));
#12137 = VECTOR('',#12138,1.);
#12138 = DIRECTION('',(0.,1.));
#12139 = ( GEOMETRIC_REPRESENTATION_CONTEXT(2) 
PARAMETRIC_REPRESENTATION_CONTEXT() REPRESENTATION_CONTEXT('2D SPACE',''
  ) );
#12140 = ORIENTED_EDGE('',*,*,#10435,.T.);
#12141 = ORIENTED_EDGE('',*,*,#12142,.F.);
#12142 = EDGE_CURVE('',#12093,#10396,#12143,.T.);
#12143 = SURFACE_CURVE('',#12144,(#12148,#12155),.PCURVE_S1.);
#12144 = LINE('',#12145,#12146);
#12145 = CARTESIAN_POINT('',(8.25,16.,27.525));
#12146 = VECTOR('',#12147,1.);
#12147 = DIRECTION('',(-0.,1.,-0.));
#12148 = PCURVE('',#10451,#12149);
#12149 = DEFINITIONAL_REPRESENTATION('',(#12150),#12154);
#12150 = LINE('',#12151,#12152);
#12151 = CARTESIAN_POINT('',(-0.75,0.));
#12152 = VECTOR('',#12153,1.);
#12153 = DIRECTION('',(-0.,-1.));
#12154 = ( GEOMETRIC_REPRESENTATION_CONTEXT(2) 
PARAMETRIC_REPRESENTATION_CONTEXT() REPRESENTATION_CONTEXT('2D SPACE',''
  ) );
#12155 = PCURVE('',#10418,#12156);
#12156 = DEFINITIONAL_REPRESENTATION('',(#12157),#12161);
#12157 = LINE('',#12158,#12159);
#12158 = CARTESIAN_POINT('',(-1.570796326795,0.));
#12159 = VECTOR('',#12160,1.);
#12160 = DIRECTION('',(-0.,1.));
#12161 = ( GEOMETRIC_REPRESENTATION_CONTEXT(2) 
PARAMETRIC_REPRESENTATION_CONTEXT() REPRESENTATION_CONTEXT('2D SPACE',''
  ) );
#12162 = ADVANCED_FACE('',(#12163),#12108,.F.);
#12163 = FACE_BOUND('',#12164,.T.);
#12164 = EDGE_LOOP('',(#12165,#12198,#12221,#12254,#12277,#12310,#12333,
    #12364));
#12165 = ORIENTED_EDGE('',*,*,#12166,.T.);
#12166 = EDGE_CURVE('',#12093,#12167,#12169,.T.);
#12167 = VERTEX_POINT('',#12168);
#12168 = CARTESIAN_POINT('',(7.65,34.710360672865,26.925));
#12169 = SURFACE_CURVE('',#12170,(#12175,#12186),.PCURVE_S1.);
#12170 = ELLIPSE('',#12171,0.676272134573,0.6);
#12171 = AXIS2_PLACEMENT_3D('',#12172,#12173,#12174);
#12172 = CARTESIAN_POINT('',(7.65,34.398360672865,27.525));
#12173 = DIRECTION('',(-0.,0.887216801235,0.461352736642));
#12174 = DIRECTION('',(-0.,0.461352736642,-0.887216801235));
#12175 = PCURVE('',#12108,#12176);
#12176 = DEFINITIONAL_REPRESENTATION('',(#12177),#12185);
#12177 = ( BOUNDED_CURVE() B_SPLINE_CURVE(2,(#12178,#12179,#12180,#12181
    ,#12182,#12183,#12184),.UNSPECIFIED.,.T.,.F.) 
B_SPLINE_CURVE_WITH_KNOTS((1,2,2,2,2,1),(-2.094395102393,0.,
    2.094395102393,4.188790204786,6.28318530718,8.377580409573),
.UNSPECIFIED.) CURVE() GEOMETRIC_REPRESENTATION_ITEM() 
RATIONAL_B_SPLINE_CURVE((1.,0.5,1.,0.5,1.,0.5,1.)) REPRESENTATION_ITEM(
  '') );
#12178 = CARTESIAN_POINT('',(-7.372427777486,-22.35));
#12179 = CARTESIAN_POINT('',(-7.372427777486,-23.38923048454));
#12180 = CARTESIAN_POINT('',(-8.386835979345,-22.86961524227));
#12181 = CARTESIAN_POINT('',(-9.401244181205,-22.35));
#12182 = CARTESIAN_POINT('',(-8.386835979345,-21.83038475772));
#12183 = CARTESIAN_POINT('',(-7.372427777486,-21.31076951545));
#12184 = CARTESIAN_POINT('',(-7.372427777486,-22.35));
#12185 = ( GEOMETRIC_REPRESENTATION_CONTEXT(2) 
PARAMETRIC_REPRESENTATION_CONTEXT() REPRESENTATION_CONTEXT('2D SPACE',''
  ) );
#12186 = PCURVE('',#10418,#12187);
#12187 = DEFINITIONAL_REPRESENTATION('',(#12188),#12197);
#12188 = B_SPLINE_CURVE_WITH_KNOTS('',7,(#12189,#12190,#12191,#12192,
    #12193,#12194,#12195,#12196),.UNSPECIFIED.,.F.,.F.,(8,8),(
    4.712388980385,6.28318530718),.PIECEWISE_BEZIER_KNOTS.);
#12189 = CARTESIAN_POINT('',(-1.570796326795,18.398360672865));
#12190 = CARTESIAN_POINT('',(-1.346396851538,18.468373309145));
#12191 = CARTESIAN_POINT('',(-1.121997376282,18.538385661132));
#12192 = CARTESIAN_POINT('',(-0.897597901026,18.602641682513));
#12193 = CARTESIAN_POINT('',(-0.67319842577,18.655374574304));
#12194 = CARTESIAN_POINT('',(-0.448798950513,18.692031087011));
#12195 = CARTESIAN_POINT('',(-0.224399475256,18.710360672865));
#12196 = CARTESIAN_POINT('',(0.,18.710360672865));
#12197 = ( GEOMETRIC_REPRESENTATION_CONTEXT(2) 
PARAMETRIC_REPRESENTATION_CONTEXT() REPRESENTATION_CONTEXT('2D SPACE',''
  ) );
#12198 = ORIENTED_EDGE('',*,*,#12199,.T.);
#12199 = EDGE_CURVE('',#12167,#12200,#12202,.T.);
#12200 = VERTEX_POINT('',#12201);
#12201 = CARTESIAN_POINT('',(-7.65,34.710360672865,26.925));
#12202 = SURFACE_CURVE('',#12203,(#12207,#12214),.PCURVE_S1.);
#12203 = LINE('',#12204,#12205);
#12204 = CARTESIAN_POINT('',(19.125,34.710360672865,26.925));
#12205 = VECTOR('',#12206,1.);
#12206 = DIRECTION('',(-1.,-0.,-0.));
#12207 = PCURVE('',#12108,#12208);
#12208 = DEFINITIONAL_REPRESENTATION('',(#12209),#12213);
#12209 = LINE('',#12210,#12211);
#12210 = CARTESIAN_POINT('',(-7.372427777486,-10.875));
#12211 = VECTOR('',#12212,1.);
#12212 = DIRECTION('',(-0.,-1.));
#12213 = ( GEOMETRIC_REPRESENTATION_CONTEXT(2) 
PARAMETRIC_REPRESENTATION_CONTEXT() REPRESENTATION_CONTEXT('2D SPACE',''
  ) );
#12214 = PCURVE('',#10647,#12215);
#12215 = DEFINITIONAL_REPRESENTATION('',(#12216),#12220);
#12216 = LINE('',#12217,#12218);
#12217 = CARTESIAN_POINT('',(10.875,-18.71036067286));
#12218 = VECTOR('',#12219,1.);
#12219 = DIRECTION('',(-1.,0.));
#12220 = ( GEOMETRIC_REPRESENTATION_CONTEXT(2) 
PARAMETRIC_REPRESENTATION_CONTEXT() REPRESENTATION_CONTEXT('2D SPACE',''
  ) );
#12221 = ORIENTED_EDGE('',*,*,#12222,.T.);
#12222 = EDGE_CURVE('',#12200,#12223,#12225,.T.);
#12223 = VERTEX_POINT('',#12224);
#12224 = CARTESIAN_POINT('',(-8.25,34.398360672865,27.525));
#12225 = SURFACE_CURVE('',#12226,(#12231,#12242),.PCURVE_S1.);
#12226 = ELLIPSE('',#12227,0.676272134573,0.6);
#12227 = AXIS2_PLACEMENT_3D('',#12228,#12229,#12230);
#12228 = CARTESIAN_POINT('',(-7.65,34.398360672865,27.525));
#12229 = DIRECTION('',(-0.,0.887216801235,0.461352736642));
#12230 = DIRECTION('',(-0.,0.461352736642,-0.887216801235));
#12231 = PCURVE('',#12108,#12232);
#12232 = DEFINITIONAL_REPRESENTATION('',(#12233),#12241);
#12233 = ( BOUNDED_CURVE() B_SPLINE_CURVE(2,(#12234,#12235,#12236,#12237
    ,#12238,#12239,#12240),.UNSPECIFIED.,.T.,.F.) 
B_SPLINE_CURVE_WITH_KNOTS((1,2,2,2,2,1),(-2.094395102393,0.,
    2.094395102393,4.188790204786,6.28318530718,8.377580409573),
.UNSPECIFIED.) CURVE() GEOMETRIC_REPRESENTATION_ITEM() 
RATIONAL_B_SPLINE_CURVE((1.,0.5,1.,0.5,1.,0.5,1.)) REPRESENTATION_ITEM(
  '') );
#12234 = CARTESIAN_POINT('',(-7.372427777486,-37.65));
#12235 = CARTESIAN_POINT('',(-7.372427777486,-38.68923048454));
#12236 = CARTESIAN_POINT('',(-8.386835979345,-38.16961524227));
#12237 = CARTESIAN_POINT('',(-9.401244181205,-37.65));
#12238 = CARTESIAN_POINT('',(-8.386835979345,-37.13038475772));
#12239 = CARTESIAN_POINT('',(-7.372427777486,-36.61076951545));
#12240 = CARTESIAN_POINT('',(-7.372427777486,-37.65));
#12241 = ( GEOMETRIC_REPRESENTATION_CONTEXT(2) 
PARAMETRIC_REPRESENTATION_CONTEXT() REPRESENTATION_CONTEXT('2D SPACE',''
  ) );
#12242 = PCURVE('',#10616,#12243);
#12243 = DEFINITIONAL_REPRESENTATION('',(#12244),#12253);
#12244 = B_SPLINE_CURVE_WITH_KNOTS('',7,(#12245,#12246,#12247,#12248,
    #12249,#12250,#12251,#12252),.UNSPECIFIED.,.F.,.F.,(8,8),(
    7.115566971099E-17,1.570796326795),.PIECEWISE_BEZIER_KNOTS.);
#12245 = CARTESIAN_POINT('',(0.,18.710360672865));
#12246 = CARTESIAN_POINT('',(0.224399475256,18.710360672865));
#12247 = CARTESIAN_POINT('',(0.448798950513,18.692031087011));
#12248 = CARTESIAN_POINT('',(0.673198425769,18.655374574311));
#12249 = CARTESIAN_POINT('',(0.897597901026,18.602641682505));
#12250 = CARTESIAN_POINT('',(1.121997376282,18.538385661134));
#12251 = CARTESIAN_POINT('',(1.346396851538,18.468373309145));
#12252 = CARTESIAN_POINT('',(1.570796326795,18.398360672865));
#12253 = ( GEOMETRIC_REPRESENTATION_CONTEXT(2) 
PARAMETRIC_REPRESENTATION_CONTEXT() REPRESENTATION_CONTEXT('2D SPACE',''
  ) );
#12254 = ORIENTED_EDGE('',*,*,#12255,.T.);
#12255 = EDGE_CURVE('',#12223,#12256,#12258,.T.);
#12256 = VERTEX_POINT('',#12257);
#12257 = CARTESIAN_POINT('',(-8.25,34.320360672865,27.675));
#12258 = SURFACE_CURVE('',#12259,(#12263,#12270),.PCURVE_S1.);
#12259 = LINE('',#12260,#12261);
#12260 = CARTESIAN_POINT('',(-8.25,34.41978957247,27.483790577684));
#12261 = VECTOR('',#12262,1.);
#12262 = DIRECTION('',(-0.,-0.461352736642,0.887216801235));
#12263 = PCURVE('',#12108,#12264);
#12264 = DEFINITIONAL_REPRESENTATION('',(#12265),#12269);
#12265 = LINE('',#12266,#12267);
#12266 = CARTESIAN_POINT('',(-8.002251938735,-38.25));
#12267 = VECTOR('',#12268,1.);
#12268 = DIRECTION('',(-1.,0.));
#12269 = ( GEOMETRIC_REPRESENTATION_CONTEXT(2) 
PARAMETRIC_REPRESENTATION_CONTEXT() REPRESENTATION_CONTEXT('2D SPACE',''
  ) );
#12270 = PCURVE('',#10583,#12271);
#12271 = DEFINITIONAL_REPRESENTATION('',(#12272),#12276);
#12272 = LINE('',#12273,#12274);
#12273 = CARTESIAN_POINT('',(-0.558790577684,-18.41978957247));
#12274 = VECTOR('',#12275,1.);
#12275 = DIRECTION('',(-0.887216801235,0.461352736642));
#12276 = ( GEOMETRIC_REPRESENTATION_CONTEXT(2) 
PARAMETRIC_REPRESENTATION_CONTEXT() REPRESENTATION_CONTEXT('2D SPACE',''
  ) );
#12277 = ORIENTED_EDGE('',*,*,#12278,.T.);
#12278 = EDGE_CURVE('',#12256,#12279,#12281,.T.);
#12279 = VERTEX_POINT('',#12280);
#12280 = CARTESIAN_POINT('',(-7.65,34.008360672865,28.275));
#12281 = SURFACE_CURVE('',#12282,(#12287,#12298),.PCURVE_S1.);
#12282 = ELLIPSE('',#12283,0.676272134573,0.6);
#12283 = AXIS2_PLACEMENT_3D('',#12284,#12285,#12286);
#12284 = CARTESIAN_POINT('',(-7.65,34.320360672865,27.675));
#12285 = DIRECTION('',(-0.,0.887216801235,0.461352736642));
#12286 = DIRECTION('',(-0.,0.461352736642,-0.887216801235));
#12287 = PCURVE('',#12108,#12288);
#12288 = DEFINITIONAL_REPRESENTATION('',(#12289),#12297);
#12289 = ( BOUNDED_CURVE() B_SPLINE_CURVE(2,(#12290,#12291,#12292,#12293
    ,#12294,#12295,#12296),.UNSPECIFIED.,.T.,.F.) 
B_SPLINE_CURVE_WITH_KNOTS((1,2,2,2,2,1),(-2.094395102393,0.,
    2.094395102393,4.188790204786,6.28318530718,8.377580409573),
.UNSPECIFIED.) CURVE() GEOMETRIC_REPRESENTATION_ITEM() 
RATIONAL_B_SPLINE_CURVE((1.,0.5,1.,0.5,1.,0.5,1.)) REPRESENTATION_ITEM(
  '') );
#12290 = CARTESIAN_POINT('',(-7.541495811129,-37.65));
#12291 = CARTESIAN_POINT('',(-7.541495811129,-38.68923048454));
#12292 = CARTESIAN_POINT('',(-8.555904012989,-38.16961524227));
#12293 = CARTESIAN_POINT('',(-9.570312214848,-37.65));
#12294 = CARTESIAN_POINT('',(-8.555904012989,-37.13038475772));
#12295 = CARTESIAN_POINT('',(-7.541495811129,-36.61076951545));
#12296 = CARTESIAN_POINT('',(-7.541495811129,-37.65));
#12297 = ( GEOMETRIC_REPRESENTATION_CONTEXT(2) 
PARAMETRIC_REPRESENTATION_CONTEXT() REPRESENTATION_CONTEXT('2D SPACE',''
  ) );
#12298 = PCURVE('',#10550,#12299);
#12299 = DEFINITIONAL_REPRESENTATION('',(#12300),#12309);
#12300 = B_SPLINE_CURVE_WITH_KNOTS('',7,(#12301,#12302,#12303,#12304,
    #12305,#12306,#12307,#12308),.UNSPECIFIED.,.F.,.F.,(8,8),(
    1.570796326795,3.14159265359),.PIECEWISE_BEZIER_KNOTS.);
#12301 = CARTESIAN_POINT('',(0.,18.320360672865));
#12302 = CARTESIAN_POINT('',(0.224399475256,18.250348036585));
#12303 = CARTESIAN_POINT('',(0.448798950513,18.180335684597));
#12304 = CARTESIAN_POINT('',(0.673198425769,18.116079663227));
#12305 = CARTESIAN_POINT('',(0.897597901026,18.063346771422));
#12306 = CARTESIAN_POINT('',(1.121997376282,18.026690258721));
#12307 = CARTESIAN_POINT('',(1.346396851538,18.008360672865));
#12308 = CARTESIAN_POINT('',(1.570796326795,18.008360672865));
#12309 = ( GEOMETRIC_REPRESENTATION_CONTEXT(2) 
PARAMETRIC_REPRESENTATION_CONTEXT() REPRESENTATION_CONTEXT('2D SPACE',''
  ) );
#12310 = ORIENTED_EDGE('',*,*,#12311,.T.);
#12311 = EDGE_CURVE('',#12279,#12312,#12314,.T.);
#12312 = VERTEX_POINT('',#12313);
#12313 = CARTESIAN_POINT('',(7.65,34.008360672865,28.275));
#12314 = SURFACE_CURVE('',#12315,(#12319,#12326),.PCURVE_S1.);
#12315 = LINE('',#12316,#12317);
#12316 = CARTESIAN_POINT('',(10.875,34.008360672865,28.275));
#12317 = VECTOR('',#12318,1.);
#12318 = DIRECTION('',(1.,-0.,0.));
#12319 = PCURVE('',#12108,#12320);
#12320 = DEFINITIONAL_REPRESENTATION('',(#12321),#12325);
#12321 = LINE('',#12322,#12323);
#12322 = CARTESIAN_POINT('',(-8.894040080275,-19.125));
#12323 = VECTOR('',#12324,1.);
#12324 = DIRECTION('',(-0.,1.));
#12325 = ( GEOMETRIC_REPRESENTATION_CONTEXT(2) 
PARAMETRIC_REPRESENTATION_CONTEXT() REPRESENTATION_CONTEXT('2D SPACE',''
  ) );
#12326 = PCURVE('',#10517,#12327);
#12327 = DEFINITIONAL_REPRESENTATION('',(#12328),#12332);
#12328 = LINE('',#12329,#12330);
#12329 = CARTESIAN_POINT('',(-19.125,-18.00836067286));
#12330 = VECTOR('',#12331,1.);
#12331 = DIRECTION('',(-1.,-0.));
#12332 = ( GEOMETRIC_REPRESENTATION_CONTEXT(2) 
PARAMETRIC_REPRESENTATION_CONTEXT() REPRESENTATION_CONTEXT('2D SPACE',''
  ) );
#12333 = ORIENTED_EDGE('',*,*,#12334,.T.);
#12334 = EDGE_CURVE('',#12312,#12091,#12335,.T.);
#12335 = SURFACE_CURVE('',#12336,(#12341,#12352),.PCURVE_S1.);
#12336 = ELLIPSE('',#12337,0.676272134573,0.6);
#12337 = AXIS2_PLACEMENT_3D('',#12338,#12339,#12340);
#12338 = CARTESIAN_POINT('',(7.65,34.320360672865,27.675));
#12339 = DIRECTION('',(-0.,0.887216801235,0.461352736642));
#12340 = DIRECTION('',(-0.,0.461352736642,-0.887216801235));
#12341 = PCURVE('',#12108,#12342);
#12342 = DEFINITIONAL_REPRESENTATION('',(#12343),#12351);
#12343 = ( BOUNDED_CURVE() B_SPLINE_CURVE(2,(#12344,#12345,#12346,#12347
    ,#12348,#12349,#12350),.UNSPECIFIED.,.T.,.F.) 
B_SPLINE_CURVE_WITH_KNOTS((1,2,2,2,2,1),(-2.094395102393,0.,
    2.094395102393,4.188790204786,6.28318530718,8.377580409573),
.UNSPECIFIED.) CURVE() GEOMETRIC_REPRESENTATION_ITEM() 
RATIONAL_B_SPLINE_CURVE((1.,0.5,1.,0.5,1.,0.5,1.)) REPRESENTATION_ITEM(
  '') );
#12344 = CARTESIAN_POINT('',(-7.541495811129,-22.35));
#12345 = CARTESIAN_POINT('',(-7.541495811129,-23.38923048454));
#12346 = CARTESIAN_POINT('',(-8.555904012989,-22.86961524227));
#12347 = CARTESIAN_POINT('',(-9.570312214848,-22.35));
#12348 = CARTESIAN_POINT('',(-8.555904012989,-21.83038475772));
#12349 = CARTESIAN_POINT('',(-7.541495811129,-21.31076951545));
#12350 = CARTESIAN_POINT('',(-7.541495811129,-22.35));
#12351 = ( GEOMETRIC_REPRESENTATION_CONTEXT(2) 
PARAMETRIC_REPRESENTATION_CONTEXT() REPRESENTATION_CONTEXT('2D SPACE',''
  ) );
#12352 = PCURVE('',#10484,#12353);
#12353 = DEFINITIONAL_REPRESENTATION('',(#12354),#12363);
#12354 = B_SPLINE_CURVE_WITH_KNOTS('',7,(#12355,#12356,#12357,#12358,
    #12359,#12360,#12361,#12362),.UNSPECIFIED.,.F.,.F.,(8,8),(
    3.14159265359,4.712388980385),.PIECEWISE_BEZIER_KNOTS.);
#12355 = CARTESIAN_POINT('',(0.,18.008360672865));
#12356 = CARTESIAN_POINT('',(0.224399475256,18.008360672865));
#12357 = CARTESIAN_POINT('',(0.448798950513,18.026690258722));
#12358 = CARTESIAN_POINT('',(0.673198425769,18.063346771418));
#12359 = CARTESIAN_POINT('',(0.897597901026,18.116079663232));
#12360 = CARTESIAN_POINT('',(1.121997376282,18.180335684595));
#12361 = CARTESIAN_POINT('',(1.346396851538,18.250348036585));
#12362 = CARTESIAN_POINT('',(1.570796326795,18.320360672865));
#12363 = ( GEOMETRIC_REPRESENTATION_CONTEXT(2) 
PARAMETRIC_REPRESENTATION_CONTEXT() REPRESENTATION_CONTEXT('2D SPACE',''
  ) );
#12364 = ORIENTED_EDGE('',*,*,#12090,.T.);
#12365 = ADVANCED_FACE('',(#12366),#10484,.F.);
#12366 = FACE_BOUND('',#12367,.F.);
#12367 = EDGE_LOOP('',(#12368,#12389,#12390,#12391));
#12368 = ORIENTED_EDGE('',*,*,#12369,.F.);
#12369 = EDGE_CURVE('',#12312,#10464,#12370,.T.);
#12370 = SURFACE_CURVE('',#12371,(#12375,#12382),.PCURVE_S1.);
#12371 = LINE('',#12372,#12373);
#12372 = CARTESIAN_POINT('',(7.65,16.,28.275));
#12373 = VECTOR('',#12374,1.);
#12374 = DIRECTION('',(-0.,1.,-0.));
#12375 = PCURVE('',#10484,#12376);
#12376 = DEFINITIONAL_REPRESENTATION('',(#12377),#12381);
#12377 = LINE('',#12378,#12379);
#12378 = CARTESIAN_POINT('',(0.,0.));
#12379 = VECTOR('',#12380,1.);
#12380 = DIRECTION('',(0.,1.));
#12381 = ( GEOMETRIC_REPRESENTATION_CONTEXT(2) 
PARAMETRIC_REPRESENTATION_CONTEXT() REPRESENTATION_CONTEXT('2D SPACE',''
  ) );
#12382 = PCURVE('',#10517,#12383);
#12383 = DEFINITIONAL_REPRESENTATION('',(#12384),#12388);
#12384 = LINE('',#12385,#12386);
#12385 = CARTESIAN_POINT('',(-15.9,-0.));
#12386 = VECTOR('',#12387,1.);
#12387 = DIRECTION('',(-0.,-1.));
#12388 = ( GEOMETRIC_REPRESENTATION_CONTEXT(2) 
PARAMETRIC_REPRESENTATION_CONTEXT() REPRESENTATION_CONTEXT('2D SPACE',''
  ) );
#12389 = ORIENTED_EDGE('',*,*,#12334,.T.);
#12390 = ORIENTED_EDGE('',*,*,#12120,.T.);
#12391 = ORIENTED_EDGE('',*,*,#10463,.F.);
#12392 = ADVANCED_FACE('',(#12393),#10517,.F.);
#12393 = FACE_BOUND('',#12394,.T.);
#12394 = EDGE_LOOP('',(#12395,#12396,#12417,#12418));
#12395 = ORIENTED_EDGE('',*,*,#12311,.F.);
#12396 = ORIENTED_EDGE('',*,*,#12397,.T.);
#12397 = EDGE_CURVE('',#12279,#10502,#12398,.T.);
#12398 = SURFACE_CURVE('',#12399,(#12403,#12410),.PCURVE_S1.);
#12399 = LINE('',#12400,#12401);
#12400 = CARTESIAN_POINT('',(-7.65,16.,28.275));
#12401 = VECTOR('',#12402,1.);
#12402 = DIRECTION('',(-0.,1.,-0.));
#12403 = PCURVE('',#10517,#12404);
#12404 = DEFINITIONAL_REPRESENTATION('',(#12405),#12409);
#12405 = LINE('',#12406,#12407);
#12406 = CARTESIAN_POINT('',(-0.6,-0.));
#12407 = VECTOR('',#12408,1.);
#12408 = DIRECTION('',(-0.,-1.));
#12409 = ( GEOMETRIC_REPRESENTATION_CONTEXT(2) 
PARAMETRIC_REPRESENTATION_CONTEXT() REPRESENTATION_CONTEXT('2D SPACE',''
  ) );
#12410 = PCURVE('',#10550,#12411);
#12411 = DEFINITIONAL_REPRESENTATION('',(#12412),#12416);
#12412 = LINE('',#12413,#12414);
#12413 = CARTESIAN_POINT('',(1.570796326795,0.));
#12414 = VECTOR('',#12415,1.);
#12415 = DIRECTION('',(0.,1.));
#12416 = ( GEOMETRIC_REPRESENTATION_CONTEXT(2) 
PARAMETRIC_REPRESENTATION_CONTEXT() REPRESENTATION_CONTEXT('2D SPACE',''
  ) );
#12417 = ORIENTED_EDGE('',*,*,#10501,.T.);
#12418 = ORIENTED_EDGE('',*,*,#12369,.F.);
#12419 = ADVANCED_FACE('',(#12420),#10550,.F.);
#12420 = FACE_BOUND('',#12421,.F.);
#12421 = EDGE_LOOP('',(#12422,#12443,#12444,#12445));
#12422 = ORIENTED_EDGE('',*,*,#12423,.F.);
#12423 = EDGE_CURVE('',#12256,#10530,#12424,.T.);
#12424 = SURFACE_CURVE('',#12425,(#12429,#12436),.PCURVE_S1.);
#12425 = LINE('',#12426,#12427);
#12426 = CARTESIAN_POINT('',(-8.25,16.,27.675));
#12427 = VECTOR('',#12428,1.);
#12428 = DIRECTION('',(-0.,1.,-0.));
#12429 = PCURVE('',#10550,#12430);
#12430 = DEFINITIONAL_REPRESENTATION('',(#12431),#12435);
#12431 = LINE('',#12432,#12433);
#12432 = CARTESIAN_POINT('',(0.,0.));
#12433 = VECTOR('',#12434,1.);
#12434 = DIRECTION('',(0.,1.));
#12435 = ( GEOMETRIC_REPRESENTATION_CONTEXT(2) 
PARAMETRIC_REPRESENTATION_CONTEXT() REPRESENTATION_CONTEXT('2D SPACE',''
  ) );
#12436 = PCURVE('',#10583,#12437);
#12437 = DEFINITIONAL_REPRESENTATION('',(#12438),#12442);
#12438 = LINE('',#12439,#12440);
#12439 = CARTESIAN_POINT('',(-0.75,-0.));
#12440 = VECTOR('',#12441,1.);
#12441 = DIRECTION('',(-0.,-1.));
#12442 = ( GEOMETRIC_REPRESENTATION_CONTEXT(2) 
PARAMETRIC_REPRESENTATION_CONTEXT() REPRESENTATION_CONTEXT('2D SPACE',''
  ) );
#12443 = ORIENTED_EDGE('',*,*,#12278,.T.);
#12444 = ORIENTED_EDGE('',*,*,#12397,.T.);
#12445 = ORIENTED_EDGE('',*,*,#10529,.F.);
#12446 = ADVANCED_FACE('',(#12447),#10583,.F.);
#12447 = FACE_BOUND('',#12448,.T.);
#12448 = EDGE_LOOP('',(#12449,#12450,#12471,#12472));
#12449 = ORIENTED_EDGE('',*,*,#12255,.F.);
#12450 = ORIENTED_EDGE('',*,*,#12451,.T.);
#12451 = EDGE_CURVE('',#12223,#10568,#12452,.T.);
#12452 = SURFACE_CURVE('',#12453,(#12457,#12464),.PCURVE_S1.);
#12453 = LINE('',#12454,#12455);
#12454 = CARTESIAN_POINT('',(-8.25,16.,27.525));
#12455 = VECTOR('',#12456,1.);
#12456 = DIRECTION('',(-0.,1.,-0.));
#12457 = PCURVE('',#10583,#12458);
#12458 = DEFINITIONAL_REPRESENTATION('',(#12459),#12463);
#12459 = LINE('',#12460,#12461);
#12460 = CARTESIAN_POINT('',(-0.6,-0.));
#12461 = VECTOR('',#12462,1.);
#12462 = DIRECTION('',(-0.,-1.));
#12463 = ( GEOMETRIC_REPRESENTATION_CONTEXT(2) 
PARAMETRIC_REPRESENTATION_CONTEXT() REPRESENTATION_CONTEXT('2D SPACE',''
  ) );
#12464 = PCURVE('',#10616,#12465);
#12465 = DEFINITIONAL_REPRESENTATION('',(#12466),#12470);
#12466 = LINE('',#12467,#12468);
#12467 = CARTESIAN_POINT('',(1.570796326795,0.));
#12468 = VECTOR('',#12469,1.);
#12469 = DIRECTION('',(0.,1.));
#12470 = ( GEOMETRIC_REPRESENTATION_CONTEXT(2) 
PARAMETRIC_REPRESENTATION_CONTEXT() REPRESENTATION_CONTEXT('2D SPACE',''
  ) );
#12471 = ORIENTED_EDGE('',*,*,#10567,.T.);
#12472 = ORIENTED_EDGE('',*,*,#12423,.F.);
#12473 = ADVANCED_FACE('',(#12474),#10616,.F.);
#12474 = FACE_BOUND('',#12475,.F.);
#12475 = EDGE_LOOP('',(#12476,#12497,#12498,#12499));
#12476 = ORIENTED_EDGE('',*,*,#12477,.F.);
#12477 = EDGE_CURVE('',#12200,#10596,#12478,.T.);
#12478 = SURFACE_CURVE('',#12479,(#12483,#12490),.PCURVE_S1.);
#12479 = LINE('',#12480,#12481);
#12480 = CARTESIAN_POINT('',(-7.65,16.,26.925));
#12481 = VECTOR('',#12482,1.);
#12482 = DIRECTION('',(-0.,1.,-0.));
#12483 = PCURVE('',#10616,#12484);
#12484 = DEFINITIONAL_REPRESENTATION('',(#12485),#12489);
#12485 = LINE('',#12486,#12487);
#12486 = CARTESIAN_POINT('',(0.,0.));
#12487 = VECTOR('',#12488,1.);
#12488 = DIRECTION('',(0.,1.));
#12489 = ( GEOMETRIC_REPRESENTATION_CONTEXT(2) 
PARAMETRIC_REPRESENTATION_CONTEXT() REPRESENTATION_CONTEXT('2D SPACE',''
  ) );
#12490 = PCURVE('',#10647,#12491);
#12491 = DEFINITIONAL_REPRESENTATION('',(#12492),#12496);
#12492 = LINE('',#12493,#12494);
#12493 = CARTESIAN_POINT('',(-15.9,0.));
#12494 = VECTOR('',#12495,1.);
#12495 = DIRECTION('',(-0.,-1.));
#12496 = ( GEOMETRIC_REPRESENTATION_CONTEXT(2) 
PARAMETRIC_REPRESENTATION_CONTEXT() REPRESENTATION_CONTEXT('2D SPACE',''
  ) );
#12497 = ORIENTED_EDGE('',*,*,#12222,.T.);
#12498 = ORIENTED_EDGE('',*,*,#12451,.T.);
#12499 = ORIENTED_EDGE('',*,*,#10595,.F.);
#12500 = ADVANCED_FACE('',(#12501),#10647,.F.);
#12501 = FACE_BOUND('',#12502,.T.);
#12502 = EDGE_LOOP('',(#12503,#12504,#12525,#12526));
#12503 = ORIENTED_EDGE('',*,*,#12199,.F.);
#12504 = ORIENTED_EDGE('',*,*,#12505,.T.);
#12505 = EDGE_CURVE('',#12167,#10398,#12506,.T.);
#12506 = SURFACE_CURVE('',#12507,(#12511,#12518),.PCURVE_S1.);
#12507 = LINE('',#12508,#12509);
#12508 = CARTESIAN_POINT('',(7.65,16.,26.925));
#12509 = VECTOR('',#12510,1.);
#12510 = DIRECTION('',(-0.,1.,-0.));
#12511 = PCURVE('',#10647,#12512);
#12512 = DEFINITIONAL_REPRESENTATION('',(#12513),#12517);
#12513 = LINE('',#12514,#12515);
#12514 = CARTESIAN_POINT('',(-0.6,0.));
#12515 = VECTOR('',#12516,1.);
#12516 = DIRECTION('',(-0.,-1.));
#12517 = ( GEOMETRIC_REPRESENTATION_CONTEXT(2) 
PARAMETRIC_REPRESENTATION_CONTEXT() REPRESENTATION_CONTEXT('2D SPACE',''
  ) );
#12518 = PCURVE('',#10418,#12519);
#12519 = DEFINITIONAL_REPRESENTATION('',(#12520),#12524);
#12520 = LINE('',#12521,#12522);
#12521 = CARTESIAN_POINT('',(-0.,0.));
#12522 = VECTOR('',#12523,1.);
#12523 = DIRECTION('',(-0.,1.));
#12524 = ( GEOMETRIC_REPRESENTATION_CONTEXT(2) 
PARAMETRIC_REPRESENTATION_CONTEXT() REPRESENTATION_CONTEXT('2D SPACE',''
  ) );
#12525 = ORIENTED_EDGE('',*,*,#10633,.T.);
#12526 = ORIENTED_EDGE('',*,*,#12477,.F.);
#12527 = ADVANCED_FACE('',(#12528),#10418,.F.);
#12528 = FACE_BOUND('',#12529,.T.);
#12529 = EDGE_LOOP('',(#12530,#12531,#12532,#12533));
#12530 = ORIENTED_EDGE('',*,*,#12505,.F.);
#12531 = ORIENTED_EDGE('',*,*,#12166,.F.);
#12532 = ORIENTED_EDGE('',*,*,#12142,.T.);
#12533 = ORIENTED_EDGE('',*,*,#10395,.T.);
#12534 = ADVANCED_FACE('',(#12535),#526,.T.);
#12535 = FACE_BOUND('',#12536,.F.);
#12536 = EDGE_LOOP('',(#12537,#12558,#12559,#12582,#12603,#12604,#12605,
    #12606,#12607,#12608));
#12537 = ORIENTED_EDGE('',*,*,#12538,.F.);
#12538 = EDGE_CURVE('',#511,#8731,#12539,.T.);
#12539 = SURFACE_CURVE('',#12540,(#12544,#12551),.PCURVE_S1.);
#12540 = LINE('',#12541,#12542);
#12541 = CARTESIAN_POINT('',(30.,24.8,120.));
#12542 = VECTOR('',#12543,1.);
#12543 = DIRECTION('',(-1.,-0.,-0.));
#12544 = PCURVE('',#526,#12545);
#12545 = DEFINITIONAL_REPRESENTATION('',(#12546),#12550);
#12546 = LINE('',#12547,#12548);
#12547 = CARTESIAN_POINT('',(-71.,0.));
#12548 = VECTOR('',#12549,1.);
#12549 = DIRECTION('',(-0.,-1.));
#12550 = ( GEOMETRIC_REPRESENTATION_CONTEXT(2) 
PARAMETRIC_REPRESENTATION_CONTEXT() REPRESENTATION_CONTEXT('2D SPACE',''
  ) );
#12551 = PCURVE('',#559,#12552);
#12552 = DEFINITIONAL_REPRESENTATION('',(#12553),#12557);
#12553 = LINE('',#12554,#12555);
#12554 = CARTESIAN_POINT('',(-0.,0.));
#12555 = VECTOR('',#12556,1.);
#12556 = DIRECTION('',(-0.,-1.));
#12557 = ( GEOMETRIC_REPRESENTATION_CONTEXT(2) 
PARAMETRIC_REPRESENTATION_CONTEXT() REPRESENTATION_CONTEXT('2D SPACE',''
  ) );
#12558 = ORIENTED_EDGE('',*,*,#510,.T.);
#12559 = ORIENTED_EDGE('',*,*,#12560,.T.);
#12560 = EDGE_CURVE('',#483,#12561,#12563,.T.);
#12561 = VERTEX_POINT('',#12562);
#12562 = CARTESIAN_POINT('',(-20.25,24.8,49.));
#12563 = SURFACE_CURVE('',#12564,(#12568,#12575),.PCURVE_S1.);
#12564 = LINE('',#12565,#12566);
#12565 = CARTESIAN_POINT('',(30.,24.8,49.));
#12566 = VECTOR('',#12567,1.);
#12567 = DIRECTION('',(-1.,-0.,-0.));
#12568 = PCURVE('',#526,#12569);
#12569 = DEFINITIONAL_REPRESENTATION('',(#12570),#12574);
#12570 = LINE('',#12571,#12572);
#12571 = CARTESIAN_POINT('',(-0.,0.));
#12572 = VECTOR('',#12573,1.);
#12573 = DIRECTION('',(-0.,-1.));
#12574 = ( GEOMETRIC_REPRESENTATION_CONTEXT(2) 
PARAMETRIC_REPRESENTATION_CONTEXT() REPRESENTATION_CONTEXT('2D SPACE',''
  ) );
#12575 = PCURVE('',#44,#12576);
#12576 = DEFINITIONAL_REPRESENTATION('',(#12577),#12581);
#12577 = LINE('',#12578,#12579);
#12578 = CARTESIAN_POINT('',(-0.479519291993,0.));
#12579 = VECTOR('',#12580,1.);
#12580 = DIRECTION('',(-0.,-1.));
#12581 = ( GEOMETRIC_REPRESENTATION_CONTEXT(2) 
PARAMETRIC_REPRESENTATION_CONTEXT() REPRESENTATION_CONTEXT('2D SPACE',''
  ) );
#12582 = ORIENTED_EDGE('',*,*,#12583,.T.);
#12583 = EDGE_CURVE('',#12561,#9151,#12584,.T.);
#12584 = SURFACE_CURVE('',#12585,(#12589,#12596),.PCURVE_S1.);
#12585 = LINE('',#12586,#12587);
#12586 = CARTESIAN_POINT('',(-20.25,24.8,36.));
#12587 = VECTOR('',#12588,1.);
#12588 = DIRECTION('',(-0.,-0.,1.));
#12589 = PCURVE('',#526,#12590);
#12590 = DEFINITIONAL_REPRESENTATION('',(#12591),#12595);
#12591 = LINE('',#12592,#12593);
#12592 = CARTESIAN_POINT('',(13.,-50.25));
#12593 = VECTOR('',#12594,1.);
#12594 = DIRECTION('',(-1.,0.));
#12595 = ( GEOMETRIC_REPRESENTATION_CONTEXT(2) 
PARAMETRIC_REPRESENTATION_CONTEXT() REPRESENTATION_CONTEXT('2D SPACE',''
  ) );
#12596 = PCURVE('',#204,#12597);
#12597 = DEFINITIONAL_REPRESENTATION('',(#12598),#12602);
#12598 = LINE('',#12599,#12600);
#12599 = CARTESIAN_POINT('',(-13.,-8.8));
#12600 = VECTOR('',#12601,1.);
#12601 = DIRECTION('',(-1.,-0.));
#12602 = ( GEOMETRIC_REPRESENTATION_CONTEXT(2) 
PARAMETRIC_REPRESENTATION_CONTEXT() REPRESENTATION_CONTEXT('2D SPACE',''
  ) );
#12603 = ORIENTED_EDGE('',*,*,#9150,.F.);
#12604 = ORIENTED_EDGE('',*,*,#9021,.F.);
#12605 = ORIENTED_EDGE('',*,*,#8918,.T.);
#12606 = ORIENTED_EDGE('',*,*,#8785,.F.);
#12607 = ORIENTED_EDGE('',*,*,#8554,.T.);
#12608 = ORIENTED_EDGE('',*,*,#8758,.F.);
#12609 = ADVANCED_FACE('',(#12610),#559,.T.);
#12610 = FACE_BOUND('',#12611,.F.);
#12611 = EDGE_LOOP('',(#12612,#12613,#12614,#12615));
#12612 = ORIENTED_EDGE('',*,*,#538,.F.);
#12613 = ORIENTED_EDGE('',*,*,#12538,.T.);
#12614 = ORIENTED_EDGE('',*,*,#8730,.T.);
#12615 = ORIENTED_EDGE('',*,*,#12616,.F.);
#12616 = EDGE_CURVE('',#539,#8703,#12617,.T.);
#12617 = SURFACE_CURVE('',#12618,(#12622,#12629),.PCURVE_S1.);
#12618 = LINE('',#12619,#12620);
#12619 = CARTESIAN_POINT('',(30.,28.7,129.));
#12620 = VECTOR('',#12621,1.);
#12621 = DIRECTION('',(-1.,-0.,-0.));
#12622 = PCURVE('',#559,#12623);
#12623 = DEFINITIONAL_REPRESENTATION('',(#12624),#12628);
#12624 = LINE('',#12625,#12626);
#12625 = CARTESIAN_POINT('',(-0.817815657902,0.));
#12626 = VECTOR('',#12627,1.);
#12627 = DIRECTION('',(-0.,-1.));
#12628 = ( GEOMETRIC_REPRESENTATION_CONTEXT(2) 
PARAMETRIC_REPRESENTATION_CONTEXT() REPRESENTATION_CONTEXT('2D SPACE',''
  ) );
#12629 = PCURVE('',#590,#12630);
#12630 = DEFINITIONAL_REPRESENTATION('',(#12631),#12635);
#12631 = LINE('',#12632,#12633);
#12632 = CARTESIAN_POINT('',(0.,0.));
#12633 = VECTOR('',#12634,1.);
#12634 = DIRECTION('',(0.,-1.));
#12635 = ( GEOMETRIC_REPRESENTATION_CONTEXT(2) 
PARAMETRIC_REPRESENTATION_CONTEXT() REPRESENTATION_CONTEXT('2D SPACE',''
  ) );
#12636 = ADVANCED_FACE('',(#12637),#590,.F.);
#12637 = FACE_BOUND('',#12638,.F.);
#12638 = EDGE_LOOP('',(#12639,#12660,#12661,#12662));
#12639 = ORIENTED_EDGE('',*,*,#12640,.F.);
#12640 = EDGE_CURVE('',#222,#8680,#12641,.T.);
#12641 = SURFACE_CURVE('',#12642,(#12646,#12653),.PCURVE_S1.);
#12642 = LINE('',#12643,#12644);
#12643 = CARTESIAN_POINT('',(30.,32.6,138.));
#12644 = VECTOR('',#12645,1.);
#12645 = DIRECTION('',(-1.,-0.,-0.));
#12646 = PCURVE('',#590,#12647);
#12647 = DEFINITIONAL_REPRESENTATION('',(#12648),#12652);
#12648 = LINE('',#12649,#12650);
#12649 = CARTESIAN_POINT('',(0.817815657902,0.));
#12650 = VECTOR('',#12651,1.);
#12651 = DIRECTION('',(0.,-1.));
#12652 = ( GEOMETRIC_REPRESENTATION_CONTEXT(2) 
PARAMETRIC_REPRESENTATION_CONTEXT() REPRESENTATION_CONTEXT('2D SPACE',''
  ) );
#12653 = PCURVE('',#237,#12654);
#12654 = DEFINITIONAL_REPRESENTATION('',(#12655),#12659);
#12655 = LINE('',#12656,#12657);
#12656 = CARTESIAN_POINT('',(-0.,0.));
#12657 = VECTOR('',#12658,1.);
#12658 = DIRECTION('',(-0.,-1.));
#12659 = ( GEOMETRIC_REPRESENTATION_CONTEXT(2) 
PARAMETRIC_REPRESENTATION_CONTEXT() REPRESENTATION_CONTEXT('2D SPACE',''
  ) );
#12660 = ORIENTED_EDGE('',*,*,#571,.T.);
#12661 = ORIENTED_EDGE('',*,*,#12616,.T.);
#12662 = ORIENTED_EDGE('',*,*,#8702,.F.);
#12663 = ADVANCED_FACE('',(#12664,#12698),#237,.T.);
#12664 = FACE_BOUND('',#12665,.F.);
#12665 = EDGE_LOOP('',(#12666,#12667,#12668,#12669,#12670,#12671,#12672,
    #12673,#12674,#12675,#12696,#12697));
#12666 = ORIENTED_EDGE('',*,*,#635,.F.);
#12667 = ORIENTED_EDGE('',*,*,#219,.T.);
#12668 = ORIENTED_EDGE('',*,*,#12640,.T.);
#12669 = ORIENTED_EDGE('',*,*,#8679,.F.);
#12670 = ORIENTED_EDGE('',*,*,#9424,.T.);
#12671 = ORIENTED_EDGE('',*,*,#9352,.F.);
#12672 = ORIENTED_EDGE('',*,*,#9325,.T.);
#12673 = ORIENTED_EDGE('',*,*,#9102,.F.);
#12674 = ORIENTED_EDGE('',*,*,#9221,.T.);
#12675 = ORIENTED_EDGE('',*,*,#12676,.T.);
#12676 = EDGE_CURVE('',#9222,#760,#12677,.T.);
#12677 = SURFACE_CURVE('',#12678,(#12682,#12689),.PCURVE_S1.);
#12678 = LINE('',#12679,#12680);
#12679 = CARTESIAN_POINT('',(-20.25,32.6,80.5));
#12680 = VECTOR('',#12681,1.);
#12681 = DIRECTION('',(-0.,-0.,1.));
#12682 = PCURVE('',#237,#12683);
#12683 = DEFINITIONAL_REPRESENTATION('',(#12684),#12688);
#12684 = LINE('',#12685,#12686);
#12685 = CARTESIAN_POINT('',(57.5,-50.25));
#12686 = VECTOR('',#12687,1.);
#12687 = DIRECTION('',(-1.,0.));
#12688 = ( GEOMETRIC_REPRESENTATION_CONTEXT(2) 
PARAMETRIC_REPRESENTATION_CONTEXT() REPRESENTATION_CONTEXT('2D SPACE',''
  ) );
#12689 = PCURVE('',#204,#12690);
#12690 = DEFINITIONAL_REPRESENTATION('',(#12691),#12695);
#12691 = LINE('',#12692,#12693);
#12692 = CARTESIAN_POINT('',(-57.5,-16.6));
#12693 = VECTOR('',#12694,1.);
#12694 = DIRECTION('',(-1.,-0.));
#12695 = ( GEOMETRIC_REPRESENTATION_CONTEXT(2) 
PARAMETRIC_REPRESENTATION_CONTEXT() REPRESENTATION_CONTEXT('2D SPACE',''
  ) );
#12696 = ORIENTED_EDGE('',*,*,#784,.F.);
#12697 = ORIENTED_EDGE('',*,*,#683,.T.);
#12698 = FACE_BOUND('',#12699,.F.);
#12699 = EDGE_LOOP('',(#12700,#12730,#12759,#12787,#12816,#12844,#12873,
    #12901));
#12700 = ORIENTED_EDGE('',*,*,#12701,.F.);
#12701 = EDGE_CURVE('',#12702,#12704,#12706,.T.);
#12702 = VERTEX_POINT('',#12703);
#12703 = CARTESIAN_POINT('',(16.05,32.6,146.6));
#12704 = VERTEX_POINT('',#12705);
#12705 = CARTESIAN_POINT('',(-16.05,32.6,146.6));
#12706 = SURFACE_CURVE('',#12707,(#12711,#12718),.PCURVE_S1.);
#12707 = LINE('',#12708,#12709);
#12708 = CARTESIAN_POINT('',(23.65,32.6,146.6));
#12709 = VECTOR('',#12710,1.);
#12710 = DIRECTION('',(-1.,-0.,-0.));
#12711 = PCURVE('',#237,#12712);
#12712 = DEFINITIONAL_REPRESENTATION('',(#12713),#12717);
#12713 = LINE('',#12714,#12715);
#12714 = CARTESIAN_POINT('',(-8.6,-6.35));
#12715 = VECTOR('',#12716,1.);
#12716 = DIRECTION('',(-0.,-1.));
#12717 = ( GEOMETRIC_REPRESENTATION_CONTEXT(2) 
PARAMETRIC_REPRESENTATION_CONTEXT() REPRESENTATION_CONTEXT('2D SPACE',''
  ) );
#12718 = PCURVE('',#12719,#12724);
#12719 = PLANE('',#12720);
#12720 = AXIS2_PLACEMENT_3D('',#12721,#12722,#12723);
#12721 = CARTESIAN_POINT('',(17.3,29.5,146.6));
#12722 = DIRECTION('',(-0.,-0.,-1.));
#12723 = DIRECTION('',(1.,0.,0.));
#12724 = DEFINITIONAL_REPRESENTATION('',(#12725),#12729);
#12725 = LINE('',#12726,#12727);
#12726 = CARTESIAN_POINT('',(6.35,-3.1));
#12727 = VECTOR('',#12728,1.);
#12728 = DIRECTION('',(-1.,0.));
#12729 = ( GEOMETRIC_REPRESENTATION_CONTEXT(2) 
PARAMETRIC_REPRESENTATION_CONTEXT() REPRESENTATION_CONTEXT('2D SPACE',''
  ) );
#12730 = ORIENTED_EDGE('',*,*,#12731,.T.);
#12731 = EDGE_CURVE('',#12702,#12732,#12734,.T.);
#12732 = VERTEX_POINT('',#12733);
#12733 = CARTESIAN_POINT('',(17.3,32.6,147.85));
#12734 = SURFACE_CURVE('',#12735,(#12740,#12747),.PCURVE_S1.);
#12735 = CIRCLE('',#12736,1.25);
#12736 = AXIS2_PLACEMENT_3D('',#12737,#12738,#12739);
#12737 = CARTESIAN_POINT('',(16.05,32.6,147.85));
#12738 = DIRECTION('',(0.,-1.,0.));
#12739 = DIRECTION('',(-0.,-0.,-1.));
#12740 = PCURVE('',#237,#12741);
#12741 = DEFINITIONAL_REPRESENTATION('',(#12742),#12746);
#12742 = CIRCLE('',#12743,1.25);
#12743 = AXIS2_PLACEMENT_2D('',#12744,#12745);
#12744 = CARTESIAN_POINT('',(-9.85,-13.95));
#12745 = DIRECTION('',(1.,-0.));
#12746 = ( GEOMETRIC_REPRESENTATION_CONTEXT(2) 
PARAMETRIC_REPRESENTATION_CONTEXT() REPRESENTATION_CONTEXT('2D SPACE',''
  ) );
#12747 = PCURVE('',#12748,#12753);
#12748 = CYLINDRICAL_SURFACE('',#12749,1.25);
#12749 = AXIS2_PLACEMENT_3D('',#12750,#12751,#12752);
#12750 = CARTESIAN_POINT('',(16.05,29.5,147.85));
#12751 = DIRECTION('',(-0.,1.,-0.));
#12752 = DIRECTION('',(-0.,-0.,-1.));
#12753 = DEFINITIONAL_REPRESENTATION('',(#12754),#12758);
#12754 = LINE('',#12755,#12756);
#12755 = CARTESIAN_POINT('',(-0.,3.1));
#12756 = VECTOR('',#12757,1.);
#12757 = DIRECTION('',(-1.,0.));
#12758 = ( GEOMETRIC_REPRESENTATION_CONTEXT(2) 
PARAMETRIC_REPRESENTATION_CONTEXT() REPRESENTATION_CONTEXT('2D SPACE',''
  ) );
#12759 = ORIENTED_EDGE('',*,*,#12760,.F.);
#12760 = EDGE_CURVE('',#12761,#12732,#12763,.T.);
#12761 = VERTEX_POINT('',#12762);
#12762 = CARTESIAN_POINT('',(17.3,32.6,154.15));
#12763 = SURFACE_CURVE('',#12764,(#12768,#12775),.PCURVE_S1.);
#12764 = LINE('',#12765,#12766);
#12765 = CARTESIAN_POINT('',(17.3,32.6,146.7));
#12766 = VECTOR('',#12767,1.);
#12767 = DIRECTION('',(-0.,-0.,-1.));
#12768 = PCURVE('',#237,#12769);
#12769 = DEFINITIONAL_REPRESENTATION('',(#12770),#12774);
#12770 = LINE('',#12771,#12772);
#12771 = CARTESIAN_POINT('',(-8.7,-12.7));
#12772 = VECTOR('',#12773,1.);
#12773 = DIRECTION('',(1.,-0.));
#12774 = ( GEOMETRIC_REPRESENTATION_CONTEXT(2) 
PARAMETRIC_REPRESENTATION_CONTEXT() REPRESENTATION_CONTEXT('2D SPACE',''
  ) );
#12775 = PCURVE('',#12776,#12781);
#12776 = PLANE('',#12777);
#12777 = AXIS2_PLACEMENT_3D('',#12778,#12779,#12780);
#12778 = CARTESIAN_POINT('',(17.3,29.5,155.4));
#12779 = DIRECTION('',(1.,-0.,-0.));
#12780 = DIRECTION('',(0.,0.,1.));
#12781 = DEFINITIONAL_REPRESENTATION('',(#12782),#12786);
#12782 = LINE('',#12783,#12784);
#12783 = CARTESIAN_POINT('',(-8.7,-3.1));
#12784 = VECTOR('',#12785,1.);
#12785 = DIRECTION('',(-1.,0.));
#12786 = ( GEOMETRIC_REPRESENTATION_CONTEXT(2) 
PARAMETRIC_REPRESENTATION_CONTEXT() REPRESENTATION_CONTEXT('2D SPACE',''
  ) );
#12787 = ORIENTED_EDGE('',*,*,#12788,.T.);
#12788 = EDGE_CURVE('',#12761,#12789,#12791,.T.);
#12789 = VERTEX_POINT('',#12790);
#12790 = CARTESIAN_POINT('',(16.05,32.6,155.4));
#12791 = SURFACE_CURVE('',#12792,(#12797,#12804),.PCURVE_S1.);
#12792 = CIRCLE('',#12793,1.25);
#12793 = AXIS2_PLACEMENT_3D('',#12794,#12795,#12796);
#12794 = CARTESIAN_POINT('',(16.05,32.6,154.15));
#12795 = DIRECTION('',(0.,-1.,0.));
#12796 = DIRECTION('',(-0.,-0.,1.));
#12797 = PCURVE('',#237,#12798);
#12798 = DEFINITIONAL_REPRESENTATION('',(#12799),#12803);
#12799 = CIRCLE('',#12800,1.25);
#12800 = AXIS2_PLACEMENT_2D('',#12801,#12802);
#12801 = CARTESIAN_POINT('',(-16.15,-13.95));
#12802 = DIRECTION('',(-1.,0.));
#12803 = ( GEOMETRIC_REPRESENTATION_CONTEXT(2) 
PARAMETRIC_REPRESENTATION_CONTEXT() REPRESENTATION_CONTEXT('2D SPACE',''
  ) );
#12804 = PCURVE('',#12805,#12810);
#12805 = CYLINDRICAL_SURFACE('',#12806,1.25);
#12806 = AXIS2_PLACEMENT_3D('',#12807,#12808,#12809);
#12807 = CARTESIAN_POINT('',(16.05,29.5,154.15));
#12808 = DIRECTION('',(-0.,1.,-0.));
#12809 = DIRECTION('',(-0.,-0.,1.));
#12810 = DEFINITIONAL_REPRESENTATION('',(#12811),#12815);
#12811 = LINE('',#12812,#12813);
#12812 = CARTESIAN_POINT('',(6.28318530718,3.1));
#12813 = VECTOR('',#12814,1.);
#12814 = DIRECTION('',(-1.,0.));
#12815 = ( GEOMETRIC_REPRESENTATION_CONTEXT(2) 
PARAMETRIC_REPRESENTATION_CONTEXT() REPRESENTATION_CONTEXT('2D SPACE',''
  ) );
#12816 = ORIENTED_EDGE('',*,*,#12817,.F.);
#12817 = EDGE_CURVE('',#12818,#12789,#12820,.T.);
#12818 = VERTEX_POINT('',#12819);
#12819 = CARTESIAN_POINT('',(-16.05,32.6,155.4));
#12820 = SURFACE_CURVE('',#12821,(#12825,#12832),.PCURVE_S1.);
#12821 = LINE('',#12822,#12823);
#12822 = CARTESIAN_POINT('',(6.35,32.6,155.4));
#12823 = VECTOR('',#12824,1.);
#12824 = DIRECTION('',(1.,-0.,-0.));
#12825 = PCURVE('',#237,#12826);
#12826 = DEFINITIONAL_REPRESENTATION('',(#12827),#12831);
#12827 = LINE('',#12828,#12829);
#12828 = CARTESIAN_POINT('',(-17.4,-23.65));
#12829 = VECTOR('',#12830,1.);
#12830 = DIRECTION('',(-0.,1.));
#12831 = ( GEOMETRIC_REPRESENTATION_CONTEXT(2) 
PARAMETRIC_REPRESENTATION_CONTEXT() REPRESENTATION_CONTEXT('2D SPACE',''
  ) );
#12832 = PCURVE('',#12833,#12838);
#12833 = PLANE('',#12834);
#12834 = AXIS2_PLACEMENT_3D('',#12835,#12836,#12837);
#12835 = CARTESIAN_POINT('',(-17.3,29.5,155.4));
#12836 = DIRECTION('',(-0.,-0.,1.));
#12837 = DIRECTION('',(-1.,0.,0.));
#12838 = DEFINITIONAL_REPRESENTATION('',(#12839),#12843);
#12839 = LINE('',#12840,#12841);
#12840 = CARTESIAN_POINT('',(-23.65,-3.1));
#12841 = VECTOR('',#12842,1.);
#12842 = DIRECTION('',(-1.,0.));
#12843 = ( GEOMETRIC_REPRESENTATION_CONTEXT(2) 
PARAMETRIC_REPRESENTATION_CONTEXT() REPRESENTATION_CONTEXT('2D SPACE',''
  ) );
#12844 = ORIENTED_EDGE('',*,*,#12845,.T.);
#12845 = EDGE_CURVE('',#12818,#12846,#12848,.T.);
#12846 = VERTEX_POINT('',#12847);
#12847 = CARTESIAN_POINT('',(-17.3,32.6,154.15));
#12848 = SURFACE_CURVE('',#12849,(#12854,#12861),.PCURVE_S1.);
#12849 = CIRCLE('',#12850,1.25);
#12850 = AXIS2_PLACEMENT_3D('',#12851,#12852,#12853);
#12851 = CARTESIAN_POINT('',(-16.05,32.6,154.15));
#12852 = DIRECTION('',(0.,-1.,0.));
#12853 = DIRECTION('',(-1.,-0.,-0.));
#12854 = PCURVE('',#237,#12855);
#12855 = DEFINITIONAL_REPRESENTATION('',(#12856),#12860);
#12856 = CIRCLE('',#12857,1.25);
#12857 = AXIS2_PLACEMENT_2D('',#12858,#12859);
#12858 = CARTESIAN_POINT('',(-16.15,-46.05));
#12859 = DIRECTION('',(-0.,-1.));
#12860 = ( GEOMETRIC_REPRESENTATION_CONTEXT(2) 
PARAMETRIC_REPRESENTATION_CONTEXT() REPRESENTATION_CONTEXT('2D SPACE',''
  ) );
#12861 = PCURVE('',#12862,#12867);
#12862 = CYLINDRICAL_SURFACE('',#12863,1.25);
#12863 = AXIS2_PLACEMENT_3D('',#12864,#12865,#12866);
#12864 = CARTESIAN_POINT('',(-16.05,29.5,154.15));
#12865 = DIRECTION('',(-0.,1.,-0.));
#12866 = DIRECTION('',(-1.,-0.,-0.));
#12867 = DEFINITIONAL_REPRESENTATION('',(#12868),#12872);
#12868 = LINE('',#12869,#12870);
#12869 = CARTESIAN_POINT('',(6.28318530718,3.1));
#12870 = VECTOR('',#12871,1.);
#12871 = DIRECTION('',(-1.,0.));
#12872 = ( GEOMETRIC_REPRESENTATION_CONTEXT(2) 
PARAMETRIC_REPRESENTATION_CONTEXT() REPRESENTATION_CONTEXT('2D SPACE',''
  ) );
#12873 = ORIENTED_EDGE('',*,*,#12874,.F.);
#12874 = EDGE_CURVE('',#12875,#12846,#12877,.T.);
#12875 = VERTEX_POINT('',#12876);
#12876 = CARTESIAN_POINT('',(-17.3,32.6,147.85));
#12877 = SURFACE_CURVE('',#12878,(#12882,#12889),.PCURVE_S1.);
#12878 = LINE('',#12879,#12880);
#12879 = CARTESIAN_POINT('',(-17.3,32.6,142.3));
#12880 = VECTOR('',#12881,1.);
#12881 = DIRECTION('',(-0.,-0.,1.));
#12882 = PCURVE('',#237,#12883);
#12883 = DEFINITIONAL_REPRESENTATION('',(#12884),#12888);
#12884 = LINE('',#12885,#12886);
#12885 = CARTESIAN_POINT('',(-4.3,-47.3));
#12886 = VECTOR('',#12887,1.);
#12887 = DIRECTION('',(-1.,0.));
#12888 = ( GEOMETRIC_REPRESENTATION_CONTEXT(2) 
PARAMETRIC_REPRESENTATION_CONTEXT() REPRESENTATION_CONTEXT('2D SPACE',''
  ) );
#12889 = PCURVE('',#12890,#12895);
#12890 = PLANE('',#12891);
#12891 = AXIS2_PLACEMENT_3D('',#12892,#12893,#12894);
#12892 = CARTESIAN_POINT('',(-17.3,29.5,146.6));
#12893 = DIRECTION('',(-1.,-0.,-0.));
#12894 = DIRECTION('',(0.,0.,-1.));
#12895 = DEFINITIONAL_REPRESENTATION('',(#12896),#12900);
#12896 = LINE('',#12897,#12898);
#12897 = CARTESIAN_POINT('',(4.3,-3.1));
#12898 = VECTOR('',#12899,1.);
#12899 = DIRECTION('',(-1.,-0.));
#12900 = ( GEOMETRIC_REPRESENTATION_CONTEXT(2) 
PARAMETRIC_REPRESENTATION_CONTEXT() REPRESENTATION_CONTEXT('2D SPACE',''
  ) );
#12901 = ORIENTED_EDGE('',*,*,#12902,.T.);
#12902 = EDGE_CURVE('',#12875,#12704,#12903,.T.);
#12903 = SURFACE_CURVE('',#12904,(#12909,#12916),.PCURVE_S1.);
#12904 = CIRCLE('',#12905,1.25);
#12905 = AXIS2_PLACEMENT_3D('',#12906,#12907,#12908);
#12906 = CARTESIAN_POINT('',(-16.05,32.6,147.85));
#12907 = DIRECTION('',(0.,-1.,0.));
#12908 = DIRECTION('',(-0.,-0.,-1.));
#12909 = PCURVE('',#237,#12910);
#12910 = DEFINITIONAL_REPRESENTATION('',(#12911),#12915);
#12911 = CIRCLE('',#12912,1.25);
#12912 = AXIS2_PLACEMENT_2D('',#12913,#12914);
#12913 = CARTESIAN_POINT('',(-9.85,-46.05));
#12914 = DIRECTION('',(1.,-0.));
#12915 = ( GEOMETRIC_REPRESENTATION_CONTEXT(2) 
PARAMETRIC_REPRESENTATION_CONTEXT() REPRESENTATION_CONTEXT('2D SPACE',''
  ) );
#12916 = PCURVE('',#12917,#12922);
#12917 = CYLINDRICAL_SURFACE('',#12918,1.25);
#12918 = AXIS2_PLACEMENT_3D('',#12919,#12920,#12921);
#12919 = CARTESIAN_POINT('',(-16.05,29.5,147.85));
#12920 = DIRECTION('',(-0.,1.,-0.));
#12921 = DIRECTION('',(-0.,-0.,-1.));
#12922 = DEFINITIONAL_REPRESENTATION('',(#12923),#12927);
#12923 = LINE('',#12924,#12925);
#12924 = CARTESIAN_POINT('',(6.28318530718,3.1));
#12925 = VECTOR('',#12926,1.);
#12926 = DIRECTION('',(-1.,0.));
#12927 = ( GEOMETRIC_REPRESENTATION_CONTEXT(2) 
PARAMETRIC_REPRESENTATION_CONTEXT() REPRESENTATION_CONTEXT('2D SPACE',''
  ) );
#12928 = ADVANCED_FACE('',(#12929),#12748,.T.);
#12929 = FACE_BOUND('',#12930,.F.);
#12930 = EDGE_LOOP('',(#12931,#12954,#12983,#13004));
#12931 = ORIENTED_EDGE('',*,*,#12932,.F.);
#12932 = EDGE_CURVE('',#12933,#12702,#12935,.T.);
#12933 = VERTEX_POINT('',#12934);
#12934 = CARTESIAN_POINT('',(16.05,29.5,146.6));
#12935 = SURFACE_CURVE('',#12936,(#12940,#12947),.PCURVE_S1.);
#12936 = LINE('',#12937,#12938);
#12937 = CARTESIAN_POINT('',(16.05,29.5,146.6));
#12938 = VECTOR('',#12939,1.);
#12939 = DIRECTION('',(-0.,1.,-0.));
#12940 = PCURVE('',#12748,#12941);
#12941 = DEFINITIONAL_REPRESENTATION('',(#12942),#12946);
#12942 = LINE('',#12943,#12944);
#12943 = CARTESIAN_POINT('',(-0.,0.));
#12944 = VECTOR('',#12945,1.);
#12945 = DIRECTION('',(-0.,1.));
#12946 = ( GEOMETRIC_REPRESENTATION_CONTEXT(2) 
PARAMETRIC_REPRESENTATION_CONTEXT() REPRESENTATION_CONTEXT('2D SPACE',''
  ) );
#12947 = PCURVE('',#12719,#12948);
#12948 = DEFINITIONAL_REPRESENTATION('',(#12949),#12953);
#12949 = LINE('',#12950,#12951);
#12950 = CARTESIAN_POINT('',(-1.25,0.));
#12951 = VECTOR('',#12952,1.);
#12952 = DIRECTION('',(-0.,-1.));
#12953 = ( GEOMETRIC_REPRESENTATION_CONTEXT(2) 
PARAMETRIC_REPRESENTATION_CONTEXT() REPRESENTATION_CONTEXT('2D SPACE',''
  ) );
#12954 = ORIENTED_EDGE('',*,*,#12955,.T.);
#12955 = EDGE_CURVE('',#12933,#12956,#12958,.T.);
#12956 = VERTEX_POINT('',#12957);
#12957 = CARTESIAN_POINT('',(17.3,29.5,147.85));
#12958 = SURFACE_CURVE('',#12959,(#12964,#12971),.PCURVE_S1.);
#12959 = CIRCLE('',#12960,1.25);
#12960 = AXIS2_PLACEMENT_3D('',#12961,#12962,#12963);
#12961 = CARTESIAN_POINT('',(16.05,29.5,147.85));
#12962 = DIRECTION('',(0.,-1.,0.));
#12963 = DIRECTION('',(-0.,-0.,1.));
#12964 = PCURVE('',#12748,#12965);
#12965 = DEFINITIONAL_REPRESENTATION('',(#12966),#12970);
#12966 = LINE('',#12967,#12968);
#12967 = CARTESIAN_POINT('',(3.14159265359,-0.));
#12968 = VECTOR('',#12969,1.);
#12969 = DIRECTION('',(-1.,0.));
#12970 = ( GEOMETRIC_REPRESENTATION_CONTEXT(2) 
PARAMETRIC_REPRESENTATION_CONTEXT() REPRESENTATION_CONTEXT('2D SPACE',''
  ) );
#12971 = PCURVE('',#12972,#12977);
#12972 = PLANE('',#12973);
#12973 = AXIS2_PLACEMENT_3D('',#12974,#12975,#12976);
#12974 = CARTESIAN_POINT('',(3.274390487374E-16,29.5,151.));
#12975 = DIRECTION('',(0.,-1.,-0.));
#12976 = DIRECTION('',(0.,0.,1.));
#12977 = DEFINITIONAL_REPRESENTATION('',(#12978),#12982);
#12978 = CIRCLE('',#12979,1.25);
#12979 = AXIS2_PLACEMENT_2D('',#12980,#12981);
#12980 = CARTESIAN_POINT('',(-3.15,-16.05));
#12981 = DIRECTION('',(1.,-0.));
#12982 = ( GEOMETRIC_REPRESENTATION_CONTEXT(2) 
PARAMETRIC_REPRESENTATION_CONTEXT() REPRESENTATION_CONTEXT('2D SPACE',''
  ) );
#12983 = ORIENTED_EDGE('',*,*,#12984,.T.);
#12984 = EDGE_CURVE('',#12956,#12732,#12985,.T.);
#12985 = SURFACE_CURVE('',#12986,(#12990,#12997),.PCURVE_S1.);
#12986 = LINE('',#12987,#12988);
#12987 = CARTESIAN_POINT('',(17.3,29.5,147.85));
#12988 = VECTOR('',#12989,1.);
#12989 = DIRECTION('',(-0.,1.,-0.));
#12990 = PCURVE('',#12748,#12991);
#12991 = DEFINITIONAL_REPRESENTATION('',(#12992),#12996);
#12992 = LINE('',#12993,#12994);
#12993 = CARTESIAN_POINT('',(-1.570796326795,0.));
#12994 = VECTOR('',#12995,1.);
#12995 = DIRECTION('',(-0.,1.));
#12996 = ( GEOMETRIC_REPRESENTATION_CONTEXT(2) 
PARAMETRIC_REPRESENTATION_CONTEXT() REPRESENTATION_CONTEXT('2D SPACE',''
  ) );
#12997 = PCURVE('',#12776,#12998);
#12998 = DEFINITIONAL_REPRESENTATION('',(#12999),#13003);
#12999 = LINE('',#13000,#13001);
#13000 = CARTESIAN_POINT('',(-7.55,0.));
#13001 = VECTOR('',#13002,1.);
#13002 = DIRECTION('',(-0.,-1.));
#13003 = ( GEOMETRIC_REPRESENTATION_CONTEXT(2) 
PARAMETRIC_REPRESENTATION_CONTEXT() REPRESENTATION_CONTEXT('2D SPACE',''
  ) );
#13004 = ORIENTED_EDGE('',*,*,#12731,.F.);
#13005 = ADVANCED_FACE('',(#13006),#12972,.T.);
#13006 = FACE_BOUND('',#13007,.F.);
#13007 = EDGE_LOOP('',(#13008,#13031,#13059,#13082,#13110,#13133,#13161,
    #13182));
#13008 = ORIENTED_EDGE('',*,*,#13009,.T.);
#13009 = EDGE_CURVE('',#12933,#13010,#13012,.T.);
#13010 = VERTEX_POINT('',#13011);
#13011 = CARTESIAN_POINT('',(-16.05,29.5,146.6));
#13012 = SURFACE_CURVE('',#13013,(#13017,#13024),.PCURVE_S1.);
#13013 = LINE('',#13014,#13015);
#13014 = CARTESIAN_POINT('',(17.3,29.5,146.6));
#13015 = VECTOR('',#13016,1.);
#13016 = DIRECTION('',(-1.,-0.,-0.));
#13017 = PCURVE('',#12972,#13018);
#13018 = DEFINITIONAL_REPRESENTATION('',(#13019),#13023);
#13019 = LINE('',#13020,#13021);
#13020 = CARTESIAN_POINT('',(-4.4,-17.3));
#13021 = VECTOR('',#13022,1.);
#13022 = DIRECTION('',(-0.,1.));
#13023 = ( GEOMETRIC_REPRESENTATION_CONTEXT(2) 
PARAMETRIC_REPRESENTATION_CONTEXT() REPRESENTATION_CONTEXT('2D SPACE',''
  ) );
#13024 = PCURVE('',#12719,#13025);
#13025 = DEFINITIONAL_REPRESENTATION('',(#13026),#13030);
#13026 = LINE('',#13027,#13028);
#13027 = CARTESIAN_POINT('',(-0.,-0.));
#13028 = VECTOR('',#13029,1.);
#13029 = DIRECTION('',(-1.,0.));
#13030 = ( GEOMETRIC_REPRESENTATION_CONTEXT(2) 
PARAMETRIC_REPRESENTATION_CONTEXT() REPRESENTATION_CONTEXT('2D SPACE',''
  ) );
#13031 = ORIENTED_EDGE('',*,*,#13032,.T.);
#13032 = EDGE_CURVE('',#13010,#13033,#13035,.T.);
#13033 = VERTEX_POINT('',#13034);
#13034 = CARTESIAN_POINT('',(-17.3,29.5,147.85));
#13035 = SURFACE_CURVE('',#13036,(#13041,#13052),.PCURVE_S1.);
#13036 = CIRCLE('',#13037,1.25);
#13037 = AXIS2_PLACEMENT_3D('',#13038,#13039,#13040);
#13038 = CARTESIAN_POINT('',(-16.05,29.5,147.85));
#13039 = DIRECTION('',(0.,1.,0.));
#13040 = DIRECTION('',(-0.,-0.,1.));
#13041 = PCURVE('',#12972,#13042);
#13042 = DEFINITIONAL_REPRESENTATION('',(#13043),#13051);
#13043 = ( BOUNDED_CURVE() B_SPLINE_CURVE(2,(#13044,#13045,#13046,#13047
    ,#13048,#13049,#13050),.UNSPECIFIED.,.T.,.F.) 
B_SPLINE_CURVE_WITH_KNOTS((1,2,2,2,2,1),(-2.094395102393,0.,
    2.094395102393,4.188790204786,6.28318530718,8.377580409573),
.UNSPECIFIED.) CURVE() GEOMETRIC_REPRESENTATION_ITEM() 
RATIONAL_B_SPLINE_CURVE((1.,0.5,1.,0.5,1.,0.5,1.)) REPRESENTATION_ITEM(
  '') );
#13044 = CARTESIAN_POINT('',(-1.9,16.05));
#13045 = CARTESIAN_POINT('',(-1.9,13.884936490539));
#13046 = CARTESIAN_POINT('',(-3.775,14.967468245269));
#13047 = CARTESIAN_POINT('',(-5.65,16.05));
#13048 = CARTESIAN_POINT('',(-3.775,17.132531754731));
#13049 = CARTESIAN_POINT('',(-1.9,18.215063509461));
#13050 = CARTESIAN_POINT('',(-1.9,16.05));
#13051 = ( GEOMETRIC_REPRESENTATION_CONTEXT(2) 
PARAMETRIC_REPRESENTATION_CONTEXT() REPRESENTATION_CONTEXT('2D SPACE',''
  ) );
#13052 = PCURVE('',#12917,#13053);
#13053 = DEFINITIONAL_REPRESENTATION('',(#13054),#13058);
#13054 = LINE('',#13055,#13056);
#13055 = CARTESIAN_POINT('',(-3.14159265359,0.));
#13056 = VECTOR('',#13057,1.);
#13057 = DIRECTION('',(1.,0.));
#13058 = ( GEOMETRIC_REPRESENTATION_CONTEXT(2) 
PARAMETRIC_REPRESENTATION_CONTEXT() REPRESENTATION_CONTEXT('2D SPACE',''
  ) );
#13059 = ORIENTED_EDGE('',*,*,#13060,.T.);
#13060 = EDGE_CURVE('',#13033,#13061,#13063,.T.);
#13061 = VERTEX_POINT('',#13062);
#13062 = CARTESIAN_POINT('',(-17.3,29.5,154.15));
#13063 = SURFACE_CURVE('',#13064,(#13068,#13075),.PCURVE_S1.);
#13064 = LINE('',#13065,#13066);
#13065 = CARTESIAN_POINT('',(-17.3,29.5,146.6));
#13066 = VECTOR('',#13067,1.);
#13067 = DIRECTION('',(-0.,-0.,1.));
#13068 = PCURVE('',#12972,#13069);
#13069 = DEFINITIONAL_REPRESENTATION('',(#13070),#13074);
#13070 = LINE('',#13071,#13072);
#13071 = CARTESIAN_POINT('',(-4.4,17.3));
#13072 = VECTOR('',#13073,1.);
#13073 = DIRECTION('',(1.,-0.));
#13074 = ( GEOMETRIC_REPRESENTATION_CONTEXT(2) 
PARAMETRIC_REPRESENTATION_CONTEXT() REPRESENTATION_CONTEXT('2D SPACE',''
  ) );
#13075 = PCURVE('',#12890,#13076);
#13076 = DEFINITIONAL_REPRESENTATION('',(#13077),#13081);
#13077 = LINE('',#13078,#13079);
#13078 = CARTESIAN_POINT('',(-0.,-0.));
#13079 = VECTOR('',#13080,1.);
#13080 = DIRECTION('',(-1.,-0.));
#13081 = ( GEOMETRIC_REPRESENTATION_CONTEXT(2) 
PARAMETRIC_REPRESENTATION_CONTEXT() REPRESENTATION_CONTEXT('2D SPACE',''
  ) );
#13082 = ORIENTED_EDGE('',*,*,#13083,.T.);
#13083 = EDGE_CURVE('',#13061,#13084,#13086,.T.);
#13084 = VERTEX_POINT('',#13085);
#13085 = CARTESIAN_POINT('',(-16.05,29.5,155.4));
#13086 = SURFACE_CURVE('',#13087,(#13092,#13103),.PCURVE_S1.);
#13087 = CIRCLE('',#13088,1.25);
#13088 = AXIS2_PLACEMENT_3D('',#13089,#13090,#13091);
#13089 = CARTESIAN_POINT('',(-16.05,29.5,154.15));
#13090 = DIRECTION('',(0.,1.,0.));
#13091 = DIRECTION('',(-0.,-0.,1.));
#13092 = PCURVE('',#12972,#13093);
#13093 = DEFINITIONAL_REPRESENTATION('',(#13094),#13102);
#13094 = ( BOUNDED_CURVE() B_SPLINE_CURVE(2,(#13095,#13096,#13097,#13098
    ,#13099,#13100,#13101),.UNSPECIFIED.,.T.,.F.) 
B_SPLINE_CURVE_WITH_KNOTS((1,2,2,2,2,1),(-2.094395102393,0.,
    2.094395102393,4.188790204786,6.28318530718,8.377580409573),
.UNSPECIFIED.) CURVE() GEOMETRIC_REPRESENTATION_ITEM() 
RATIONAL_B_SPLINE_CURVE((1.,0.5,1.,0.5,1.,0.5,1.)) REPRESENTATION_ITEM(
  '') );
#13095 = CARTESIAN_POINT('',(4.4,16.05));
#13096 = CARTESIAN_POINT('',(4.4,13.884936490539));
#13097 = CARTESIAN_POINT('',(2.525,14.967468245269));
#13098 = CARTESIAN_POINT('',(0.65,16.05));
#13099 = CARTESIAN_POINT('',(2.525,17.132531754731));
#13100 = CARTESIAN_POINT('',(4.4,18.215063509461));
#13101 = CARTESIAN_POINT('',(4.4,16.05));
#13102 = ( GEOMETRIC_REPRESENTATION_CONTEXT(2) 
PARAMETRIC_REPRESENTATION_CONTEXT() REPRESENTATION_CONTEXT('2D SPACE',''
  ) );
#13103 = PCURVE('',#12862,#13104);
#13104 = DEFINITIONAL_REPRESENTATION('',(#13105),#13109);
#13105 = LINE('',#13106,#13107);
#13106 = CARTESIAN_POINT('',(-4.712388980385,0.));
#13107 = VECTOR('',#13108,1.);
#13108 = DIRECTION('',(1.,0.));
#13109 = ( GEOMETRIC_REPRESENTATION_CONTEXT(2) 
PARAMETRIC_REPRESENTATION_CONTEXT() REPRESENTATION_CONTEXT('2D SPACE',''
  ) );
#13110 = ORIENTED_EDGE('',*,*,#13111,.T.);
#13111 = EDGE_CURVE('',#13084,#13112,#13114,.T.);
#13112 = VERTEX_POINT('',#13113);
#13113 = CARTESIAN_POINT('',(16.05,29.5,155.4));
#13114 = SURFACE_CURVE('',#13115,(#13119,#13126),.PCURVE_S1.);
#13115 = LINE('',#13116,#13117);
#13116 = CARTESIAN_POINT('',(-17.3,29.5,155.4));
#13117 = VECTOR('',#13118,1.);
#13118 = DIRECTION('',(1.,-0.,-0.));
#13119 = PCURVE('',#12972,#13120);
#13120 = DEFINITIONAL_REPRESENTATION('',(#13121),#13125);
#13121 = LINE('',#13122,#13123);
#13122 = CARTESIAN_POINT('',(4.4,17.3));
#13123 = VECTOR('',#13124,1.);
#13124 = DIRECTION('',(-0.,-1.));
#13125 = ( GEOMETRIC_REPRESENTATION_CONTEXT(2) 
PARAMETRIC_REPRESENTATION_CONTEXT() REPRESENTATION_CONTEXT('2D SPACE',''
  ) );
#13126 = PCURVE('',#12833,#13127);
#13127 = DEFINITIONAL_REPRESENTATION('',(#13128),#13132);
#13128 = LINE('',#13129,#13130);
#13129 = CARTESIAN_POINT('',(-0.,-0.));
#13130 = VECTOR('',#13131,1.);
#13131 = DIRECTION('',(-1.,0.));
#13132 = ( GEOMETRIC_REPRESENTATION_CONTEXT(2) 
PARAMETRIC_REPRESENTATION_CONTEXT() REPRESENTATION_CONTEXT('2D SPACE',''
  ) );
#13133 = ORIENTED_EDGE('',*,*,#13134,.T.);
#13134 = EDGE_CURVE('',#13112,#13135,#13137,.T.);
#13135 = VERTEX_POINT('',#13136);
#13136 = CARTESIAN_POINT('',(17.3,29.5,154.15));
#13137 = SURFACE_CURVE('',#13138,(#13143,#13154),.PCURVE_S1.);
#13138 = CIRCLE('',#13139,1.25);
#13139 = AXIS2_PLACEMENT_3D('',#13140,#13141,#13142);
#13140 = CARTESIAN_POINT('',(16.05,29.5,154.15));
#13141 = DIRECTION('',(0.,1.,0.));
#13142 = DIRECTION('',(-0.,-0.,1.));
#13143 = PCURVE('',#12972,#13144);
#13144 = DEFINITIONAL_REPRESENTATION('',(#13145),#13153);
#13145 = ( BOUNDED_CURVE() B_SPLINE_CURVE(2,(#13146,#13147,#13148,#13149
    ,#13150,#13151,#13152),.UNSPECIFIED.,.T.,.F.) 
B_SPLINE_CURVE_WITH_KNOTS((1,2,2,2,2,1),(-2.094395102393,0.,
    2.094395102393,4.188790204786,6.28318530718,8.377580409573),
.UNSPECIFIED.) CURVE() GEOMETRIC_REPRESENTATION_ITEM() 
RATIONAL_B_SPLINE_CURVE((1.,0.5,1.,0.5,1.,0.5,1.)) REPRESENTATION_ITEM(
  '') );
#13146 = CARTESIAN_POINT('',(4.4,-16.05));
#13147 = CARTESIAN_POINT('',(4.4,-18.21506350946));
#13148 = CARTESIAN_POINT('',(2.525,-17.13253175473));
#13149 = CARTESIAN_POINT('',(0.65,-16.05));
#13150 = CARTESIAN_POINT('',(2.525,-14.96746824526));
#13151 = CARTESIAN_POINT('',(4.4,-13.88493649053));
#13152 = CARTESIAN_POINT('',(4.4,-16.05));
#13153 = ( GEOMETRIC_REPRESENTATION_CONTEXT(2) 
PARAMETRIC_REPRESENTATION_CONTEXT() REPRESENTATION_CONTEXT('2D SPACE',''
  ) );
#13154 = PCURVE('',#12805,#13155);
#13155 = DEFINITIONAL_REPRESENTATION('',(#13156),#13160);
#13156 = LINE('',#13157,#13158);
#13157 = CARTESIAN_POINT('',(0.,0.));
#13158 = VECTOR('',#13159,1.);
#13159 = DIRECTION('',(1.,0.));
#13160 = ( GEOMETRIC_REPRESENTATION_CONTEXT(2) 
PARAMETRIC_REPRESENTATION_CONTEXT() REPRESENTATION_CONTEXT('2D SPACE',''
  ) );
#13161 = ORIENTED_EDGE('',*,*,#13162,.T.);
#13162 = EDGE_CURVE('',#13135,#12956,#13163,.T.);
#13163 = SURFACE_CURVE('',#13164,(#13168,#13175),.PCURVE_S1.);
#13164 = LINE('',#13165,#13166);
#13165 = CARTESIAN_POINT('',(17.3,29.5,155.4));
#13166 = VECTOR('',#13167,1.);
#13167 = DIRECTION('',(-0.,-0.,-1.));
#13168 = PCURVE('',#12972,#13169);
#13169 = DEFINITIONAL_REPRESENTATION('',(#13170),#13174);
#13170 = LINE('',#13171,#13172);
#13171 = CARTESIAN_POINT('',(4.4,-17.3));
#13172 = VECTOR('',#13173,1.);
#13173 = DIRECTION('',(-1.,0.));
#13174 = ( GEOMETRIC_REPRESENTATION_CONTEXT(2) 
PARAMETRIC_REPRESENTATION_CONTEXT() REPRESENTATION_CONTEXT('2D SPACE',''
  ) );
#13175 = PCURVE('',#12776,#13176);
#13176 = DEFINITIONAL_REPRESENTATION('',(#13177),#13181);
#13177 = LINE('',#13178,#13179);
#13178 = CARTESIAN_POINT('',(-0.,-0.));
#13179 = VECTOR('',#13180,1.);
#13180 = DIRECTION('',(-1.,0.));
#13181 = ( GEOMETRIC_REPRESENTATION_CONTEXT(2) 
PARAMETRIC_REPRESENTATION_CONTEXT() REPRESENTATION_CONTEXT('2D SPACE',''
  ) );
#13182 = ORIENTED_EDGE('',*,*,#12955,.F.);
#13183 = ADVANCED_FACE('',(#13184),#12776,.T.);
#13184 = FACE_BOUND('',#13185,.F.);
#13185 = EDGE_LOOP('',(#13186,#13187,#13208,#13209));
#13186 = ORIENTED_EDGE('',*,*,#13162,.F.);
#13187 = ORIENTED_EDGE('',*,*,#13188,.T.);
#13188 = EDGE_CURVE('',#13135,#12761,#13189,.T.);
#13189 = SURFACE_CURVE('',#13190,(#13194,#13201),.PCURVE_S1.);
#13190 = LINE('',#13191,#13192);
#13191 = CARTESIAN_POINT('',(17.3,29.5,154.15));
#13192 = VECTOR('',#13193,1.);
#13193 = DIRECTION('',(-0.,1.,-0.));
#13194 = PCURVE('',#12776,#13195);
#13195 = DEFINITIONAL_REPRESENTATION('',(#13196),#13200);
#13196 = LINE('',#13197,#13198);
#13197 = CARTESIAN_POINT('',(-1.25,0.));
#13198 = VECTOR('',#13199,1.);
#13199 = DIRECTION('',(-0.,-1.));
#13200 = ( GEOMETRIC_REPRESENTATION_CONTEXT(2) 
PARAMETRIC_REPRESENTATION_CONTEXT() REPRESENTATION_CONTEXT('2D SPACE',''
  ) );
#13201 = PCURVE('',#12805,#13202);
#13202 = DEFINITIONAL_REPRESENTATION('',(#13203),#13207);
#13203 = LINE('',#13204,#13205);
#13204 = CARTESIAN_POINT('',(1.570796326795,0.));
#13205 = VECTOR('',#13206,1.);
#13206 = DIRECTION('',(0.,1.));
#13207 = ( GEOMETRIC_REPRESENTATION_CONTEXT(2) 
PARAMETRIC_REPRESENTATION_CONTEXT() REPRESENTATION_CONTEXT('2D SPACE',''
  ) );
#13208 = ORIENTED_EDGE('',*,*,#12760,.T.);
#13209 = ORIENTED_EDGE('',*,*,#12984,.F.);
#13210 = ADVANCED_FACE('',(#13211),#12805,.T.);
#13211 = FACE_BOUND('',#13212,.T.);
#13212 = EDGE_LOOP('',(#13213,#13234,#13235,#13236));
#13213 = ORIENTED_EDGE('',*,*,#13214,.F.);
#13214 = EDGE_CURVE('',#13112,#12789,#13215,.T.);
#13215 = SURFACE_CURVE('',#13216,(#13220,#13227),.PCURVE_S1.);
#13216 = LINE('',#13217,#13218);
#13217 = CARTESIAN_POINT('',(16.05,29.5,155.4));
#13218 = VECTOR('',#13219,1.);
#13219 = DIRECTION('',(-0.,1.,-0.));
#13220 = PCURVE('',#12805,#13221);
#13221 = DEFINITIONAL_REPRESENTATION('',(#13222),#13226);
#13222 = LINE('',#13223,#13224);
#13223 = CARTESIAN_POINT('',(0.,0.));
#13224 = VECTOR('',#13225,1.);
#13225 = DIRECTION('',(0.,1.));
#13226 = ( GEOMETRIC_REPRESENTATION_CONTEXT(2) 
PARAMETRIC_REPRESENTATION_CONTEXT() REPRESENTATION_CONTEXT('2D SPACE',''
  ) );
#13227 = PCURVE('',#12833,#13228);
#13228 = DEFINITIONAL_REPRESENTATION('',(#13229),#13233);
#13229 = LINE('',#13230,#13231);
#13230 = CARTESIAN_POINT('',(-33.35,-0.));
#13231 = VECTOR('',#13232,1.);
#13232 = DIRECTION('',(-0.,-1.));
#13233 = ( GEOMETRIC_REPRESENTATION_CONTEXT(2) 
PARAMETRIC_REPRESENTATION_CONTEXT() REPRESENTATION_CONTEXT('2D SPACE',''
  ) );
#13234 = ORIENTED_EDGE('',*,*,#13134,.T.);
#13235 = ORIENTED_EDGE('',*,*,#13188,.T.);
#13236 = ORIENTED_EDGE('',*,*,#12788,.T.);
#13237 = ADVANCED_FACE('',(#13238),#12833,.T.);
#13238 = FACE_BOUND('',#13239,.F.);
#13239 = EDGE_LOOP('',(#13240,#13241,#13262,#13263));
#13240 = ORIENTED_EDGE('',*,*,#13111,.F.);
#13241 = ORIENTED_EDGE('',*,*,#13242,.T.);
#13242 = EDGE_CURVE('',#13084,#12818,#13243,.T.);
#13243 = SURFACE_CURVE('',#13244,(#13248,#13255),.PCURVE_S1.);
#13244 = LINE('',#13245,#13246);
#13245 = CARTESIAN_POINT('',(-16.05,29.5,155.4));
#13246 = VECTOR('',#13247,1.);
#13247 = DIRECTION('',(-0.,1.,-0.));
#13248 = PCURVE('',#12833,#13249);
#13249 = DEFINITIONAL_REPRESENTATION('',(#13250),#13254);
#13250 = LINE('',#13251,#13252);
#13251 = CARTESIAN_POINT('',(-1.25,-0.));
#13252 = VECTOR('',#13253,1.);
#13253 = DIRECTION('',(-0.,-1.));
#13254 = ( GEOMETRIC_REPRESENTATION_CONTEXT(2) 
PARAMETRIC_REPRESENTATION_CONTEXT() REPRESENTATION_CONTEXT('2D SPACE',''
  ) );
#13255 = PCURVE('',#12862,#13256);
#13256 = DEFINITIONAL_REPRESENTATION('',(#13257),#13261);
#13257 = LINE('',#13258,#13259);
#13258 = CARTESIAN_POINT('',(1.570796326795,0.));
#13259 = VECTOR('',#13260,1.);
#13260 = DIRECTION('',(0.,1.));
#13261 = ( GEOMETRIC_REPRESENTATION_CONTEXT(2) 
PARAMETRIC_REPRESENTATION_CONTEXT() REPRESENTATION_CONTEXT('2D SPACE',''
  ) );
#13262 = ORIENTED_EDGE('',*,*,#12817,.T.);
#13263 = ORIENTED_EDGE('',*,*,#13214,.F.);
#13264 = ADVANCED_FACE('',(#13265),#12862,.T.);
#13265 = FACE_BOUND('',#13266,.T.);
#13266 = EDGE_LOOP('',(#13267,#13288,#13289,#13290));
#13267 = ORIENTED_EDGE('',*,*,#13268,.F.);
#13268 = EDGE_CURVE('',#13061,#12846,#13269,.T.);
#13269 = SURFACE_CURVE('',#13270,(#13274,#13281),.PCURVE_S1.);
#13270 = LINE('',#13271,#13272);
#13271 = CARTESIAN_POINT('',(-17.3,29.5,154.15));
#13272 = VECTOR('',#13273,1.);
#13273 = DIRECTION('',(-0.,1.,-0.));
#13274 = PCURVE('',#12862,#13275);
#13275 = DEFINITIONAL_REPRESENTATION('',(#13276),#13280);
#13276 = LINE('',#13277,#13278);
#13277 = CARTESIAN_POINT('',(0.,0.));
#13278 = VECTOR('',#13279,1.);
#13279 = DIRECTION('',(0.,1.));
#13280 = ( GEOMETRIC_REPRESENTATION_CONTEXT(2) 
PARAMETRIC_REPRESENTATION_CONTEXT() REPRESENTATION_CONTEXT('2D SPACE',''
  ) );
#13281 = PCURVE('',#12890,#13282);
#13282 = DEFINITIONAL_REPRESENTATION('',(#13283),#13287);
#13283 = LINE('',#13284,#13285);
#13284 = CARTESIAN_POINT('',(-7.55,-0.));
#13285 = VECTOR('',#13286,1.);
#13286 = DIRECTION('',(-0.,-1.));
#13287 = ( GEOMETRIC_REPRESENTATION_CONTEXT(2) 
PARAMETRIC_REPRESENTATION_CONTEXT() REPRESENTATION_CONTEXT('2D SPACE',''
  ) );
#13288 = ORIENTED_EDGE('',*,*,#13083,.T.);
#13289 = ORIENTED_EDGE('',*,*,#13242,.T.);
#13290 = ORIENTED_EDGE('',*,*,#12845,.T.);
#13291 = ADVANCED_FACE('',(#13292),#12890,.T.);
#13292 = FACE_BOUND('',#13293,.F.);
#13293 = EDGE_LOOP('',(#13294,#13295,#13316,#13317));
#13294 = ORIENTED_EDGE('',*,*,#13060,.F.);
#13295 = ORIENTED_EDGE('',*,*,#13296,.T.);
#13296 = EDGE_CURVE('',#13033,#12875,#13297,.T.);
#13297 = SURFACE_CURVE('',#13298,(#13302,#13309),.PCURVE_S1.);
#13298 = LINE('',#13299,#13300);
#13299 = CARTESIAN_POINT('',(-17.3,29.5,147.85));
#13300 = VECTOR('',#13301,1.);
#13301 = DIRECTION('',(-0.,1.,-0.));
#13302 = PCURVE('',#12890,#13303);
#13303 = DEFINITIONAL_REPRESENTATION('',(#13304),#13308);
#13304 = LINE('',#13305,#13306);
#13305 = CARTESIAN_POINT('',(-1.25,-0.));
#13306 = VECTOR('',#13307,1.);
#13307 = DIRECTION('',(-0.,-1.));
#13308 = ( GEOMETRIC_REPRESENTATION_CONTEXT(2) 
PARAMETRIC_REPRESENTATION_CONTEXT() REPRESENTATION_CONTEXT('2D SPACE',''
  ) );
#13309 = PCURVE('',#12917,#13310);
#13310 = DEFINITIONAL_REPRESENTATION('',(#13311),#13315);
#13311 = LINE('',#13312,#13313);
#13312 = CARTESIAN_POINT('',(1.570796326795,0.));
#13313 = VECTOR('',#13314,1.);
#13314 = DIRECTION('',(0.,1.));
#13315 = ( GEOMETRIC_REPRESENTATION_CONTEXT(2) 
PARAMETRIC_REPRESENTATION_CONTEXT() REPRESENTATION_CONTEXT('2D SPACE',''
  ) );
#13316 = ORIENTED_EDGE('',*,*,#12874,.T.);
#13317 = ORIENTED_EDGE('',*,*,#13268,.F.);
#13318 = ADVANCED_FACE('',(#13319),#12917,.T.);
#13319 = FACE_BOUND('',#13320,.T.);
#13320 = EDGE_LOOP('',(#13321,#13342,#13343,#13344));
#13321 = ORIENTED_EDGE('',*,*,#13322,.F.);
#13322 = EDGE_CURVE('',#13010,#12704,#13323,.T.);
#13323 = SURFACE_CURVE('',#13324,(#13328,#13335),.PCURVE_S1.);
#13324 = LINE('',#13325,#13326);
#13325 = CARTESIAN_POINT('',(-16.05,29.5,146.6));
#13326 = VECTOR('',#13327,1.);
#13327 = DIRECTION('',(-0.,1.,-0.));
#13328 = PCURVE('',#12917,#13329);
#13329 = DEFINITIONAL_REPRESENTATION('',(#13330),#13334);
#13330 = LINE('',#13331,#13332);
#13331 = CARTESIAN_POINT('',(0.,0.));
#13332 = VECTOR('',#13333,1.);
#13333 = DIRECTION('',(0.,1.));
#13334 = ( GEOMETRIC_REPRESENTATION_CONTEXT(2) 
PARAMETRIC_REPRESENTATION_CONTEXT() REPRESENTATION_CONTEXT('2D SPACE',''
  ) );
#13335 = PCURVE('',#12719,#13336);
#13336 = DEFINITIONAL_REPRESENTATION('',(#13337),#13341);
#13337 = LINE('',#13338,#13339);
#13338 = CARTESIAN_POINT('',(-33.35,0.));
#13339 = VECTOR('',#13340,1.);
#13340 = DIRECTION('',(-0.,-1.));
#13341 = ( GEOMETRIC_REPRESENTATION_CONTEXT(2) 
PARAMETRIC_REPRESENTATION_CONTEXT() REPRESENTATION_CONTEXT('2D SPACE',''
  ) );
#13342 = ORIENTED_EDGE('',*,*,#13032,.T.);
#13343 = ORIENTED_EDGE('',*,*,#13296,.T.);
#13344 = ORIENTED_EDGE('',*,*,#12902,.T.);
#13345 = ADVANCED_FACE('',(#13346),#12719,.T.);
#13346 = FACE_BOUND('',#13347,.F.);
#13347 = EDGE_LOOP('',(#13348,#13349,#13350,#13351));
#13348 = ORIENTED_EDGE('',*,*,#13009,.F.);
#13349 = ORIENTED_EDGE('',*,*,#12932,.T.);
#13350 = ORIENTED_EDGE('',*,*,#12701,.T.);
#13351 = ORIENTED_EDGE('',*,*,#13322,.F.);
#13352 = ADVANCED_FACE('',(#13353),#105,.T.);
#13353 = FACE_BOUND('',#13354,.F.);
#13354 = EDGE_LOOP('',(#13355,#13376,#13377,#13378));
#13355 = ORIENTED_EDGE('',*,*,#13356,.F.);
#13356 = EDGE_CURVE('',#85,#10282,#13357,.T.);
#13357 = SURFACE_CURVE('',#13358,(#13362,#13369),.PCURVE_S1.);
#13358 = LINE('',#13359,#13360);
#13359 = CARTESIAN_POINT('',(16.45,16.,23.));
#13360 = VECTOR('',#13361,1.);
#13361 = DIRECTION('',(-0.,1.,-0.));
#13362 = PCURVE('',#105,#13363);
#13363 = DEFINITIONAL_REPRESENTATION('',(#13364),#13368);
#13364 = LINE('',#13365,#13366);
#13365 = CARTESIAN_POINT('',(-0.,0.));
#13366 = VECTOR('',#13367,1.);
#13367 = DIRECTION('',(-0.,1.));
#13368 = ( GEOMETRIC_REPRESENTATION_CONTEXT(2) 
PARAMETRIC_REPRESENTATION_CONTEXT() REPRESENTATION_CONTEXT('2D SPACE',''
  ) );
#13369 = PCURVE('',#139,#13370);
#13370 = DEFINITIONAL_REPRESENTATION('',(#13371),#13375);
#13371 = LINE('',#13372,#13373);
#13372 = CARTESIAN_POINT('',(-3.8,0.));
#13373 = VECTOR('',#13374,1.);
#13374 = DIRECTION('',(-0.,-1.));
#13375 = ( GEOMETRIC_REPRESENTATION_CONTEXT(2) 
PARAMETRIC_REPRESENTATION_CONTEXT() REPRESENTATION_CONTEXT('2D SPACE',''
  ) );
#13376 = ORIENTED_EDGE('',*,*,#84,.F.);
#13377 = ORIENTED_EDGE('',*,*,#460,.T.);
#13378 = ORIENTED_EDGE('',*,*,#10281,.T.);
#13379 = ADVANCED_FACE('',(#13380),#139,.T.);
#13380 = FACE_BOUND('',#13381,.F.);
#13381 = EDGE_LOOP('',(#13382,#13383,#13384,#13385));
#13382 = ORIENTED_EDGE('',*,*,#123,.F.);
#13383 = ORIENTED_EDGE('',*,*,#13356,.T.);
#13384 = ORIENTED_EDGE('',*,*,#10315,.T.);
#13385 = ORIENTED_EDGE('',*,*,#13386,.F.);
#13386 = EDGE_CURVE('',#124,#10316,#13387,.T.);
#13387 = SURFACE_CURVE('',#13388,(#13392,#13399),.PCURVE_S1.);
#13388 = LINE('',#13389,#13390);
#13389 = CARTESIAN_POINT('',(-16.45,16.,23.));
#13390 = VECTOR('',#13391,1.);
#13391 = DIRECTION('',(-0.,1.,-0.));
#13392 = PCURVE('',#139,#13393);
#13393 = DEFINITIONAL_REPRESENTATION('',(#13394),#13398);
#13394 = LINE('',#13395,#13396);
#13395 = CARTESIAN_POINT('',(-36.7,0.));
#13396 = VECTOR('',#13397,1.);
#13397 = DIRECTION('',(-0.,-1.));
#13398 = ( GEOMETRIC_REPRESENTATION_CONTEXT(2) 
PARAMETRIC_REPRESENTATION_CONTEXT() REPRESENTATION_CONTEXT('2D SPACE',''
  ) );
#13399 = PCURVE('',#172,#13400);
#13400 = DEFINITIONAL_REPRESENTATION('',(#13401),#13405);
#13401 = LINE('',#13402,#13403);
#13402 = CARTESIAN_POINT('',(0.,0.));
#13403 = VECTOR('',#13404,1.);
#13404 = DIRECTION('',(0.,1.));
#13405 = ( GEOMETRIC_REPRESENTATION_CONTEXT(2) 
PARAMETRIC_REPRESENTATION_CONTEXT() REPRESENTATION_CONTEXT('2D SPACE',''
  ) );
#13406 = ADVANCED_FACE('',(#13407),#172,.T.);
#13407 = FACE_BOUND('',#13408,.T.);
#13408 = EDGE_LOOP('',(#13409,#13410,#13411,#13432));
#13409 = ORIENTED_EDGE('',*,*,#13386,.F.);
#13410 = ORIENTED_EDGE('',*,*,#151,.T.);
#13411 = ORIENTED_EDGE('',*,*,#13412,.T.);
#13412 = EDGE_CURVE('',#152,#10339,#13413,.T.);
#13413 = SURFACE_CURVE('',#13414,(#13418,#13425),.PCURVE_S1.);
#13414 = LINE('',#13415,#13416);
#13415 = CARTESIAN_POINT('',(-20.25,16.,26.8));
#13416 = VECTOR('',#13417,1.);
#13417 = DIRECTION('',(-0.,1.,-0.));
#13418 = PCURVE('',#172,#13419);
#13419 = DEFINITIONAL_REPRESENTATION('',(#13420),#13424);
#13420 = LINE('',#13421,#13422);
#13421 = CARTESIAN_POINT('',(1.570796326795,0.));
#13422 = VECTOR('',#13423,1.);
#13423 = DIRECTION('',(0.,1.));
#13424 = ( GEOMETRIC_REPRESENTATION_CONTEXT(2) 
PARAMETRIC_REPRESENTATION_CONTEXT() REPRESENTATION_CONTEXT('2D SPACE',''
  ) );
#13425 = PCURVE('',#204,#13426);
#13426 = DEFINITIONAL_REPRESENTATION('',(#13427),#13431);
#13427 = LINE('',#13428,#13429);
#13428 = CARTESIAN_POINT('',(-3.8,-0.));
#13429 = VECTOR('',#13430,1.);
#13430 = DIRECTION('',(-0.,-1.));
#13431 = ( GEOMETRIC_REPRESENTATION_CONTEXT(2) 
PARAMETRIC_REPRESENTATION_CONTEXT() REPRESENTATION_CONTEXT('2D SPACE',''
  ) );
#13432 = ORIENTED_EDGE('',*,*,#10338,.F.);
#13433 = ADVANCED_FACE('',(#13434),#204,.T.);
#13434 = FACE_BOUND('',#13435,.F.);
#13435 = EDGE_LOOP('',(#13436,#13437,#13438,#13439,#13440,#13441,#13442,
    #13443,#13444,#13445,#13446,#13447,#13448,#13449));
#13436 = ORIENTED_EDGE('',*,*,#190,.F.);
#13437 = ORIENTED_EDGE('',*,*,#13412,.T.);
#13438 = ORIENTED_EDGE('',*,*,#10372,.T.);
#13439 = ORIENTED_EDGE('',*,*,#10253,.T.);
#13440 = ORIENTED_EDGE('',*,*,#10199,.T.);
#13441 = ORIENTED_EDGE('',*,*,#9903,.T.);
#13442 = ORIENTED_EDGE('',*,*,#9981,.F.);
#13443 = ORIENTED_EDGE('',*,*,#1027,.T.);
#13444 = ORIENTED_EDGE('',*,*,#759,.F.);
#13445 = ORIENTED_EDGE('',*,*,#12676,.F.);
#13446 = ORIENTED_EDGE('',*,*,#9246,.T.);
#13447 = ORIENTED_EDGE('',*,*,#9173,.F.);
#13448 = ORIENTED_EDGE('',*,*,#12583,.F.);
#13449 = ORIENTED_EDGE('',*,*,#13450,.F.);
#13450 = EDGE_CURVE('',#24,#12561,#13451,.T.);
#13451 = SURFACE_CURVE('',#13452,(#13457,#13464),.PCURVE_S1.);
#13452 = CIRCLE('',#13453,15.879765304335);
#13453 = AXIS2_PLACEMENT_3D('',#13454,#13455,#13456);
#13454 = CARTESIAN_POINT('',(-20.25,40.679765304335,49.));
#13455 = DIRECTION('',(-1.,0.,-0.));
#13456 = DIRECTION('',(0.,-0.887216801235,-0.461352736642));
#13457 = PCURVE('',#204,#13458);
#13458 = DEFINITIONAL_REPRESENTATION('',(#13459),#13463);
#13459 = CIRCLE('',#13460,15.879765304335);
#13460 = AXIS2_PLACEMENT_2D('',#13461,#13462);
#13461 = CARTESIAN_POINT('',(-26.,-24.67976530433));
#13462 = DIRECTION('',(0.461352736642,0.887216801235));
#13463 = ( GEOMETRIC_REPRESENTATION_CONTEXT(2) 
PARAMETRIC_REPRESENTATION_CONTEXT() REPRESENTATION_CONTEXT('2D SPACE',''
  ) );
#13464 = PCURVE('',#44,#13465);
#13465 = DEFINITIONAL_REPRESENTATION('',(#13466),#13470);
#13466 = LINE('',#13467,#13468);
#13467 = CARTESIAN_POINT('',(-1.036778536477E-17,-50.25));
#13468 = VECTOR('',#13469,1.);
#13469 = DIRECTION('',(-1.,0.));
#13470 = ( GEOMETRIC_REPRESENTATION_CONTEXT(2) 
PARAMETRIC_REPRESENTATION_CONTEXT() REPRESENTATION_CONTEXT('2D SPACE',''
  ) );
#13471 = ADVANCED_FACE('',(#13472),#44,.T.);
#13472 = FACE_BOUND('',#13473,.F.);
#13473 = EDGE_LOOP('',(#13474,#13475,#13476,#13477));
#13474 = ORIENTED_EDGE('',*,*,#482,.F.);
#13475 = ORIENTED_EDGE('',*,*,#21,.T.);
#13476 = ORIENTED_EDGE('',*,*,#13450,.T.);
#13477 = ORIENTED_EDGE('',*,*,#12560,.F.);
#13478 = ( GEOMETRIC_REPRESENTATION_CONTEXT(3) 
GLOBAL_UNCERTAINTY_ASSIGNED_CONTEXT((#13482)) 
GLOBAL_UNIT_ASSIGNED_CONTEXT((#13479,#13480,#13481)) 
REPRESENTATION_CONTEXT('Context #1',
  '3D Context with UNIT and UNCERTAINTY') );
#13479 = ( LENGTH_UNIT() NAMED_UNIT(*) SI_UNIT(.MILLI.,.METRE.) );
#13480 = ( NAMED_UNIT(*) PLANE_ANGLE_UNIT() SI_UNIT($,.RADIAN.) );
#13481 = ( NAMED_UNIT(*) SI_UNIT($,.STERADIAN.) SOLID_ANGLE_UNIT() );
#13482 = UNCERTAINTY_MEASURE_WITH_UNIT(LENGTH_MEASURE(1.E-06),#13479,
  'distance_accuracy_value','confusion accuracy');
#13483 = PRODUCT_RELATED_PRODUCT_CATEGORY('part',$,(#7));
ENDSEC;
END-ISO-10303-21;
