ISO-10303-21;
HEADER;
FILE_DESCRIPTION(('Open CASCADE Model'),'2;1');
FILE_NAME('Open CASCADE Shape Model','2026-09-05T11:48:16',('Author'),(
    'Open CASCADE'),'Open CASCADE STEP processor 7.9','Open CASCADE 7.9'
  ,'Unknown');
FILE_SCHEMA(('AUTOMOTIVE_DESIGN { 1 0 10303 214 1 1 1 1 }'));
ENDSEC;
DATA;
#1 = APPLICATION_PROTOCOL_DEFINITION('international standard',
  'automotive_design',2000,#2);
#2 = APPLICATION_CONTEXT(
  'core data for automotive mechanical design processes');
#3 = SHAPE_DEFINITION_REPRESENTATION(#4,#10);
#4 = PRODUCT_DEFINITION_SHAPE('','',#5);
#5 = PRODUCT_DEFINITION('design','',#6,#9);
#6 = PRODUCT_DEFINITION_FORMATION('','',#7);
#7 = PRODUCT('Open CASCADE STEP translator 7.9 1',
  'Open CASCADE STEP translator 7.9 1','',(#8));
#8 = PRODUCT_CONTEXT('',#2,'mechanical');
#9 = PRODUCT_DEFINITION_CONTEXT('part definition',#2,'design');
#10 = ADVANCED_BREP_SHAPE_REPRESENTATION('',(#11,#15),#18758);
#11 = AXIS2_PLACEMENT_3D('',#12,#13,#14);
#12 = CARTESIAN_POINT('',(0.,0.,0.));
#13 = DIRECTION('',(0.,0.,1.));
#14 = DIRECTION('',(1.,0.,-0.));
#15 = MANIFOLD_SOLID_BREP('',#16);
#16 = CLOSED_SHELL('',(#17,#307,#412,#488,#1279,#1328,#1378,#1427,#1477,
    #1526,#2200,#2249,#2312,#3465,#3501,#3550,#3632,#3686,#3818,#3868,
    #3922,#3949,#4003,#4275,#4324,#4560,#4588,#4647,#4723,#4828,#4928,
    #4955,#5031,#5248,#5450,#5477,#5553,#5770,#5972,#5999,#6058,#6107,
    #6135,#6162,#6325,#6374,#6402,#6461,#6537,#6642,#6742,#6769,#6845,
    #7062,#7264,#7291,#7367,#7584,#7786,#7813,#7872,#7900,#7928,#7956,
    #7984,#7991,#8050,#8126,#8176,#8230,#8279,#8328,#8382,#8436,#8463,
    #8539,#8589,#8643,#8692,#8741,#8795,#8849,#8876,#8952,#9002,#9056,
    #9105,#9154,#9208,#9262,#9289,#9365,#9415,#9469,#9518,#9567,#9621,
    #9675,#9702,#9761,#10570,#10577,#10638,#10665,#10692,#10699,#10703,
    #10735,#10816,#10843,#10919,#10951,#11032,#11084,#11165,#11217,
    #11298,#11325,#11401,#11477,#11553,#11585,#11666,#11718,#11799,
    #11851,#11932,#11959,#12035,#12111,#12187,#12191,#12195,#12227,
    #12308,#12335,#12411,#12443,#12524,#12576,#12657,#12709,#12790,
    #12817,#12893,#12969,#13045,#13077,#13158,#13210,#13291,#13343,
    #13424,#13451,#13527,#13603,#13679,#13683,#13687,#13698,#13709,
    #13720,#13731,#13735,#13811,#13860,#13909,#13936,#14012,#14061,
    #14110,#14137,#14213,#14262,#14311,#14338,#14414,#14463,#14512,
    #14539,#14615,#14664,#14713,#14740,#14994,#15043,#15240,#15267,
    #15343,#15392,#15441,#15468,#15525,#15572,#15579,#15657,#15706,
    #15757,#15784,#15862,#15911,#15962,#16040,#16089,#16140,#16218,
    #16267,#16318,#16345,#16372,#16399,#16477,#16526,#16577,#16655,
    #16704,#16755,#16833,#16882,#16933,#16960,#16987,#17014,#17092,
    #17141,#17192,#17219,#17297,#17346,#17397,#17475,#17524,#17575,
    #17653,#17702,#17753,#17780,#17807,#17834,#17912,#17961,#18012,
    #18090,#18139,#18190,#18268,#18317,#18368,#18395,#18422,#18449,
    #18456,#18463,#18470,#18477,#18484,#18511,#18538,#18565,#18592,
    #18619,#18646,#18653,#18660,#18667,#18674,#18681,#18688,#18695,
    #18702,#18709,#18716,#18723,#18730,#18737,#18744,#18751));
#17 = ADVANCED_FACE('',(#18),#32,.T.);
#18 = FACE_BOUND('',#19,.F.);
#19 = EDGE_LOOP('',(#20,#55,#83,#111,#139,#168,#196,#225,#253,#281));
#20 = ORIENTED_EDGE('',*,*,#21,.F.);
#21 = EDGE_CURVE('',#22,#24,#26,.T.);
#22 = VERTEX_POINT('',#23);
#23 = CARTESIAN_POINT('',(22.5,0.65,-1.110223024625E-16));
#24 = VERTEX_POINT('',#25);
#25 = CARTESIAN_POINT('',(-22.5,0.65,-1.110223024625E-16));
#26 = SURFACE_CURVE('',#27,(#31,#43),.PCURVE_S1.);
#27 = LINE('',#28,#29);
#28 = CARTESIAN_POINT('',(22.5,0.65,-1.110223024625E-16));
#29 = VECTOR('',#30,1.);
#30 = DIRECTION('',(-1.,-0.,-0.));
#31 = PCURVE('',#32,#37);
#32 = PLANE('',#33);
#33 = AXIS2_PLACEMENT_3D('',#34,#35,#36);
#34 = CARTESIAN_POINT('',(22.5,0.,0.));
#35 = DIRECTION('',(-0.,-0.,-1.));
#36 = DIRECTION('',(1.,0.,0.));
#37 = DEFINITIONAL_REPRESENTATION('',(#38),#42);
#38 = LINE('',#39,#40);
#39 = CARTESIAN_POINT('',(-0.,-0.65));
#40 = VECTOR('',#41,1.);
#41 = DIRECTION('',(-1.,0.));
#42 = ( GEOMETRIC_REPRESENTATION_CONTEXT(2) 
PARAMETRIC_REPRESENTATION_CONTEXT() REPRESENTATION_CONTEXT('2D SPACE',''
  ) );
#43 = PCURVE('',#44,#49);
#44 = CYLINDRICAL_SURFACE('',#45,0.65);
#45 = AXIS2_PLACEMENT_3D('',#46,#47,#48);
#46 = CARTESIAN_POINT('',(22.5,0.65,0.65));
#47 = DIRECTION('',(-1.,-0.,-0.));
#48 = DIRECTION('',(-0.,-0.,-1.));
#49 = DEFINITIONAL_REPRESENTATION('',(#50),#54);
#50 = LINE('',#51,#52);
#51 = CARTESIAN_POINT('',(0.,0.));
#52 = VECTOR('',#53,1.);
#53 = DIRECTION('',(0.,1.));
#54 = ( GEOMETRIC_REPRESENTATION_CONTEXT(2) 
PARAMETRIC_REPRESENTATION_CONTEXT() REPRESENTATION_CONTEXT('2D SPACE',''
  ) );
#55 = ORIENTED_EDGE('',*,*,#56,.T.);
#56 = EDGE_CURVE('',#22,#57,#59,.T.);
#57 = VERTEX_POINT('',#58);
#58 = CARTESIAN_POINT('',(22.5,17.5,0.));
#59 = SURFACE_CURVE('',#60,(#64,#71),.PCURVE_S1.);
#60 = LINE('',#61,#62);
#61 = CARTESIAN_POINT('',(22.5,0.,0.));
#62 = VECTOR('',#63,1.);
#63 = DIRECTION('',(-0.,1.,-0.));
#64 = PCURVE('',#32,#65);
#65 = DEFINITIONAL_REPRESENTATION('',(#66),#70);
#66 = LINE('',#67,#68);
#67 = CARTESIAN_POINT('',(-0.,-0.));
#68 = VECTOR('',#69,1.);
#69 = DIRECTION('',(-0.,-1.));
#70 = ( GEOMETRIC_REPRESENTATION_CONTEXT(2) 
PARAMETRIC_REPRESENTATION_CONTEXT() REPRESENTATION_CONTEXT('2D SPACE',''
  ) );
#71 = PCURVE('',#72,#77);
#72 = PLANE('',#73);
#73 = AXIS2_PLACEMENT_3D('',#74,#75,#76);
#74 = CARTESIAN_POINT('',(24.,0.,1.5));
#75 = DIRECTION('',(0.707106781187,-0.,-0.707106781187));
#76 = DIRECTION('',(0.707106781187,0.,0.707106781187));
#77 = DEFINITIONAL_REPRESENTATION('',(#78),#82);
#78 = LINE('',#79,#80);
#79 = CARTESIAN_POINT('',(-2.12132034356,0.));
#80 = VECTOR('',#81,1.);
#81 = DIRECTION('',(-0.,-1.));
#82 = ( GEOMETRIC_REPRESENTATION_CONTEXT(2) 
PARAMETRIC_REPRESENTATION_CONTEXT() REPRESENTATION_CONTEXT('2D SPACE',''
  ) );
#83 = ORIENTED_EDGE('',*,*,#84,.T.);
#84 = EDGE_CURVE('',#57,#85,#87,.T.);
#85 = VERTEX_POINT('',#86);
#86 = CARTESIAN_POINT('',(7.,17.5,0.));
#87 = SURFACE_CURVE('',#88,(#92,#99),.PCURVE_S1.);
#88 = LINE('',#89,#90);
#89 = CARTESIAN_POINT('',(22.5,17.5,0.));
#90 = VECTOR('',#91,1.);
#91 = DIRECTION('',(-1.,-0.,-0.));
#92 = PCURVE('',#32,#93);
#93 = DEFINITIONAL_REPRESENTATION('',(#94),#98);
#94 = LINE('',#95,#96);
#95 = CARTESIAN_POINT('',(-0.,-17.5));
#96 = VECTOR('',#97,1.);
#97 = DIRECTION('',(-1.,0.));
#98 = ( GEOMETRIC_REPRESENTATION_CONTEXT(2) 
PARAMETRIC_REPRESENTATION_CONTEXT() REPRESENTATION_CONTEXT('2D SPACE',''
  ) );
#99 = PCURVE('',#100,#105);
#100 = PLANE('',#101);
#101 = AXIS2_PLACEMENT_3D('',#102,#103,#104);
#102 = CARTESIAN_POINT('',(1.29651123409E-15,17.5,80.460546155165));
#103 = DIRECTION('',(0.,-1.,-0.));
#104 = DIRECTION('',(0.,0.,1.));
#105 = DEFINITIONAL_REPRESENTATION('',(#106),#110);
#106 = LINE('',#107,#108);
#107 = CARTESIAN_POINT('',(-80.46054615516,-22.5));
#108 = VECTOR('',#109,1.);
#109 = DIRECTION('',(-0.,1.));
#110 = ( GEOMETRIC_REPRESENTATION_CONTEXT(2) 
PARAMETRIC_REPRESENTATION_CONTEXT() REPRESENTATION_CONTEXT('2D SPACE',''
  ) );
#111 = ORIENTED_EDGE('',*,*,#112,.F.);
#112 = EDGE_CURVE('',#113,#85,#115,.T.);
#113 = VERTEX_POINT('',#114);
#114 = CARTESIAN_POINT('',(7.,15.6,0.));
#115 = SURFACE_CURVE('',#116,(#120,#127),.PCURVE_S1.);
#116 = LINE('',#117,#118);
#117 = CARTESIAN_POINT('',(7.,7.,0.));
#118 = VECTOR('',#119,1.);
#119 = DIRECTION('',(-0.,1.,-0.));
#120 = PCURVE('',#32,#121);
#121 = DEFINITIONAL_REPRESENTATION('',(#122),#126);
#122 = LINE('',#123,#124);
#123 = CARTESIAN_POINT('',(-15.5,-7.));
#124 = VECTOR('',#125,1.);
#125 = DIRECTION('',(-0.,-1.));
#126 = ( GEOMETRIC_REPRESENTATION_CONTEXT(2) 
PARAMETRIC_REPRESENTATION_CONTEXT() REPRESENTATION_CONTEXT('2D SPACE',''
  ) );
#127 = PCURVE('',#128,#133);
#128 = PLANE('',#129);
#129 = AXIS2_PLACEMENT_3D('',#130,#131,#132);
#130 = CARTESIAN_POINT('',(7.,14.,10.));
#131 = DIRECTION('',(1.,-0.,-0.));
#132 = DIRECTION('',(0.,0.,1.));
#133 = DEFINITIONAL_REPRESENTATION('',(#134),#138);
#134 = LINE('',#135,#136);
#135 = CARTESIAN_POINT('',(-10.,7.));
#136 = VECTOR('',#137,1.);
#137 = DIRECTION('',(-0.,-1.));
#138 = ( GEOMETRIC_REPRESENTATION_CONTEXT(2) 
PARAMETRIC_REPRESENTATION_CONTEXT() REPRESENTATION_CONTEXT('2D SPACE',''
  ) );
#139 = ORIENTED_EDGE('',*,*,#140,.T.);
#140 = EDGE_CURVE('',#113,#141,#143,.T.);
#141 = VERTEX_POINT('',#142);
#142 = CARTESIAN_POINT('',(5.4,14.,0.));
#143 = SURFACE_CURVE('',#144,(#149,#156),.PCURVE_S1.);
#144 = CIRCLE('',#145,1.6);
#145 = AXIS2_PLACEMENT_3D('',#146,#147,#148);
#146 = CARTESIAN_POINT('',(5.4,15.6,0.));
#147 = DIRECTION('',(0.,0.,-1.));
#148 = DIRECTION('',(-0.,-1.,-0.));
#149 = PCURVE('',#32,#150);
#150 = DEFINITIONAL_REPRESENTATION('',(#151),#155);
#151 = CIRCLE('',#152,1.6);
#152 = AXIS2_PLACEMENT_2D('',#153,#154);
#153 = CARTESIAN_POINT('',(-17.1,-15.6));
#154 = DIRECTION('',(-0.,1.));
#155 = ( GEOMETRIC_REPRESENTATION_CONTEXT(2) 
PARAMETRIC_REPRESENTATION_CONTEXT() REPRESENTATION_CONTEXT('2D SPACE',''
  ) );
#156 = PCURVE('',#157,#162);
#157 = CYLINDRICAL_SURFACE('',#158,1.6);
#158 = AXIS2_PLACEMENT_3D('',#159,#160,#161);
#159 = CARTESIAN_POINT('',(5.4,15.6,-1.));
#160 = DIRECTION('',(-0.,-0.,1.));
#161 = DIRECTION('',(-0.,-1.,-0.));
#162 = DEFINITIONAL_REPRESENTATION('',(#163),#167);
#163 = LINE('',#164,#165);
#164 = CARTESIAN_POINT('',(6.28318530718,1.));
#165 = VECTOR('',#166,1.);
#166 = DIRECTION('',(-1.,0.));
#167 = ( GEOMETRIC_REPRESENTATION_CONTEXT(2) 
PARAMETRIC_REPRESENTATION_CONTEXT() REPRESENTATION_CONTEXT('2D SPACE',''
  ) );
#168 = ORIENTED_EDGE('',*,*,#169,.F.);
#169 = EDGE_CURVE('',#170,#141,#172,.T.);
#170 = VERTEX_POINT('',#171);
#171 = CARTESIAN_POINT('',(-5.4,14.,0.));
#172 = SURFACE_CURVE('',#173,(#177,#184),.PCURVE_S1.);
#173 = LINE('',#174,#175);
#174 = CARTESIAN_POINT('',(11.25,14.,0.));
#175 = VECTOR('',#176,1.);
#176 = DIRECTION('',(1.,-0.,-0.));
#177 = PCURVE('',#32,#178);
#178 = DEFINITIONAL_REPRESENTATION('',(#179),#183);
#179 = LINE('',#180,#181);
#180 = CARTESIAN_POINT('',(-11.25,-14.));
#181 = VECTOR('',#182,1.);
#182 = DIRECTION('',(1.,-0.));
#183 = ( GEOMETRIC_REPRESENTATION_CONTEXT(2) 
PARAMETRIC_REPRESENTATION_CONTEXT() REPRESENTATION_CONTEXT('2D SPACE',''
  ) );
#184 = PCURVE('',#185,#190);
#185 = PLANE('',#186);
#186 = AXIS2_PLACEMENT_3D('',#187,#188,#189);
#187 = CARTESIAN_POINT('',(0.,14.,0.));
#188 = DIRECTION('',(0.,-1.,-0.));
#189 = DIRECTION('',(0.,0.,1.));
#190 = DEFINITIONAL_REPRESENTATION('',(#191),#195);
#191 = LINE('',#192,#193);
#192 = CARTESIAN_POINT('',(-0.,-11.25));
#193 = VECTOR('',#194,1.);
#194 = DIRECTION('',(-0.,-1.));
#195 = ( GEOMETRIC_REPRESENTATION_CONTEXT(2) 
PARAMETRIC_REPRESENTATION_CONTEXT() REPRESENTATION_CONTEXT('2D SPACE',''
  ) );
#196 = ORIENTED_EDGE('',*,*,#197,.T.);
#197 = EDGE_CURVE('',#170,#198,#200,.T.);
#198 = VERTEX_POINT('',#199);
#199 = CARTESIAN_POINT('',(-7.,15.6,0.));
#200 = SURFACE_CURVE('',#201,(#206,#213),.PCURVE_S1.);
#201 = CIRCLE('',#202,1.6);
#202 = AXIS2_PLACEMENT_3D('',#203,#204,#205);
#203 = CARTESIAN_POINT('',(-5.4,15.6,0.));
#204 = DIRECTION('',(0.,0.,-1.));
#205 = DIRECTION('',(-0.,-1.,-0.));
#206 = PCURVE('',#32,#207);
#207 = DEFINITIONAL_REPRESENTATION('',(#208),#212);
#208 = CIRCLE('',#209,1.6);
#209 = AXIS2_PLACEMENT_2D('',#210,#211);
#210 = CARTESIAN_POINT('',(-27.9,-15.6));
#211 = DIRECTION('',(-0.,1.));
#212 = ( GEOMETRIC_REPRESENTATION_CONTEXT(2) 
PARAMETRIC_REPRESENTATION_CONTEXT() REPRESENTATION_CONTEXT('2D SPACE',''
  ) );
#213 = PCURVE('',#214,#219);
#214 = CYLINDRICAL_SURFACE('',#215,1.6);
#215 = AXIS2_PLACEMENT_3D('',#216,#217,#218);
#216 = CARTESIAN_POINT('',(-5.4,15.6,-1.));
#217 = DIRECTION('',(-0.,-0.,1.));
#218 = DIRECTION('',(-0.,-1.,-0.));
#219 = DEFINITIONAL_REPRESENTATION('',(#220),#224);
#220 = LINE('',#221,#222);
#221 = CARTESIAN_POINT('',(-0.,1.));
#222 = VECTOR('',#223,1.);
#223 = DIRECTION('',(-1.,0.));
#224 = ( GEOMETRIC_REPRESENTATION_CONTEXT(2) 
PARAMETRIC_REPRESENTATION_CONTEXT() REPRESENTATION_CONTEXT('2D SPACE',''
  ) );
#225 = ORIENTED_EDGE('',*,*,#226,.F.);
#226 = EDGE_CURVE('',#227,#198,#229,.T.);
#227 = VERTEX_POINT('',#228);
#228 = CARTESIAN_POINT('',(-7.,17.5,0.));
#229 = SURFACE_CURVE('',#230,(#234,#241),.PCURVE_S1.);
#230 = LINE('',#231,#232);
#231 = CARTESIAN_POINT('',(-7.,7.,0.));
#232 = VECTOR('',#233,1.);
#233 = DIRECTION('',(-0.,-1.,-0.));
#234 = PCURVE('',#32,#235);
#235 = DEFINITIONAL_REPRESENTATION('',(#236),#240);
#236 = LINE('',#237,#238);
#237 = CARTESIAN_POINT('',(-29.5,-7.));
#238 = VECTOR('',#239,1.);
#239 = DIRECTION('',(-0.,1.));
#240 = ( GEOMETRIC_REPRESENTATION_CONTEXT(2) 
PARAMETRIC_REPRESENTATION_CONTEXT() REPRESENTATION_CONTEXT('2D SPACE',''
  ) );
#241 = PCURVE('',#242,#247);
#242 = PLANE('',#243);
#243 = AXIS2_PLACEMENT_3D('',#244,#245,#246);
#244 = CARTESIAN_POINT('',(-7.,14.,-10.));
#245 = DIRECTION('',(-1.,-0.,-0.));
#246 = DIRECTION('',(0.,0.,-1.));
#247 = DEFINITIONAL_REPRESENTATION('',(#248),#252);
#248 = LINE('',#249,#250);
#249 = CARTESIAN_POINT('',(-10.,7.));
#250 = VECTOR('',#251,1.);
#251 = DIRECTION('',(-0.,1.));
#252 = ( GEOMETRIC_REPRESENTATION_CONTEXT(2) 
PARAMETRIC_REPRESENTATION_CONTEXT() REPRESENTATION_CONTEXT('2D SPACE',''
  ) );
#253 = ORIENTED_EDGE('',*,*,#254,.T.);
#254 = EDGE_CURVE('',#227,#255,#257,.T.);
#255 = VERTEX_POINT('',#256);
#256 = CARTESIAN_POINT('',(-22.5,17.5,0.));
#257 = SURFACE_CURVE('',#258,(#262,#269),.PCURVE_S1.);
#258 = LINE('',#259,#260);
#259 = CARTESIAN_POINT('',(22.5,17.5,0.));
#260 = VECTOR('',#261,1.);
#261 = DIRECTION('',(-1.,-0.,-0.));
#262 = PCURVE('',#32,#263);
#263 = DEFINITIONAL_REPRESENTATION('',(#264),#268);
#264 = LINE('',#265,#266);
#265 = CARTESIAN_POINT('',(-0.,-17.5));
#266 = VECTOR('',#267,1.);
#267 = DIRECTION('',(-1.,0.));
#268 = ( GEOMETRIC_REPRESENTATION_CONTEXT(2) 
PARAMETRIC_REPRESENTATION_CONTEXT() REPRESENTATION_CONTEXT('2D SPACE',''
  ) );
#269 = PCURVE('',#270,#275);
#270 = PLANE('',#271);
#271 = AXIS2_PLACEMENT_3D('',#272,#273,#274);
#272 = CARTESIAN_POINT('',(1.29651123409E-15,17.5,80.460546155165));
#273 = DIRECTION('',(0.,-1.,-0.));
#274 = DIRECTION('',(0.,0.,1.));
#275 = DEFINITIONAL_REPRESENTATION('',(#276),#280);
#276 = LINE('',#277,#278);
#277 = CARTESIAN_POINT('',(-80.46054615516,-22.5));
#278 = VECTOR('',#279,1.);
#279 = DIRECTION('',(-0.,1.));
#280 = ( GEOMETRIC_REPRESENTATION_CONTEXT(2) 
PARAMETRIC_REPRESENTATION_CONTEXT() REPRESENTATION_CONTEXT('2D SPACE',''
  ) );
#281 = ORIENTED_EDGE('',*,*,#282,.F.);
#282 = EDGE_CURVE('',#24,#255,#283,.T.);
#283 = SURFACE_CURVE('',#284,(#288,#295),.PCURVE_S1.);
#284 = LINE('',#285,#286);
#285 = CARTESIAN_POINT('',(-22.5,0.,0.));
#286 = VECTOR('',#287,1.);
#287 = DIRECTION('',(-0.,1.,-0.));
#288 = PCURVE('',#32,#289);
#289 = DEFINITIONAL_REPRESENTATION('',(#290),#294);
#290 = LINE('',#291,#292);
#291 = CARTESIAN_POINT('',(-45.,0.));
#292 = VECTOR('',#293,1.);
#293 = DIRECTION('',(-0.,-1.));
#294 = ( GEOMETRIC_REPRESENTATION_CONTEXT(2) 
PARAMETRIC_REPRESENTATION_CONTEXT() REPRESENTATION_CONTEXT('2D SPACE',''
  ) );
#295 = PCURVE('',#296,#301);
#296 = PLANE('',#297);
#297 = AXIS2_PLACEMENT_3D('',#298,#299,#300);
#298 = CARTESIAN_POINT('',(-22.5,0.,0.));
#299 = DIRECTION('',(-0.707106781187,-0.,-0.707106781187));
#300 = DIRECTION('',(0.707106781187,0.,-0.707106781187));
#301 = DEFINITIONAL_REPRESENTATION('',(#302),#306);
#302 = LINE('',#303,#304);
#303 = CARTESIAN_POINT('',(-0.,-0.));
#304 = VECTOR('',#305,1.);
#305 = DIRECTION('',(-0.,-1.));
#306 = ( GEOMETRIC_REPRESENTATION_CONTEXT(2) 
PARAMETRIC_REPRESENTATION_CONTEXT() REPRESENTATION_CONTEXT('2D SPACE',''
  ) );
#307 = ADVANCED_FACE('',(#308),#44,.T.);
#308 = FACE_BOUND('',#309,.T.);
#309 = EDGE_LOOP('',(#310,#348,#376,#411));
#310 = ORIENTED_EDGE('',*,*,#311,.T.);
#311 = EDGE_CURVE('',#22,#312,#314,.T.);
#312 = VERTEX_POINT('',#313);
#313 = CARTESIAN_POINT('',(22.230761184457,-1.110223024625E-16,0.65));
#314 = SURFACE_CURVE('',#315,(#320,#331),.PCURVE_S1.);
#315 = ELLIPSE('',#316,0.70355493019,0.65);
#316 = AXIS2_PLACEMENT_3D('',#317,#318,#319);
#317 = CARTESIAN_POINT('',(22.230761184457,0.65,0.65));
#318 = DIRECTION('',(-0.923879532511,-0.,-0.382683432365));
#319 = DIRECTION('',(-0.382683432365,-0.,0.923879532511));
#320 = PCURVE('',#44,#321);
#321 = DEFINITIONAL_REPRESENTATION('',(#322),#330);
#322 = B_SPLINE_CURVE_WITH_KNOTS('',6,(#323,#324,#325,#326,#327,#328,
    #329),.UNSPECIFIED.,.F.,.F.,(7,7),(3.14159265359,4.712388980385),
  .PIECEWISE_BEZIER_KNOTS.);
#323 = CARTESIAN_POINT('',(0.,-7.105427357601E-15));
#324 = CARTESIAN_POINT('',(0.261799387799,-6.79632154901E-15));
#325 = CARTESIAN_POINT('',(0.523598377081,2.213919339518E-02));
#326 = CARTESIAN_POINT('',(0.78539843894,6.645112527006E-02));
#327 = CARTESIAN_POINT('',(1.047197679711,0.128271042329));
#328 = CARTESIAN_POINT('',(1.308996938996,0.198752258462));
#329 = CARTESIAN_POINT('',(1.570796326795,0.269238815543));
#330 = ( GEOMETRIC_REPRESENTATION_CONTEXT(2) 
PARAMETRIC_REPRESENTATION_CONTEXT() REPRESENTATION_CONTEXT('2D SPACE',''
  ) );
#331 = PCURVE('',#332,#337);
#332 = CYLINDRICAL_SURFACE('',#333,0.65);
#333 = AXIS2_PLACEMENT_3D('',#334,#335,#336);
#334 = CARTESIAN_POINT('',(23.540380592229,0.65,1.959619407771));
#335 = DIRECTION('',(-0.707106781187,-0.,-0.707106781187));
#336 = DIRECTION('',(0.707106781187,-0.,-0.707106781187));
#337 = DEFINITIONAL_REPRESENTATION('',(#338),#347);
#338 = B_SPLINE_CURVE_WITH_KNOTS('',7,(#339,#340,#341,#342,#343,#344,
    #345,#346),.UNSPECIFIED.,.F.,.F.,(8,8),(3.14159265359,4.712388980385
    ),.PIECEWISE_BEZIER_KNOTS.);
#339 = CARTESIAN_POINT('',(1.7080354225E-16,2.12132034356));
#340 = CARTESIAN_POINT('',(0.224399475256,2.12132034356));
#341 = CARTESIAN_POINT('',(0.448798950513,2.105502920532));
#342 = CARTESIAN_POINT('',(0.673198425769,2.073870369051));
#343 = CARTESIAN_POINT('',(0.897597901026,2.028364787869));
#344 = CARTESIAN_POINT('',(1.121997376282,1.972915380541));
#345 = CARTESIAN_POINT('',(1.346396851538,1.912498576944));
#346 = CARTESIAN_POINT('',(1.570796326795,1.852081528017));
#347 = ( GEOMETRIC_REPRESENTATION_CONTEXT(2) 
PARAMETRIC_REPRESENTATION_CONTEXT() REPRESENTATION_CONTEXT('2D SPACE',''
  ) );
#348 = ORIENTED_EDGE('',*,*,#349,.T.);
#349 = EDGE_CURVE('',#312,#350,#352,.T.);
#350 = VERTEX_POINT('',#351);
#351 = CARTESIAN_POINT('',(-22.23076118445,-1.110223024625E-16,0.65));
#352 = SURFACE_CURVE('',#353,(#357,#364),.PCURVE_S1.);
#353 = LINE('',#354,#355);
#354 = CARTESIAN_POINT('',(22.5,-1.110223024625E-16,0.65));
#355 = VECTOR('',#356,1.);
#356 = DIRECTION('',(-1.,-0.,-0.));
#357 = PCURVE('',#44,#358);
#358 = DEFINITIONAL_REPRESENTATION('',(#359),#363);
#359 = LINE('',#360,#361);
#360 = CARTESIAN_POINT('',(1.570796326795,0.));
#361 = VECTOR('',#362,1.);
#362 = DIRECTION('',(0.,1.));
#363 = ( GEOMETRIC_REPRESENTATION_CONTEXT(2) 
PARAMETRIC_REPRESENTATION_CONTEXT() REPRESENTATION_CONTEXT('2D SPACE',''
  ) );
#364 = PCURVE('',#365,#370);
#365 = PLANE('',#366);
#366 = AXIS2_PLACEMENT_3D('',#367,#368,#369);
#367 = CARTESIAN_POINT('',(1.29651123409E-15,0.,80.460546155165));
#368 = DIRECTION('',(0.,-1.,-0.));
#369 = DIRECTION('',(0.,0.,1.));
#370 = DEFINITIONAL_REPRESENTATION('',(#371),#375);
#371 = LINE('',#372,#373);
#372 = CARTESIAN_POINT('',(-79.81054615516,-22.5));
#373 = VECTOR('',#374,1.);
#374 = DIRECTION('',(-0.,1.));
#375 = ( GEOMETRIC_REPRESENTATION_CONTEXT(2) 
PARAMETRIC_REPRESENTATION_CONTEXT() REPRESENTATION_CONTEXT('2D SPACE',''
  ) );
#376 = ORIENTED_EDGE('',*,*,#377,.F.);
#377 = EDGE_CURVE('',#24,#350,#378,.T.);
#378 = SURFACE_CURVE('',#379,(#384,#395),.PCURVE_S1.);
#379 = ELLIPSE('',#380,0.70355493019,0.65);
#380 = AXIS2_PLACEMENT_3D('',#381,#382,#383);
#381 = CARTESIAN_POINT('',(-22.23076118445,0.65,0.65));
#382 = DIRECTION('',(-0.923879532511,0.,0.382683432365));
#383 = DIRECTION('',(-0.382683432365,-0.,-0.923879532511));
#384 = PCURVE('',#44,#385);
#385 = DEFINITIONAL_REPRESENTATION('',(#386),#394);
#386 = B_SPLINE_CURVE_WITH_KNOTS('',6,(#387,#388,#389,#390,#391,#392,
    #393),.UNSPECIFIED.,.F.,.F.,(7,7),(0.,1.570796326795),
  .PIECEWISE_BEZIER_KNOTS.);
#387 = CARTESIAN_POINT('',(2.22044604925E-16,45.));
#388 = CARTESIAN_POINT('',(0.261799387799,45.));
#389 = CARTESIAN_POINT('',(0.523598377081,44.977860806604));
#390 = CARTESIAN_POINT('',(0.78539843894,44.93354887473));
#391 = CARTESIAN_POINT('',(1.047197679711,44.871728957671));
#392 = CARTESIAN_POINT('',(1.308996938996,44.801247741538));
#393 = CARTESIAN_POINT('',(1.570796326795,44.730761184457));
#394 = ( GEOMETRIC_REPRESENTATION_CONTEXT(2) 
PARAMETRIC_REPRESENTATION_CONTEXT() REPRESENTATION_CONTEXT('2D SPACE',''
  ) );
#395 = PCURVE('',#396,#401);
#396 = CYLINDRICAL_SURFACE('',#397,0.65);
#397 = AXIS2_PLACEMENT_3D('',#398,#399,#400);
#398 = CARTESIAN_POINT('',(-22.04038059222,0.65,0.459619407771));
#399 = DIRECTION('',(-0.707106781187,-0.,0.707106781187));
#400 = DIRECTION('',(-0.707106781187,-0.,-0.707106781187));
#401 = DEFINITIONAL_REPRESENTATION('',(#402),#410);
#402 = B_SPLINE_CURVE_WITH_KNOTS('',6,(#403,#404,#405,#406,#407,#408,
    #409),.UNSPECIFIED.,.F.,.F.,(7,7),(0.,1.570796326795),
  .PIECEWISE_BEZIER_KNOTS.);
#403 = CARTESIAN_POINT('',(4.440892098501E-16,7.119305145409E-15));
#404 = CARTESIAN_POINT('',(0.261799387799,7.401865160341E-15));
#405 = CARTESIAN_POINT('',(0.523598377081,2.21391933952E-02));
#406 = CARTESIAN_POINT('',(0.78539843894,6.645112527008E-02));
#407 = CARTESIAN_POINT('',(1.047197679711,0.128271042329));
#408 = CARTESIAN_POINT('',(1.308996938996,0.198752258462));
#409 = CARTESIAN_POINT('',(1.570796326795,0.269238815543));
#410 = ( GEOMETRIC_REPRESENTATION_CONTEXT(2) 
PARAMETRIC_REPRESENTATION_CONTEXT() REPRESENTATION_CONTEXT('2D SPACE',''
  ) );
#411 = ORIENTED_EDGE('',*,*,#21,.F.);
#412 = ADVANCED_FACE('',(#413),#296,.T.);
#413 = FACE_BOUND('',#414,.F.);
#414 = EDGE_LOOP('',(#415,#416,#439,#467));
#415 = ORIENTED_EDGE('',*,*,#282,.T.);
#416 = ORIENTED_EDGE('',*,*,#417,.T.);
#417 = EDGE_CURVE('',#255,#418,#420,.T.);
#418 = VERTEX_POINT('',#419);
#419 = CARTESIAN_POINT('',(-24.,17.5,1.5));
#420 = SURFACE_CURVE('',#421,(#425,#432),.PCURVE_S1.);
#421 = LINE('',#422,#423);
#422 = CARTESIAN_POINT('',(-22.5,17.5,0.));
#423 = VECTOR('',#424,1.);
#424 = DIRECTION('',(-0.707106781187,-0.,0.707106781187));
#425 = PCURVE('',#296,#426);
#426 = DEFINITIONAL_REPRESENTATION('',(#427),#431);
#427 = LINE('',#428,#429);
#428 = CARTESIAN_POINT('',(-0.,-17.5));
#429 = VECTOR('',#430,1.);
#430 = DIRECTION('',(-1.,0.));
#431 = ( GEOMETRIC_REPRESENTATION_CONTEXT(2) 
PARAMETRIC_REPRESENTATION_CONTEXT() REPRESENTATION_CONTEXT('2D SPACE',''
  ) );
#432 = PCURVE('',#270,#433);
#433 = DEFINITIONAL_REPRESENTATION('',(#434),#438);
#434 = LINE('',#435,#436);
#435 = CARTESIAN_POINT('',(-80.46054615516,22.5));
#436 = VECTOR('',#437,1.);
#437 = DIRECTION('',(0.707106781187,0.707106781187));
#438 = ( GEOMETRIC_REPRESENTATION_CONTEXT(2) 
PARAMETRIC_REPRESENTATION_CONTEXT() REPRESENTATION_CONTEXT('2D SPACE',''
  ) );
#439 = ORIENTED_EDGE('',*,*,#440,.F.);
#440 = EDGE_CURVE('',#441,#418,#443,.T.);
#441 = VERTEX_POINT('',#442);
#442 = CARTESIAN_POINT('',(-24.,0.65,1.5));
#443 = SURFACE_CURVE('',#444,(#448,#455),.PCURVE_S1.);
#444 = LINE('',#445,#446);
#445 = CARTESIAN_POINT('',(-24.,0.,1.5));
#446 = VECTOR('',#447,1.);
#447 = DIRECTION('',(-0.,1.,-0.));
#448 = PCURVE('',#296,#449);
#449 = DEFINITIONAL_REPRESENTATION('',(#450),#454);
#450 = LINE('',#451,#452);
#451 = CARTESIAN_POINT('',(-2.12132034356,0.));
#452 = VECTOR('',#453,1.);
#453 = DIRECTION('',(-0.,-1.));
#454 = ( GEOMETRIC_REPRESENTATION_CONTEXT(2) 
PARAMETRIC_REPRESENTATION_CONTEXT() REPRESENTATION_CONTEXT('2D SPACE',''
  ) );
#455 = PCURVE('',#456,#461);
#456 = PLANE('',#457);
#457 = AXIS2_PLACEMENT_3D('',#458,#459,#460);
#458 = CARTESIAN_POINT('',(-24.,0.,1.5));
#459 = DIRECTION('',(-1.,-0.,-0.));
#460 = DIRECTION('',(0.,0.,-1.));
#461 = DEFINITIONAL_REPRESENTATION('',(#462),#466);
#462 = LINE('',#463,#464);
#463 = CARTESIAN_POINT('',(-0.,-0.));
#464 = VECTOR('',#465,1.);
#465 = DIRECTION('',(-0.,-1.));
#466 = ( GEOMETRIC_REPRESENTATION_CONTEXT(2) 
PARAMETRIC_REPRESENTATION_CONTEXT() REPRESENTATION_CONTEXT('2D SPACE',''
  ) );
#467 = ORIENTED_EDGE('',*,*,#468,.F.);
#468 = EDGE_CURVE('',#24,#441,#469,.T.);
#469 = SURFACE_CURVE('',#470,(#474,#481),.PCURVE_S1.);
#470 = LINE('',#471,#472);
#471 = CARTESIAN_POINT('',(-22.5,0.65,-6.439293542826E-15));
#472 = VECTOR('',#473,1.);
#473 = DIRECTION('',(-0.707106781187,-0.,0.707106781187));
#474 = PCURVE('',#296,#475);
#475 = DEFINITIONAL_REPRESENTATION('',(#476),#480);
#476 = LINE('',#477,#478);
#477 = CARTESIAN_POINT('',(4.788781998986E-15,-0.65));
#478 = VECTOR('',#479,1.);
#479 = DIRECTION('',(-1.,0.));
#480 = ( GEOMETRIC_REPRESENTATION_CONTEXT(2) 
PARAMETRIC_REPRESENTATION_CONTEXT() REPRESENTATION_CONTEXT('2D SPACE',''
  ) );
#481 = PCURVE('',#396,#482);
#482 = DEFINITIONAL_REPRESENTATION('',(#483),#487);
#483 = LINE('',#484,#485);
#484 = CARTESIAN_POINT('',(0.,0.));
#485 = VECTOR('',#486,1.);
#486 = DIRECTION('',(0.,1.));
#487 = ( GEOMETRIC_REPRESENTATION_CONTEXT(2) 
PARAMETRIC_REPRESENTATION_CONTEXT() REPRESENTATION_CONTEXT('2D SPACE',''
  ) );
#488 = ADVANCED_FACE('',(#489,#875,#906,#1020,#1134,#1248),#270,.F.);
#489 = FACE_BOUND('',#490,.T.);
#490 = EDGE_LOOP('',(#491,#514,#515,#516,#539,#572,#600,#628,#656,#685,
    #713,#741,#769,#797,#820,#849));
#491 = ORIENTED_EDGE('',*,*,#492,.F.);
#492 = EDGE_CURVE('',#227,#493,#495,.T.);
#493 = VERTEX_POINT('',#494);
#494 = CARTESIAN_POINT('',(-7.,17.5,3.));
#495 = SURFACE_CURVE('',#496,(#500,#507),.PCURVE_S1.);
#496 = LINE('',#497,#498);
#497 = CARTESIAN_POINT('',(-7.,17.5,35.230273077582));
#498 = VECTOR('',#499,1.);
#499 = DIRECTION('',(-0.,-0.,1.));
#500 = PCURVE('',#270,#501);
#501 = DEFINITIONAL_REPRESENTATION('',(#502),#506);
#502 = LINE('',#503,#504);
#503 = CARTESIAN_POINT('',(-45.23027307758,7.));
#504 = VECTOR('',#505,1.);
#505 = DIRECTION('',(1.,-0.));
#506 = ( GEOMETRIC_REPRESENTATION_CONTEXT(2) 
PARAMETRIC_REPRESENTATION_CONTEXT() REPRESENTATION_CONTEXT('2D SPACE',''
  ) );
#507 = PCURVE('',#242,#508);
#508 = DEFINITIONAL_REPRESENTATION('',(#509),#513);
#509 = LINE('',#510,#511);
#510 = CARTESIAN_POINT('',(-45.23027307758,-3.5));
#511 = VECTOR('',#512,1.);
#512 = DIRECTION('',(-1.,-0.));
#513 = ( GEOMETRIC_REPRESENTATION_CONTEXT(2) 
PARAMETRIC_REPRESENTATION_CONTEXT() REPRESENTATION_CONTEXT('2D SPACE',''
  ) );
#514 = ORIENTED_EDGE('',*,*,#254,.T.);
#515 = ORIENTED_EDGE('',*,*,#417,.T.);
#516 = ORIENTED_EDGE('',*,*,#517,.T.);
#517 = EDGE_CURVE('',#418,#518,#520,.T.);
#518 = VERTEX_POINT('',#519);
#519 = CARTESIAN_POINT('',(-24.,17.5,157.));
#520 = SURFACE_CURVE('',#521,(#525,#532),.PCURVE_S1.);
#521 = LINE('',#522,#523);
#522 = CARTESIAN_POINT('',(-24.,17.5,1.5));
#523 = VECTOR('',#524,1.);
#524 = DIRECTION('',(-0.,-0.,1.));
#525 = PCURVE('',#270,#526);
#526 = DEFINITIONAL_REPRESENTATION('',(#527),#531);
#527 = LINE('',#528,#529);
#528 = CARTESIAN_POINT('',(-78.96054615516,24.));
#529 = VECTOR('',#530,1.);
#530 = DIRECTION('',(1.,-0.));
#531 = ( GEOMETRIC_REPRESENTATION_CONTEXT(2) 
PARAMETRIC_REPRESENTATION_CONTEXT() REPRESENTATION_CONTEXT('2D SPACE',''
  ) );
#532 = PCURVE('',#456,#533);
#533 = DEFINITIONAL_REPRESENTATION('',(#534),#538);
#534 = LINE('',#535,#536);
#535 = CARTESIAN_POINT('',(-0.,-17.5));
#536 = VECTOR('',#537,1.);
#537 = DIRECTION('',(-1.,-0.));
#538 = ( GEOMETRIC_REPRESENTATION_CONTEXT(2) 
PARAMETRIC_REPRESENTATION_CONTEXT() REPRESENTATION_CONTEXT('2D SPACE',''
  ) );
#539 = ORIENTED_EDGE('',*,*,#540,.T.);
#540 = EDGE_CURVE('',#518,#541,#543,.T.);
#541 = VERTEX_POINT('',#542);
#542 = CARTESIAN_POINT('',(-19.,17.5,162.));
#543 = SURFACE_CURVE('',#544,(#549,#560),.PCURVE_S1.);
#544 = CIRCLE('',#545,5.000000020256);
#545 = AXIS2_PLACEMENT_3D('',#546,#547,#548);
#546 = CARTESIAN_POINT('',(-18.99999997974,17.5,156.99999997974));
#547 = DIRECTION('',(0.,1.,0.));
#548 = DIRECTION('',(-1.,-0.,4.051128127644E-09));
#549 = PCURVE('',#270,#550);
#550 = DEFINITIONAL_REPRESENTATION('',(#551),#559);
#551 = ( BOUNDED_CURVE() B_SPLINE_CURVE(2,(#552,#553,#554,#555,#556,#557
,#558),.UNSPECIFIED.,.T.,.F.) B_SPLINE_CURVE_WITH_KNOTS((1,2,2,2,2,1),(
    -2.094395102393,0.,2.094395102393,4.188790204786,6.28318530718,
8.377580409573),.UNSPECIFIED.) CURVE() GEOMETRIC_REPRESENTATION_ITEM() 
RATIONAL_B_SPLINE_CURVE((1.,0.5,1.,0.5,1.,0.5,1.)) REPRESENTATION_ITEM(
  '') );
#552 = CARTESIAN_POINT('',(76.539453844835,24.));
#553 = CARTESIAN_POINT('',(85.199707917763,23.999999964916));
#554 = CARTESIAN_POINT('',(80.869580850916,16.499999952075));
#555 = CARTESIAN_POINT('',(76.539453784068,8.999999939233));
#556 = CARTESIAN_POINT('',(72.209326777988,16.499999987158));
#557 = CARTESIAN_POINT('',(67.879199771907,24.000000035084));
#558 = CARTESIAN_POINT('',(76.539453844835,24.));
#559 = ( GEOMETRIC_REPRESENTATION_CONTEXT(2) 
PARAMETRIC_REPRESENTATION_CONTEXT() REPRESENTATION_CONTEXT('2D SPACE',''
  ) );
#560 = PCURVE('',#561,#566);
#561 = CYLINDRICAL_SURFACE('',#562,5.000000020256);
#562 = AXIS2_PLACEMENT_3D('',#563,#564,#565);
#563 = CARTESIAN_POINT('',(-18.99999997974,0.,156.99999997974));
#564 = DIRECTION('',(-0.,-1.,-0.));
#565 = DIRECTION('',(-1.,-0.,4.051128127644E-09));
#566 = DEFINITIONAL_REPRESENTATION('',(#567),#571);
#567 = LINE('',#568,#569);
#568 = CARTESIAN_POINT('',(-0.,-17.5));
#569 = VECTOR('',#570,1.);
#570 = DIRECTION('',(-1.,0.));
#571 = ( GEOMETRIC_REPRESENTATION_CONTEXT(2) 
PARAMETRIC_REPRESENTATION_CONTEXT() REPRESENTATION_CONTEXT('2D SPACE',''
  ) );
#572 = ORIENTED_EDGE('',*,*,#573,.T.);
#573 = EDGE_CURVE('',#541,#574,#576,.T.);
#574 = VERTEX_POINT('',#575);
#575 = CARTESIAN_POINT('',(-13.,17.5,162.));
#576 = SURFACE_CURVE('',#577,(#581,#588),.PCURVE_S1.);
#577 = LINE('',#578,#579);
#578 = CARTESIAN_POINT('',(-19.,17.5,162.));
#579 = VECTOR('',#580,1.);
#580 = DIRECTION('',(1.,-0.,-0.));
#581 = PCURVE('',#270,#582);
#582 = DEFINITIONAL_REPRESENTATION('',(#583),#587);
#583 = LINE('',#584,#585);
#584 = CARTESIAN_POINT('',(81.539453844835,19.));
#585 = VECTOR('',#586,1.);
#586 = DIRECTION('',(-0.,-1.));
#587 = ( GEOMETRIC_REPRESENTATION_CONTEXT(2) 
PARAMETRIC_REPRESENTATION_CONTEXT() REPRESENTATION_CONTEXT('2D SPACE',''
  ) );
#588 = PCURVE('',#589,#594);
#589 = PLANE('',#590);
#590 = AXIS2_PLACEMENT_3D('',#591,#592,#593);
#591 = CARTESIAN_POINT('',(-19.,0.,162.));
#592 = DIRECTION('',(-0.,-0.,1.));
#593 = DIRECTION('',(-1.,0.,0.));
#594 = DEFINITIONAL_REPRESENTATION('',(#595),#599);
#595 = LINE('',#596,#597);
#596 = CARTESIAN_POINT('',(-0.,-17.5));
#597 = VECTOR('',#598,1.);
#598 = DIRECTION('',(-1.,0.));
#599 = ( GEOMETRIC_REPRESENTATION_CONTEXT(2) 
PARAMETRIC_REPRESENTATION_CONTEXT() REPRESENTATION_CONTEXT('2D SPACE',''
  ) );
#600 = ORIENTED_EDGE('',*,*,#601,.T.);
#601 = EDGE_CURVE('',#574,#602,#604,.T.);
#602 = VERTEX_POINT('',#603);
#603 = CARTESIAN_POINT('',(-13.,17.5,159.));
#604 = SURFACE_CURVE('',#605,(#609,#616),.PCURVE_S1.);
#605 = LINE('',#606,#607);
#606 = CARTESIAN_POINT('',(-13.,17.5,117.83027307758));
#607 = VECTOR('',#608,1.);
#608 = DIRECTION('',(-0.,-0.,-1.));
#609 = PCURVE('',#270,#610);
#610 = DEFINITIONAL_REPRESENTATION('',(#611),#615);
#611 = LINE('',#612,#613);
#612 = CARTESIAN_POINT('',(37.369726922418,13.));
#613 = VECTOR('',#614,1.);
#614 = DIRECTION('',(-1.,0.));
#615 = ( GEOMETRIC_REPRESENTATION_CONTEXT(2) 
PARAMETRIC_REPRESENTATION_CONTEXT() REPRESENTATION_CONTEXT('2D SPACE',''
  ) );
#616 = PCURVE('',#617,#622);
#617 = PLANE('',#618);
#618 = AXIS2_PLACEMENT_3D('',#619,#620,#621);
#619 = CARTESIAN_POINT('',(-13.,15.3,155.2));
#620 = DIRECTION('',(1.,-0.,-0.));
#621 = DIRECTION('',(0.,-1.,0.));
#622 = DEFINITIONAL_REPRESENTATION('',(#623),#627);
#623 = LINE('',#624,#625);
#624 = CARTESIAN_POINT('',(-2.2,37.369726922418));
#625 = VECTOR('',#626,1.);
#626 = DIRECTION('',(-0.,1.));
#627 = ( GEOMETRIC_REPRESENTATION_CONTEXT(2) 
PARAMETRIC_REPRESENTATION_CONTEXT() REPRESENTATION_CONTEXT('2D SPACE',''
  ) );
#628 = ORIENTED_EDGE('',*,*,#629,.F.);
#629 = EDGE_CURVE('',#630,#602,#632,.T.);
#630 = VERTEX_POINT('',#631);
#631 = CARTESIAN_POINT('',(-14.3,17.5,159.));
#632 = SURFACE_CURVE('',#633,(#637,#644),.PCURVE_S1.);
#633 = LINE('',#634,#635);
#634 = CARTESIAN_POINT('',(-9.15,17.5,159.));
#635 = VECTOR('',#636,1.);
#636 = DIRECTION('',(1.,-0.,-0.));
#637 = PCURVE('',#270,#638);
#638 = DEFINITIONAL_REPRESENTATION('',(#639),#643);
#639 = LINE('',#640,#641);
#640 = CARTESIAN_POINT('',(78.539453844835,9.15));
#641 = VECTOR('',#642,1.);
#642 = DIRECTION('',(-0.,-1.));
#643 = ( GEOMETRIC_REPRESENTATION_CONTEXT(2) 
PARAMETRIC_REPRESENTATION_CONTEXT() REPRESENTATION_CONTEXT('2D SPACE',''
  ) );
#644 = PCURVE('',#645,#650);
#645 = PLANE('',#646);
#646 = AXIS2_PLACEMENT_3D('',#647,#648,#649);
#647 = CARTESIAN_POINT('',(-18.3,3.,159.));
#648 = DIRECTION('',(-0.,-0.,1.));
#649 = DIRECTION('',(-1.,0.,0.));
#650 = DEFINITIONAL_REPRESENTATION('',(#651),#655);
#651 = LINE('',#652,#653);
#652 = CARTESIAN_POINT('',(-9.15,-14.5));
#653 = VECTOR('',#654,1.);
#654 = DIRECTION('',(-1.,0.));
#655 = ( GEOMETRIC_REPRESENTATION_CONTEXT(2) 
PARAMETRIC_REPRESENTATION_CONTEXT() REPRESENTATION_CONTEXT('2D SPACE',''
  ) );
#656 = ORIENTED_EDGE('',*,*,#657,.T.);
#657 = EDGE_CURVE('',#630,#658,#660,.T.);
#658 = VERTEX_POINT('',#659);
#659 = CARTESIAN_POINT('',(-18.3,17.5,155.));
#660 = SURFACE_CURVE('',#661,(#666,#673),.PCURVE_S1.);
#661 = CIRCLE('',#662,4.);
#662 = AXIS2_PLACEMENT_3D('',#663,#664,#665);
#663 = CARTESIAN_POINT('',(-14.3,17.5,155.));
#664 = DIRECTION('',(0.,-1.,0.));
#665 = DIRECTION('',(-1.,-0.,-0.));
#666 = PCURVE('',#270,#667);
#667 = DEFINITIONAL_REPRESENTATION('',(#668),#672);
#668 = CIRCLE('',#669,4.);
#669 = AXIS2_PLACEMENT_2D('',#670,#671);
#670 = CARTESIAN_POINT('',(74.539453844835,14.3));
#671 = DIRECTION('',(-0.,1.));
#672 = ( GEOMETRIC_REPRESENTATION_CONTEXT(2) 
PARAMETRIC_REPRESENTATION_CONTEXT() REPRESENTATION_CONTEXT('2D SPACE',''
  ) );
#673 = PCURVE('',#674,#679);
#674 = CYLINDRICAL_SURFACE('',#675,4.);
#675 = AXIS2_PLACEMENT_3D('',#676,#677,#678);
#676 = CARTESIAN_POINT('',(-14.3,3.,155.));
#677 = DIRECTION('',(-0.,1.,-0.));
#678 = DIRECTION('',(-1.,-0.,-0.));
#679 = DEFINITIONAL_REPRESENTATION('',(#680),#684);
#680 = LINE('',#681,#682);
#681 = CARTESIAN_POINT('',(6.28318530718,14.5));
#682 = VECTOR('',#683,1.);
#683 = DIRECTION('',(-1.,0.));
#684 = ( GEOMETRIC_REPRESENTATION_CONTEXT(2) 
PARAMETRIC_REPRESENTATION_CONTEXT() REPRESENTATION_CONTEXT('2D SPACE',''
  ) );
#685 = ORIENTED_EDGE('',*,*,#686,.F.);
#686 = EDGE_CURVE('',#687,#658,#689,.T.);
#687 = VERTEX_POINT('',#688);
#688 = CARTESIAN_POINT('',(-18.3,17.5,124.99226162893));
#689 = SURFACE_CURVE('',#690,(#694,#701),.PCURVE_S1.);
#690 = LINE('',#691,#692);
#691 = CARTESIAN_POINT('',(-18.3,17.5,41.730273077582));
#692 = VECTOR('',#693,1.);
#693 = DIRECTION('',(-0.,-0.,1.));
#694 = PCURVE('',#270,#695);
#695 = DEFINITIONAL_REPRESENTATION('',(#696),#700);
#696 = LINE('',#697,#698);
#697 = CARTESIAN_POINT('',(-38.73027307758,18.3));
#698 = VECTOR('',#699,1.);
#699 = DIRECTION('',(1.,-0.));
#700 = ( GEOMETRIC_REPRESENTATION_CONTEXT(2) 
PARAMETRIC_REPRESENTATION_CONTEXT() REPRESENTATION_CONTEXT('2D SPACE',''
  ) );
#701 = PCURVE('',#702,#707);
#702 = PLANE('',#703);
#703 = AXIS2_PLACEMENT_3D('',#704,#705,#706);
#704 = CARTESIAN_POINT('',(-18.3,3.,3.));
#705 = DIRECTION('',(-1.,-0.,-0.));
#706 = DIRECTION('',(0.,0.,-1.));
#707 = DEFINITIONAL_REPRESENTATION('',(#708),#712);
#708 = LINE('',#709,#710);
#709 = CARTESIAN_POINT('',(-38.73027307758,-14.5));
#710 = VECTOR('',#711,1.);
#711 = DIRECTION('',(-1.,-0.));
#712 = ( GEOMETRIC_REPRESENTATION_CONTEXT(2) 
PARAMETRIC_REPRESENTATION_CONTEXT() REPRESENTATION_CONTEXT('2D SPACE',''
  ) );
#713 = ORIENTED_EDGE('',*,*,#714,.T.);
#714 = EDGE_CURVE('',#687,#715,#717,.T.);
#715 = VERTEX_POINT('',#716);
#716 = CARTESIAN_POINT('',(-22.25,17.5,124.99226162893));
#717 = SURFACE_CURVE('',#718,(#722,#729),.PCURVE_S1.);
#718 = LINE('',#719,#720);
#719 = CARTESIAN_POINT('',(-18.,17.5,124.99226162893));
#720 = VECTOR('',#721,1.);
#721 = DIRECTION('',(-1.,-0.,-0.));
#722 = PCURVE('',#270,#723);
#723 = DEFINITIONAL_REPRESENTATION('',(#724),#728);
#724 = LINE('',#725,#726);
#725 = CARTESIAN_POINT('',(44.531715473768,18.));
#726 = VECTOR('',#727,1.);
#727 = DIRECTION('',(-0.,1.));
#728 = ( GEOMETRIC_REPRESENTATION_CONTEXT(2) 
PARAMETRIC_REPRESENTATION_CONTEXT() REPRESENTATION_CONTEXT('2D SPACE',''
  ) );
#729 = PCURVE('',#730,#735);
#730 = CYLINDRICAL_SURFACE('',#731,1.45);
#731 = AXIS2_PLACEMENT_3D('',#732,#733,#734);
#732 = CARTESIAN_POINT('',(-18.,18.8,124.35));
#733 = DIRECTION('',(-1.,-0.,-0.));
#734 = DIRECTION('',(-0.,-0.,1.));
#735 = DEFINITIONAL_REPRESENTATION('',(#736),#740);
#736 = LINE('',#737,#738);
#737 = CARTESIAN_POINT('',(-1.111922121781,0.));
#738 = VECTOR('',#739,1.);
#739 = DIRECTION('',(-0.,1.));
#740 = ( GEOMETRIC_REPRESENTATION_CONTEXT(2) 
PARAMETRIC_REPRESENTATION_CONTEXT() REPRESENTATION_CONTEXT('2D SPACE',''
  ) );
#741 = ORIENTED_EDGE('',*,*,#742,.F.);
#742 = EDGE_CURVE('',#743,#715,#745,.T.);
#743 = VERTEX_POINT('',#744);
#744 = CARTESIAN_POINT('',(-22.25,17.5,109.00773837106));
#745 = SURFACE_CURVE('',#746,(#750,#757),.PCURVE_S1.);
#746 = LINE('',#747,#748);
#747 = CARTESIAN_POINT('',(-22.25,17.5,98.730273077582));
#748 = VECTOR('',#749,1.);
#749 = DIRECTION('',(-0.,-0.,1.));
#750 = PCURVE('',#270,#751);
#751 = DEFINITIONAL_REPRESENTATION('',(#752),#756);
#752 = LINE('',#753,#754);
#753 = CARTESIAN_POINT('',(18.269726922418,22.25));
#754 = VECTOR('',#755,1.);
#755 = DIRECTION('',(1.,-0.));
#756 = ( GEOMETRIC_REPRESENTATION_CONTEXT(2) 
PARAMETRIC_REPRESENTATION_CONTEXT() REPRESENTATION_CONTEXT('2D SPACE',''
  ) );
#757 = PCURVE('',#758,#763);
#758 = PLANE('',#759);
#759 = AXIS2_PLACEMENT_3D('',#760,#761,#762);
#760 = CARTESIAN_POINT('',(-22.25,20.1,117.));
#761 = DIRECTION('',(-1.,-0.,-0.));
#762 = DIRECTION('',(0.,0.,-1.));
#763 = DEFINITIONAL_REPRESENTATION('',(#764),#768);
#764 = LINE('',#765,#766);
#765 = CARTESIAN_POINT('',(18.269726922418,2.6));
#766 = VECTOR('',#767,1.);
#767 = DIRECTION('',(-1.,-0.));
#768 = ( GEOMETRIC_REPRESENTATION_CONTEXT(2) 
PARAMETRIC_REPRESENTATION_CONTEXT() REPRESENTATION_CONTEXT('2D SPACE',''
  ) );
#769 = ORIENTED_EDGE('',*,*,#770,.F.);
#770 = EDGE_CURVE('',#771,#743,#773,.T.);
#771 = VERTEX_POINT('',#772);
#772 = CARTESIAN_POINT('',(-18.3,17.5,109.00773837106));
#773 = SURFACE_CURVE('',#774,(#778,#785),.PCURVE_S1.);
#774 = LINE('',#775,#776);
#775 = CARTESIAN_POINT('',(-18.,17.5,109.00773837106));
#776 = VECTOR('',#777,1.);
#777 = DIRECTION('',(-1.,-0.,-0.));
#778 = PCURVE('',#270,#779);
#779 = DEFINITIONAL_REPRESENTATION('',(#780),#784);
#780 = LINE('',#781,#782);
#781 = CARTESIAN_POINT('',(28.547192215902,18.));
#782 = VECTOR('',#783,1.);
#783 = DIRECTION('',(-0.,1.));
#784 = ( GEOMETRIC_REPRESENTATION_CONTEXT(2) 
PARAMETRIC_REPRESENTATION_CONTEXT() REPRESENTATION_CONTEXT('2D SPACE',''
  ) );
#785 = PCURVE('',#786,#791);
#786 = CYLINDRICAL_SURFACE('',#787,1.45);
#787 = AXIS2_PLACEMENT_3D('',#788,#789,#790);
#788 = CARTESIAN_POINT('',(-18.,18.8,109.65));
#789 = DIRECTION('',(-1.,-0.,-0.));
#790 = DIRECTION('',(-0.,-0.,-1.));
#791 = DEFINITIONAL_REPRESENTATION('',(#792),#796);
#792 = LINE('',#793,#794);
#793 = CARTESIAN_POINT('',(1.111922121781,0.));
#794 = VECTOR('',#795,1.);
#795 = DIRECTION('',(0.,1.));
#796 = ( GEOMETRIC_REPRESENTATION_CONTEXT(2) 
PARAMETRIC_REPRESENTATION_CONTEXT() REPRESENTATION_CONTEXT('2D SPACE',''
  ) );
#797 = ORIENTED_EDGE('',*,*,#798,.F.);
#798 = EDGE_CURVE('',#799,#771,#801,.T.);
#799 = VERTEX_POINT('',#800);
#800 = CARTESIAN_POINT('',(-18.3,17.5,7.));
#801 = SURFACE_CURVE('',#802,(#806,#813),.PCURVE_S1.);
#802 = LINE('',#803,#804);
#803 = CARTESIAN_POINT('',(-18.3,17.5,41.730273077582));
#804 = VECTOR('',#805,1.);
#805 = DIRECTION('',(-0.,-0.,1.));
#806 = PCURVE('',#270,#807);
#807 = DEFINITIONAL_REPRESENTATION('',(#808),#812);
#808 = LINE('',#809,#810);
#809 = CARTESIAN_POINT('',(-38.73027307758,18.3));
#810 = VECTOR('',#811,1.);
#811 = DIRECTION('',(1.,-0.));
#812 = ( GEOMETRIC_REPRESENTATION_CONTEXT(2) 
PARAMETRIC_REPRESENTATION_CONTEXT() REPRESENTATION_CONTEXT('2D SPACE',''
  ) );
#813 = PCURVE('',#702,#814);
#814 = DEFINITIONAL_REPRESENTATION('',(#815),#819);
#815 = LINE('',#816,#817);
#816 = CARTESIAN_POINT('',(-38.73027307758,-14.5));
#817 = VECTOR('',#818,1.);
#818 = DIRECTION('',(-1.,-0.));
#819 = ( GEOMETRIC_REPRESENTATION_CONTEXT(2) 
PARAMETRIC_REPRESENTATION_CONTEXT() REPRESENTATION_CONTEXT('2D SPACE',''
  ) );
#820 = ORIENTED_EDGE('',*,*,#821,.T.);
#821 = EDGE_CURVE('',#799,#822,#824,.T.);
#822 = VERTEX_POINT('',#823);
#823 = CARTESIAN_POINT('',(-14.3,17.5,3.));
#824 = SURFACE_CURVE('',#825,(#830,#837),.PCURVE_S1.);
#825 = CIRCLE('',#826,4.);
#826 = AXIS2_PLACEMENT_3D('',#827,#828,#829);
#827 = CARTESIAN_POINT('',(-14.3,17.5,7.));
#828 = DIRECTION('',(0.,-1.,0.));
#829 = DIRECTION('',(-0.,-0.,-1.));
#830 = PCURVE('',#270,#831);
#831 = DEFINITIONAL_REPRESENTATION('',(#832),#836);
#832 = CIRCLE('',#833,4.);
#833 = AXIS2_PLACEMENT_2D('',#834,#835);
#834 = CARTESIAN_POINT('',(-73.46054615516,14.3));
#835 = DIRECTION('',(-1.,0.));
#836 = ( GEOMETRIC_REPRESENTATION_CONTEXT(2) 
PARAMETRIC_REPRESENTATION_CONTEXT() REPRESENTATION_CONTEXT('2D SPACE',''
  ) );
#837 = PCURVE('',#838,#843);
#838 = CYLINDRICAL_SURFACE('',#839,4.);
#839 = AXIS2_PLACEMENT_3D('',#840,#841,#842);
#840 = CARTESIAN_POINT('',(-14.3,3.,7.));
#841 = DIRECTION('',(-0.,1.,-0.));
#842 = DIRECTION('',(-0.,-0.,-1.));
#843 = DEFINITIONAL_REPRESENTATION('',(#844),#848);
#844 = LINE('',#845,#846);
#845 = CARTESIAN_POINT('',(6.28318530718,14.5));
#846 = VECTOR('',#847,1.);
#847 = DIRECTION('',(-1.,0.));
#848 = ( GEOMETRIC_REPRESENTATION_CONTEXT(2) 
PARAMETRIC_REPRESENTATION_CONTEXT() REPRESENTATION_CONTEXT('2D SPACE',''
  ) );
#849 = ORIENTED_EDGE('',*,*,#850,.F.);
#850 = EDGE_CURVE('',#493,#822,#851,.T.);
#851 = SURFACE_CURVE('',#852,(#856,#863),.PCURVE_S1.);
#852 = LINE('',#853,#854);
#853 = CARTESIAN_POINT('',(9.15,17.5,3.));
#854 = VECTOR('',#855,1.);
#855 = DIRECTION('',(-1.,-0.,-0.));
#856 = PCURVE('',#270,#857);
#857 = DEFINITIONAL_REPRESENTATION('',(#858),#862);
#858 = LINE('',#859,#860);
#859 = CARTESIAN_POINT('',(-77.46054615516,-9.15));
#860 = VECTOR('',#861,1.);
#861 = DIRECTION('',(-0.,1.));
#862 = ( GEOMETRIC_REPRESENTATION_CONTEXT(2) 
PARAMETRIC_REPRESENTATION_CONTEXT() REPRESENTATION_CONTEXT('2D SPACE',''
  ) );
#863 = PCURVE('',#864,#869);
#864 = PLANE('',#865);
#865 = AXIS2_PLACEMENT_3D('',#866,#867,#868);
#866 = CARTESIAN_POINT('',(18.3,3.,3.));
#867 = DIRECTION('',(-0.,-0.,-1.));
#868 = DIRECTION('',(1.,0.,0.));
#869 = DEFINITIONAL_REPRESENTATION('',(#870),#874);
#870 = LINE('',#871,#872);
#871 = CARTESIAN_POINT('',(-9.15,-14.5));
#872 = VECTOR('',#873,1.);
#873 = DIRECTION('',(-1.,0.));
#874 = ( GEOMETRIC_REPRESENTATION_CONTEXT(2) 
PARAMETRIC_REPRESENTATION_CONTEXT() REPRESENTATION_CONTEXT('2D SPACE',''
  ) );
#875 = FACE_BOUND('',#876,.T.);
#876 = EDGE_LOOP('',(#877));
#877 = ORIENTED_EDGE('',*,*,#878,.T.);
#878 = EDGE_CURVE('',#879,#879,#881,.T.);
#879 = VERTEX_POINT('',#880);
#880 = CARTESIAN_POINT('',(-20.65,17.5,159.1));
#881 = SURFACE_CURVE('',#882,(#887,#894),.PCURVE_S1.);
#882 = CIRCLE('',#883,2.1);
#883 = AXIS2_PLACEMENT_3D('',#884,#885,#886);
#884 = CARTESIAN_POINT('',(-20.65,17.5,157.));
#885 = DIRECTION('',(0.,-1.,0.));
#886 = DIRECTION('',(-0.,-0.,1.));
#887 = PCURVE('',#270,#888);
#888 = DEFINITIONAL_REPRESENTATION('',(#889),#893);
#889 = CIRCLE('',#890,2.1);
#890 = AXIS2_PLACEMENT_2D('',#891,#892);
#891 = CARTESIAN_POINT('',(76.539453844835,20.65));
#892 = DIRECTION('',(1.,-0.));
#893 = ( GEOMETRIC_REPRESENTATION_CONTEXT(2) 
PARAMETRIC_REPRESENTATION_CONTEXT() REPRESENTATION_CONTEXT('2D SPACE',''
  ) );
#894 = PCURVE('',#895,#900);
#895 = CYLINDRICAL_SURFACE('',#896,2.1);
#896 = AXIS2_PLACEMENT_3D('',#897,#898,#899);
#897 = CARTESIAN_POINT('',(-20.65,15.35,157.));
#898 = DIRECTION('',(-0.,1.,-0.));
#899 = DIRECTION('',(-0.,-0.,1.));
#900 = DEFINITIONAL_REPRESENTATION('',(#901),#905);
#901 = LINE('',#902,#903);
#902 = CARTESIAN_POINT('',(-0.,2.15));
#903 = VECTOR('',#904,1.);
#904 = DIRECTION('',(-1.,0.));
#905 = ( GEOMETRIC_REPRESENTATION_CONTEXT(2) 
PARAMETRIC_REPRESENTATION_CONTEXT() REPRESENTATION_CONTEXT('2D SPACE',''
  ) );
#906 = FACE_BOUND('',#907,.T.);
#907 = EDGE_LOOP('',(#908,#938,#966,#994));
#908 = ORIENTED_EDGE('',*,*,#909,.T.);
#909 = EDGE_CURVE('',#910,#912,#914,.T.);
#910 = VERTEX_POINT('',#911);
#911 = CARTESIAN_POINT('',(-21.25,17.5,135.));
#912 = VERTEX_POINT('',#913);
#913 = CARTESIAN_POINT('',(-20.25,17.5,135.));
#914 = SURFACE_CURVE('',#915,(#919,#926),.PCURVE_S1.);
#915 = LINE('',#916,#917);
#916 = CARTESIAN_POINT('',(-10.125,17.5,135.));
#917 = VECTOR('',#918,1.);
#918 = DIRECTION('',(1.,-0.,-0.));
#919 = PCURVE('',#270,#920);
#920 = DEFINITIONAL_REPRESENTATION('',(#921),#925);
#921 = LINE('',#922,#923);
#922 = CARTESIAN_POINT('',(54.539453844835,10.125));
#923 = VECTOR('',#924,1.);
#924 = DIRECTION('',(-0.,-1.));
#925 = ( GEOMETRIC_REPRESENTATION_CONTEXT(2) 
PARAMETRIC_REPRESENTATION_CONTEXT() REPRESENTATION_CONTEXT('2D SPACE',''
  ) );
#926 = PCURVE('',#927,#932);
#927 = PLANE('',#928);
#928 = AXIS2_PLACEMENT_3D('',#929,#930,#931);
#929 = CARTESIAN_POINT('',(-20.25,17.3,135.));
#930 = DIRECTION('',(-0.,-0.,1.));
#931 = DIRECTION('',(1.,0.,0.));
#932 = DEFINITIONAL_REPRESENTATION('',(#933),#937);
#933 = LINE('',#934,#935);
#934 = CARTESIAN_POINT('',(10.125,0.2));
#935 = VECTOR('',#936,1.);
#936 = DIRECTION('',(1.,-0.));
#937 = ( GEOMETRIC_REPRESENTATION_CONTEXT(2) 
PARAMETRIC_REPRESENTATION_CONTEXT() REPRESENTATION_CONTEXT('2D SPACE',''
  ) );
#938 = ORIENTED_EDGE('',*,*,#939,.T.);
#939 = EDGE_CURVE('',#912,#940,#942,.T.);
#940 = VERTEX_POINT('',#941);
#941 = CARTESIAN_POINT('',(-20.25,17.5,145.));
#942 = SURFACE_CURVE('',#943,(#947,#954),.PCURVE_S1.);
#943 = LINE('',#944,#945);
#944 = CARTESIAN_POINT('',(-20.25,17.5,107.73027307758));
#945 = VECTOR('',#946,1.);
#946 = DIRECTION('',(-0.,-0.,1.));
#947 = PCURVE('',#270,#948);
#948 = DEFINITIONAL_REPRESENTATION('',(#949),#953);
#949 = LINE('',#950,#951);
#950 = CARTESIAN_POINT('',(27.269726922418,20.25));
#951 = VECTOR('',#952,1.);
#952 = DIRECTION('',(1.,-0.));
#953 = ( GEOMETRIC_REPRESENTATION_CONTEXT(2) 
PARAMETRIC_REPRESENTATION_CONTEXT() REPRESENTATION_CONTEXT('2D SPACE',''
  ) );
#954 = PCURVE('',#955,#960);
#955 = PLANE('',#956);
#956 = AXIS2_PLACEMENT_3D('',#957,#958,#959);
#957 = CARTESIAN_POINT('',(-20.25,17.3,135.));
#958 = DIRECTION('',(-1.,-0.,-0.));
#959 = DIRECTION('',(0.,0.,-1.));
#960 = DEFINITIONAL_REPRESENTATION('',(#961),#965);
#961 = LINE('',#962,#963);
#962 = CARTESIAN_POINT('',(27.269726922418,-0.2));
#963 = VECTOR('',#964,1.);
#964 = DIRECTION('',(-1.,-0.));
#965 = ( GEOMETRIC_REPRESENTATION_CONTEXT(2) 
PARAMETRIC_REPRESENTATION_CONTEXT() REPRESENTATION_CONTEXT('2D SPACE',''
  ) );
#966 = ORIENTED_EDGE('',*,*,#967,.F.);
#967 = EDGE_CURVE('',#968,#940,#970,.T.);
#968 = VERTEX_POINT('',#969);
#969 = CARTESIAN_POINT('',(-21.25,17.5,145.));
#970 = SURFACE_CURVE('',#971,(#975,#982),.PCURVE_S1.);
#971 = LINE('',#972,#973);
#972 = CARTESIAN_POINT('',(-10.125,17.5,145.));
#973 = VECTOR('',#974,1.);
#974 = DIRECTION('',(1.,-0.,-0.));
#975 = PCURVE('',#270,#976);
#976 = DEFINITIONAL_REPRESENTATION('',(#977),#981);
#977 = LINE('',#978,#979);
#978 = CARTESIAN_POINT('',(64.539453844835,10.125));
#979 = VECTOR('',#980,1.);
#980 = DIRECTION('',(-0.,-1.));
#981 = ( GEOMETRIC_REPRESENTATION_CONTEXT(2) 
PARAMETRIC_REPRESENTATION_CONTEXT() REPRESENTATION_CONTEXT('2D SPACE',''
  ) );
#982 = PCURVE('',#983,#988);
#983 = PLANE('',#984);
#984 = AXIS2_PLACEMENT_3D('',#985,#986,#987);
#985 = CARTESIAN_POINT('',(-20.25,17.3,145.));
#986 = DIRECTION('',(-0.,-0.,1.));
#987 = DIRECTION('',(1.,0.,0.));
#988 = DEFINITIONAL_REPRESENTATION('',(#989),#993);
#989 = LINE('',#990,#991);
#990 = CARTESIAN_POINT('',(10.125,0.2));
#991 = VECTOR('',#992,1.);
#992 = DIRECTION('',(1.,-0.));
#993 = ( GEOMETRIC_REPRESENTATION_CONTEXT(2) 
PARAMETRIC_REPRESENTATION_CONTEXT() REPRESENTATION_CONTEXT('2D SPACE',''
  ) );
#994 = ORIENTED_EDGE('',*,*,#995,.F.);
#995 = EDGE_CURVE('',#910,#968,#996,.T.);
#996 = SURFACE_CURVE('',#997,(#1001,#1008),.PCURVE_S1.);
#997 = LINE('',#998,#999);
#998 = CARTESIAN_POINT('',(-21.25,17.5,107.73027307758));
#999 = VECTOR('',#1000,1.);
#1000 = DIRECTION('',(-0.,-0.,1.));
#1001 = PCURVE('',#270,#1002);
#1002 = DEFINITIONAL_REPRESENTATION('',(#1003),#1007);
#1003 = LINE('',#1004,#1005);
#1004 = CARTESIAN_POINT('',(27.269726922418,21.25));
#1005 = VECTOR('',#1006,1.);
#1006 = DIRECTION('',(1.,-0.));
#1007 = ( GEOMETRIC_REPRESENTATION_CONTEXT(2) 
PARAMETRIC_REPRESENTATION_CONTEXT() REPRESENTATION_CONTEXT('2D SPACE',''
  ) );
#1008 = PCURVE('',#1009,#1014);
#1009 = PLANE('',#1010);
#1010 = AXIS2_PLACEMENT_3D('',#1011,#1012,#1013);
#1011 = CARTESIAN_POINT('',(-21.25,17.3,135.));
#1012 = DIRECTION('',(-1.,-0.,-0.));
#1013 = DIRECTION('',(0.,0.,-1.));
#1014 = DEFINITIONAL_REPRESENTATION('',(#1015),#1019);
#1015 = LINE('',#1016,#1017);
#1016 = CARTESIAN_POINT('',(27.269726922418,-0.2));
#1017 = VECTOR('',#1018,1.);
#1018 = DIRECTION('',(-1.,-0.));
#1019 = ( GEOMETRIC_REPRESENTATION_CONTEXT(2) 
PARAMETRIC_REPRESENTATION_CONTEXT() REPRESENTATION_CONTEXT('2D SPACE',''
  ) );
#1020 = FACE_BOUND('',#1021,.T.);
#1021 = EDGE_LOOP('',(#1022,#1052,#1080,#1108));
#1022 = ORIENTED_EDGE('',*,*,#1023,.T.);
#1023 = EDGE_CURVE('',#1024,#1026,#1028,.T.);
#1024 = VERTEX_POINT('',#1025);
#1025 = CARTESIAN_POINT('',(-21.25,17.5,75.));
#1026 = VERTEX_POINT('',#1027);
#1027 = CARTESIAN_POINT('',(-20.25,17.5,75.));
#1028 = SURFACE_CURVE('',#1029,(#1033,#1040),.PCURVE_S1.);
#1029 = LINE('',#1030,#1031);
#1030 = CARTESIAN_POINT('',(-10.125,17.5,75.));
#1031 = VECTOR('',#1032,1.);
#1032 = DIRECTION('',(1.,-0.,-0.));
#1033 = PCURVE('',#270,#1034);
#1034 = DEFINITIONAL_REPRESENTATION('',(#1035),#1039);
#1035 = LINE('',#1036,#1037);
#1036 = CARTESIAN_POINT('',(-5.460546155165,10.125));
#1037 = VECTOR('',#1038,1.);
#1038 = DIRECTION('',(-0.,-1.));
#1039 = ( GEOMETRIC_REPRESENTATION_CONTEXT(2) 
PARAMETRIC_REPRESENTATION_CONTEXT() REPRESENTATION_CONTEXT('2D SPACE',''
  ) );
#1040 = PCURVE('',#1041,#1046);
#1041 = PLANE('',#1042);
#1042 = AXIS2_PLACEMENT_3D('',#1043,#1044,#1045);
#1043 = CARTESIAN_POINT('',(-20.25,17.3,75.));
#1044 = DIRECTION('',(-0.,-0.,1.));
#1045 = DIRECTION('',(1.,0.,0.));
#1046 = DEFINITIONAL_REPRESENTATION('',(#1047),#1051);
#1047 = LINE('',#1048,#1049);
#1048 = CARTESIAN_POINT('',(10.125,0.2));
#1049 = VECTOR('',#1050,1.);
#1050 = DIRECTION('',(1.,-0.));
#1051 = ( GEOMETRIC_REPRESENTATION_CONTEXT(2) 
PARAMETRIC_REPRESENTATION_CONTEXT() REPRESENTATION_CONTEXT('2D SPACE',''
  ) );
#1052 = ORIENTED_EDGE('',*,*,#1053,.T.);
#1053 = EDGE_CURVE('',#1026,#1054,#1056,.T.);
#1054 = VERTEX_POINT('',#1055);
#1055 = CARTESIAN_POINT('',(-20.25,17.5,102.));
#1056 = SURFACE_CURVE('',#1057,(#1061,#1068),.PCURVE_S1.);
#1057 = LINE('',#1058,#1059);
#1058 = CARTESIAN_POINT('',(-20.25,17.5,77.730273077582));
#1059 = VECTOR('',#1060,1.);
#1060 = DIRECTION('',(-0.,-0.,1.));
#1061 = PCURVE('',#270,#1062);
#1062 = DEFINITIONAL_REPRESENTATION('',(#1063),#1067);
#1063 = LINE('',#1064,#1065);
#1064 = CARTESIAN_POINT('',(-2.730273077582,20.25));
#1065 = VECTOR('',#1066,1.);
#1066 = DIRECTION('',(1.,-0.));
#1067 = ( GEOMETRIC_REPRESENTATION_CONTEXT(2) 
PARAMETRIC_REPRESENTATION_CONTEXT() REPRESENTATION_CONTEXT('2D SPACE',''
  ) );
#1068 = PCURVE('',#1069,#1074);
#1069 = PLANE('',#1070);
#1070 = AXIS2_PLACEMENT_3D('',#1071,#1072,#1073);
#1071 = CARTESIAN_POINT('',(-20.25,17.3,75.));
#1072 = DIRECTION('',(-1.,-0.,-0.));
#1073 = DIRECTION('',(0.,0.,-1.));
#1074 = DEFINITIONAL_REPRESENTATION('',(#1075),#1079);
#1075 = LINE('',#1076,#1077);
#1076 = CARTESIAN_POINT('',(-2.730273077582,-0.2));
#1077 = VECTOR('',#1078,1.);
#1078 = DIRECTION('',(-1.,-0.));
#1079 = ( GEOMETRIC_REPRESENTATION_CONTEXT(2) 
PARAMETRIC_REPRESENTATION_CONTEXT() REPRESENTATION_CONTEXT('2D SPACE',''
  ) );
#1080 = ORIENTED_EDGE('',*,*,#1081,.F.);
#1081 = EDGE_CURVE('',#1082,#1054,#1084,.T.);
#1082 = VERTEX_POINT('',#1083);
#1083 = CARTESIAN_POINT('',(-21.25,17.5,102.));
#1084 = SURFACE_CURVE('',#1085,(#1089,#1096),.PCURVE_S1.);
#1085 = LINE('',#1086,#1087);
#1086 = CARTESIAN_POINT('',(-10.125,17.5,102.));
#1087 = VECTOR('',#1088,1.);
#1088 = DIRECTION('',(1.,-0.,-0.));
#1089 = PCURVE('',#270,#1090);
#1090 = DEFINITIONAL_REPRESENTATION('',(#1091),#1095);
#1091 = LINE('',#1092,#1093);
#1092 = CARTESIAN_POINT('',(21.539453844835,10.125));
#1093 = VECTOR('',#1094,1.);
#1094 = DIRECTION('',(-0.,-1.));
#1095 = ( GEOMETRIC_REPRESENTATION_CONTEXT(2) 
PARAMETRIC_REPRESENTATION_CONTEXT() REPRESENTATION_CONTEXT('2D SPACE',''
  ) );
#1096 = PCURVE('',#1097,#1102);
#1097 = PLANE('',#1098);
#1098 = AXIS2_PLACEMENT_3D('',#1099,#1100,#1101);
#1099 = CARTESIAN_POINT('',(-20.25,17.3,102.));
#1100 = DIRECTION('',(-0.,-0.,1.));
#1101 = DIRECTION('',(1.,0.,0.));
#1102 = DEFINITIONAL_REPRESENTATION('',(#1103),#1107);
#1103 = LINE('',#1104,#1105);
#1104 = CARTESIAN_POINT('',(10.125,0.2));
#1105 = VECTOR('',#1106,1.);
#1106 = DIRECTION('',(1.,-0.));
#1107 = ( GEOMETRIC_REPRESENTATION_CONTEXT(2) 
PARAMETRIC_REPRESENTATION_CONTEXT() REPRESENTATION_CONTEXT('2D SPACE',''
  ) );
#1108 = ORIENTED_EDGE('',*,*,#1109,.F.);
#1109 = EDGE_CURVE('',#1024,#1082,#1110,.T.);
#1110 = SURFACE_CURVE('',#1111,(#1115,#1122),.PCURVE_S1.);
#1111 = LINE('',#1112,#1113);
#1112 = CARTESIAN_POINT('',(-21.25,17.5,77.730273077582));
#1113 = VECTOR('',#1114,1.);
#1114 = DIRECTION('',(-0.,-0.,1.));
#1115 = PCURVE('',#270,#1116);
#1116 = DEFINITIONAL_REPRESENTATION('',(#1117),#1121);
#1117 = LINE('',#1118,#1119);
#1118 = CARTESIAN_POINT('',(-2.730273077582,21.25));
#1119 = VECTOR('',#1120,1.);
#1120 = DIRECTION('',(1.,-0.));
#1121 = ( GEOMETRIC_REPRESENTATION_CONTEXT(2) 
PARAMETRIC_REPRESENTATION_CONTEXT() REPRESENTATION_CONTEXT('2D SPACE',''
  ) );
#1122 = PCURVE('',#1123,#1128);
#1123 = PLANE('',#1124);
#1124 = AXIS2_PLACEMENT_3D('',#1125,#1126,#1127);
#1125 = CARTESIAN_POINT('',(-21.25,17.3,75.));
#1126 = DIRECTION('',(-1.,-0.,-0.));
#1127 = DIRECTION('',(0.,0.,-1.));
#1128 = DEFINITIONAL_REPRESENTATION('',(#1129),#1133);
#1129 = LINE('',#1130,#1131);
#1130 = CARTESIAN_POINT('',(-2.730273077582,-0.2));
#1131 = VECTOR('',#1132,1.);
#1132 = DIRECTION('',(-1.,-0.));
#1133 = ( GEOMETRIC_REPRESENTATION_CONTEXT(2) 
PARAMETRIC_REPRESENTATION_CONTEXT() REPRESENTATION_CONTEXT('2D SPACE',''
  ) );
#1134 = FACE_BOUND('',#1135,.T.);
#1135 = EDGE_LOOP('',(#1136,#1166,#1194,#1222));
#1136 = ORIENTED_EDGE('',*,*,#1137,.T.);
#1137 = EDGE_CURVE('',#1138,#1140,#1142,.T.);
#1138 = VERTEX_POINT('',#1139);
#1139 = CARTESIAN_POINT('',(-21.25,17.5,25.));
#1140 = VERTEX_POINT('',#1141);
#1141 = CARTESIAN_POINT('',(-20.25,17.5,25.));
#1142 = SURFACE_CURVE('',#1143,(#1147,#1154),.PCURVE_S1.);
#1143 = LINE('',#1144,#1145);
#1144 = CARTESIAN_POINT('',(-10.125,17.5,25.));
#1145 = VECTOR('',#1146,1.);
#1146 = DIRECTION('',(1.,-0.,-0.));
#1147 = PCURVE('',#270,#1148);
#1148 = DEFINITIONAL_REPRESENTATION('',(#1149),#1153);
#1149 = LINE('',#1150,#1151);
#1150 = CARTESIAN_POINT('',(-55.46054615516,10.125));
#1151 = VECTOR('',#1152,1.);
#1152 = DIRECTION('',(-0.,-1.));
#1153 = ( GEOMETRIC_REPRESENTATION_CONTEXT(2) 
PARAMETRIC_REPRESENTATION_CONTEXT() REPRESENTATION_CONTEXT('2D SPACE',''
  ) );
#1154 = PCURVE('',#1155,#1160);
#1155 = PLANE('',#1156);
#1156 = AXIS2_PLACEMENT_3D('',#1157,#1158,#1159);
#1157 = CARTESIAN_POINT('',(-20.25,17.3,25.));
#1158 = DIRECTION('',(-0.,-0.,1.));
#1159 = DIRECTION('',(1.,0.,0.));
#1160 = DEFINITIONAL_REPRESENTATION('',(#1161),#1165);
#1161 = LINE('',#1162,#1163);
#1162 = CARTESIAN_POINT('',(10.125,0.2));
#1163 = VECTOR('',#1164,1.);
#1164 = DIRECTION('',(1.,-0.));
#1165 = ( GEOMETRIC_REPRESENTATION_CONTEXT(2) 
PARAMETRIC_REPRESENTATION_CONTEXT() REPRESENTATION_CONTEXT('2D SPACE',''
  ) );
#1166 = ORIENTED_EDGE('',*,*,#1167,.T.);
#1167 = EDGE_CURVE('',#1140,#1168,#1170,.T.);
#1168 = VERTEX_POINT('',#1169);
#1169 = CARTESIAN_POINT('',(-20.25,17.5,55.));
#1170 = SURFACE_CURVE('',#1171,(#1175,#1182),.PCURVE_S1.);
#1171 = LINE('',#1172,#1173);
#1172 = CARTESIAN_POINT('',(-20.25,17.5,52.730273077582));
#1173 = VECTOR('',#1174,1.);
#1174 = DIRECTION('',(-0.,-0.,1.));
#1175 = PCURVE('',#270,#1176);
#1176 = DEFINITIONAL_REPRESENTATION('',(#1177),#1181);
#1177 = LINE('',#1178,#1179);
#1178 = CARTESIAN_POINT('',(-27.73027307758,20.25));
#1179 = VECTOR('',#1180,1.);
#1180 = DIRECTION('',(1.,-0.));
#1181 = ( GEOMETRIC_REPRESENTATION_CONTEXT(2) 
PARAMETRIC_REPRESENTATION_CONTEXT() REPRESENTATION_CONTEXT('2D SPACE',''
  ) );
#1182 = PCURVE('',#1183,#1188);
#1183 = PLANE('',#1184);
#1184 = AXIS2_PLACEMENT_3D('',#1185,#1186,#1187);
#1185 = CARTESIAN_POINT('',(-20.25,17.3,25.));
#1186 = DIRECTION('',(-1.,-0.,-0.));
#1187 = DIRECTION('',(0.,0.,-1.));
#1188 = DEFINITIONAL_REPRESENTATION('',(#1189),#1193);
#1189 = LINE('',#1190,#1191);
#1190 = CARTESIAN_POINT('',(-27.73027307758,-0.2));
#1191 = VECTOR('',#1192,1.);
#1192 = DIRECTION('',(-1.,-0.));
#1193 = ( GEOMETRIC_REPRESENTATION_CONTEXT(2) 
PARAMETRIC_REPRESENTATION_CONTEXT() REPRESENTATION_CONTEXT('2D SPACE',''
  ) );
#1194 = ORIENTED_EDGE('',*,*,#1195,.F.);
#1195 = EDGE_CURVE('',#1196,#1168,#1198,.T.);
#1196 = VERTEX_POINT('',#1197);
#1197 = CARTESIAN_POINT('',(-21.25,17.5,55.));
#1198 = SURFACE_CURVE('',#1199,(#1203,#1210),.PCURVE_S1.);
#1199 = LINE('',#1200,#1201);
#1200 = CARTESIAN_POINT('',(-10.125,17.5,55.));
#1201 = VECTOR('',#1202,1.);
#1202 = DIRECTION('',(1.,-0.,-0.));
#1203 = PCURVE('',#270,#1204);
#1204 = DEFINITIONAL_REPRESENTATION('',(#1205),#1209);
#1205 = LINE('',#1206,#1207);
#1206 = CARTESIAN_POINT('',(-25.46054615516,10.125));
#1207 = VECTOR('',#1208,1.);
#1208 = DIRECTION('',(-0.,-1.));
#1209 = ( GEOMETRIC_REPRESENTATION_CONTEXT(2) 
PARAMETRIC_REPRESENTATION_CONTEXT() REPRESENTATION_CONTEXT('2D SPACE',''
  ) );
#1210 = PCURVE('',#1211,#1216);
#1211 = PLANE('',#1212);
#1212 = AXIS2_PLACEMENT_3D('',#1213,#1214,#1215);
#1213 = CARTESIAN_POINT('',(-20.25,17.3,55.));
#1214 = DIRECTION('',(-0.,-0.,1.));
#1215 = DIRECTION('',(1.,0.,0.));
#1216 = DEFINITIONAL_REPRESENTATION('',(#1217),#1221);
#1217 = LINE('',#1218,#1219);
#1218 = CARTESIAN_POINT('',(10.125,0.2));
#1219 = VECTOR('',#1220,1.);
#1220 = DIRECTION('',(1.,-0.));
#1221 = ( GEOMETRIC_REPRESENTATION_CONTEXT(2) 
PARAMETRIC_REPRESENTATION_CONTEXT() REPRESENTATION_CONTEXT('2D SPACE',''
  ) );
#1222 = ORIENTED_EDGE('',*,*,#1223,.F.);
#1223 = EDGE_CURVE('',#1138,#1196,#1224,.T.);
#1224 = SURFACE_CURVE('',#1225,(#1229,#1236),.PCURVE_S1.);
#1225 = LINE('',#1226,#1227);
#1226 = CARTESIAN_POINT('',(-21.25,17.5,52.730273077582));
#1227 = VECTOR('',#1228,1.);
#1228 = DIRECTION('',(-0.,-0.,1.));
#1229 = PCURVE('',#270,#1230);
#1230 = DEFINITIONAL_REPRESENTATION('',(#1231),#1235);
#1231 = LINE('',#1232,#1233);
#1232 = CARTESIAN_POINT('',(-27.73027307758,21.25));
#1233 = VECTOR('',#1234,1.);
#1234 = DIRECTION('',(1.,-0.));
#1235 = ( GEOMETRIC_REPRESENTATION_CONTEXT(2) 
PARAMETRIC_REPRESENTATION_CONTEXT() REPRESENTATION_CONTEXT('2D SPACE',''
  ) );
#1236 = PCURVE('',#1237,#1242);
#1237 = PLANE('',#1238);
#1238 = AXIS2_PLACEMENT_3D('',#1239,#1240,#1241);
#1239 = CARTESIAN_POINT('',(-21.25,17.3,25.));
#1240 = DIRECTION('',(-1.,-0.,-0.));
#1241 = DIRECTION('',(0.,0.,-1.));
#1242 = DEFINITIONAL_REPRESENTATION('',(#1243),#1247);
#1243 = LINE('',#1244,#1245);
#1244 = CARTESIAN_POINT('',(-27.73027307758,-0.2));
#1245 = VECTOR('',#1246,1.);
#1246 = DIRECTION('',(-1.,-0.));
#1247 = ( GEOMETRIC_REPRESENTATION_CONTEXT(2) 
PARAMETRIC_REPRESENTATION_CONTEXT() REPRESENTATION_CONTEXT('2D SPACE',''
  ) );
#1248 = FACE_BOUND('',#1249,.T.);
#1249 = EDGE_LOOP('',(#1250));
#1250 = ORIENTED_EDGE('',*,*,#1251,.T.);
#1251 = EDGE_CURVE('',#1252,#1252,#1254,.T.);
#1252 = VERTEX_POINT('',#1253);
#1253 = CARTESIAN_POINT('',(-20.65,17.5,6.7));
#1254 = SURFACE_CURVE('',#1255,(#1260,#1267),.PCURVE_S1.);
#1255 = CIRCLE('',#1256,2.1);
#1256 = AXIS2_PLACEMENT_3D('',#1257,#1258,#1259);
#1257 = CARTESIAN_POINT('',(-20.65,17.5,4.6));
#1258 = DIRECTION('',(0.,-1.,0.));
#1259 = DIRECTION('',(-0.,-0.,1.));
#1260 = PCURVE('',#270,#1261);
#1261 = DEFINITIONAL_REPRESENTATION('',(#1262),#1266);
#1262 = CIRCLE('',#1263,2.1);
#1263 = AXIS2_PLACEMENT_2D('',#1264,#1265);
#1264 = CARTESIAN_POINT('',(-75.86054615516,20.65));
#1265 = DIRECTION('',(1.,-0.));
#1266 = ( GEOMETRIC_REPRESENTATION_CONTEXT(2) 
PARAMETRIC_REPRESENTATION_CONTEXT() REPRESENTATION_CONTEXT('2D SPACE',''
  ) );
#1267 = PCURVE('',#1268,#1273);
#1268 = CYLINDRICAL_SURFACE('',#1269,2.1);
#1269 = AXIS2_PLACEMENT_3D('',#1270,#1271,#1272);
#1270 = CARTESIAN_POINT('',(-20.65,15.35,4.6));
#1271 = DIRECTION('',(-0.,1.,-0.));
#1272 = DIRECTION('',(-0.,-0.,1.));
#1273 = DEFINITIONAL_REPRESENTATION('',(#1274),#1278);
#1274 = LINE('',#1275,#1276);
#1275 = CARTESIAN_POINT('',(-0.,2.15));
#1276 = VECTOR('',#1277,1.);
#1277 = DIRECTION('',(-1.,0.));
#1278 = ( GEOMETRIC_REPRESENTATION_CONTEXT(2) 
PARAMETRIC_REPRESENTATION_CONTEXT() REPRESENTATION_CONTEXT('2D SPACE',''
  ) );
#1279 = ADVANCED_FACE('',(#1280),#242,.F.);
#1280 = FACE_BOUND('',#1281,.T.);
#1281 = EDGE_LOOP('',(#1282,#1305,#1326,#1327));
#1282 = ORIENTED_EDGE('',*,*,#1283,.T.);
#1283 = EDGE_CURVE('',#493,#1284,#1286,.T.);
#1284 = VERTEX_POINT('',#1285);
#1285 = CARTESIAN_POINT('',(-7.,15.6,3.));
#1286 = SURFACE_CURVE('',#1287,(#1291,#1298),.PCURVE_S1.);
#1287 = LINE('',#1288,#1289);
#1288 = CARTESIAN_POINT('',(-7.,8.5,3.));
#1289 = VECTOR('',#1290,1.);
#1290 = DIRECTION('',(-0.,-1.,-0.));
#1291 = PCURVE('',#242,#1292);
#1292 = DEFINITIONAL_REPRESENTATION('',(#1293),#1297);
#1293 = LINE('',#1294,#1295);
#1294 = CARTESIAN_POINT('',(-13.,5.5));
#1295 = VECTOR('',#1296,1.);
#1296 = DIRECTION('',(-0.,1.));
#1297 = ( GEOMETRIC_REPRESENTATION_CONTEXT(2) 
PARAMETRIC_REPRESENTATION_CONTEXT() REPRESENTATION_CONTEXT('2D SPACE',''
  ) );
#1298 = PCURVE('',#864,#1299);
#1299 = DEFINITIONAL_REPRESENTATION('',(#1300),#1304);
#1300 = LINE('',#1301,#1302);
#1301 = CARTESIAN_POINT('',(-25.3,-5.5));
#1302 = VECTOR('',#1303,1.);
#1303 = DIRECTION('',(-0.,1.));
#1304 = ( GEOMETRIC_REPRESENTATION_CONTEXT(2) 
PARAMETRIC_REPRESENTATION_CONTEXT() REPRESENTATION_CONTEXT('2D SPACE',''
  ) );
#1305 = ORIENTED_EDGE('',*,*,#1306,.F.);
#1306 = EDGE_CURVE('',#198,#1284,#1307,.T.);
#1307 = SURFACE_CURVE('',#1308,(#1312,#1319),.PCURVE_S1.);
#1308 = LINE('',#1309,#1310);
#1309 = CARTESIAN_POINT('',(-7.,15.6,-1.));
#1310 = VECTOR('',#1311,1.);
#1311 = DIRECTION('',(-0.,-0.,1.));
#1312 = PCURVE('',#242,#1313);
#1313 = DEFINITIONAL_REPRESENTATION('',(#1314),#1318);
#1314 = LINE('',#1315,#1316);
#1315 = CARTESIAN_POINT('',(-9.,-1.6));
#1316 = VECTOR('',#1317,1.);
#1317 = DIRECTION('',(-1.,-0.));
#1318 = ( GEOMETRIC_REPRESENTATION_CONTEXT(2) 
PARAMETRIC_REPRESENTATION_CONTEXT() REPRESENTATION_CONTEXT('2D SPACE',''
  ) );
#1319 = PCURVE('',#214,#1320);
#1320 = DEFINITIONAL_REPRESENTATION('',(#1321),#1325);
#1321 = LINE('',#1322,#1323);
#1322 = CARTESIAN_POINT('',(-1.570796326795,0.));
#1323 = VECTOR('',#1324,1.);
#1324 = DIRECTION('',(-0.,1.));
#1325 = ( GEOMETRIC_REPRESENTATION_CONTEXT(2) 
PARAMETRIC_REPRESENTATION_CONTEXT() REPRESENTATION_CONTEXT('2D SPACE',''
  ) );
#1326 = ORIENTED_EDGE('',*,*,#226,.F.);
#1327 = ORIENTED_EDGE('',*,*,#492,.T.);
#1328 = ADVANCED_FACE('',(#1329),#214,.F.);
#1329 = FACE_BOUND('',#1330,.T.);
#1330 = EDGE_LOOP('',(#1331,#1354,#1355,#1356));
#1331 = ORIENTED_EDGE('',*,*,#1332,.F.);
#1332 = EDGE_CURVE('',#170,#1333,#1335,.T.);
#1333 = VERTEX_POINT('',#1334);
#1334 = CARTESIAN_POINT('',(-5.4,14.,3.));
#1335 = SURFACE_CURVE('',#1336,(#1340,#1347),.PCURVE_S1.);
#1336 = LINE('',#1337,#1338);
#1337 = CARTESIAN_POINT('',(-5.4,14.,-1.));
#1338 = VECTOR('',#1339,1.);
#1339 = DIRECTION('',(-0.,-0.,1.));
#1340 = PCURVE('',#214,#1341);
#1341 = DEFINITIONAL_REPRESENTATION('',(#1342),#1346);
#1342 = LINE('',#1343,#1344);
#1343 = CARTESIAN_POINT('',(-0.,0.));
#1344 = VECTOR('',#1345,1.);
#1345 = DIRECTION('',(-0.,1.));
#1346 = ( GEOMETRIC_REPRESENTATION_CONTEXT(2) 
PARAMETRIC_REPRESENTATION_CONTEXT() REPRESENTATION_CONTEXT('2D SPACE',''
  ) );
#1347 = PCURVE('',#185,#1348);
#1348 = DEFINITIONAL_REPRESENTATION('',(#1349),#1353);
#1349 = LINE('',#1350,#1351);
#1350 = CARTESIAN_POINT('',(-1.,5.4));
#1351 = VECTOR('',#1352,1.);
#1352 = DIRECTION('',(1.,-0.));
#1353 = ( GEOMETRIC_REPRESENTATION_CONTEXT(2) 
PARAMETRIC_REPRESENTATION_CONTEXT() REPRESENTATION_CONTEXT('2D SPACE',''
  ) );
#1354 = ORIENTED_EDGE('',*,*,#197,.T.);
#1355 = ORIENTED_EDGE('',*,*,#1306,.T.);
#1356 = ORIENTED_EDGE('',*,*,#1357,.F.);
#1357 = EDGE_CURVE('',#1333,#1284,#1358,.T.);
#1358 = SURFACE_CURVE('',#1359,(#1364,#1371),.PCURVE_S1.);
#1359 = CIRCLE('',#1360,1.6);
#1360 = AXIS2_PLACEMENT_3D('',#1361,#1362,#1363);
#1361 = CARTESIAN_POINT('',(-5.4,15.6,3.));
#1362 = DIRECTION('',(0.,0.,-1.));
#1363 = DIRECTION('',(-0.,-1.,-0.));
#1364 = PCURVE('',#214,#1365);
#1365 = DEFINITIONAL_REPRESENTATION('',(#1366),#1370);
#1366 = LINE('',#1367,#1368);
#1367 = CARTESIAN_POINT('',(-0.,4.));
#1368 = VECTOR('',#1369,1.);
#1369 = DIRECTION('',(-1.,0.));
#1370 = ( GEOMETRIC_REPRESENTATION_CONTEXT(2) 
PARAMETRIC_REPRESENTATION_CONTEXT() REPRESENTATION_CONTEXT('2D SPACE',''
  ) );
#1371 = PCURVE('',#864,#1372);
#1372 = DEFINITIONAL_REPRESENTATION('',(#1373),#1377);
#1373 = CIRCLE('',#1374,1.6);
#1374 = AXIS2_PLACEMENT_2D('',#1375,#1376);
#1375 = CARTESIAN_POINT('',(-23.7,-12.6));
#1376 = DIRECTION('',(-0.,1.));
#1377 = ( GEOMETRIC_REPRESENTATION_CONTEXT(2) 
PARAMETRIC_REPRESENTATION_CONTEXT() REPRESENTATION_CONTEXT('2D SPACE',''
  ) );
#1378 = ADVANCED_FACE('',(#1379),#185,.F.);
#1379 = FACE_BOUND('',#1380,.T.);
#1380 = EDGE_LOOP('',(#1381,#1404,#1425,#1426));
#1381 = ORIENTED_EDGE('',*,*,#1382,.T.);
#1382 = EDGE_CURVE('',#1333,#1383,#1385,.T.);
#1383 = VERTEX_POINT('',#1384);
#1384 = CARTESIAN_POINT('',(5.4,14.,3.));
#1385 = SURFACE_CURVE('',#1386,(#1390,#1397),.PCURVE_S1.);
#1386 = LINE('',#1387,#1388);
#1387 = CARTESIAN_POINT('',(9.15,14.,3.));
#1388 = VECTOR('',#1389,1.);
#1389 = DIRECTION('',(1.,-0.,-0.));
#1390 = PCURVE('',#185,#1391);
#1391 = DEFINITIONAL_REPRESENTATION('',(#1392),#1396);
#1392 = LINE('',#1393,#1394);
#1393 = CARTESIAN_POINT('',(3.,-9.15));
#1394 = VECTOR('',#1395,1.);
#1395 = DIRECTION('',(-0.,-1.));
#1396 = ( GEOMETRIC_REPRESENTATION_CONTEXT(2) 
PARAMETRIC_REPRESENTATION_CONTEXT() REPRESENTATION_CONTEXT('2D SPACE',''
  ) );
#1397 = PCURVE('',#864,#1398);
#1398 = DEFINITIONAL_REPRESENTATION('',(#1399),#1403);
#1399 = LINE('',#1400,#1401);
#1400 = CARTESIAN_POINT('',(-9.15,-11.));
#1401 = VECTOR('',#1402,1.);
#1402 = DIRECTION('',(1.,-0.));
#1403 = ( GEOMETRIC_REPRESENTATION_CONTEXT(2) 
PARAMETRIC_REPRESENTATION_CONTEXT() REPRESENTATION_CONTEXT('2D SPACE',''
  ) );
#1404 = ORIENTED_EDGE('',*,*,#1405,.F.);
#1405 = EDGE_CURVE('',#141,#1383,#1406,.T.);
#1406 = SURFACE_CURVE('',#1407,(#1411,#1418),.PCURVE_S1.);
#1407 = LINE('',#1408,#1409);
#1408 = CARTESIAN_POINT('',(5.4,14.,-1.));
#1409 = VECTOR('',#1410,1.);
#1410 = DIRECTION('',(-0.,-0.,1.));
#1411 = PCURVE('',#185,#1412);
#1412 = DEFINITIONAL_REPRESENTATION('',(#1413),#1417);
#1413 = LINE('',#1414,#1415);
#1414 = CARTESIAN_POINT('',(-1.,-5.4));
#1415 = VECTOR('',#1416,1.);
#1416 = DIRECTION('',(1.,-0.));
#1417 = ( GEOMETRIC_REPRESENTATION_CONTEXT(2) 
PARAMETRIC_REPRESENTATION_CONTEXT() REPRESENTATION_CONTEXT('2D SPACE',''
  ) );
#1418 = PCURVE('',#157,#1419);
#1419 = DEFINITIONAL_REPRESENTATION('',(#1420),#1424);
#1420 = LINE('',#1421,#1422);
#1421 = CARTESIAN_POINT('',(0.,0.));
#1422 = VECTOR('',#1423,1.);
#1423 = DIRECTION('',(0.,1.));
#1424 = ( GEOMETRIC_REPRESENTATION_CONTEXT(2) 
PARAMETRIC_REPRESENTATION_CONTEXT() REPRESENTATION_CONTEXT('2D SPACE',''
  ) );
#1425 = ORIENTED_EDGE('',*,*,#169,.F.);
#1426 = ORIENTED_EDGE('',*,*,#1332,.T.);
#1427 = ADVANCED_FACE('',(#1428),#157,.F.);
#1428 = FACE_BOUND('',#1429,.F.);
#1429 = EDGE_LOOP('',(#1430,#1431,#1432,#1455));
#1430 = ORIENTED_EDGE('',*,*,#1405,.F.);
#1431 = ORIENTED_EDGE('',*,*,#140,.F.);
#1432 = ORIENTED_EDGE('',*,*,#1433,.T.);
#1433 = EDGE_CURVE('',#113,#1434,#1436,.T.);
#1434 = VERTEX_POINT('',#1435);
#1435 = CARTESIAN_POINT('',(7.,15.6,3.));
#1436 = SURFACE_CURVE('',#1437,(#1441,#1448),.PCURVE_S1.);
#1437 = LINE('',#1438,#1439);
#1438 = CARTESIAN_POINT('',(7.,15.6,-1.));
#1439 = VECTOR('',#1440,1.);
#1440 = DIRECTION('',(-0.,-0.,1.));
#1441 = PCURVE('',#157,#1442);
#1442 = DEFINITIONAL_REPRESENTATION('',(#1443),#1447);
#1443 = LINE('',#1444,#1445);
#1444 = CARTESIAN_POINT('',(1.570796326795,0.));
#1445 = VECTOR('',#1446,1.);
#1446 = DIRECTION('',(0.,1.));
#1447 = ( GEOMETRIC_REPRESENTATION_CONTEXT(2) 
PARAMETRIC_REPRESENTATION_CONTEXT() REPRESENTATION_CONTEXT('2D SPACE',''
  ) );
#1448 = PCURVE('',#128,#1449);
#1449 = DEFINITIONAL_REPRESENTATION('',(#1450),#1454);
#1450 = LINE('',#1451,#1452);
#1451 = CARTESIAN_POINT('',(-11.,-1.6));
#1452 = VECTOR('',#1453,1.);
#1453 = DIRECTION('',(1.,-0.));
#1454 = ( GEOMETRIC_REPRESENTATION_CONTEXT(2) 
PARAMETRIC_REPRESENTATION_CONTEXT() REPRESENTATION_CONTEXT('2D SPACE',''
  ) );
#1455 = ORIENTED_EDGE('',*,*,#1456,.T.);
#1456 = EDGE_CURVE('',#1434,#1383,#1457,.T.);
#1457 = SURFACE_CURVE('',#1458,(#1463,#1470),.PCURVE_S1.);
#1458 = CIRCLE('',#1459,1.6);
#1459 = AXIS2_PLACEMENT_3D('',#1460,#1461,#1462);
#1460 = CARTESIAN_POINT('',(5.4,15.6,3.));
#1461 = DIRECTION('',(0.,0.,-1.));
#1462 = DIRECTION('',(-0.,-1.,-0.));
#1463 = PCURVE('',#157,#1464);
#1464 = DEFINITIONAL_REPRESENTATION('',(#1465),#1469);
#1465 = LINE('',#1466,#1467);
#1466 = CARTESIAN_POINT('',(6.28318530718,4.));
#1467 = VECTOR('',#1468,1.);
#1468 = DIRECTION('',(-1.,0.));
#1469 = ( GEOMETRIC_REPRESENTATION_CONTEXT(2) 
PARAMETRIC_REPRESENTATION_CONTEXT() REPRESENTATION_CONTEXT('2D SPACE',''
  ) );
#1470 = PCURVE('',#864,#1471);
#1471 = DEFINITIONAL_REPRESENTATION('',(#1472),#1476);
#1472 = CIRCLE('',#1473,1.6);
#1473 = AXIS2_PLACEMENT_2D('',#1474,#1475);
#1474 = CARTESIAN_POINT('',(-12.9,-12.6));
#1475 = DIRECTION('',(-0.,1.));
#1476 = ( GEOMETRIC_REPRESENTATION_CONTEXT(2) 
PARAMETRIC_REPRESENTATION_CONTEXT() REPRESENTATION_CONTEXT('2D SPACE',''
  ) );
#1477 = ADVANCED_FACE('',(#1478),#128,.F.);
#1478 = FACE_BOUND('',#1479,.T.);
#1479 = EDGE_LOOP('',(#1480,#1481,#1482,#1505));
#1480 = ORIENTED_EDGE('',*,*,#112,.F.);
#1481 = ORIENTED_EDGE('',*,*,#1433,.T.);
#1482 = ORIENTED_EDGE('',*,*,#1483,.T.);
#1483 = EDGE_CURVE('',#1434,#1484,#1486,.T.);
#1484 = VERTEX_POINT('',#1485);
#1485 = CARTESIAN_POINT('',(7.,17.5,3.));
#1486 = SURFACE_CURVE('',#1487,(#1491,#1498),.PCURVE_S1.);
#1487 = LINE('',#1488,#1489);
#1488 = CARTESIAN_POINT('',(7.,8.5,3.));
#1489 = VECTOR('',#1490,1.);
#1490 = DIRECTION('',(-0.,1.,-0.));
#1491 = PCURVE('',#128,#1492);
#1492 = DEFINITIONAL_REPRESENTATION('',(#1493),#1497);
#1493 = LINE('',#1494,#1495);
#1494 = CARTESIAN_POINT('',(-7.,5.5));
#1495 = VECTOR('',#1496,1.);
#1496 = DIRECTION('',(-0.,-1.));
#1497 = ( GEOMETRIC_REPRESENTATION_CONTEXT(2) 
PARAMETRIC_REPRESENTATION_CONTEXT() REPRESENTATION_CONTEXT('2D SPACE',''
  ) );
#1498 = PCURVE('',#864,#1499);
#1499 = DEFINITIONAL_REPRESENTATION('',(#1500),#1504);
#1500 = LINE('',#1501,#1502);
#1501 = CARTESIAN_POINT('',(-11.3,-5.5));
#1502 = VECTOR('',#1503,1.);
#1503 = DIRECTION('',(-0.,-1.));
#1504 = ( GEOMETRIC_REPRESENTATION_CONTEXT(2) 
PARAMETRIC_REPRESENTATION_CONTEXT() REPRESENTATION_CONTEXT('2D SPACE',''
  ) );
#1505 = ORIENTED_EDGE('',*,*,#1506,.T.);
#1506 = EDGE_CURVE('',#1484,#85,#1507,.T.);
#1507 = SURFACE_CURVE('',#1508,(#1512,#1519),.PCURVE_S1.);
#1508 = LINE('',#1509,#1510);
#1509 = CARTESIAN_POINT('',(7.,17.5,45.230273077582));
#1510 = VECTOR('',#1511,1.);
#1511 = DIRECTION('',(-0.,-0.,-1.));
#1512 = PCURVE('',#128,#1513);
#1513 = DEFINITIONAL_REPRESENTATION('',(#1514),#1518);
#1514 = LINE('',#1515,#1516);
#1515 = CARTESIAN_POINT('',(35.230273077582,-3.5));
#1516 = VECTOR('',#1517,1.);
#1517 = DIRECTION('',(-1.,0.));
#1518 = ( GEOMETRIC_REPRESENTATION_CONTEXT(2) 
PARAMETRIC_REPRESENTATION_CONTEXT() REPRESENTATION_CONTEXT('2D SPACE',''
  ) );
#1519 = PCURVE('',#100,#1520);
#1520 = DEFINITIONAL_REPRESENTATION('',(#1521),#1525);
#1521 = LINE('',#1522,#1523);
#1522 = CARTESIAN_POINT('',(-35.23027307758,-7.));
#1523 = VECTOR('',#1524,1.);
#1524 = DIRECTION('',(-1.,0.));
#1525 = ( GEOMETRIC_REPRESENTATION_CONTEXT(2) 
PARAMETRIC_REPRESENTATION_CONTEXT() REPRESENTATION_CONTEXT('2D SPACE',''
  ) );
#1526 = ADVANCED_FACE('',(#1527,#1796,#1827,#1941,#2055,#2169),#100,.F.
  );
#1527 = FACE_BOUND('',#1528,.T.);
#1528 = EDGE_LOOP('',(#1529,#1559,#1580,#1581,#1582,#1605,#1634,#1662,
    #1691,#1714,#1742,#1765));
#1529 = ORIENTED_EDGE('',*,*,#1530,.T.);
#1530 = EDGE_CURVE('',#1531,#1533,#1535,.T.);
#1531 = VERTEX_POINT('',#1532);
#1532 = CARTESIAN_POINT('',(24.,17.5,157.));
#1533 = VERTEX_POINT('',#1534);
#1534 = CARTESIAN_POINT('',(24.,17.5,1.5));
#1535 = SURFACE_CURVE('',#1536,(#1540,#1547),.PCURVE_S1.);
#1536 = LINE('',#1537,#1538);
#1537 = CARTESIAN_POINT('',(24.,17.5,157.));
#1538 = VECTOR('',#1539,1.);
#1539 = DIRECTION('',(2.284703330418E-17,0.,-1.));
#1540 = PCURVE('',#100,#1541);
#1541 = DEFINITIONAL_REPRESENTATION('',(#1542),#1546);
#1542 = LINE('',#1543,#1544);
#1543 = CARTESIAN_POINT('',(76.539453844835,-24.));
#1544 = VECTOR('',#1545,1.);
#1545 = DIRECTION('',(-1.,-2.284703330418E-17));
#1546 = ( GEOMETRIC_REPRESENTATION_CONTEXT(2) 
PARAMETRIC_REPRESENTATION_CONTEXT() REPRESENTATION_CONTEXT('2D SPACE',''
  ) );
#1547 = PCURVE('',#1548,#1553);
#1548 = PLANE('',#1549);
#1549 = AXIS2_PLACEMENT_3D('',#1550,#1551,#1552);
#1550 = CARTESIAN_POINT('',(24.,0.,157.));
#1551 = DIRECTION('',(1.,-0.,2.284703330418E-17));
#1552 = DIRECTION('',(-2.284703330418E-17,-0.,1.));
#1553 = DEFINITIONAL_REPRESENTATION('',(#1554),#1558);
#1554 = LINE('',#1555,#1556);
#1555 = CARTESIAN_POINT('',(-0.,-17.5));
#1556 = VECTOR('',#1557,1.);
#1557 = DIRECTION('',(-1.,-0.));
#1558 = ( GEOMETRIC_REPRESENTATION_CONTEXT(2) 
PARAMETRIC_REPRESENTATION_CONTEXT() REPRESENTATION_CONTEXT('2D SPACE',''
  ) );
#1559 = ORIENTED_EDGE('',*,*,#1560,.T.);
#1560 = EDGE_CURVE('',#1533,#57,#1561,.T.);
#1561 = SURFACE_CURVE('',#1562,(#1566,#1573),.PCURVE_S1.);
#1562 = LINE('',#1563,#1564);
#1563 = CARTESIAN_POINT('',(24.,17.5,1.5));
#1564 = VECTOR('',#1565,1.);
#1565 = DIRECTION('',(-0.707106781187,-0.,-0.707106781187));
#1566 = PCURVE('',#100,#1567);
#1567 = DEFINITIONAL_REPRESENTATION('',(#1568),#1572);
#1568 = LINE('',#1569,#1570);
#1569 = CARTESIAN_POINT('',(-78.96054615516,-24.));
#1570 = VECTOR('',#1571,1.);
#1571 = DIRECTION('',(-0.707106781187,0.707106781187));
#1572 = ( GEOMETRIC_REPRESENTATION_CONTEXT(2) 
PARAMETRIC_REPRESENTATION_CONTEXT() REPRESENTATION_CONTEXT('2D SPACE',''
  ) );
#1573 = PCURVE('',#72,#1574);
#1574 = DEFINITIONAL_REPRESENTATION('',(#1575),#1579);
#1575 = LINE('',#1576,#1577);
#1576 = CARTESIAN_POINT('',(-0.,-17.5));
#1577 = VECTOR('',#1578,1.);
#1578 = DIRECTION('',(-1.,0.));
#1579 = ( GEOMETRIC_REPRESENTATION_CONTEXT(2) 
PARAMETRIC_REPRESENTATION_CONTEXT() REPRESENTATION_CONTEXT('2D SPACE',''
  ) );
#1580 = ORIENTED_EDGE('',*,*,#84,.T.);
#1581 = ORIENTED_EDGE('',*,*,#1506,.F.);
#1582 = ORIENTED_EDGE('',*,*,#1583,.F.);
#1583 = EDGE_CURVE('',#1584,#1484,#1586,.T.);
#1584 = VERTEX_POINT('',#1585);
#1585 = CARTESIAN_POINT('',(14.3,17.5,3.));
#1586 = SURFACE_CURVE('',#1587,(#1591,#1598),.PCURVE_S1.);
#1587 = LINE('',#1588,#1589);
#1588 = CARTESIAN_POINT('',(9.15,17.5,3.));
#1589 = VECTOR('',#1590,1.);
#1590 = DIRECTION('',(-1.,-0.,-0.));
#1591 = PCURVE('',#100,#1592);
#1592 = DEFINITIONAL_REPRESENTATION('',(#1593),#1597);
#1593 = LINE('',#1594,#1595);
#1594 = CARTESIAN_POINT('',(-77.46054615516,-9.15));
#1595 = VECTOR('',#1596,1.);
#1596 = DIRECTION('',(-0.,1.));
#1597 = ( GEOMETRIC_REPRESENTATION_CONTEXT(2) 
PARAMETRIC_REPRESENTATION_CONTEXT() REPRESENTATION_CONTEXT('2D SPACE',''
  ) );
#1598 = PCURVE('',#864,#1599);
#1599 = DEFINITIONAL_REPRESENTATION('',(#1600),#1604);
#1600 = LINE('',#1601,#1602);
#1601 = CARTESIAN_POINT('',(-9.15,-14.5));
#1602 = VECTOR('',#1603,1.);
#1603 = DIRECTION('',(-1.,0.));
#1604 = ( GEOMETRIC_REPRESENTATION_CONTEXT(2) 
PARAMETRIC_REPRESENTATION_CONTEXT() REPRESENTATION_CONTEXT('2D SPACE',''
  ) );
#1605 = ORIENTED_EDGE('',*,*,#1606,.T.);
#1606 = EDGE_CURVE('',#1584,#1607,#1609,.T.);
#1607 = VERTEX_POINT('',#1608);
#1608 = CARTESIAN_POINT('',(18.3,17.5,7.));
#1609 = SURFACE_CURVE('',#1610,(#1615,#1622),.PCURVE_S1.);
#1610 = CIRCLE('',#1611,4.);
#1611 = AXIS2_PLACEMENT_3D('',#1612,#1613,#1614);
#1612 = CARTESIAN_POINT('',(14.3,17.5,7.));
#1613 = DIRECTION('',(0.,-1.,0.));
#1614 = DIRECTION('',(-0.,-0.,-1.));
#1615 = PCURVE('',#100,#1616);
#1616 = DEFINITIONAL_REPRESENTATION('',(#1617),#1621);
#1617 = CIRCLE('',#1618,4.);
#1618 = AXIS2_PLACEMENT_2D('',#1619,#1620);
#1619 = CARTESIAN_POINT('',(-73.46054615516,-14.3));
#1620 = DIRECTION('',(-1.,0.));
#1621 = ( GEOMETRIC_REPRESENTATION_CONTEXT(2) 
PARAMETRIC_REPRESENTATION_CONTEXT() REPRESENTATION_CONTEXT('2D SPACE',''
  ) );
#1622 = PCURVE('',#1623,#1628);
#1623 = CYLINDRICAL_SURFACE('',#1624,4.);
#1624 = AXIS2_PLACEMENT_3D('',#1625,#1626,#1627);
#1625 = CARTESIAN_POINT('',(14.3,3.,7.));
#1626 = DIRECTION('',(-0.,1.,-0.));
#1627 = DIRECTION('',(-0.,-0.,-1.));
#1628 = DEFINITIONAL_REPRESENTATION('',(#1629),#1633);
#1629 = LINE('',#1630,#1631);
#1630 = CARTESIAN_POINT('',(-0.,14.5));
#1631 = VECTOR('',#1632,1.);
#1632 = DIRECTION('',(-1.,0.));
#1633 = ( GEOMETRIC_REPRESENTATION_CONTEXT(2) 
PARAMETRIC_REPRESENTATION_CONTEXT() REPRESENTATION_CONTEXT('2D SPACE',''
  ) );
#1634 = ORIENTED_EDGE('',*,*,#1635,.F.);
#1635 = EDGE_CURVE('',#1636,#1607,#1638,.T.);
#1636 = VERTEX_POINT('',#1637);
#1637 = CARTESIAN_POINT('',(18.3,17.5,155.));
#1638 = SURFACE_CURVE('',#1639,(#1643,#1650),.PCURVE_S1.);
#1639 = LINE('',#1640,#1641);
#1640 = CARTESIAN_POINT('',(18.3,17.5,119.73027307758));
#1641 = VECTOR('',#1642,1.);
#1642 = DIRECTION('',(-0.,-0.,-1.));
#1643 = PCURVE('',#100,#1644);
#1644 = DEFINITIONAL_REPRESENTATION('',(#1645),#1649);
#1645 = LINE('',#1646,#1647);
#1646 = CARTESIAN_POINT('',(39.269726922418,-18.3));
#1647 = VECTOR('',#1648,1.);
#1648 = DIRECTION('',(-1.,0.));
#1649 = ( GEOMETRIC_REPRESENTATION_CONTEXT(2) 
PARAMETRIC_REPRESENTATION_CONTEXT() REPRESENTATION_CONTEXT('2D SPACE',''
  ) );
#1650 = PCURVE('',#1651,#1656);
#1651 = PLANE('',#1652);
#1652 = AXIS2_PLACEMENT_3D('',#1653,#1654,#1655);
#1653 = CARTESIAN_POINT('',(18.3,3.,159.));
#1654 = DIRECTION('',(1.,-0.,-0.));
#1655 = DIRECTION('',(0.,0.,1.));
#1656 = DEFINITIONAL_REPRESENTATION('',(#1657),#1661);
#1657 = LINE('',#1658,#1659);
#1658 = CARTESIAN_POINT('',(-39.26972692241,-14.5));
#1659 = VECTOR('',#1660,1.);
#1660 = DIRECTION('',(-1.,0.));
#1661 = ( GEOMETRIC_REPRESENTATION_CONTEXT(2) 
PARAMETRIC_REPRESENTATION_CONTEXT() REPRESENTATION_CONTEXT('2D SPACE',''
  ) );
#1662 = ORIENTED_EDGE('',*,*,#1663,.T.);
#1663 = EDGE_CURVE('',#1636,#1664,#1666,.T.);
#1664 = VERTEX_POINT('',#1665);
#1665 = CARTESIAN_POINT('',(14.3,17.5,159.));
#1666 = SURFACE_CURVE('',#1667,(#1672,#1679),.PCURVE_S1.);
#1667 = CIRCLE('',#1668,4.);
#1668 = AXIS2_PLACEMENT_3D('',#1669,#1670,#1671);
#1669 = CARTESIAN_POINT('',(14.3,17.5,155.));
#1670 = DIRECTION('',(0.,-1.,0.));
#1671 = DIRECTION('',(-0.,-0.,1.));
#1672 = PCURVE('',#100,#1673);
#1673 = DEFINITIONAL_REPRESENTATION('',(#1674),#1678);
#1674 = CIRCLE('',#1675,4.);
#1675 = AXIS2_PLACEMENT_2D('',#1676,#1677);
#1676 = CARTESIAN_POINT('',(74.539453844835,-14.3));
#1677 = DIRECTION('',(1.,-0.));
#1678 = ( GEOMETRIC_REPRESENTATION_CONTEXT(2) 
PARAMETRIC_REPRESENTATION_CONTEXT() REPRESENTATION_CONTEXT('2D SPACE',''
  ) );
#1679 = PCURVE('',#1680,#1685);
#1680 = CYLINDRICAL_SURFACE('',#1681,4.);
#1681 = AXIS2_PLACEMENT_3D('',#1682,#1683,#1684);
#1682 = CARTESIAN_POINT('',(14.3,3.,155.));
#1683 = DIRECTION('',(-0.,1.,-0.));
#1684 = DIRECTION('',(-0.,-0.,1.));
#1685 = DEFINITIONAL_REPRESENTATION('',(#1686),#1690);
#1686 = LINE('',#1687,#1688);
#1687 = CARTESIAN_POINT('',(6.28318530718,14.5));
#1688 = VECTOR('',#1689,1.);
#1689 = DIRECTION('',(-1.,0.));
#1690 = ( GEOMETRIC_REPRESENTATION_CONTEXT(2) 
PARAMETRIC_REPRESENTATION_CONTEXT() REPRESENTATION_CONTEXT('2D SPACE',''
  ) );
#1691 = ORIENTED_EDGE('',*,*,#1692,.F.);
#1692 = EDGE_CURVE('',#1693,#1664,#1695,.T.);
#1693 = VERTEX_POINT('',#1694);
#1694 = CARTESIAN_POINT('',(13.,17.5,159.));
#1695 = SURFACE_CURVE('',#1696,(#1700,#1707),.PCURVE_S1.);
#1696 = LINE('',#1697,#1698);
#1697 = CARTESIAN_POINT('',(-9.15,17.5,159.));
#1698 = VECTOR('',#1699,1.);
#1699 = DIRECTION('',(1.,-0.,-0.));
#1700 = PCURVE('',#100,#1701);
#1701 = DEFINITIONAL_REPRESENTATION('',(#1702),#1706);
#1702 = LINE('',#1703,#1704);
#1703 = CARTESIAN_POINT('',(78.539453844835,9.15));
#1704 = VECTOR('',#1705,1.);
#1705 = DIRECTION('',(-0.,-1.));
#1706 = ( GEOMETRIC_REPRESENTATION_CONTEXT(2) 
PARAMETRIC_REPRESENTATION_CONTEXT() REPRESENTATION_CONTEXT('2D SPACE',''
  ) );
#1707 = PCURVE('',#645,#1708);
#1708 = DEFINITIONAL_REPRESENTATION('',(#1709),#1713);
#1709 = LINE('',#1710,#1711);
#1710 = CARTESIAN_POINT('',(-9.15,-14.5));
#1711 = VECTOR('',#1712,1.);
#1712 = DIRECTION('',(-1.,0.));
#1713 = ( GEOMETRIC_REPRESENTATION_CONTEXT(2) 
PARAMETRIC_REPRESENTATION_CONTEXT() REPRESENTATION_CONTEXT('2D SPACE',''
  ) );
#1714 = ORIENTED_EDGE('',*,*,#1715,.T.);
#1715 = EDGE_CURVE('',#1693,#1716,#1718,.T.);
#1716 = VERTEX_POINT('',#1717);
#1717 = CARTESIAN_POINT('',(13.,17.5,162.));
#1718 = SURFACE_CURVE('',#1719,(#1723,#1730),.PCURVE_S1.);
#1719 = LINE('',#1720,#1721);
#1720 = CARTESIAN_POINT('',(13.,17.5,117.83027307758));
#1721 = VECTOR('',#1722,1.);
#1722 = DIRECTION('',(-0.,-0.,1.));
#1723 = PCURVE('',#100,#1724);
#1724 = DEFINITIONAL_REPRESENTATION('',(#1725),#1729);
#1725 = LINE('',#1726,#1727);
#1726 = CARTESIAN_POINT('',(37.369726922418,-13.));
#1727 = VECTOR('',#1728,1.);
#1728 = DIRECTION('',(1.,-0.));
#1729 = ( GEOMETRIC_REPRESENTATION_CONTEXT(2) 
PARAMETRIC_REPRESENTATION_CONTEXT() REPRESENTATION_CONTEXT('2D SPACE',''
  ) );
#1730 = PCURVE('',#1731,#1736);
#1731 = PLANE('',#1732);
#1732 = AXIS2_PLACEMENT_3D('',#1733,#1734,#1735);
#1733 = CARTESIAN_POINT('',(13.,21.8,155.2));
#1734 = DIRECTION('',(-1.,-0.,-0.));
#1735 = DIRECTION('',(0.,1.,0.));
#1736 = DEFINITIONAL_REPRESENTATION('',(#1737),#1741);
#1737 = LINE('',#1738,#1739);
#1738 = CARTESIAN_POINT('',(-4.3,37.369726922418));
#1739 = VECTOR('',#1740,1.);
#1740 = DIRECTION('',(-0.,-1.));
#1741 = ( GEOMETRIC_REPRESENTATION_CONTEXT(2) 
PARAMETRIC_REPRESENTATION_CONTEXT() REPRESENTATION_CONTEXT('2D SPACE',''
  ) );
#1742 = ORIENTED_EDGE('',*,*,#1743,.T.);
#1743 = EDGE_CURVE('',#1716,#1744,#1746,.T.);
#1744 = VERTEX_POINT('',#1745);
#1745 = CARTESIAN_POINT('',(19.,17.5,162.));
#1746 = SURFACE_CURVE('',#1747,(#1751,#1758),.PCURVE_S1.);
#1747 = LINE('',#1748,#1749);
#1748 = CARTESIAN_POINT('',(-19.,17.5,162.));
#1749 = VECTOR('',#1750,1.);
#1750 = DIRECTION('',(1.,-0.,-0.));
#1751 = PCURVE('',#100,#1752);
#1752 = DEFINITIONAL_REPRESENTATION('',(#1753),#1757);
#1753 = LINE('',#1754,#1755);
#1754 = CARTESIAN_POINT('',(81.539453844835,19.));
#1755 = VECTOR('',#1756,1.);
#1756 = DIRECTION('',(-0.,-1.));
#1757 = ( GEOMETRIC_REPRESENTATION_CONTEXT(2) 
PARAMETRIC_REPRESENTATION_CONTEXT() REPRESENTATION_CONTEXT('2D SPACE',''
  ) );
#1758 = PCURVE('',#589,#1759);
#1759 = DEFINITIONAL_REPRESENTATION('',(#1760),#1764);
#1760 = LINE('',#1761,#1762);
#1761 = CARTESIAN_POINT('',(-0.,-17.5));
#1762 = VECTOR('',#1763,1.);
#1763 = DIRECTION('',(-1.,0.));
#1764 = ( GEOMETRIC_REPRESENTATION_CONTEXT(2) 
PARAMETRIC_REPRESENTATION_CONTEXT() REPRESENTATION_CONTEXT('2D SPACE',''
  ) );
#1765 = ORIENTED_EDGE('',*,*,#1766,.T.);
#1766 = EDGE_CURVE('',#1744,#1531,#1767,.T.);
#1767 = SURFACE_CURVE('',#1768,(#1773,#1784),.PCURVE_S1.);
#1768 = CIRCLE('',#1769,5.000000020256);
#1769 = AXIS2_PLACEMENT_3D('',#1770,#1771,#1772);
#1770 = CARTESIAN_POINT('',(18.999999979744,17.5,156.99999997974));
#1771 = DIRECTION('',(0.,1.,0.));
#1772 = DIRECTION('',(4.05112954873E-09,-0.,1.));
#1773 = PCURVE('',#100,#1774);
#1774 = DEFINITIONAL_REPRESENTATION('',(#1775),#1783);
#1775 = ( BOUNDED_CURVE() B_SPLINE_CURVE(2,(#1776,#1777,#1778,#1779,
#1780,#1781,#1782),.UNSPECIFIED.,.T.,.F.) B_SPLINE_CURVE_WITH_KNOTS((1,2
    ,2,2,2,1),(-2.094395102393,0.,2.094395102393,4.188790204786,
6.28318530718,8.377580409573),.UNSPECIFIED.) CURVE() 
GEOMETRIC_REPRESENTATION_ITEM() RATIONAL_B_SPLINE_CURVE((1.,0.5,1.,0.5,
1.,0.5,1.)) REPRESENTATION_ITEM('') );
#1776 = CARTESIAN_POINT('',(81.539453844835,-19.));
#1777 = CARTESIAN_POINT('',(81.539453809751,-27.66025407292));
#1778 = CARTESIAN_POINT('',(74.03945379691,-23.33012700608));
#1779 = CARTESIAN_POINT('',(66.539453784068,-18.99999993923));
#1780 = CARTESIAN_POINT('',(74.039453831994,-14.66987293315));
#1781 = CARTESIAN_POINT('',(81.539453879919,-10.33974592707));
#1782 = CARTESIAN_POINT('',(81.539453844835,-19.));
#1783 = ( GEOMETRIC_REPRESENTATION_CONTEXT(2) 
PARAMETRIC_REPRESENTATION_CONTEXT() REPRESENTATION_CONTEXT('2D SPACE',''
  ) );
#1784 = PCURVE('',#1785,#1790);
#1785 = CYLINDRICAL_SURFACE('',#1786,5.000000020256);
#1786 = AXIS2_PLACEMENT_3D('',#1787,#1788,#1789);
#1787 = CARTESIAN_POINT('',(18.999999979744,0.,156.99999997974));
#1788 = DIRECTION('',(-0.,-1.,-0.));
#1789 = DIRECTION('',(4.05112954873E-09,-0.,1.));
#1790 = DEFINITIONAL_REPRESENTATION('',(#1791),#1795);
#1791 = LINE('',#1792,#1793);
#1792 = CARTESIAN_POINT('',(-0.,-17.5));
#1793 = VECTOR('',#1794,1.);
#1794 = DIRECTION('',(-1.,0.));
#1795 = ( GEOMETRIC_REPRESENTATION_CONTEXT(2) 
PARAMETRIC_REPRESENTATION_CONTEXT() REPRESENTATION_CONTEXT('2D SPACE',''
  ) );
#1796 = FACE_BOUND('',#1797,.T.);
#1797 = EDGE_LOOP('',(#1798));
#1798 = ORIENTED_EDGE('',*,*,#1799,.T.);
#1799 = EDGE_CURVE('',#1800,#1800,#1802,.T.);
#1800 = VERTEX_POINT('',#1801);
#1801 = CARTESIAN_POINT('',(20.65,17.5,159.1));
#1802 = SURFACE_CURVE('',#1803,(#1808,#1815),.PCURVE_S1.);
#1803 = CIRCLE('',#1804,2.1);
#1804 = AXIS2_PLACEMENT_3D('',#1805,#1806,#1807);
#1805 = CARTESIAN_POINT('',(20.65,17.5,157.));
#1806 = DIRECTION('',(0.,-1.,0.));
#1807 = DIRECTION('',(-0.,-0.,1.));
#1808 = PCURVE('',#100,#1809);
#1809 = DEFINITIONAL_REPRESENTATION('',(#1810),#1814);
#1810 = CIRCLE('',#1811,2.1);
#1811 = AXIS2_PLACEMENT_2D('',#1812,#1813);
#1812 = CARTESIAN_POINT('',(76.539453844835,-20.65));
#1813 = DIRECTION('',(1.,-0.));
#1814 = ( GEOMETRIC_REPRESENTATION_CONTEXT(2) 
PARAMETRIC_REPRESENTATION_CONTEXT() REPRESENTATION_CONTEXT('2D SPACE',''
  ) );
#1815 = PCURVE('',#1816,#1821);
#1816 = CYLINDRICAL_SURFACE('',#1817,2.1);
#1817 = AXIS2_PLACEMENT_3D('',#1818,#1819,#1820);
#1818 = CARTESIAN_POINT('',(20.65,15.35,157.));
#1819 = DIRECTION('',(-0.,1.,-0.));
#1820 = DIRECTION('',(-0.,-0.,1.));
#1821 = DEFINITIONAL_REPRESENTATION('',(#1822),#1826);
#1822 = LINE('',#1823,#1824);
#1823 = CARTESIAN_POINT('',(-0.,2.15));
#1824 = VECTOR('',#1825,1.);
#1825 = DIRECTION('',(-1.,0.));
#1826 = ( GEOMETRIC_REPRESENTATION_CONTEXT(2) 
PARAMETRIC_REPRESENTATION_CONTEXT() REPRESENTATION_CONTEXT('2D SPACE',''
  ) );
#1827 = FACE_BOUND('',#1828,.T.);
#1828 = EDGE_LOOP('',(#1829,#1859,#1887,#1915));
#1829 = ORIENTED_EDGE('',*,*,#1830,.T.);
#1830 = EDGE_CURVE('',#1831,#1833,#1835,.T.);
#1831 = VERTEX_POINT('',#1832);
#1832 = CARTESIAN_POINT('',(20.25,17.5,135.));
#1833 = VERTEX_POINT('',#1834);
#1834 = CARTESIAN_POINT('',(21.25,17.5,135.));
#1835 = SURFACE_CURVE('',#1836,(#1840,#1847),.PCURVE_S1.);
#1836 = LINE('',#1837,#1838);
#1837 = CARTESIAN_POINT('',(10.625,17.5,135.));
#1838 = VECTOR('',#1839,1.);
#1839 = DIRECTION('',(1.,-0.,-0.));
#1840 = PCURVE('',#100,#1841);
#1841 = DEFINITIONAL_REPRESENTATION('',(#1842),#1846);
#1842 = LINE('',#1843,#1844);
#1843 = CARTESIAN_POINT('',(54.539453844835,-10.625));
#1844 = VECTOR('',#1845,1.);
#1845 = DIRECTION('',(-0.,-1.));
#1846 = ( GEOMETRIC_REPRESENTATION_CONTEXT(2) 
PARAMETRIC_REPRESENTATION_CONTEXT() REPRESENTATION_CONTEXT('2D SPACE',''
  ) );
#1847 = PCURVE('',#1848,#1853);
#1848 = PLANE('',#1849);
#1849 = AXIS2_PLACEMENT_3D('',#1850,#1851,#1852);
#1850 = CARTESIAN_POINT('',(21.25,17.3,135.));
#1851 = DIRECTION('',(-0.,-0.,1.));
#1852 = DIRECTION('',(1.,0.,0.));
#1853 = DEFINITIONAL_REPRESENTATION('',(#1854),#1858);
#1854 = LINE('',#1855,#1856);
#1855 = CARTESIAN_POINT('',(-10.625,0.2));
#1856 = VECTOR('',#1857,1.);
#1857 = DIRECTION('',(1.,-0.));
#1858 = ( GEOMETRIC_REPRESENTATION_CONTEXT(2) 
PARAMETRIC_REPRESENTATION_CONTEXT() REPRESENTATION_CONTEXT('2D SPACE',''
  ) );
#1859 = ORIENTED_EDGE('',*,*,#1860,.T.);
#1860 = EDGE_CURVE('',#1833,#1861,#1863,.T.);
#1861 = VERTEX_POINT('',#1862);
#1862 = CARTESIAN_POINT('',(21.25,17.5,145.));
#1863 = SURFACE_CURVE('',#1864,(#1868,#1875),.PCURVE_S1.);
#1864 = LINE('',#1865,#1866);
#1865 = CARTESIAN_POINT('',(21.25,17.5,107.73027307758));
#1866 = VECTOR('',#1867,1.);
#1867 = DIRECTION('',(-0.,-0.,1.));
#1868 = PCURVE('',#100,#1869);
#1869 = DEFINITIONAL_REPRESENTATION('',(#1870),#1874);
#1870 = LINE('',#1871,#1872);
#1871 = CARTESIAN_POINT('',(27.269726922418,-21.25));
#1872 = VECTOR('',#1873,1.);
#1873 = DIRECTION('',(1.,-0.));
#1874 = ( GEOMETRIC_REPRESENTATION_CONTEXT(2) 
PARAMETRIC_REPRESENTATION_CONTEXT() REPRESENTATION_CONTEXT('2D SPACE',''
  ) );
#1875 = PCURVE('',#1876,#1881);
#1876 = PLANE('',#1877);
#1877 = AXIS2_PLACEMENT_3D('',#1878,#1879,#1880);
#1878 = CARTESIAN_POINT('',(21.25,17.3,135.));
#1879 = DIRECTION('',(-1.,-0.,-0.));
#1880 = DIRECTION('',(0.,0.,-1.));
#1881 = DEFINITIONAL_REPRESENTATION('',(#1882),#1886);
#1882 = LINE('',#1883,#1884);
#1883 = CARTESIAN_POINT('',(27.269726922418,-0.2));
#1884 = VECTOR('',#1885,1.);
#1885 = DIRECTION('',(-1.,-0.));
#1886 = ( GEOMETRIC_REPRESENTATION_CONTEXT(2) 
PARAMETRIC_REPRESENTATION_CONTEXT() REPRESENTATION_CONTEXT('2D SPACE',''
  ) );
#1887 = ORIENTED_EDGE('',*,*,#1888,.F.);
#1888 = EDGE_CURVE('',#1889,#1861,#1891,.T.);
#1889 = VERTEX_POINT('',#1890);
#1890 = CARTESIAN_POINT('',(20.25,17.5,145.));
#1891 = SURFACE_CURVE('',#1892,(#1896,#1903),.PCURVE_S1.);
#1892 = LINE('',#1893,#1894);
#1893 = CARTESIAN_POINT('',(10.625,17.5,145.));
#1894 = VECTOR('',#1895,1.);
#1895 = DIRECTION('',(1.,-0.,-0.));
#1896 = PCURVE('',#100,#1897);
#1897 = DEFINITIONAL_REPRESENTATION('',(#1898),#1902);
#1898 = LINE('',#1899,#1900);
#1899 = CARTESIAN_POINT('',(64.539453844835,-10.625));
#1900 = VECTOR('',#1901,1.);
#1901 = DIRECTION('',(-0.,-1.));
#1902 = ( GEOMETRIC_REPRESENTATION_CONTEXT(2) 
PARAMETRIC_REPRESENTATION_CONTEXT() REPRESENTATION_CONTEXT('2D SPACE',''
  ) );
#1903 = PCURVE('',#1904,#1909);
#1904 = PLANE('',#1905);
#1905 = AXIS2_PLACEMENT_3D('',#1906,#1907,#1908);
#1906 = CARTESIAN_POINT('',(21.25,17.3,145.));
#1907 = DIRECTION('',(-0.,-0.,1.));
#1908 = DIRECTION('',(1.,0.,0.));
#1909 = DEFINITIONAL_REPRESENTATION('',(#1910),#1914);
#1910 = LINE('',#1911,#1912);
#1911 = CARTESIAN_POINT('',(-10.625,0.2));
#1912 = VECTOR('',#1913,1.);
#1913 = DIRECTION('',(1.,-0.));
#1914 = ( GEOMETRIC_REPRESENTATION_CONTEXT(2) 
PARAMETRIC_REPRESENTATION_CONTEXT() REPRESENTATION_CONTEXT('2D SPACE',''
  ) );
#1915 = ORIENTED_EDGE('',*,*,#1916,.F.);
#1916 = EDGE_CURVE('',#1831,#1889,#1917,.T.);
#1917 = SURFACE_CURVE('',#1918,(#1922,#1929),.PCURVE_S1.);
#1918 = LINE('',#1919,#1920);
#1919 = CARTESIAN_POINT('',(20.25,17.5,107.73027307758));
#1920 = VECTOR('',#1921,1.);
#1921 = DIRECTION('',(-0.,-0.,1.));
#1922 = PCURVE('',#100,#1923);
#1923 = DEFINITIONAL_REPRESENTATION('',(#1924),#1928);
#1924 = LINE('',#1925,#1926);
#1925 = CARTESIAN_POINT('',(27.269726922418,-20.25));
#1926 = VECTOR('',#1927,1.);
#1927 = DIRECTION('',(1.,-0.));
#1928 = ( GEOMETRIC_REPRESENTATION_CONTEXT(2) 
PARAMETRIC_REPRESENTATION_CONTEXT() REPRESENTATION_CONTEXT('2D SPACE',''
  ) );
#1929 = PCURVE('',#1930,#1935);
#1930 = PLANE('',#1931);
#1931 = AXIS2_PLACEMENT_3D('',#1932,#1933,#1934);
#1932 = CARTESIAN_POINT('',(20.25,17.3,135.));
#1933 = DIRECTION('',(-1.,-0.,-0.));
#1934 = DIRECTION('',(0.,0.,-1.));
#1935 = DEFINITIONAL_REPRESENTATION('',(#1936),#1940);
#1936 = LINE('',#1937,#1938);
#1937 = CARTESIAN_POINT('',(27.269726922418,-0.2));
#1938 = VECTOR('',#1939,1.);
#1939 = DIRECTION('',(-1.,-0.));
#1940 = ( GEOMETRIC_REPRESENTATION_CONTEXT(2) 
PARAMETRIC_REPRESENTATION_CONTEXT() REPRESENTATION_CONTEXT('2D SPACE',''
  ) );
#1941 = FACE_BOUND('',#1942,.T.);
#1942 = EDGE_LOOP('',(#1943,#1973,#2001,#2029));
#1943 = ORIENTED_EDGE('',*,*,#1944,.T.);
#1944 = EDGE_CURVE('',#1945,#1947,#1949,.T.);
#1945 = VERTEX_POINT('',#1946);
#1946 = CARTESIAN_POINT('',(20.25,17.5,75.));
#1947 = VERTEX_POINT('',#1948);
#1948 = CARTESIAN_POINT('',(21.25,17.5,75.));
#1949 = SURFACE_CURVE('',#1950,(#1954,#1961),.PCURVE_S1.);
#1950 = LINE('',#1951,#1952);
#1951 = CARTESIAN_POINT('',(10.625,17.5,75.));
#1952 = VECTOR('',#1953,1.);
#1953 = DIRECTION('',(1.,-0.,-0.));
#1954 = PCURVE('',#100,#1955);
#1955 = DEFINITIONAL_REPRESENTATION('',(#1956),#1960);
#1956 = LINE('',#1957,#1958);
#1957 = CARTESIAN_POINT('',(-5.460546155165,-10.625));
#1958 = VECTOR('',#1959,1.);
#1959 = DIRECTION('',(-0.,-1.));
#1960 = ( GEOMETRIC_REPRESENTATION_CONTEXT(2) 
PARAMETRIC_REPRESENTATION_CONTEXT() REPRESENTATION_CONTEXT('2D SPACE',''
  ) );
#1961 = PCURVE('',#1962,#1967);
#1962 = PLANE('',#1963);
#1963 = AXIS2_PLACEMENT_3D('',#1964,#1965,#1966);
#1964 = CARTESIAN_POINT('',(21.25,17.3,75.));
#1965 = DIRECTION('',(-0.,-0.,1.));
#1966 = DIRECTION('',(1.,0.,0.));
#1967 = DEFINITIONAL_REPRESENTATION('',(#1968),#1972);
#1968 = LINE('',#1969,#1970);
#1969 = CARTESIAN_POINT('',(-10.625,0.2));
#1970 = VECTOR('',#1971,1.);
#1971 = DIRECTION('',(1.,-0.));
#1972 = ( GEOMETRIC_REPRESENTATION_CONTEXT(2) 
PARAMETRIC_REPRESENTATION_CONTEXT() REPRESENTATION_CONTEXT('2D SPACE',''
  ) );
#1973 = ORIENTED_EDGE('',*,*,#1974,.T.);
#1974 = EDGE_CURVE('',#1947,#1975,#1977,.T.);
#1975 = VERTEX_POINT('',#1976);
#1976 = CARTESIAN_POINT('',(21.25,17.5,102.));
#1977 = SURFACE_CURVE('',#1978,(#1982,#1989),.PCURVE_S1.);
#1978 = LINE('',#1979,#1980);
#1979 = CARTESIAN_POINT('',(21.25,17.5,77.730273077582));
#1980 = VECTOR('',#1981,1.);
#1981 = DIRECTION('',(-0.,-0.,1.));
#1982 = PCURVE('',#100,#1983);
#1983 = DEFINITIONAL_REPRESENTATION('',(#1984),#1988);
#1984 = LINE('',#1985,#1986);
#1985 = CARTESIAN_POINT('',(-2.730273077582,-21.25));
#1986 = VECTOR('',#1987,1.);
#1987 = DIRECTION('',(1.,-0.));
#1988 = ( GEOMETRIC_REPRESENTATION_CONTEXT(2) 
PARAMETRIC_REPRESENTATION_CONTEXT() REPRESENTATION_CONTEXT('2D SPACE',''
  ) );
#1989 = PCURVE('',#1990,#1995);
#1990 = PLANE('',#1991);
#1991 = AXIS2_PLACEMENT_3D('',#1992,#1993,#1994);
#1992 = CARTESIAN_POINT('',(21.25,17.3,75.));
#1993 = DIRECTION('',(-1.,-0.,-0.));
#1994 = DIRECTION('',(0.,0.,-1.));
#1995 = DEFINITIONAL_REPRESENTATION('',(#1996),#2000);
#1996 = LINE('',#1997,#1998);
#1997 = CARTESIAN_POINT('',(-2.730273077582,-0.2));
#1998 = VECTOR('',#1999,1.);
#1999 = DIRECTION('',(-1.,-0.));
#2000 = ( GEOMETRIC_REPRESENTATION_CONTEXT(2) 
PARAMETRIC_REPRESENTATION_CONTEXT() REPRESENTATION_CONTEXT('2D SPACE',''
  ) );
#2001 = ORIENTED_EDGE('',*,*,#2002,.F.);
#2002 = EDGE_CURVE('',#2003,#1975,#2005,.T.);
#2003 = VERTEX_POINT('',#2004);
#2004 = CARTESIAN_POINT('',(20.25,17.5,102.));
#2005 = SURFACE_CURVE('',#2006,(#2010,#2017),.PCURVE_S1.);
#2006 = LINE('',#2007,#2008);
#2007 = CARTESIAN_POINT('',(10.625,17.5,102.));
#2008 = VECTOR('',#2009,1.);
#2009 = DIRECTION('',(1.,-0.,-0.));
#2010 = PCURVE('',#100,#2011);
#2011 = DEFINITIONAL_REPRESENTATION('',(#2012),#2016);
#2012 = LINE('',#2013,#2014);
#2013 = CARTESIAN_POINT('',(21.539453844835,-10.625));
#2014 = VECTOR('',#2015,1.);
#2015 = DIRECTION('',(-0.,-1.));
#2016 = ( GEOMETRIC_REPRESENTATION_CONTEXT(2) 
PARAMETRIC_REPRESENTATION_CONTEXT() REPRESENTATION_CONTEXT('2D SPACE',''
  ) );
#2017 = PCURVE('',#2018,#2023);
#2018 = PLANE('',#2019);
#2019 = AXIS2_PLACEMENT_3D('',#2020,#2021,#2022);
#2020 = CARTESIAN_POINT('',(21.25,17.3,102.));
#2021 = DIRECTION('',(-0.,-0.,1.));
#2022 = DIRECTION('',(1.,0.,0.));
#2023 = DEFINITIONAL_REPRESENTATION('',(#2024),#2028);
#2024 = LINE('',#2025,#2026);
#2025 = CARTESIAN_POINT('',(-10.625,0.2));
#2026 = VECTOR('',#2027,1.);
#2027 = DIRECTION('',(1.,-0.));
#2028 = ( GEOMETRIC_REPRESENTATION_CONTEXT(2) 
PARAMETRIC_REPRESENTATION_CONTEXT() REPRESENTATION_CONTEXT('2D SPACE',''
  ) );
#2029 = ORIENTED_EDGE('',*,*,#2030,.F.);
#2030 = EDGE_CURVE('',#1945,#2003,#2031,.T.);
#2031 = SURFACE_CURVE('',#2032,(#2036,#2043),.PCURVE_S1.);
#2032 = LINE('',#2033,#2034);
#2033 = CARTESIAN_POINT('',(20.25,17.5,77.730273077582));
#2034 = VECTOR('',#2035,1.);
#2035 = DIRECTION('',(-0.,-0.,1.));
#2036 = PCURVE('',#100,#2037);
#2037 = DEFINITIONAL_REPRESENTATION('',(#2038),#2042);
#2038 = LINE('',#2039,#2040);
#2039 = CARTESIAN_POINT('',(-2.730273077582,-20.25));
#2040 = VECTOR('',#2041,1.);
#2041 = DIRECTION('',(1.,-0.));
#2042 = ( GEOMETRIC_REPRESENTATION_CONTEXT(2) 
PARAMETRIC_REPRESENTATION_CONTEXT() REPRESENTATION_CONTEXT('2D SPACE',''
  ) );
#2043 = PCURVE('',#2044,#2049);
#2044 = PLANE('',#2045);
#2045 = AXIS2_PLACEMENT_3D('',#2046,#2047,#2048);
#2046 = CARTESIAN_POINT('',(20.25,17.3,75.));
#2047 = DIRECTION('',(-1.,-0.,-0.));
#2048 = DIRECTION('',(0.,0.,-1.));
#2049 = DEFINITIONAL_REPRESENTATION('',(#2050),#2054);
#2050 = LINE('',#2051,#2052);
#2051 = CARTESIAN_POINT('',(-2.730273077582,-0.2));
#2052 = VECTOR('',#2053,1.);
#2053 = DIRECTION('',(-1.,-0.));
#2054 = ( GEOMETRIC_REPRESENTATION_CONTEXT(2) 
PARAMETRIC_REPRESENTATION_CONTEXT() REPRESENTATION_CONTEXT('2D SPACE',''
  ) );
#2055 = FACE_BOUND('',#2056,.T.);
#2056 = EDGE_LOOP('',(#2057,#2087,#2115,#2143));
#2057 = ORIENTED_EDGE('',*,*,#2058,.T.);
#2058 = EDGE_CURVE('',#2059,#2061,#2063,.T.);
#2059 = VERTEX_POINT('',#2060);
#2060 = CARTESIAN_POINT('',(20.25,17.5,25.));
#2061 = VERTEX_POINT('',#2062);
#2062 = CARTESIAN_POINT('',(21.25,17.5,25.));
#2063 = SURFACE_CURVE('',#2064,(#2068,#2075),.PCURVE_S1.);
#2064 = LINE('',#2065,#2066);
#2065 = CARTESIAN_POINT('',(10.625,17.5,25.));
#2066 = VECTOR('',#2067,1.);
#2067 = DIRECTION('',(1.,-0.,-0.));
#2068 = PCURVE('',#100,#2069);
#2069 = DEFINITIONAL_REPRESENTATION('',(#2070),#2074);
#2070 = LINE('',#2071,#2072);
#2071 = CARTESIAN_POINT('',(-55.46054615516,-10.625));
#2072 = VECTOR('',#2073,1.);
#2073 = DIRECTION('',(-0.,-1.));
#2074 = ( GEOMETRIC_REPRESENTATION_CONTEXT(2) 
PARAMETRIC_REPRESENTATION_CONTEXT() REPRESENTATION_CONTEXT('2D SPACE',''
  ) );
#2075 = PCURVE('',#2076,#2081);
#2076 = PLANE('',#2077);
#2077 = AXIS2_PLACEMENT_3D('',#2078,#2079,#2080);
#2078 = CARTESIAN_POINT('',(21.25,17.3,25.));
#2079 = DIRECTION('',(-0.,-0.,1.));
#2080 = DIRECTION('',(1.,0.,0.));
#2081 = DEFINITIONAL_REPRESENTATION('',(#2082),#2086);
#2082 = LINE('',#2083,#2084);
#2083 = CARTESIAN_POINT('',(-10.625,0.2));
#2084 = VECTOR('',#2085,1.);
#2085 = DIRECTION('',(1.,-0.));
#2086 = ( GEOMETRIC_REPRESENTATION_CONTEXT(2) 
PARAMETRIC_REPRESENTATION_CONTEXT() REPRESENTATION_CONTEXT('2D SPACE',''
  ) );
#2087 = ORIENTED_EDGE('',*,*,#2088,.T.);
#2088 = EDGE_CURVE('',#2061,#2089,#2091,.T.);
#2089 = VERTEX_POINT('',#2090);
#2090 = CARTESIAN_POINT('',(21.25,17.5,55.));
#2091 = SURFACE_CURVE('',#2092,(#2096,#2103),.PCURVE_S1.);
#2092 = LINE('',#2093,#2094);
#2093 = CARTESIAN_POINT('',(21.25,17.5,52.730273077582));
#2094 = VECTOR('',#2095,1.);
#2095 = DIRECTION('',(-0.,-0.,1.));
#2096 = PCURVE('',#100,#2097);
#2097 = DEFINITIONAL_REPRESENTATION('',(#2098),#2102);
#2098 = LINE('',#2099,#2100);
#2099 = CARTESIAN_POINT('',(-27.73027307758,-21.25));
#2100 = VECTOR('',#2101,1.);
#2101 = DIRECTION('',(1.,-0.));
#2102 = ( GEOMETRIC_REPRESENTATION_CONTEXT(2) 
PARAMETRIC_REPRESENTATION_CONTEXT() REPRESENTATION_CONTEXT('2D SPACE',''
  ) );
#2103 = PCURVE('',#2104,#2109);
#2104 = PLANE('',#2105);
#2105 = AXIS2_PLACEMENT_3D('',#2106,#2107,#2108);
#2106 = CARTESIAN_POINT('',(21.25,17.3,25.));
#2107 = DIRECTION('',(-1.,-0.,-0.));
#2108 = DIRECTION('',(0.,0.,-1.));
#2109 = DEFINITIONAL_REPRESENTATION('',(#2110),#2114);
#2110 = LINE('',#2111,#2112);
#2111 = CARTESIAN_POINT('',(-27.73027307758,-0.2));
#2112 = VECTOR('',#2113,1.);
#2113 = DIRECTION('',(-1.,-0.));
#2114 = ( GEOMETRIC_REPRESENTATION_CONTEXT(2) 
PARAMETRIC_REPRESENTATION_CONTEXT() REPRESENTATION_CONTEXT('2D SPACE',''
  ) );
#2115 = ORIENTED_EDGE('',*,*,#2116,.F.);
#2116 = EDGE_CURVE('',#2117,#2089,#2119,.T.);
#2117 = VERTEX_POINT('',#2118);
#2118 = CARTESIAN_POINT('',(20.25,17.5,55.));
#2119 = SURFACE_CURVE('',#2120,(#2124,#2131),.PCURVE_S1.);
#2120 = LINE('',#2121,#2122);
#2121 = CARTESIAN_POINT('',(10.625,17.5,55.));
#2122 = VECTOR('',#2123,1.);
#2123 = DIRECTION('',(1.,-0.,-0.));
#2124 = PCURVE('',#100,#2125);
#2125 = DEFINITIONAL_REPRESENTATION('',(#2126),#2130);
#2126 = LINE('',#2127,#2128);
#2127 = CARTESIAN_POINT('',(-25.46054615516,-10.625));
#2128 = VECTOR('',#2129,1.);
#2129 = DIRECTION('',(-0.,-1.));
#2130 = ( GEOMETRIC_REPRESENTATION_CONTEXT(2) 
PARAMETRIC_REPRESENTATION_CONTEXT() REPRESENTATION_CONTEXT('2D SPACE',''
  ) );
#2131 = PCURVE('',#2132,#2137);
#2132 = PLANE('',#2133);
#2133 = AXIS2_PLACEMENT_3D('',#2134,#2135,#2136);
#2134 = CARTESIAN_POINT('',(21.25,17.3,55.));
#2135 = DIRECTION('',(-0.,-0.,1.));
#2136 = DIRECTION('',(1.,0.,0.));
#2137 = DEFINITIONAL_REPRESENTATION('',(#2138),#2142);
#2138 = LINE('',#2139,#2140);
#2139 = CARTESIAN_POINT('',(-10.625,0.2));
#2140 = VECTOR('',#2141,1.);
#2141 = DIRECTION('',(1.,-0.));
#2142 = ( GEOMETRIC_REPRESENTATION_CONTEXT(2) 
PARAMETRIC_REPRESENTATION_CONTEXT() REPRESENTATION_CONTEXT('2D SPACE',''
  ) );
#2143 = ORIENTED_EDGE('',*,*,#2144,.F.);
#2144 = EDGE_CURVE('',#2059,#2117,#2145,.T.);
#2145 = SURFACE_CURVE('',#2146,(#2150,#2157),.PCURVE_S1.);
#2146 = LINE('',#2147,#2148);
#2147 = CARTESIAN_POINT('',(20.25,17.5,52.730273077582));
#2148 = VECTOR('',#2149,1.);
#2149 = DIRECTION('',(-0.,-0.,1.));
#2150 = PCURVE('',#100,#2151);
#2151 = DEFINITIONAL_REPRESENTATION('',(#2152),#2156);
#2152 = LINE('',#2153,#2154);
#2153 = CARTESIAN_POINT('',(-27.73027307758,-20.25));
#2154 = VECTOR('',#2155,1.);
#2155 = DIRECTION('',(1.,-0.));
#2156 = ( GEOMETRIC_REPRESENTATION_CONTEXT(2) 
PARAMETRIC_REPRESENTATION_CONTEXT() REPRESENTATION_CONTEXT('2D SPACE',''
  ) );
#2157 = PCURVE('',#2158,#2163);
#2158 = PLANE('',#2159);
#2159 = AXIS2_PLACEMENT_3D('',#2160,#2161,#2162);
#2160 = CARTESIAN_POINT('',(20.25,17.3,25.));
#2161 = DIRECTION('',(-1.,-0.,-0.));
#2162 = DIRECTION('',(0.,0.,-1.));
#2163 = DEFINITIONAL_REPRESENTATION('',(#2164),#2168);
#2164 = LINE('',#2165,#2166);
#2165 = CARTESIAN_POINT('',(-27.73027307758,-0.2));
#2166 = VECTOR('',#2167,1.);
#2167 = DIRECTION('',(-1.,-0.));
#2168 = ( GEOMETRIC_REPRESENTATION_CONTEXT(2) 
PARAMETRIC_REPRESENTATION_CONTEXT() REPRESENTATION_CONTEXT('2D SPACE',''
  ) );
#2169 = FACE_BOUND('',#2170,.T.);
#2170 = EDGE_LOOP('',(#2171));
#2171 = ORIENTED_EDGE('',*,*,#2172,.T.);
#2172 = EDGE_CURVE('',#2173,#2173,#2175,.T.);
#2173 = VERTEX_POINT('',#2174);
#2174 = CARTESIAN_POINT('',(20.65,17.5,6.7));
#2175 = SURFACE_CURVE('',#2176,(#2181,#2188),.PCURVE_S1.);
#2176 = CIRCLE('',#2177,2.1);
#2177 = AXIS2_PLACEMENT_3D('',#2178,#2179,#2180);
#2178 = CARTESIAN_POINT('',(20.65,17.5,4.6));
#2179 = DIRECTION('',(0.,-1.,0.));
#2180 = DIRECTION('',(-0.,-0.,1.));
#2181 = PCURVE('',#100,#2182);
#2182 = DEFINITIONAL_REPRESENTATION('',(#2183),#2187);
#2183 = CIRCLE('',#2184,2.1);
#2184 = AXIS2_PLACEMENT_2D('',#2185,#2186);
#2185 = CARTESIAN_POINT('',(-75.86054615516,-20.65));
#2186 = DIRECTION('',(1.,-0.));
#2187 = ( GEOMETRIC_REPRESENTATION_CONTEXT(2) 
PARAMETRIC_REPRESENTATION_CONTEXT() REPRESENTATION_CONTEXT('2D SPACE',''
  ) );
#2188 = PCURVE('',#2189,#2194);
#2189 = CYLINDRICAL_SURFACE('',#2190,2.1);
#2190 = AXIS2_PLACEMENT_3D('',#2191,#2192,#2193);
#2191 = CARTESIAN_POINT('',(20.65,15.35,4.6));
#2192 = DIRECTION('',(-0.,1.,-0.));
#2193 = DIRECTION('',(-0.,-0.,1.));
#2194 = DEFINITIONAL_REPRESENTATION('',(#2195),#2199);
#2195 = LINE('',#2196,#2197);
#2196 = CARTESIAN_POINT('',(-0.,2.15));
#2197 = VECTOR('',#2198,1.);
#2198 = DIRECTION('',(-1.,0.));
#2199 = ( GEOMETRIC_REPRESENTATION_CONTEXT(2) 
PARAMETRIC_REPRESENTATION_CONTEXT() REPRESENTATION_CONTEXT('2D SPACE',''
  ) );
#2200 = ADVANCED_FACE('',(#2201),#72,.T.);
#2201 = FACE_BOUND('',#2202,.F.);
#2202 = EDGE_LOOP('',(#2203,#2226,#2227,#2228));
#2203 = ORIENTED_EDGE('',*,*,#2204,.T.);
#2204 = EDGE_CURVE('',#2205,#1533,#2207,.T.);
#2205 = VERTEX_POINT('',#2206);
#2206 = CARTESIAN_POINT('',(24.,0.65,1.5));
#2207 = SURFACE_CURVE('',#2208,(#2212,#2219),.PCURVE_S1.);
#2208 = LINE('',#2209,#2210);
#2209 = CARTESIAN_POINT('',(24.,0.,1.5));
#2210 = VECTOR('',#2211,1.);
#2211 = DIRECTION('',(-0.,1.,-0.));
#2212 = PCURVE('',#72,#2213);
#2213 = DEFINITIONAL_REPRESENTATION('',(#2214),#2218);
#2214 = LINE('',#2215,#2216);
#2215 = CARTESIAN_POINT('',(-0.,-0.));
#2216 = VECTOR('',#2217,1.);
#2217 = DIRECTION('',(-0.,-1.));
#2218 = ( GEOMETRIC_REPRESENTATION_CONTEXT(2) 
PARAMETRIC_REPRESENTATION_CONTEXT() REPRESENTATION_CONTEXT('2D SPACE',''
  ) );
#2219 = PCURVE('',#1548,#2220);
#2220 = DEFINITIONAL_REPRESENTATION('',(#2221),#2225);
#2221 = LINE('',#2222,#2223);
#2222 = CARTESIAN_POINT('',(-155.5,-0.));
#2223 = VECTOR('',#2224,1.);
#2224 = DIRECTION('',(-0.,-1.));
#2225 = ( GEOMETRIC_REPRESENTATION_CONTEXT(2) 
PARAMETRIC_REPRESENTATION_CONTEXT() REPRESENTATION_CONTEXT('2D SPACE',''
  ) );
#2226 = ORIENTED_EDGE('',*,*,#1560,.T.);
#2227 = ORIENTED_EDGE('',*,*,#56,.F.);
#2228 = ORIENTED_EDGE('',*,*,#2229,.F.);
#2229 = EDGE_CURVE('',#2205,#22,#2230,.T.);
#2230 = SURFACE_CURVE('',#2231,(#2235,#2242),.PCURVE_S1.);
#2231 = LINE('',#2232,#2233);
#2232 = CARTESIAN_POINT('',(24.,0.65,1.5));
#2233 = VECTOR('',#2234,1.);
#2234 = DIRECTION('',(-0.707106781187,-0.,-0.707106781187));
#2235 = PCURVE('',#72,#2236);
#2236 = DEFINITIONAL_REPRESENTATION('',(#2237),#2241);
#2237 = LINE('',#2238,#2239);
#2238 = CARTESIAN_POINT('',(-6.280369834735E-16,-0.65));
#2239 = VECTOR('',#2240,1.);
#2240 = DIRECTION('',(-1.,0.));
#2241 = ( GEOMETRIC_REPRESENTATION_CONTEXT(2) 
PARAMETRIC_REPRESENTATION_CONTEXT() REPRESENTATION_CONTEXT('2D SPACE',''
  ) );
#2242 = PCURVE('',#332,#2243);
#2243 = DEFINITIONAL_REPRESENTATION('',(#2244),#2248);
#2244 = LINE('',#2245,#2246);
#2245 = CARTESIAN_POINT('',(0.,0.));
#2246 = VECTOR('',#2247,1.);
#2247 = DIRECTION('',(0.,1.));
#2248 = ( GEOMETRIC_REPRESENTATION_CONTEXT(2) 
PARAMETRIC_REPRESENTATION_CONTEXT() REPRESENTATION_CONTEXT('2D SPACE',''
  ) );
#2249 = ADVANCED_FACE('',(#2250),#332,.T.);
#2250 = FACE_BOUND('',#2251,.T.);
#2251 = EDGE_LOOP('',(#2252,#2289,#2310,#2311));
#2252 = ORIENTED_EDGE('',*,*,#2253,.T.);
#2253 = EDGE_CURVE('',#2205,#2254,#2256,.T.);
#2254 = VERTEX_POINT('',#2255);
#2255 = CARTESIAN_POINT('',(23.35,-1.110223024625E-16,1.769238815543));
#2256 = SURFACE_CURVE('',#2257,(#2262,#2273),.PCURVE_S1.);
#2257 = ELLIPSE('',#2258,0.70355493019,0.65);
#2258 = AXIS2_PLACEMENT_3D('',#2259,#2260,#2261);
#2259 = CARTESIAN_POINT('',(23.35,0.65,1.769238815543));
#2260 = DIRECTION('',(-0.382683432365,0.,-0.923879532511));
#2261 = DIRECTION('',(0.923879532511,0.,-0.382683432365));
#2262 = PCURVE('',#332,#2263);
#2263 = DEFINITIONAL_REPRESENTATION('',(#2264),#2272);
#2264 = B_SPLINE_CURVE_WITH_KNOTS('',6,(#2265,#2266,#2267,#2268,#2269,
    #2270,#2271),.UNSPECIFIED.,.F.,.F.,(7,7),(0.,1.570796326795),
  .PIECEWISE_BEZIER_KNOTS.);
#2265 = CARTESIAN_POINT('',(4.440892098501E-16,3.635980405647E-15));
#2266 = CARTESIAN_POINT('',(0.261799387799,3.840469537488E-15));
#2267 = CARTESIAN_POINT('',(0.523598377081,2.213919339518E-02));
#2268 = CARTESIAN_POINT('',(0.78539843894,6.645112527009E-02));
#2269 = CARTESIAN_POINT('',(1.047197679711,0.128271042329));
#2270 = CARTESIAN_POINT('',(1.308996938996,0.198752258462));
#2271 = CARTESIAN_POINT('',(1.570796326795,0.269238815543));
#2272 = ( GEOMETRIC_REPRESENTATION_CONTEXT(2) 
PARAMETRIC_REPRESENTATION_CONTEXT() REPRESENTATION_CONTEXT('2D SPACE',''
  ) );
#2273 = PCURVE('',#2274,#2279);
#2274 = CYLINDRICAL_SURFACE('',#2275,0.65);
#2275 = AXIS2_PLACEMENT_3D('',#2276,#2277,#2278);
#2276 = CARTESIAN_POINT('',(23.35,0.65,157.));
#2277 = DIRECTION('',(2.284703330418E-17,0.,-1.));
#2278 = DIRECTION('',(1.,-0.,2.284703330418E-17));
#2279 = DEFINITIONAL_REPRESENTATION('',(#2280),#2288);
#2280 = B_SPLINE_CURVE_WITH_KNOTS('',6,(#2281,#2282,#2283,#2284,#2285,
    #2286,#2287),.UNSPECIFIED.,.F.,.F.,(7,7),(0.,1.570796326795),
  .PIECEWISE_BEZIER_KNOTS.);
#2281 = CARTESIAN_POINT('',(3.330669073875E-16,155.5));
#2282 = CARTESIAN_POINT('',(0.261799387799,155.5));
#2283 = CARTESIAN_POINT('',(0.523598377081,155.4778608066));
#2284 = CARTESIAN_POINT('',(0.785398438938,155.43354887473));
#2285 = CARTESIAN_POINT('',(1.04719767971,155.37172895766));
#2286 = CARTESIAN_POINT('',(1.308996938996,155.30124774153));
#2287 = CARTESIAN_POINT('',(1.570796326795,155.23076118445));
#2288 = ( GEOMETRIC_REPRESENTATION_CONTEXT(2) 
PARAMETRIC_REPRESENTATION_CONTEXT() REPRESENTATION_CONTEXT('2D SPACE',''
  ) );
#2289 = ORIENTED_EDGE('',*,*,#2290,.T.);
#2290 = EDGE_CURVE('',#2254,#312,#2291,.T.);
#2291 = SURFACE_CURVE('',#2292,(#2296,#2303),.PCURVE_S1.);
#2292 = LINE('',#2293,#2294);
#2293 = CARTESIAN_POINT('',(23.540380592229,-1.110223024625E-16,
    1.959619407771));
#2294 = VECTOR('',#2295,1.);
#2295 = DIRECTION('',(-0.707106781187,-0.,-0.707106781187));
#2296 = PCURVE('',#332,#2297);
#2297 = DEFINITIONAL_REPRESENTATION('',(#2298),#2302);
#2298 = LINE('',#2299,#2300);
#2299 = CARTESIAN_POINT('',(1.570796326795,0.));
#2300 = VECTOR('',#2301,1.);
#2301 = DIRECTION('',(0.,1.));
#2302 = ( GEOMETRIC_REPRESENTATION_CONTEXT(2) 
PARAMETRIC_REPRESENTATION_CONTEXT() REPRESENTATION_CONTEXT('2D SPACE',''
  ) );
#2303 = PCURVE('',#365,#2304);
#2304 = DEFINITIONAL_REPRESENTATION('',(#2305),#2309);
#2305 = LINE('',#2306,#2307);
#2306 = CARTESIAN_POINT('',(-78.50092674739,-23.54038059222));
#2307 = VECTOR('',#2308,1.);
#2308 = DIRECTION('',(-0.707106781187,0.707106781187));
#2309 = ( GEOMETRIC_REPRESENTATION_CONTEXT(2) 
PARAMETRIC_REPRESENTATION_CONTEXT() REPRESENTATION_CONTEXT('2D SPACE',''
  ) );
#2310 = ORIENTED_EDGE('',*,*,#311,.F.);
#2311 = ORIENTED_EDGE('',*,*,#2229,.F.);
#2312 = ADVANCED_FACE('',(#2313,#2483,#2514,#2744,#2974,#3204,#3434),
  #365,.T.);
#2313 = FACE_BOUND('',#2314,.F.);
#2314 = EDGE_LOOP('',(#2315,#2316,#2339,#2367,#2400,#2428,#2461,#2482));
#2315 = ORIENTED_EDGE('',*,*,#349,.T.);
#2316 = ORIENTED_EDGE('',*,*,#2317,.T.);
#2317 = EDGE_CURVE('',#350,#2318,#2320,.T.);
#2318 = VERTEX_POINT('',#2319);
#2319 = CARTESIAN_POINT('',(-23.35,-1.110223024625E-16,1.769238815543));
#2320 = SURFACE_CURVE('',#2321,(#2325,#2332),.PCURVE_S1.);
#2321 = LINE('',#2322,#2323);
#2322 = CARTESIAN_POINT('',(-22.04038059222,-1.110223024625E-16,
    0.459619407771));
#2323 = VECTOR('',#2324,1.);
#2324 = DIRECTION('',(-0.707106781187,-0.,0.707106781187));
#2325 = PCURVE('',#365,#2326);
#2326 = DEFINITIONAL_REPRESENTATION('',(#2327),#2331);
#2327 = LINE('',#2328,#2329);
#2328 = CARTESIAN_POINT('',(-80.00092674739,22.040380592229));
#2329 = VECTOR('',#2330,1.);
#2330 = DIRECTION('',(0.707106781187,0.707106781187));
#2331 = ( GEOMETRIC_REPRESENTATION_CONTEXT(2) 
PARAMETRIC_REPRESENTATION_CONTEXT() REPRESENTATION_CONTEXT('2D SPACE',''
  ) );
#2332 = PCURVE('',#396,#2333);
#2333 = DEFINITIONAL_REPRESENTATION('',(#2334),#2338);
#2334 = LINE('',#2335,#2336);
#2335 = CARTESIAN_POINT('',(1.570796326795,0.));
#2336 = VECTOR('',#2337,1.);
#2337 = DIRECTION('',(0.,1.));
#2338 = ( GEOMETRIC_REPRESENTATION_CONTEXT(2) 
PARAMETRIC_REPRESENTATION_CONTEXT() REPRESENTATION_CONTEXT('2D SPACE',''
  ) );
#2339 = ORIENTED_EDGE('',*,*,#2340,.T.);
#2340 = EDGE_CURVE('',#2318,#2341,#2343,.T.);
#2341 = VERTEX_POINT('',#2342);
#2342 = CARTESIAN_POINT('',(-23.35,-1.110223024625E-16,157.));
#2343 = SURFACE_CURVE('',#2344,(#2348,#2355),.PCURVE_S1.);
#2344 = LINE('',#2345,#2346);
#2345 = CARTESIAN_POINT('',(-23.35,-1.110223024625E-16,1.5));
#2346 = VECTOR('',#2347,1.);
#2347 = DIRECTION('',(-0.,-0.,1.));
#2348 = PCURVE('',#365,#2349);
#2349 = DEFINITIONAL_REPRESENTATION('',(#2350),#2354);
#2350 = LINE('',#2351,#2352);
#2351 = CARTESIAN_POINT('',(-78.96054615516,23.35));
#2352 = VECTOR('',#2353,1.);
#2353 = DIRECTION('',(1.,-0.));
#2354 = ( GEOMETRIC_REPRESENTATION_CONTEXT(2) 
PARAMETRIC_REPRESENTATION_CONTEXT() REPRESENTATION_CONTEXT('2D SPACE',''
  ) );
#2355 = PCURVE('',#2356,#2361);
#2356 = CYLINDRICAL_SURFACE('',#2357,0.65);
#2357 = AXIS2_PLACEMENT_3D('',#2358,#2359,#2360);
#2358 = CARTESIAN_POINT('',(-23.35,0.65,1.5));
#2359 = DIRECTION('',(-0.,-0.,1.));
#2360 = DIRECTION('',(-1.,-0.,-0.));
#2361 = DEFINITIONAL_REPRESENTATION('',(#2362),#2366);
#2362 = LINE('',#2363,#2364);
#2363 = CARTESIAN_POINT('',(1.570796326795,0.));
#2364 = VECTOR('',#2365,1.);
#2365 = DIRECTION('',(0.,1.));
#2366 = ( GEOMETRIC_REPRESENTATION_CONTEXT(2) 
PARAMETRIC_REPRESENTATION_CONTEXT() REPRESENTATION_CONTEXT('2D SPACE',''
  ) );
#2367 = ORIENTED_EDGE('',*,*,#2368,.T.);
#2368 = EDGE_CURVE('',#2341,#2369,#2371,.T.);
#2369 = VERTEX_POINT('',#2370);
#2370 = CARTESIAN_POINT('',(-18.99999999736,0.,161.35));
#2371 = SURFACE_CURVE('',#2372,(#2377,#2388),.PCURVE_S1.);
#2372 = CIRCLE('',#2373,4.350000020256);
#2373 = AXIS2_PLACEMENT_3D('',#2374,#2375,#2376);
#2374 = CARTESIAN_POINT('',(-18.99999997974,0.,156.99999997974));
#2375 = DIRECTION('',(0.,1.,0.));
#2376 = DIRECTION('',(-1.,-0.,4.051128127644E-09));
#2377 = PCURVE('',#365,#2378);
#2378 = DEFINITIONAL_REPRESENTATION('',(#2379),#2387);
#2379 = ( BOUNDED_CURVE() B_SPLINE_CURVE(2,(#2380,#2381,#2382,#2383,
#2384,#2385,#2386),.UNSPECIFIED.,.T.,.F.) B_SPLINE_CURVE_WITH_KNOTS((1,2
    ,2,2,2,1),(-2.094395102393,0.,2.094395102393,4.188790204786,
6.28318530718,8.377580409573),.UNSPECIFIED.) CURVE() 
GEOMETRIC_REPRESENTATION_ITEM() RATIONAL_B_SPLINE_CURVE((1.,0.5,1.,0.5,
1.,0.5,1.)) REPRESENTATION_ITEM('') );
#2380 = CARTESIAN_POINT('',(76.539453842202,23.35));
#2381 = CARTESIAN_POINT('',(84.07387489021,23.349999969477));
#2382 = CARTESIAN_POINT('',(80.306664339772,16.824999954355));
#2383 = CARTESIAN_POINT('',(76.539453789335,10.299999939233));
#2384 = CARTESIAN_POINT('',(72.772243291764,16.824999984878));
#2385 = CARTESIAN_POINT('',(69.005032794193,23.350000030523));
#2386 = CARTESIAN_POINT('',(76.539453842202,23.35));
#2387 = ( GEOMETRIC_REPRESENTATION_CONTEXT(2) 
PARAMETRIC_REPRESENTATION_CONTEXT() REPRESENTATION_CONTEXT('2D SPACE',''
  ) );
#2388 = PCURVE('',#2389,#2394);
#2389 = TOROIDAL_SURFACE('',#2390,4.350000020256,0.65);
#2390 = AXIS2_PLACEMENT_3D('',#2391,#2392,#2393);
#2391 = CARTESIAN_POINT('',(-18.99999997974,0.65,156.99999997974));
#2392 = DIRECTION('',(-0.,-1.,-0.));
#2393 = DIRECTION('',(-1.,-0.,4.051128127644E-09));
#2394 = DEFINITIONAL_REPRESENTATION('',(#2395),#2399);
#2395 = LINE('',#2396,#2397);
#2396 = CARTESIAN_POINT('',(-0.,1.570796326795));
#2397 = VECTOR('',#2398,1.);
#2398 = DIRECTION('',(-1.,0.));
#2399 = ( GEOMETRIC_REPRESENTATION_CONTEXT(2) 
PARAMETRIC_REPRESENTATION_CONTEXT() REPRESENTATION_CONTEXT('2D SPACE',''
  ) );
#2400 = ORIENTED_EDGE('',*,*,#2401,.T.);
#2401 = EDGE_CURVE('',#2369,#2402,#2404,.T.);
#2402 = VERTEX_POINT('',#2403);
#2403 = CARTESIAN_POINT('',(19.,-1.110223024625E-16,161.35));
#2404 = SURFACE_CURVE('',#2405,(#2409,#2416),.PCURVE_S1.);
#2405 = LINE('',#2406,#2407);
#2406 = CARTESIAN_POINT('',(-19.,-1.110223024625E-16,161.35));
#2407 = VECTOR('',#2408,1.);
#2408 = DIRECTION('',(1.,-0.,-0.));
#2409 = PCURVE('',#365,#2410);
#2410 = DEFINITIONAL_REPRESENTATION('',(#2411),#2415);
#2411 = LINE('',#2412,#2413);
#2412 = CARTESIAN_POINT('',(80.889453844835,19.));
#2413 = VECTOR('',#2414,1.);
#2414 = DIRECTION('',(-0.,-1.));
#2415 = ( GEOMETRIC_REPRESENTATION_CONTEXT(2) 
PARAMETRIC_REPRESENTATION_CONTEXT() REPRESENTATION_CONTEXT('2D SPACE',''
  ) );
#2416 = PCURVE('',#2417,#2422);
#2417 = CYLINDRICAL_SURFACE('',#2418,0.65);
#2418 = AXIS2_PLACEMENT_3D('',#2419,#2420,#2421);
#2419 = CARTESIAN_POINT('',(-19.,0.65,161.35));
#2420 = DIRECTION('',(1.,-0.,-0.));
#2421 = DIRECTION('',(-0.,-0.,1.));
#2422 = DEFINITIONAL_REPRESENTATION('',(#2423),#2427);
#2423 = LINE('',#2424,#2425);
#2424 = CARTESIAN_POINT('',(1.570796326795,0.));
#2425 = VECTOR('',#2426,1.);
#2426 = DIRECTION('',(0.,1.));
#2427 = ( GEOMETRIC_REPRESENTATION_CONTEXT(2) 
PARAMETRIC_REPRESENTATION_CONTEXT() REPRESENTATION_CONTEXT('2D SPACE',''
  ) );
#2428 = ORIENTED_EDGE('',*,*,#2429,.T.);
#2429 = EDGE_CURVE('',#2402,#2430,#2432,.T.);
#2430 = VERTEX_POINT('',#2431);
#2431 = CARTESIAN_POINT('',(23.35,0.,156.99999999736));
#2432 = SURFACE_CURVE('',#2433,(#2438,#2449),.PCURVE_S1.);
#2433 = CIRCLE('',#2434,4.350000020256);
#2434 = AXIS2_PLACEMENT_3D('',#2435,#2436,#2437);
#2435 = CARTESIAN_POINT('',(18.999999979744,0.,156.99999997974));
#2436 = DIRECTION('',(0.,1.,0.));
#2437 = DIRECTION('',(4.05112954873E-09,-0.,1.));
#2438 = PCURVE('',#365,#2439);
#2439 = DEFINITIONAL_REPRESENTATION('',(#2440),#2448);
#2440 = ( BOUNDED_CURVE() B_SPLINE_CURVE(2,(#2441,#2442,#2443,#2444,
#2445,#2446,#2447),.UNSPECIFIED.,.T.,.F.) B_SPLINE_CURVE_WITH_KNOTS((1,2
    ,2,2,2,1),(-2.094395102393,0.,2.094395102393,4.188790204786,
6.28318530718,8.377580409573),.UNSPECIFIED.) CURVE() 
GEOMETRIC_REPRESENTATION_ITEM() RATIONAL_B_SPLINE_CURVE((1.,0.5,1.,0.5,
1.,0.5,1.)) REPRESENTATION_ITEM('') );
#2441 = CARTESIAN_POINT('',(80.889453844835,-18.99999999736));
#2442 = CARTESIAN_POINT('',(80.889453814312,-26.53442104537));
#2443 = CARTESIAN_POINT('',(74.36445379919,-22.76721049493));
#2444 = CARTESIAN_POINT('',(67.839453784068,-18.9999999445));
#2445 = CARTESIAN_POINT('',(74.364453829713,-15.23278944692));
#2446 = CARTESIAN_POINT('',(80.889453875358,-11.46557894935));
#2447 = CARTESIAN_POINT('',(80.889453844835,-18.99999999736));
#2448 = ( GEOMETRIC_REPRESENTATION_CONTEXT(2) 
PARAMETRIC_REPRESENTATION_CONTEXT() REPRESENTATION_CONTEXT('2D SPACE',''
  ) );
#2449 = PCURVE('',#2450,#2455);
#2450 = TOROIDAL_SURFACE('',#2451,4.350000020256,0.65);
#2451 = AXIS2_PLACEMENT_3D('',#2452,#2453,#2454);
#2452 = CARTESIAN_POINT('',(18.999999979744,0.65,156.99999997974));
#2453 = DIRECTION('',(-0.,-1.,-0.));
#2454 = DIRECTION('',(4.05112954873E-09,-0.,1.));
#2455 = DEFINITIONAL_REPRESENTATION('',(#2456),#2460);
#2456 = LINE('',#2457,#2458);
#2457 = CARTESIAN_POINT('',(-0.,1.570796326795));
#2458 = VECTOR('',#2459,1.);
#2459 = DIRECTION('',(-1.,0.));
#2460 = ( GEOMETRIC_REPRESENTATION_CONTEXT(2) 
PARAMETRIC_REPRESENTATION_CONTEXT() REPRESENTATION_CONTEXT('2D SPACE',''
  ) );
#2461 = ORIENTED_EDGE('',*,*,#2462,.T.);
#2462 = EDGE_CURVE('',#2430,#2254,#2463,.T.);
#2463 = SURFACE_CURVE('',#2464,(#2468,#2475),.PCURVE_S1.);
#2464 = LINE('',#2465,#2466);
#2465 = CARTESIAN_POINT('',(23.35,-1.110223024625E-16,157.));
#2466 = VECTOR('',#2467,1.);
#2467 = DIRECTION('',(2.284703330418E-17,0.,-1.));
#2468 = PCURVE('',#365,#2469);
#2469 = DEFINITIONAL_REPRESENTATION('',(#2470),#2474);
#2470 = LINE('',#2471,#2472);
#2471 = CARTESIAN_POINT('',(76.539453844835,-23.35));
#2472 = VECTOR('',#2473,1.);
#2473 = DIRECTION('',(-1.,-2.284703330418E-17));
#2474 = ( GEOMETRIC_REPRESENTATION_CONTEXT(2) 
PARAMETRIC_REPRESENTATION_CONTEXT() REPRESENTATION_CONTEXT('2D SPACE',''
  ) );
#2475 = PCURVE('',#2274,#2476);
#2476 = DEFINITIONAL_REPRESENTATION('',(#2477),#2481);
#2477 = LINE('',#2478,#2479);
#2478 = CARTESIAN_POINT('',(1.570796326795,0.));
#2479 = VECTOR('',#2480,1.);
#2480 = DIRECTION('',(0.,1.));
#2481 = ( GEOMETRIC_REPRESENTATION_CONTEXT(2) 
PARAMETRIC_REPRESENTATION_CONTEXT() REPRESENTATION_CONTEXT('2D SPACE',''
  ) );
#2482 = ORIENTED_EDGE('',*,*,#2290,.T.);
#2483 = FACE_BOUND('',#2484,.F.);
#2484 = EDGE_LOOP('',(#2485));
#2485 = ORIENTED_EDGE('',*,*,#2486,.T.);
#2486 = EDGE_CURVE('',#2487,#2487,#2489,.T.);
#2487 = VERTEX_POINT('',#2488);
#2488 = CARTESIAN_POINT('',(12.,0.,36.));
#2489 = SURFACE_CURVE('',#2490,(#2495,#2502),.PCURVE_S1.);
#2490 = CIRCLE('',#2491,3.);
#2491 = AXIS2_PLACEMENT_3D('',#2492,#2493,#2494);
#2492 = CARTESIAN_POINT('',(12.,0.,33.));
#2493 = DIRECTION('',(0.,-1.,0.));
#2494 = DIRECTION('',(-0.,-0.,1.));
#2495 = PCURVE('',#365,#2496);
#2496 = DEFINITIONAL_REPRESENTATION('',(#2497),#2501);
#2497 = CIRCLE('',#2498,3.);
#2498 = AXIS2_PLACEMENT_2D('',#2499,#2500);
#2499 = CARTESIAN_POINT('',(-47.46054615516,-12.));
#2500 = DIRECTION('',(1.,-0.));
#2501 = ( GEOMETRIC_REPRESENTATION_CONTEXT(2) 
PARAMETRIC_REPRESENTATION_CONTEXT() REPRESENTATION_CONTEXT('2D SPACE',''
  ) );
#2502 = PCURVE('',#2503,#2508);
#2503 = CYLINDRICAL_SURFACE('',#2504,3.);
#2504 = AXIS2_PLACEMENT_3D('',#2505,#2506,#2507);
#2505 = CARTESIAN_POINT('',(12.,-0.5,33.));
#2506 = DIRECTION('',(-0.,1.,-0.));
#2507 = DIRECTION('',(-0.,-0.,1.));
#2508 = DEFINITIONAL_REPRESENTATION('',(#2509),#2513);
#2509 = LINE('',#2510,#2511);
#2510 = CARTESIAN_POINT('',(-0.,0.5));
#2511 = VECTOR('',#2512,1.);
#2512 = DIRECTION('',(-1.,0.));
#2513 = ( GEOMETRIC_REPRESENTATION_CONTEXT(2) 
PARAMETRIC_REPRESENTATION_CONTEXT() REPRESENTATION_CONTEXT('2D SPACE',''
  ) );
#2514 = FACE_BOUND('',#2515,.F.);
#2515 = EDGE_LOOP('',(#2516,#2546,#2575,#2603,#2632,#2660,#2689,#2717));
#2516 = ORIENTED_EDGE('',*,*,#2517,.F.);
#2517 = EDGE_CURVE('',#2518,#2520,#2522,.T.);
#2518 = VERTEX_POINT('',#2519);
#2519 = CARTESIAN_POINT('',(9.35,0.,147.));
#2520 = VERTEX_POINT('',#2521);
#2521 = CARTESIAN_POINT('',(-9.35,0.,147.));
#2522 = SURFACE_CURVE('',#2523,(#2527,#2534),.PCURVE_S1.);
#2523 = LINE('',#2524,#2525);
#2524 = CARTESIAN_POINT('',(5.,0.,147.));
#2525 = VECTOR('',#2526,1.);
#2526 = DIRECTION('',(-1.,-0.,-0.));
#2527 = PCURVE('',#365,#2528);
#2528 = DEFINITIONAL_REPRESENTATION('',(#2529),#2533);
#2529 = LINE('',#2530,#2531);
#2530 = CARTESIAN_POINT('',(66.539453844835,-5.));
#2531 = VECTOR('',#2532,1.);
#2532 = DIRECTION('',(-0.,1.));
#2533 = ( GEOMETRIC_REPRESENTATION_CONTEXT(2) 
PARAMETRIC_REPRESENTATION_CONTEXT() REPRESENTATION_CONTEXT('2D SPACE',''
  ) );
#2534 = PCURVE('',#2535,#2540);
#2535 = PLANE('',#2536);
#2536 = AXIS2_PLACEMENT_3D('',#2537,#2538,#2539);
#2537 = CARTESIAN_POINT('',(10.,-0.5,147.));
#2538 = DIRECTION('',(-0.,-0.,-1.));
#2539 = DIRECTION('',(1.,0.,0.));
#2540 = DEFINITIONAL_REPRESENTATION('',(#2541),#2545);
#2541 = LINE('',#2542,#2543);
#2542 = CARTESIAN_POINT('',(-5.,-0.5));
#2543 = VECTOR('',#2544,1.);
#2544 = DIRECTION('',(-1.,0.));
#2545 = ( GEOMETRIC_REPRESENTATION_CONTEXT(2) 
PARAMETRIC_REPRESENTATION_CONTEXT() REPRESENTATION_CONTEXT('2D SPACE',''
  ) );
#2546 = ORIENTED_EDGE('',*,*,#2547,.T.);
#2547 = EDGE_CURVE('',#2518,#2548,#2550,.T.);
#2548 = VERTEX_POINT('',#2549);
#2549 = CARTESIAN_POINT('',(10.,0.,147.65));
#2550 = SURFACE_CURVE('',#2551,(#2556,#2563),.PCURVE_S1.);
#2551 = CIRCLE('',#2552,0.65);
#2552 = AXIS2_PLACEMENT_3D('',#2553,#2554,#2555);
#2553 = CARTESIAN_POINT('',(9.35,0.,147.65));
#2554 = DIRECTION('',(0.,-1.,0.));
#2555 = DIRECTION('',(-0.,-0.,-1.));
#2556 = PCURVE('',#365,#2557);
#2557 = DEFINITIONAL_REPRESENTATION('',(#2558),#2562);
#2558 = CIRCLE('',#2559,0.65);
#2559 = AXIS2_PLACEMENT_2D('',#2560,#2561);
#2560 = CARTESIAN_POINT('',(67.189453844835,-9.35));
#2561 = DIRECTION('',(-1.,0.));
#2562 = ( GEOMETRIC_REPRESENTATION_CONTEXT(2) 
PARAMETRIC_REPRESENTATION_CONTEXT() REPRESENTATION_CONTEXT('2D SPACE',''
  ) );
#2563 = PCURVE('',#2564,#2569);
#2564 = CYLINDRICAL_SURFACE('',#2565,0.65);
#2565 = AXIS2_PLACEMENT_3D('',#2566,#2567,#2568);
#2566 = CARTESIAN_POINT('',(9.35,-0.5,147.65));
#2567 = DIRECTION('',(-0.,1.,-0.));
#2568 = DIRECTION('',(-0.,-0.,-1.));
#2569 = DEFINITIONAL_REPRESENTATION('',(#2570),#2574);
#2570 = LINE('',#2571,#2572);
#2571 = CARTESIAN_POINT('',(-0.,0.5));
#2572 = VECTOR('',#2573,1.);
#2573 = DIRECTION('',(-1.,0.));
#2574 = ( GEOMETRIC_REPRESENTATION_CONTEXT(2) 
PARAMETRIC_REPRESENTATION_CONTEXT() REPRESENTATION_CONTEXT('2D SPACE',''
  ) );
#2575 = ORIENTED_EDGE('',*,*,#2576,.F.);
#2576 = EDGE_CURVE('',#2577,#2548,#2579,.T.);
#2577 = VERTEX_POINT('',#2578);
#2578 = CARTESIAN_POINT('',(10.,0.,152.35));
#2579 = SURFACE_CURVE('',#2580,(#2584,#2591),.PCURVE_S1.);
#2580 = LINE('',#2581,#2582);
#2581 = CARTESIAN_POINT('',(10.,0.,116.73027307758));
#2582 = VECTOR('',#2583,1.);
#2583 = DIRECTION('',(-0.,-0.,-1.));
#2584 = PCURVE('',#365,#2585);
#2585 = DEFINITIONAL_REPRESENTATION('',(#2586),#2590);
#2586 = LINE('',#2587,#2588);
#2587 = CARTESIAN_POINT('',(36.269726922418,-10.));
#2588 = VECTOR('',#2589,1.);
#2589 = DIRECTION('',(-1.,0.));
#2590 = ( GEOMETRIC_REPRESENTATION_CONTEXT(2) 
PARAMETRIC_REPRESENTATION_CONTEXT() REPRESENTATION_CONTEXT('2D SPACE',''
  ) );
#2591 = PCURVE('',#2592,#2597);
#2592 = PLANE('',#2593);
#2593 = AXIS2_PLACEMENT_3D('',#2594,#2595,#2596);
#2594 = CARTESIAN_POINT('',(10.,-0.5,153.));
#2595 = DIRECTION('',(1.,-0.,-0.));
#2596 = DIRECTION('',(0.,0.,1.));
#2597 = DEFINITIONAL_REPRESENTATION('',(#2598),#2602);
#2598 = LINE('',#2599,#2600);
#2599 = CARTESIAN_POINT('',(-36.26972692241,-0.5));
#2600 = VECTOR('',#2601,1.);
#2601 = DIRECTION('',(-1.,0.));
#2602 = ( GEOMETRIC_REPRESENTATION_CONTEXT(2) 
PARAMETRIC_REPRESENTATION_CONTEXT() REPRESENTATION_CONTEXT('2D SPACE',''
  ) );
#2603 = ORIENTED_EDGE('',*,*,#2604,.T.);
#2604 = EDGE_CURVE('',#2577,#2605,#2607,.T.);
#2605 = VERTEX_POINT('',#2606);
#2606 = CARTESIAN_POINT('',(9.35,0.,153.));
#2607 = SURFACE_CURVE('',#2608,(#2613,#2620),.PCURVE_S1.);
#2608 = CIRCLE('',#2609,0.65);
#2609 = AXIS2_PLACEMENT_3D('',#2610,#2611,#2612);
#2610 = CARTESIAN_POINT('',(9.35,0.,152.35));
#2611 = DIRECTION('',(0.,-1.,0.));
#2612 = DIRECTION('',(-0.,-0.,1.));
#2613 = PCURVE('',#365,#2614);
#2614 = DEFINITIONAL_REPRESENTATION('',(#2615),#2619);
#2615 = CIRCLE('',#2616,0.65);
#2616 = AXIS2_PLACEMENT_2D('',#2617,#2618);
#2617 = CARTESIAN_POINT('',(71.889453844835,-9.35));
#2618 = DIRECTION('',(1.,-0.));
#2619 = ( GEOMETRIC_REPRESENTATION_CONTEXT(2) 
PARAMETRIC_REPRESENTATION_CONTEXT() REPRESENTATION_CONTEXT('2D SPACE',''
  ) );
#2620 = PCURVE('',#2621,#2626);
#2621 = CYLINDRICAL_SURFACE('',#2622,0.65);
#2622 = AXIS2_PLACEMENT_3D('',#2623,#2624,#2625);
#2623 = CARTESIAN_POINT('',(9.35,-0.5,152.35));
#2624 = DIRECTION('',(-0.,1.,-0.));
#2625 = DIRECTION('',(-0.,-0.,1.));
#2626 = DEFINITIONAL_REPRESENTATION('',(#2627),#2631);
#2627 = LINE('',#2628,#2629);
#2628 = CARTESIAN_POINT('',(6.28318530718,0.5));
#2629 = VECTOR('',#2630,1.);
#2630 = DIRECTION('',(-1.,0.));
#2631 = ( GEOMETRIC_REPRESENTATION_CONTEXT(2) 
PARAMETRIC_REPRESENTATION_CONTEXT() REPRESENTATION_CONTEXT('2D SPACE',''
  ) );
#2632 = ORIENTED_EDGE('',*,*,#2633,.F.);
#2633 = EDGE_CURVE('',#2634,#2605,#2636,.T.);
#2634 = VERTEX_POINT('',#2635);
#2635 = CARTESIAN_POINT('',(-9.35,0.,153.));
#2636 = SURFACE_CURVE('',#2637,(#2641,#2648),.PCURVE_S1.);
#2637 = LINE('',#2638,#2639);
#2638 = CARTESIAN_POINT('',(-5.,0.,153.));
#2639 = VECTOR('',#2640,1.);
#2640 = DIRECTION('',(1.,-0.,-0.));
#2641 = PCURVE('',#365,#2642);
#2642 = DEFINITIONAL_REPRESENTATION('',(#2643),#2647);
#2643 = LINE('',#2644,#2645);
#2644 = CARTESIAN_POINT('',(72.539453844835,5.));
#2645 = VECTOR('',#2646,1.);
#2646 = DIRECTION('',(-0.,-1.));
#2647 = ( GEOMETRIC_REPRESENTATION_CONTEXT(2) 
PARAMETRIC_REPRESENTATION_CONTEXT() REPRESENTATION_CONTEXT('2D SPACE',''
  ) );
#2648 = PCURVE('',#2649,#2654);
#2649 = PLANE('',#2650);
#2650 = AXIS2_PLACEMENT_3D('',#2651,#2652,#2653);
#2651 = CARTESIAN_POINT('',(-10.,-0.5,153.));
#2652 = DIRECTION('',(-0.,-0.,1.));
#2653 = DIRECTION('',(-1.,0.,0.));
#2654 = DEFINITIONAL_REPRESENTATION('',(#2655),#2659);
#2655 = LINE('',#2656,#2657);
#2656 = CARTESIAN_POINT('',(-5.,-0.5));
#2657 = VECTOR('',#2658,1.);
#2658 = DIRECTION('',(-1.,0.));
#2659 = ( GEOMETRIC_REPRESENTATION_CONTEXT(2) 
PARAMETRIC_REPRESENTATION_CONTEXT() REPRESENTATION_CONTEXT('2D SPACE',''
  ) );
#2660 = ORIENTED_EDGE('',*,*,#2661,.T.);
#2661 = EDGE_CURVE('',#2634,#2662,#2664,.T.);
#2662 = VERTEX_POINT('',#2663);
#2663 = CARTESIAN_POINT('',(-10.,0.,152.35));
#2664 = SURFACE_CURVE('',#2665,(#2670,#2677),.PCURVE_S1.);
#2665 = CIRCLE('',#2666,0.65);
#2666 = AXIS2_PLACEMENT_3D('',#2667,#2668,#2669);
#2667 = CARTESIAN_POINT('',(-9.35,0.,152.35));
#2668 = DIRECTION('',(0.,-1.,0.));
#2669 = DIRECTION('',(-1.,-0.,-0.));
#2670 = PCURVE('',#365,#2671);
#2671 = DEFINITIONAL_REPRESENTATION('',(#2672),#2676);
#2672 = CIRCLE('',#2673,0.65);
#2673 = AXIS2_PLACEMENT_2D('',#2674,#2675);
#2674 = CARTESIAN_POINT('',(71.889453844835,9.35));
#2675 = DIRECTION('',(-0.,1.));
#2676 = ( GEOMETRIC_REPRESENTATION_CONTEXT(2) 
PARAMETRIC_REPRESENTATION_CONTEXT() REPRESENTATION_CONTEXT('2D SPACE',''
  ) );
#2677 = PCURVE('',#2678,#2683);
#2678 = CYLINDRICAL_SURFACE('',#2679,0.65);
#2679 = AXIS2_PLACEMENT_3D('',#2680,#2681,#2682);
#2680 = CARTESIAN_POINT('',(-9.35,-0.5,152.35));
#2681 = DIRECTION('',(-0.,1.,-0.));
#2682 = DIRECTION('',(-1.,-0.,-0.));
#2683 = DEFINITIONAL_REPRESENTATION('',(#2684),#2688);
#2684 = LINE('',#2685,#2686);
#2685 = CARTESIAN_POINT('',(6.28318530718,0.5));
#2686 = VECTOR('',#2687,1.);
#2687 = DIRECTION('',(-1.,0.));
#2688 = ( GEOMETRIC_REPRESENTATION_CONTEXT(2) 
PARAMETRIC_REPRESENTATION_CONTEXT() REPRESENTATION_CONTEXT('2D SPACE',''
  ) );
#2689 = ORIENTED_EDGE('',*,*,#2690,.F.);
#2690 = EDGE_CURVE('',#2691,#2662,#2693,.T.);
#2691 = VERTEX_POINT('',#2692);
#2692 = CARTESIAN_POINT('',(-10.,0.,147.65));
#2693 = SURFACE_CURVE('',#2694,(#2698,#2705),.PCURVE_S1.);
#2694 = LINE('',#2695,#2696);
#2695 = CARTESIAN_POINT('',(-10.,0.,113.73027307758));
#2696 = VECTOR('',#2697,1.);
#2697 = DIRECTION('',(-0.,-0.,1.));
#2698 = PCURVE('',#365,#2699);
#2699 = DEFINITIONAL_REPRESENTATION('',(#2700),#2704);
#2700 = LINE('',#2701,#2702);
#2701 = CARTESIAN_POINT('',(33.269726922418,10.));
#2702 = VECTOR('',#2703,1.);
#2703 = DIRECTION('',(1.,-0.));
#2704 = ( GEOMETRIC_REPRESENTATION_CONTEXT(2) 
PARAMETRIC_REPRESENTATION_CONTEXT() REPRESENTATION_CONTEXT('2D SPACE',''
  ) );
#2705 = PCURVE('',#2706,#2711);
#2706 = PLANE('',#2707);
#2707 = AXIS2_PLACEMENT_3D('',#2708,#2709,#2710);
#2708 = CARTESIAN_POINT('',(-10.,-0.5,147.));
#2709 = DIRECTION('',(-1.,-0.,-0.));
#2710 = DIRECTION('',(0.,0.,-1.));
#2711 = DEFINITIONAL_REPRESENTATION('',(#2712),#2716);
#2712 = LINE('',#2713,#2714);
#2713 = CARTESIAN_POINT('',(33.269726922418,-0.5));
#2714 = VECTOR('',#2715,1.);
#2715 = DIRECTION('',(-1.,-0.));
#2716 = ( GEOMETRIC_REPRESENTATION_CONTEXT(2) 
PARAMETRIC_REPRESENTATION_CONTEXT() REPRESENTATION_CONTEXT('2D SPACE',''
  ) );
#2717 = ORIENTED_EDGE('',*,*,#2718,.T.);
#2718 = EDGE_CURVE('',#2691,#2520,#2719,.T.);
#2719 = SURFACE_CURVE('',#2720,(#2725,#2732),.PCURVE_S1.);
#2720 = CIRCLE('',#2721,0.65);
#2721 = AXIS2_PLACEMENT_3D('',#2722,#2723,#2724);
#2722 = CARTESIAN_POINT('',(-9.35,0.,147.65));
#2723 = DIRECTION('',(0.,-1.,0.));
#2724 = DIRECTION('',(-0.,-0.,-1.));
#2725 = PCURVE('',#365,#2726);
#2726 = DEFINITIONAL_REPRESENTATION('',(#2727),#2731);
#2727 = CIRCLE('',#2728,0.65);
#2728 = AXIS2_PLACEMENT_2D('',#2729,#2730);
#2729 = CARTESIAN_POINT('',(67.189453844835,9.35));
#2730 = DIRECTION('',(-1.,0.));
#2731 = ( GEOMETRIC_REPRESENTATION_CONTEXT(2) 
PARAMETRIC_REPRESENTATION_CONTEXT() REPRESENTATION_CONTEXT('2D SPACE',''
  ) );
#2732 = PCURVE('',#2733,#2738);
#2733 = CYLINDRICAL_SURFACE('',#2734,0.65);
#2734 = AXIS2_PLACEMENT_3D('',#2735,#2736,#2737);
#2735 = CARTESIAN_POINT('',(-9.35,-0.5,147.65));
#2736 = DIRECTION('',(-0.,1.,-0.));
#2737 = DIRECTION('',(-0.,-0.,-1.));
#2738 = DEFINITIONAL_REPRESENTATION('',(#2739),#2743);
#2739 = LINE('',#2740,#2741);
#2740 = CARTESIAN_POINT('',(6.28318530718,0.5));
#2741 = VECTOR('',#2742,1.);
#2742 = DIRECTION('',(-1.,0.));
#2743 = ( GEOMETRIC_REPRESENTATION_CONTEXT(2) 
PARAMETRIC_REPRESENTATION_CONTEXT() REPRESENTATION_CONTEXT('2D SPACE',''
  ) );
#2744 = FACE_BOUND('',#2745,.F.);
#2745 = EDGE_LOOP('',(#2746,#2776,#2805,#2833,#2862,#2890,#2919,#2947));
#2746 = ORIENTED_EDGE('',*,*,#2747,.F.);
#2747 = EDGE_CURVE('',#2748,#2750,#2752,.T.);
#2748 = VERTEX_POINT('',#2749);
#2749 = CARTESIAN_POINT('',(13.,0.,39.));
#2750 = VERTEX_POINT('',#2751);
#2751 = CARTESIAN_POINT('',(-13.,0.,39.));
#2752 = SURFACE_CURVE('',#2753,(#2757,#2764),.PCURVE_S1.);
#2753 = LINE('',#2754,#2755);
#2754 = CARTESIAN_POINT('',(7.5,0.,39.));
#2755 = VECTOR('',#2756,1.);
#2756 = DIRECTION('',(-1.,-0.,-0.));
#2757 = PCURVE('',#365,#2758);
#2758 = DEFINITIONAL_REPRESENTATION('',(#2759),#2763);
#2759 = LINE('',#2760,#2761);
#2760 = CARTESIAN_POINT('',(-41.46054615516,-7.5));
#2761 = VECTOR('',#2762,1.);
#2762 = DIRECTION('',(-0.,1.));
#2763 = ( GEOMETRIC_REPRESENTATION_CONTEXT(2) 
PARAMETRIC_REPRESENTATION_CONTEXT() REPRESENTATION_CONTEXT('2D SPACE',''
  ) );
#2764 = PCURVE('',#2765,#2770);
#2765 = PLANE('',#2766);
#2766 = AXIS2_PLACEMENT_3D('',#2767,#2768,#2769);
#2767 = CARTESIAN_POINT('',(15.,-0.5,39.));
#2768 = DIRECTION('',(-0.,-0.,-1.));
#2769 = DIRECTION('',(1.,0.,0.));
#2770 = DEFINITIONAL_REPRESENTATION('',(#2771),#2775);
#2771 = LINE('',#2772,#2773);
#2772 = CARTESIAN_POINT('',(-7.5,-0.5));
#2773 = VECTOR('',#2774,1.);
#2774 = DIRECTION('',(-1.,0.));
#2775 = ( GEOMETRIC_REPRESENTATION_CONTEXT(2) 
PARAMETRIC_REPRESENTATION_CONTEXT() REPRESENTATION_CONTEXT('2D SPACE',''
  ) );
#2776 = ORIENTED_EDGE('',*,*,#2777,.T.);
#2777 = EDGE_CURVE('',#2748,#2778,#2780,.T.);
#2778 = VERTEX_POINT('',#2779);
#2779 = CARTESIAN_POINT('',(15.,0.,41.));
#2780 = SURFACE_CURVE('',#2781,(#2786,#2793),.PCURVE_S1.);
#2781 = CIRCLE('',#2782,2.);
#2782 = AXIS2_PLACEMENT_3D('',#2783,#2784,#2785);
#2783 = CARTESIAN_POINT('',(13.,0.,41.));
#2784 = DIRECTION('',(0.,-1.,0.));
#2785 = DIRECTION('',(-0.,-0.,-1.));
#2786 = PCURVE('',#365,#2787);
#2787 = DEFINITIONAL_REPRESENTATION('',(#2788),#2792);
#2788 = CIRCLE('',#2789,2.);
#2789 = AXIS2_PLACEMENT_2D('',#2790,#2791);
#2790 = CARTESIAN_POINT('',(-39.46054615516,-13.));
#2791 = DIRECTION('',(-1.,0.));
#2792 = ( GEOMETRIC_REPRESENTATION_CONTEXT(2) 
PARAMETRIC_REPRESENTATION_CONTEXT() REPRESENTATION_CONTEXT('2D SPACE',''
  ) );
#2793 = PCURVE('',#2794,#2799);
#2794 = CYLINDRICAL_SURFACE('',#2795,2.);
#2795 = AXIS2_PLACEMENT_3D('',#2796,#2797,#2798);
#2796 = CARTESIAN_POINT('',(13.,-0.5,41.));
#2797 = DIRECTION('',(-0.,1.,-0.));
#2798 = DIRECTION('',(-0.,-0.,-1.));
#2799 = DEFINITIONAL_REPRESENTATION('',(#2800),#2804);
#2800 = LINE('',#2801,#2802);
#2801 = CARTESIAN_POINT('',(-0.,0.5));
#2802 = VECTOR('',#2803,1.);
#2803 = DIRECTION('',(-1.,0.));
#2804 = ( GEOMETRIC_REPRESENTATION_CONTEXT(2) 
PARAMETRIC_REPRESENTATION_CONTEXT() REPRESENTATION_CONTEXT('2D SPACE',''
  ) );
#2805 = ORIENTED_EDGE('',*,*,#2806,.F.);
#2806 = EDGE_CURVE('',#2807,#2778,#2809,.T.);
#2807 = VERTEX_POINT('',#2808);
#2808 = CARTESIAN_POINT('',(15.,0.,111.));
#2809 = SURFACE_CURVE('',#2810,(#2814,#2821),.PCURVE_S1.);
#2810 = LINE('',#2811,#2812);
#2811 = CARTESIAN_POINT('',(15.,0.,96.730273077582));
#2812 = VECTOR('',#2813,1.);
#2813 = DIRECTION('',(-0.,-0.,-1.));
#2814 = PCURVE('',#365,#2815);
#2815 = DEFINITIONAL_REPRESENTATION('',(#2816),#2820);
#2816 = LINE('',#2817,#2818);
#2817 = CARTESIAN_POINT('',(16.269726922418,-15.));
#2818 = VECTOR('',#2819,1.);
#2819 = DIRECTION('',(-1.,0.));
#2820 = ( GEOMETRIC_REPRESENTATION_CONTEXT(2) 
PARAMETRIC_REPRESENTATION_CONTEXT() REPRESENTATION_CONTEXT('2D SPACE',''
  ) );
#2821 = PCURVE('',#2822,#2827);
#2822 = PLANE('',#2823);
#2823 = AXIS2_PLACEMENT_3D('',#2824,#2825,#2826);
#2824 = CARTESIAN_POINT('',(15.,-0.5,113.));
#2825 = DIRECTION('',(1.,-0.,-0.));
#2826 = DIRECTION('',(0.,0.,1.));
#2827 = DEFINITIONAL_REPRESENTATION('',(#2828),#2832);
#2828 = LINE('',#2829,#2830);
#2829 = CARTESIAN_POINT('',(-16.26972692241,-0.5));
#2830 = VECTOR('',#2831,1.);
#2831 = DIRECTION('',(-1.,0.));
#2832 = ( GEOMETRIC_REPRESENTATION_CONTEXT(2) 
PARAMETRIC_REPRESENTATION_CONTEXT() REPRESENTATION_CONTEXT('2D SPACE',''
  ) );
#2833 = ORIENTED_EDGE('',*,*,#2834,.T.);
#2834 = EDGE_CURVE('',#2807,#2835,#2837,.T.);
#2835 = VERTEX_POINT('',#2836);
#2836 = CARTESIAN_POINT('',(13.,0.,113.));
#2837 = SURFACE_CURVE('',#2838,(#2843,#2850),.PCURVE_S1.);
#2838 = CIRCLE('',#2839,2.);
#2839 = AXIS2_PLACEMENT_3D('',#2840,#2841,#2842);
#2840 = CARTESIAN_POINT('',(13.,0.,111.));
#2841 = DIRECTION('',(0.,-1.,0.));
#2842 = DIRECTION('',(-0.,-0.,1.));
#2843 = PCURVE('',#365,#2844);
#2844 = DEFINITIONAL_REPRESENTATION('',(#2845),#2849);
#2845 = CIRCLE('',#2846,2.);
#2846 = AXIS2_PLACEMENT_2D('',#2847,#2848);
#2847 = CARTESIAN_POINT('',(30.539453844835,-13.));
#2848 = DIRECTION('',(1.,-0.));
#2849 = ( GEOMETRIC_REPRESENTATION_CONTEXT(2) 
PARAMETRIC_REPRESENTATION_CONTEXT() REPRESENTATION_CONTEXT('2D SPACE',''
  ) );
#2850 = PCURVE('',#2851,#2856);
#2851 = CYLINDRICAL_SURFACE('',#2852,2.);
#2852 = AXIS2_PLACEMENT_3D('',#2853,#2854,#2855);
#2853 = CARTESIAN_POINT('',(13.,-0.5,111.));
#2854 = DIRECTION('',(-0.,1.,-0.));
#2855 = DIRECTION('',(-0.,-0.,1.));
#2856 = DEFINITIONAL_REPRESENTATION('',(#2857),#2861);
#2857 = LINE('',#2858,#2859);
#2858 = CARTESIAN_POINT('',(6.28318530718,0.5));
#2859 = VECTOR('',#2860,1.);
#2860 = DIRECTION('',(-1.,0.));
#2861 = ( GEOMETRIC_REPRESENTATION_CONTEXT(2) 
PARAMETRIC_REPRESENTATION_CONTEXT() REPRESENTATION_CONTEXT('2D SPACE',''
  ) );
#2862 = ORIENTED_EDGE('',*,*,#2863,.F.);
#2863 = EDGE_CURVE('',#2864,#2835,#2866,.T.);
#2864 = VERTEX_POINT('',#2865);
#2865 = CARTESIAN_POINT('',(-13.,0.,113.));
#2866 = SURFACE_CURVE('',#2867,(#2871,#2878),.PCURVE_S1.);
#2867 = LINE('',#2868,#2869);
#2868 = CARTESIAN_POINT('',(-7.5,0.,113.));
#2869 = VECTOR('',#2870,1.);
#2870 = DIRECTION('',(1.,-0.,-0.));
#2871 = PCURVE('',#365,#2872);
#2872 = DEFINITIONAL_REPRESENTATION('',(#2873),#2877);
#2873 = LINE('',#2874,#2875);
#2874 = CARTESIAN_POINT('',(32.539453844835,7.5));
#2875 = VECTOR('',#2876,1.);
#2876 = DIRECTION('',(-0.,-1.));
#2877 = ( GEOMETRIC_REPRESENTATION_CONTEXT(2) 
PARAMETRIC_REPRESENTATION_CONTEXT() REPRESENTATION_CONTEXT('2D SPACE',''
  ) );
#2878 = PCURVE('',#2879,#2884);
#2879 = PLANE('',#2880);
#2880 = AXIS2_PLACEMENT_3D('',#2881,#2882,#2883);
#2881 = CARTESIAN_POINT('',(-15.,-0.5,113.));
#2882 = DIRECTION('',(-0.,-0.,1.));
#2883 = DIRECTION('',(-1.,0.,0.));
#2884 = DEFINITIONAL_REPRESENTATION('',(#2885),#2889);
#2885 = LINE('',#2886,#2887);
#2886 = CARTESIAN_POINT('',(-7.5,-0.5));
#2887 = VECTOR('',#2888,1.);
#2888 = DIRECTION('',(-1.,0.));
#2889 = ( GEOMETRIC_REPRESENTATION_CONTEXT(2) 
PARAMETRIC_REPRESENTATION_CONTEXT() REPRESENTATION_CONTEXT('2D SPACE',''
  ) );
#2890 = ORIENTED_EDGE('',*,*,#2891,.T.);
#2891 = EDGE_CURVE('',#2864,#2892,#2894,.T.);
#2892 = VERTEX_POINT('',#2893);
#2893 = CARTESIAN_POINT('',(-15.,0.,111.));
#2894 = SURFACE_CURVE('',#2895,(#2900,#2907),.PCURVE_S1.);
#2895 = CIRCLE('',#2896,2.);
#2896 = AXIS2_PLACEMENT_3D('',#2897,#2898,#2899);
#2897 = CARTESIAN_POINT('',(-13.,0.,111.));
#2898 = DIRECTION('',(0.,-1.,0.));
#2899 = DIRECTION('',(-1.,-0.,-0.));
#2900 = PCURVE('',#365,#2901);
#2901 = DEFINITIONAL_REPRESENTATION('',(#2902),#2906);
#2902 = CIRCLE('',#2903,2.);
#2903 = AXIS2_PLACEMENT_2D('',#2904,#2905);
#2904 = CARTESIAN_POINT('',(30.539453844835,13.));
#2905 = DIRECTION('',(-0.,1.));
#2906 = ( GEOMETRIC_REPRESENTATION_CONTEXT(2) 
PARAMETRIC_REPRESENTATION_CONTEXT() REPRESENTATION_CONTEXT('2D SPACE',''
  ) );
#2907 = PCURVE('',#2908,#2913);
#2908 = CYLINDRICAL_SURFACE('',#2909,2.);
#2909 = AXIS2_PLACEMENT_3D('',#2910,#2911,#2912);
#2910 = CARTESIAN_POINT('',(-13.,-0.5,111.));
#2911 = DIRECTION('',(-0.,1.,-0.));
#2912 = DIRECTION('',(-1.,-0.,-0.));
#2913 = DEFINITIONAL_REPRESENTATION('',(#2914),#2918);
#2914 = LINE('',#2915,#2916);
#2915 = CARTESIAN_POINT('',(6.28318530718,0.5));
#2916 = VECTOR('',#2917,1.);
#2917 = DIRECTION('',(-1.,0.));
#2918 = ( GEOMETRIC_REPRESENTATION_CONTEXT(2) 
PARAMETRIC_REPRESENTATION_CONTEXT() REPRESENTATION_CONTEXT('2D SPACE',''
  ) );
#2919 = ORIENTED_EDGE('',*,*,#2920,.F.);
#2920 = EDGE_CURVE('',#2921,#2892,#2923,.T.);
#2921 = VERTEX_POINT('',#2922);
#2922 = CARTESIAN_POINT('',(-15.,0.,41.));
#2923 = SURFACE_CURVE('',#2924,(#2928,#2935),.PCURVE_S1.);
#2924 = LINE('',#2925,#2926);
#2925 = CARTESIAN_POINT('',(-15.,0.,59.730273077582));
#2926 = VECTOR('',#2927,1.);
#2927 = DIRECTION('',(-0.,-0.,1.));
#2928 = PCURVE('',#365,#2929);
#2929 = DEFINITIONAL_REPRESENTATION('',(#2930),#2934);
#2930 = LINE('',#2931,#2932);
#2931 = CARTESIAN_POINT('',(-20.73027307758,15.));
#2932 = VECTOR('',#2933,1.);
#2933 = DIRECTION('',(1.,-0.));
#2934 = ( GEOMETRIC_REPRESENTATION_CONTEXT(2) 
PARAMETRIC_REPRESENTATION_CONTEXT() REPRESENTATION_CONTEXT('2D SPACE',''
  ) );
#2935 = PCURVE('',#2936,#2941);
#2936 = PLANE('',#2937);
#2937 = AXIS2_PLACEMENT_3D('',#2938,#2939,#2940);
#2938 = CARTESIAN_POINT('',(-15.,-0.5,39.));
#2939 = DIRECTION('',(-1.,-0.,-0.));
#2940 = DIRECTION('',(0.,0.,-1.));
#2941 = DEFINITIONAL_REPRESENTATION('',(#2942),#2946);
#2942 = LINE('',#2943,#2944);
#2943 = CARTESIAN_POINT('',(-20.73027307758,-0.5));
#2944 = VECTOR('',#2945,1.);
#2945 = DIRECTION('',(-1.,-0.));
#2946 = ( GEOMETRIC_REPRESENTATION_CONTEXT(2) 
PARAMETRIC_REPRESENTATION_CONTEXT() REPRESENTATION_CONTEXT('2D SPACE',''
  ) );
#2947 = ORIENTED_EDGE('',*,*,#2948,.T.);
#2948 = EDGE_CURVE('',#2921,#2750,#2949,.T.);
#2949 = SURFACE_CURVE('',#2950,(#2955,#2962),.PCURVE_S1.);
#2950 = CIRCLE('',#2951,2.);
#2951 = AXIS2_PLACEMENT_3D('',#2952,#2953,#2954);
#2952 = CARTESIAN_POINT('',(-13.,0.,41.));
#2953 = DIRECTION('',(0.,-1.,0.));
#2954 = DIRECTION('',(-0.,-0.,-1.));
#2955 = PCURVE('',#365,#2956);
#2956 = DEFINITIONAL_REPRESENTATION('',(#2957),#2961);
#2957 = CIRCLE('',#2958,2.);
#2958 = AXIS2_PLACEMENT_2D('',#2959,#2960);
#2959 = CARTESIAN_POINT('',(-39.46054615516,13.));
#2960 = DIRECTION('',(-1.,0.));
#2961 = ( GEOMETRIC_REPRESENTATION_CONTEXT(2) 
PARAMETRIC_REPRESENTATION_CONTEXT() REPRESENTATION_CONTEXT('2D SPACE',''
  ) );
#2962 = PCURVE('',#2963,#2968);
#2963 = CYLINDRICAL_SURFACE('',#2964,2.);
#2964 = AXIS2_PLACEMENT_3D('',#2965,#2966,#2967);
#2965 = CARTESIAN_POINT('',(-13.,-0.5,41.));
#2966 = DIRECTION('',(-0.,1.,-0.));
#2967 = DIRECTION('',(-0.,-0.,-1.));
#2968 = DEFINITIONAL_REPRESENTATION('',(#2969),#2973);
#2969 = LINE('',#2970,#2971);
#2970 = CARTESIAN_POINT('',(6.28318530718,0.5));
#2971 = VECTOR('',#2972,1.);
#2972 = DIRECTION('',(-1.,0.));
#2973 = ( GEOMETRIC_REPRESENTATION_CONTEXT(2) 
PARAMETRIC_REPRESENTATION_CONTEXT() REPRESENTATION_CONTEXT('2D SPACE',''
  ) );
#2974 = FACE_BOUND('',#2975,.F.);
#2975 = EDGE_LOOP('',(#2976,#3006,#3035,#3063,#3092,#3120,#3149,#3177));
#2976 = ORIENTED_EDGE('',*,*,#2977,.F.);
#2977 = EDGE_CURVE('',#2978,#2980,#2982,.T.);
#2978 = VERTEX_POINT('',#2979);
#2979 = CARTESIAN_POINT('',(3.65,0.,28.));
#2980 = VERTEX_POINT('',#2981);
#2981 = CARTESIAN_POINT('',(-3.65,0.,28.));
#2982 = SURFACE_CURVE('',#2983,(#2987,#2994),.PCURVE_S1.);
#2983 = LINE('',#2984,#2985);
#2984 = CARTESIAN_POINT('',(2.,0.,28.));
#2985 = VECTOR('',#2986,1.);
#2986 = DIRECTION('',(-1.,-0.,-0.));
#2987 = PCURVE('',#365,#2988);
#2988 = DEFINITIONAL_REPRESENTATION('',(#2989),#2993);
#2989 = LINE('',#2990,#2991);
#2990 = CARTESIAN_POINT('',(-52.46054615516,-2.));
#2991 = VECTOR('',#2992,1.);
#2992 = DIRECTION('',(-0.,1.));
#2993 = ( GEOMETRIC_REPRESENTATION_CONTEXT(2) 
PARAMETRIC_REPRESENTATION_CONTEXT() REPRESENTATION_CONTEXT('2D SPACE',''
  ) );
#2994 = PCURVE('',#2995,#3000);
#2995 = PLANE('',#2996);
#2996 = AXIS2_PLACEMENT_3D('',#2997,#2998,#2999);
#2997 = CARTESIAN_POINT('',(4.,-0.5,28.));
#2998 = DIRECTION('',(-0.,-0.,-1.));
#2999 = DIRECTION('',(1.,0.,0.));
#3000 = DEFINITIONAL_REPRESENTATION('',(#3001),#3005);
#3001 = LINE('',#3002,#3003);
#3002 = CARTESIAN_POINT('',(-2.,-0.5));
#3003 = VECTOR('',#3004,1.);
#3004 = DIRECTION('',(-1.,0.));
#3005 = ( GEOMETRIC_REPRESENTATION_CONTEXT(2) 
PARAMETRIC_REPRESENTATION_CONTEXT() REPRESENTATION_CONTEXT('2D SPACE',''
  ) );
#3006 = ORIENTED_EDGE('',*,*,#3007,.T.);
#3007 = EDGE_CURVE('',#2978,#3008,#3010,.T.);
#3008 = VERTEX_POINT('',#3009);
#3009 = CARTESIAN_POINT('',(4.,0.,28.35));
#3010 = SURFACE_CURVE('',#3011,(#3016,#3023),.PCURVE_S1.);
#3011 = CIRCLE('',#3012,0.35);
#3012 = AXIS2_PLACEMENT_3D('',#3013,#3014,#3015);
#3013 = CARTESIAN_POINT('',(3.65,0.,28.35));
#3014 = DIRECTION('',(0.,-1.,0.));
#3015 = DIRECTION('',(-0.,-0.,-1.));
#3016 = PCURVE('',#365,#3017);
#3017 = DEFINITIONAL_REPRESENTATION('',(#3018),#3022);
#3018 = CIRCLE('',#3019,0.35);
#3019 = AXIS2_PLACEMENT_2D('',#3020,#3021);
#3020 = CARTESIAN_POINT('',(-52.11054615516,-3.65));
#3021 = DIRECTION('',(-1.,0.));
#3022 = ( GEOMETRIC_REPRESENTATION_CONTEXT(2) 
PARAMETRIC_REPRESENTATION_CONTEXT() REPRESENTATION_CONTEXT('2D SPACE',''
  ) );
#3023 = PCURVE('',#3024,#3029);
#3024 = CYLINDRICAL_SURFACE('',#3025,0.35);
#3025 = AXIS2_PLACEMENT_3D('',#3026,#3027,#3028);
#3026 = CARTESIAN_POINT('',(3.65,-0.5,28.35));
#3027 = DIRECTION('',(-0.,1.,-0.));
#3028 = DIRECTION('',(-0.,-0.,-1.));
#3029 = DEFINITIONAL_REPRESENTATION('',(#3030),#3034);
#3030 = LINE('',#3031,#3032);
#3031 = CARTESIAN_POINT('',(-0.,0.5));
#3032 = VECTOR('',#3033,1.);
#3033 = DIRECTION('',(-1.,0.));
#3034 = ( GEOMETRIC_REPRESENTATION_CONTEXT(2) 
PARAMETRIC_REPRESENTATION_CONTEXT() REPRESENTATION_CONTEXT('2D SPACE',''
  ) );
#3035 = ORIENTED_EDGE('',*,*,#3036,.F.);
#3036 = EDGE_CURVE('',#3037,#3008,#3039,.T.);
#3037 = VERTEX_POINT('',#3038);
#3038 = CARTESIAN_POINT('',(4.,0.,35.65));
#3039 = SURFACE_CURVE('',#3040,(#3044,#3051),.PCURVE_S1.);
#3040 = LINE('',#3041,#3042);
#3041 = CARTESIAN_POINT('',(4.,0.,58.230273077582));
#3042 = VECTOR('',#3043,1.);
#3043 = DIRECTION('',(-0.,-0.,-1.));
#3044 = PCURVE('',#365,#3045);
#3045 = DEFINITIONAL_REPRESENTATION('',(#3046),#3050);
#3046 = LINE('',#3047,#3048);
#3047 = CARTESIAN_POINT('',(-22.23027307758,-4.));
#3048 = VECTOR('',#3049,1.);
#3049 = DIRECTION('',(-1.,0.));
#3050 = ( GEOMETRIC_REPRESENTATION_CONTEXT(2) 
PARAMETRIC_REPRESENTATION_CONTEXT() REPRESENTATION_CONTEXT('2D SPACE',''
  ) );
#3051 = PCURVE('',#3052,#3057);
#3052 = PLANE('',#3053);
#3053 = AXIS2_PLACEMENT_3D('',#3054,#3055,#3056);
#3054 = CARTESIAN_POINT('',(4.,-0.5,36.));
#3055 = DIRECTION('',(1.,-0.,-0.));
#3056 = DIRECTION('',(0.,0.,1.));
#3057 = DEFINITIONAL_REPRESENTATION('',(#3058),#3062);
#3058 = LINE('',#3059,#3060);
#3059 = CARTESIAN_POINT('',(22.230273077582,-0.5));
#3060 = VECTOR('',#3061,1.);
#3061 = DIRECTION('',(-1.,0.));
#3062 = ( GEOMETRIC_REPRESENTATION_CONTEXT(2) 
PARAMETRIC_REPRESENTATION_CONTEXT() REPRESENTATION_CONTEXT('2D SPACE',''
  ) );
#3063 = ORIENTED_EDGE('',*,*,#3064,.T.);
#3064 = EDGE_CURVE('',#3037,#3065,#3067,.T.);
#3065 = VERTEX_POINT('',#3066);
#3066 = CARTESIAN_POINT('',(3.65,0.,36.));
#3067 = SURFACE_CURVE('',#3068,(#3073,#3080),.PCURVE_S1.);
#3068 = CIRCLE('',#3069,0.35);
#3069 = AXIS2_PLACEMENT_3D('',#3070,#3071,#3072);
#3070 = CARTESIAN_POINT('',(3.65,0.,35.65));
#3071 = DIRECTION('',(0.,-1.,0.));
#3072 = DIRECTION('',(-0.,-0.,1.));
#3073 = PCURVE('',#365,#3074);
#3074 = DEFINITIONAL_REPRESENTATION('',(#3075),#3079);
#3075 = CIRCLE('',#3076,0.35);
#3076 = AXIS2_PLACEMENT_2D('',#3077,#3078);
#3077 = CARTESIAN_POINT('',(-44.81054615516,-3.65));
#3078 = DIRECTION('',(1.,-0.));
#3079 = ( GEOMETRIC_REPRESENTATION_CONTEXT(2) 
PARAMETRIC_REPRESENTATION_CONTEXT() REPRESENTATION_CONTEXT('2D SPACE',''
  ) );
#3080 = PCURVE('',#3081,#3086);
#3081 = CYLINDRICAL_SURFACE('',#3082,0.35);
#3082 = AXIS2_PLACEMENT_3D('',#3083,#3084,#3085);
#3083 = CARTESIAN_POINT('',(3.65,-0.5,35.65));
#3084 = DIRECTION('',(-0.,1.,-0.));
#3085 = DIRECTION('',(-0.,-0.,1.));
#3086 = DEFINITIONAL_REPRESENTATION('',(#3087),#3091);
#3087 = LINE('',#3088,#3089);
#3088 = CARTESIAN_POINT('',(6.28318530718,0.5));
#3089 = VECTOR('',#3090,1.);
#3090 = DIRECTION('',(-1.,0.));
#3091 = ( GEOMETRIC_REPRESENTATION_CONTEXT(2) 
PARAMETRIC_REPRESENTATION_CONTEXT() REPRESENTATION_CONTEXT('2D SPACE',''
  ) );
#3092 = ORIENTED_EDGE('',*,*,#3093,.F.);
#3093 = EDGE_CURVE('',#3094,#3065,#3096,.T.);
#3094 = VERTEX_POINT('',#3095);
#3095 = CARTESIAN_POINT('',(-3.65,0.,36.));
#3096 = SURFACE_CURVE('',#3097,(#3101,#3108),.PCURVE_S1.);
#3097 = LINE('',#3098,#3099);
#3098 = CARTESIAN_POINT('',(-2.,0.,36.));
#3099 = VECTOR('',#3100,1.);
#3100 = DIRECTION('',(1.,-0.,-0.));
#3101 = PCURVE('',#365,#3102);
#3102 = DEFINITIONAL_REPRESENTATION('',(#3103),#3107);
#3103 = LINE('',#3104,#3105);
#3104 = CARTESIAN_POINT('',(-44.46054615516,2.));
#3105 = VECTOR('',#3106,1.);
#3106 = DIRECTION('',(-0.,-1.));
#3107 = ( GEOMETRIC_REPRESENTATION_CONTEXT(2) 
PARAMETRIC_REPRESENTATION_CONTEXT() REPRESENTATION_CONTEXT('2D SPACE',''
  ) );
#3108 = PCURVE('',#3109,#3114);
#3109 = PLANE('',#3110);
#3110 = AXIS2_PLACEMENT_3D('',#3111,#3112,#3113);
#3111 = CARTESIAN_POINT('',(-4.,-0.5,36.));
#3112 = DIRECTION('',(-0.,-0.,1.));
#3113 = DIRECTION('',(-1.,0.,0.));
#3114 = DEFINITIONAL_REPRESENTATION('',(#3115),#3119);
#3115 = LINE('',#3116,#3117);
#3116 = CARTESIAN_POINT('',(-2.,-0.5));
#3117 = VECTOR('',#3118,1.);
#3118 = DIRECTION('',(-1.,0.));
#3119 = ( GEOMETRIC_REPRESENTATION_CONTEXT(2) 
PARAMETRIC_REPRESENTATION_CONTEXT() REPRESENTATION_CONTEXT('2D SPACE',''
  ) );
#3120 = ORIENTED_EDGE('',*,*,#3121,.T.);
#3121 = EDGE_CURVE('',#3094,#3122,#3124,.T.);
#3122 = VERTEX_POINT('',#3123);
#3123 = CARTESIAN_POINT('',(-4.,0.,35.65));
#3124 = SURFACE_CURVE('',#3125,(#3130,#3137),.PCURVE_S1.);
#3125 = CIRCLE('',#3126,0.35);
#3126 = AXIS2_PLACEMENT_3D('',#3127,#3128,#3129);
#3127 = CARTESIAN_POINT('',(-3.65,0.,35.65));
#3128 = DIRECTION('',(0.,-1.,0.));
#3129 = DIRECTION('',(-1.,-0.,-0.));
#3130 = PCURVE('',#365,#3131);
#3131 = DEFINITIONAL_REPRESENTATION('',(#3132),#3136);
#3132 = CIRCLE('',#3133,0.35);
#3133 = AXIS2_PLACEMENT_2D('',#3134,#3135);
#3134 = CARTESIAN_POINT('',(-44.81054615516,3.65));
#3135 = DIRECTION('',(-0.,1.));
#3136 = ( GEOMETRIC_REPRESENTATION_CONTEXT(2) 
PARAMETRIC_REPRESENTATION_CONTEXT() REPRESENTATION_CONTEXT('2D SPACE',''
  ) );
#3137 = PCURVE('',#3138,#3143);
#3138 = CYLINDRICAL_SURFACE('',#3139,0.35);
#3139 = AXIS2_PLACEMENT_3D('',#3140,#3141,#3142);
#3140 = CARTESIAN_POINT('',(-3.65,-0.5,35.65));
#3141 = DIRECTION('',(-0.,1.,-0.));
#3142 = DIRECTION('',(-1.,-0.,-0.));
#3143 = DEFINITIONAL_REPRESENTATION('',(#3144),#3148);
#3144 = LINE('',#3145,#3146);
#3145 = CARTESIAN_POINT('',(6.28318530718,0.5));
#3146 = VECTOR('',#3147,1.);
#3147 = DIRECTION('',(-1.,0.));
#3148 = ( GEOMETRIC_REPRESENTATION_CONTEXT(2) 
PARAMETRIC_REPRESENTATION_CONTEXT() REPRESENTATION_CONTEXT('2D SPACE',''
  ) );
#3149 = ORIENTED_EDGE('',*,*,#3150,.F.);
#3150 = EDGE_CURVE('',#3151,#3122,#3153,.T.);
#3151 = VERTEX_POINT('',#3152);
#3152 = CARTESIAN_POINT('',(-4.,0.,28.35));
#3153 = SURFACE_CURVE('',#3154,(#3158,#3165),.PCURVE_S1.);
#3154 = LINE('',#3155,#3156);
#3155 = CARTESIAN_POINT('',(-4.,0.,54.230273077582));
#3156 = VECTOR('',#3157,1.);
#3157 = DIRECTION('',(-0.,-0.,1.));
#3158 = PCURVE('',#365,#3159);
#3159 = DEFINITIONAL_REPRESENTATION('',(#3160),#3164);
#3160 = LINE('',#3161,#3162);
#3161 = CARTESIAN_POINT('',(-26.23027307758,4.));
#3162 = VECTOR('',#3163,1.);
#3163 = DIRECTION('',(1.,-0.));
#3164 = ( GEOMETRIC_REPRESENTATION_CONTEXT(2) 
PARAMETRIC_REPRESENTATION_CONTEXT() REPRESENTATION_CONTEXT('2D SPACE',''
  ) );
#3165 = PCURVE('',#3166,#3171);
#3166 = PLANE('',#3167);
#3167 = AXIS2_PLACEMENT_3D('',#3168,#3169,#3170);
#3168 = CARTESIAN_POINT('',(-4.,-0.5,28.));
#3169 = DIRECTION('',(-1.,-0.,-0.));
#3170 = DIRECTION('',(0.,0.,-1.));
#3171 = DEFINITIONAL_REPRESENTATION('',(#3172),#3176);
#3172 = LINE('',#3173,#3174);
#3173 = CARTESIAN_POINT('',(-26.23027307758,-0.5));
#3174 = VECTOR('',#3175,1.);
#3175 = DIRECTION('',(-1.,-0.));
#3176 = ( GEOMETRIC_REPRESENTATION_CONTEXT(2) 
PARAMETRIC_REPRESENTATION_CONTEXT() REPRESENTATION_CONTEXT('2D SPACE',''
  ) );
#3177 = ORIENTED_EDGE('',*,*,#3178,.T.);
#3178 = EDGE_CURVE('',#3151,#2980,#3179,.T.);
#3179 = SURFACE_CURVE('',#3180,(#3185,#3192),.PCURVE_S1.);
#3180 = CIRCLE('',#3181,0.35);
#3181 = AXIS2_PLACEMENT_3D('',#3182,#3183,#3184);
#3182 = CARTESIAN_POINT('',(-3.65,0.,28.35));
#3183 = DIRECTION('',(0.,-1.,0.));
#3184 = DIRECTION('',(-0.,-0.,-1.));
#3185 = PCURVE('',#365,#3186);
#3186 = DEFINITIONAL_REPRESENTATION('',(#3187),#3191);
#3187 = CIRCLE('',#3188,0.35);
#3188 = AXIS2_PLACEMENT_2D('',#3189,#3190);
#3189 = CARTESIAN_POINT('',(-52.11054615516,3.65));
#3190 = DIRECTION('',(-1.,0.));
#3191 = ( GEOMETRIC_REPRESENTATION_CONTEXT(2) 
PARAMETRIC_REPRESENTATION_CONTEXT() REPRESENTATION_CONTEXT('2D SPACE',''
  ) );
#3192 = PCURVE('',#3193,#3198);
#3193 = CYLINDRICAL_SURFACE('',#3194,0.35);
#3194 = AXIS2_PLACEMENT_3D('',#3195,#3196,#3197);
#3195 = CARTESIAN_POINT('',(-3.65,-0.5,28.35));
#3196 = DIRECTION('',(-0.,1.,-0.));
#3197 = DIRECTION('',(-0.,-0.,-1.));
#3198 = DEFINITIONAL_REPRESENTATION('',(#3199),#3203);
#3199 = LINE('',#3200,#3201);
#3200 = CARTESIAN_POINT('',(6.28318530718,0.5));
#3201 = VECTOR('',#3202,1.);
#3202 = DIRECTION('',(-1.,0.));
#3203 = ( GEOMETRIC_REPRESENTATION_CONTEXT(2) 
PARAMETRIC_REPRESENTATION_CONTEXT() REPRESENTATION_CONTEXT('2D SPACE',''
  ) );
#3204 = FACE_BOUND('',#3205,.F.);
#3205 = EDGE_LOOP('',(#3206,#3236,#3265,#3293,#3322,#3350,#3379,#3407));
#3206 = ORIENTED_EDGE('',*,*,#3207,.F.);
#3207 = EDGE_CURVE('',#3208,#3210,#3212,.T.);
#3208 = VERTEX_POINT('',#3209);
#3209 = CARTESIAN_POINT('',(13.4,0.,7.));
#3210 = VERTEX_POINT('',#3211);
#3211 = CARTESIAN_POINT('',(-13.4,0.,7.));
#3212 = SURFACE_CURVE('',#3213,(#3217,#3224),.PCURVE_S1.);
#3213 = LINE('',#3214,#3215);
#3214 = CARTESIAN_POINT('',(7.5,0.,7.));
#3215 = VECTOR('',#3216,1.);
#3216 = DIRECTION('',(-1.,-0.,-0.));
#3217 = PCURVE('',#365,#3218);
#3218 = DEFINITIONAL_REPRESENTATION('',(#3219),#3223);
#3219 = LINE('',#3220,#3221);
#3220 = CARTESIAN_POINT('',(-73.46054615516,-7.5));
#3221 = VECTOR('',#3222,1.);
#3222 = DIRECTION('',(-0.,1.));
#3223 = ( GEOMETRIC_REPRESENTATION_CONTEXT(2) 
PARAMETRIC_REPRESENTATION_CONTEXT() REPRESENTATION_CONTEXT('2D SPACE',''
  ) );
#3224 = PCURVE('',#3225,#3230);
#3225 = PLANE('',#3226);
#3226 = AXIS2_PLACEMENT_3D('',#3227,#3228,#3229);
#3227 = CARTESIAN_POINT('',(15.,-0.5,7.));
#3228 = DIRECTION('',(-0.,-0.,-1.));
#3229 = DIRECTION('',(1.,0.,0.));
#3230 = DEFINITIONAL_REPRESENTATION('',(#3231),#3235);
#3231 = LINE('',#3232,#3233);
#3232 = CARTESIAN_POINT('',(-7.5,-0.5));
#3233 = VECTOR('',#3234,1.);
#3234 = DIRECTION('',(-1.,0.));
#3235 = ( GEOMETRIC_REPRESENTATION_CONTEXT(2) 
PARAMETRIC_REPRESENTATION_CONTEXT() REPRESENTATION_CONTEXT('2D SPACE',''
  ) );
#3236 = ORIENTED_EDGE('',*,*,#3237,.T.);
#3237 = EDGE_CURVE('',#3208,#3238,#3240,.T.);
#3238 = VERTEX_POINT('',#3239);
#3239 = CARTESIAN_POINT('',(15.,0.,8.6));
#3240 = SURFACE_CURVE('',#3241,(#3246,#3253),.PCURVE_S1.);
#3241 = CIRCLE('',#3242,1.6);
#3242 = AXIS2_PLACEMENT_3D('',#3243,#3244,#3245);
#3243 = CARTESIAN_POINT('',(13.4,0.,8.6));
#3244 = DIRECTION('',(0.,-1.,0.));
#3245 = DIRECTION('',(-0.,-0.,-1.));
#3246 = PCURVE('',#365,#3247);
#3247 = DEFINITIONAL_REPRESENTATION('',(#3248),#3252);
#3248 = CIRCLE('',#3249,1.6);
#3249 = AXIS2_PLACEMENT_2D('',#3250,#3251);
#3250 = CARTESIAN_POINT('',(-71.86054615516,-13.4));
#3251 = DIRECTION('',(-1.,0.));
#3252 = ( GEOMETRIC_REPRESENTATION_CONTEXT(2) 
PARAMETRIC_REPRESENTATION_CONTEXT() REPRESENTATION_CONTEXT('2D SPACE',''
  ) );
#3253 = PCURVE('',#3254,#3259);
#3254 = CYLINDRICAL_SURFACE('',#3255,1.6);
#3255 = AXIS2_PLACEMENT_3D('',#3256,#3257,#3258);
#3256 = CARTESIAN_POINT('',(13.4,-0.5,8.6));
#3257 = DIRECTION('',(-0.,1.,-0.));
#3258 = DIRECTION('',(-0.,-0.,-1.));
#3259 = DEFINITIONAL_REPRESENTATION('',(#3260),#3264);
#3260 = LINE('',#3261,#3262);
#3261 = CARTESIAN_POINT('',(-0.,0.5));
#3262 = VECTOR('',#3263,1.);
#3263 = DIRECTION('',(-1.,0.));
#3264 = ( GEOMETRIC_REPRESENTATION_CONTEXT(2) 
PARAMETRIC_REPRESENTATION_CONTEXT() REPRESENTATION_CONTEXT('2D SPACE',''
  ) );
#3265 = ORIENTED_EDGE('',*,*,#3266,.F.);
#3266 = EDGE_CURVE('',#3267,#3238,#3269,.T.);
#3267 = VERTEX_POINT('',#3268);
#3268 = CARTESIAN_POINT('',(15.,0.,23.4));
#3269 = SURFACE_CURVE('',#3270,(#3274,#3281),.PCURVE_S1.);
#3270 = LINE('',#3271,#3272);
#3271 = CARTESIAN_POINT('',(15.,0.,52.730273077582));
#3272 = VECTOR('',#3273,1.);
#3273 = DIRECTION('',(-0.,-0.,-1.));
#3274 = PCURVE('',#365,#3275);
#3275 = DEFINITIONAL_REPRESENTATION('',(#3276),#3280);
#3276 = LINE('',#3277,#3278);
#3277 = CARTESIAN_POINT('',(-27.73027307758,-15.));
#3278 = VECTOR('',#3279,1.);
#3279 = DIRECTION('',(-1.,0.));
#3280 = ( GEOMETRIC_REPRESENTATION_CONTEXT(2) 
PARAMETRIC_REPRESENTATION_CONTEXT() REPRESENTATION_CONTEXT('2D SPACE',''
  ) );
#3281 = PCURVE('',#3282,#3287);
#3282 = PLANE('',#3283);
#3283 = AXIS2_PLACEMENT_3D('',#3284,#3285,#3286);
#3284 = CARTESIAN_POINT('',(15.,-0.5,25.));
#3285 = DIRECTION('',(1.,-0.,-0.));
#3286 = DIRECTION('',(0.,0.,1.));
#3287 = DEFINITIONAL_REPRESENTATION('',(#3288),#3292);
#3288 = LINE('',#3289,#3290);
#3289 = CARTESIAN_POINT('',(27.730273077582,-0.5));
#3290 = VECTOR('',#3291,1.);
#3291 = DIRECTION('',(-1.,0.));
#3292 = ( GEOMETRIC_REPRESENTATION_CONTEXT(2) 
PARAMETRIC_REPRESENTATION_CONTEXT() REPRESENTATION_CONTEXT('2D SPACE',''
  ) );
#3293 = ORIENTED_EDGE('',*,*,#3294,.T.);
#3294 = EDGE_CURVE('',#3267,#3295,#3297,.T.);
#3295 = VERTEX_POINT('',#3296);
#3296 = CARTESIAN_POINT('',(13.4,0.,25.));
#3297 = SURFACE_CURVE('',#3298,(#3303,#3310),.PCURVE_S1.);
#3298 = CIRCLE('',#3299,1.6);
#3299 = AXIS2_PLACEMENT_3D('',#3300,#3301,#3302);
#3300 = CARTESIAN_POINT('',(13.4,0.,23.4));
#3301 = DIRECTION('',(0.,-1.,0.));
#3302 = DIRECTION('',(-0.,-0.,1.));
#3303 = PCURVE('',#365,#3304);
#3304 = DEFINITIONAL_REPRESENTATION('',(#3305),#3309);
#3305 = CIRCLE('',#3306,1.6);
#3306 = AXIS2_PLACEMENT_2D('',#3307,#3308);
#3307 = CARTESIAN_POINT('',(-57.06054615516,-13.4));
#3308 = DIRECTION('',(1.,-0.));
#3309 = ( GEOMETRIC_REPRESENTATION_CONTEXT(2) 
PARAMETRIC_REPRESENTATION_CONTEXT() REPRESENTATION_CONTEXT('2D SPACE',''
  ) );
#3310 = PCURVE('',#3311,#3316);
#3311 = CYLINDRICAL_SURFACE('',#3312,1.6);
#3312 = AXIS2_PLACEMENT_3D('',#3313,#3314,#3315);
#3313 = CARTESIAN_POINT('',(13.4,-0.5,23.4));
#3314 = DIRECTION('',(-0.,1.,-0.));
#3315 = DIRECTION('',(-0.,-0.,1.));
#3316 = DEFINITIONAL_REPRESENTATION('',(#3317),#3321);
#3317 = LINE('',#3318,#3319);
#3318 = CARTESIAN_POINT('',(6.28318530718,0.5));
#3319 = VECTOR('',#3320,1.);
#3320 = DIRECTION('',(-1.,0.));
#3321 = ( GEOMETRIC_REPRESENTATION_CONTEXT(2) 
PARAMETRIC_REPRESENTATION_CONTEXT() REPRESENTATION_CONTEXT('2D SPACE',''
  ) );
#3322 = ORIENTED_EDGE('',*,*,#3323,.F.);
#3323 = EDGE_CURVE('',#3324,#3295,#3326,.T.);
#3324 = VERTEX_POINT('',#3325);
#3325 = CARTESIAN_POINT('',(-13.4,0.,25.));
#3326 = SURFACE_CURVE('',#3327,(#3331,#3338),.PCURVE_S1.);
#3327 = LINE('',#3328,#3329);
#3328 = CARTESIAN_POINT('',(-7.5,0.,25.));
#3329 = VECTOR('',#3330,1.);
#3330 = DIRECTION('',(1.,-0.,-0.));
#3331 = PCURVE('',#365,#3332);
#3332 = DEFINITIONAL_REPRESENTATION('',(#3333),#3337);
#3333 = LINE('',#3334,#3335);
#3334 = CARTESIAN_POINT('',(-55.46054615516,7.5));
#3335 = VECTOR('',#3336,1.);
#3336 = DIRECTION('',(-0.,-1.));
#3337 = ( GEOMETRIC_REPRESENTATION_CONTEXT(2) 
PARAMETRIC_REPRESENTATION_CONTEXT() REPRESENTATION_CONTEXT('2D SPACE',''
  ) );
#3338 = PCURVE('',#3339,#3344);
#3339 = PLANE('',#3340);
#3340 = AXIS2_PLACEMENT_3D('',#3341,#3342,#3343);
#3341 = CARTESIAN_POINT('',(-15.,-0.5,25.));
#3342 = DIRECTION('',(-0.,-0.,1.));
#3343 = DIRECTION('',(-1.,0.,0.));
#3344 = DEFINITIONAL_REPRESENTATION('',(#3345),#3349);
#3345 = LINE('',#3346,#3347);
#3346 = CARTESIAN_POINT('',(-7.5,-0.5));
#3347 = VECTOR('',#3348,1.);
#3348 = DIRECTION('',(-1.,0.));
#3349 = ( GEOMETRIC_REPRESENTATION_CONTEXT(2) 
PARAMETRIC_REPRESENTATION_CONTEXT() REPRESENTATION_CONTEXT('2D SPACE',''
  ) );
#3350 = ORIENTED_EDGE('',*,*,#3351,.T.);
#3351 = EDGE_CURVE('',#3324,#3352,#3354,.T.);
#3352 = VERTEX_POINT('',#3353);
#3353 = CARTESIAN_POINT('',(-15.,0.,23.4));
#3354 = SURFACE_CURVE('',#3355,(#3360,#3367),.PCURVE_S1.);
#3355 = CIRCLE('',#3356,1.6);
#3356 = AXIS2_PLACEMENT_3D('',#3357,#3358,#3359);
#3357 = CARTESIAN_POINT('',(-13.4,0.,23.4));
#3358 = DIRECTION('',(0.,-1.,0.));
#3359 = DIRECTION('',(-1.,-0.,-0.));
#3360 = PCURVE('',#365,#3361);
#3361 = DEFINITIONAL_REPRESENTATION('',(#3362),#3366);
#3362 = CIRCLE('',#3363,1.6);
#3363 = AXIS2_PLACEMENT_2D('',#3364,#3365);
#3364 = CARTESIAN_POINT('',(-57.06054615516,13.4));
#3365 = DIRECTION('',(-0.,1.));
#3366 = ( GEOMETRIC_REPRESENTATION_CONTEXT(2) 
PARAMETRIC_REPRESENTATION_CONTEXT() REPRESENTATION_CONTEXT('2D SPACE',''
  ) );
#3367 = PCURVE('',#3368,#3373);
#3368 = CYLINDRICAL_SURFACE('',#3369,1.6);
#3369 = AXIS2_PLACEMENT_3D('',#3370,#3371,#3372);
#3370 = CARTESIAN_POINT('',(-13.4,-0.5,23.4));
#3371 = DIRECTION('',(-0.,1.,-0.));
#3372 = DIRECTION('',(-1.,-0.,-0.));
#3373 = DEFINITIONAL_REPRESENTATION('',(#3374),#3378);
#3374 = LINE('',#3375,#3376);
#3375 = CARTESIAN_POINT('',(6.28318530718,0.5));
#3376 = VECTOR('',#3377,1.);
#3377 = DIRECTION('',(-1.,0.));
#3378 = ( GEOMETRIC_REPRESENTATION_CONTEXT(2) 
PARAMETRIC_REPRESENTATION_CONTEXT() REPRESENTATION_CONTEXT('2D SPACE',''
  ) );
#3379 = ORIENTED_EDGE('',*,*,#3380,.F.);
#3380 = EDGE_CURVE('',#3381,#3352,#3383,.T.);
#3381 = VERTEX_POINT('',#3382);
#3382 = CARTESIAN_POINT('',(-15.,0.,8.6));
#3383 = SURFACE_CURVE('',#3384,(#3388,#3395),.PCURVE_S1.);
#3384 = LINE('',#3385,#3386);
#3385 = CARTESIAN_POINT('',(-15.,0.,43.730273077582));
#3386 = VECTOR('',#3387,1.);
#3387 = DIRECTION('',(-0.,-0.,1.));
#3388 = PCURVE('',#365,#3389);
#3389 = DEFINITIONAL_REPRESENTATION('',(#3390),#3394);
#3390 = LINE('',#3391,#3392);
#3391 = CARTESIAN_POINT('',(-36.73027307758,15.));
#3392 = VECTOR('',#3393,1.);
#3393 = DIRECTION('',(1.,-0.));
#3394 = ( GEOMETRIC_REPRESENTATION_CONTEXT(2) 
PARAMETRIC_REPRESENTATION_CONTEXT() REPRESENTATION_CONTEXT('2D SPACE',''
  ) );
#3395 = PCURVE('',#3396,#3401);
#3396 = PLANE('',#3397);
#3397 = AXIS2_PLACEMENT_3D('',#3398,#3399,#3400);
#3398 = CARTESIAN_POINT('',(-15.,-0.5,7.));
#3399 = DIRECTION('',(-1.,-0.,-0.));
#3400 = DIRECTION('',(0.,0.,-1.));
#3401 = DEFINITIONAL_REPRESENTATION('',(#3402),#3406);
#3402 = LINE('',#3403,#3404);
#3403 = CARTESIAN_POINT('',(-36.73027307758,-0.5));
#3404 = VECTOR('',#3405,1.);
#3405 = DIRECTION('',(-1.,-0.));
#3406 = ( GEOMETRIC_REPRESENTATION_CONTEXT(2) 
PARAMETRIC_REPRESENTATION_CONTEXT() REPRESENTATION_CONTEXT('2D SPACE',''
  ) );
#3407 = ORIENTED_EDGE('',*,*,#3408,.T.);
#3408 = EDGE_CURVE('',#3381,#3210,#3409,.T.);
#3409 = SURFACE_CURVE('',#3410,(#3415,#3422),.PCURVE_S1.);
#3410 = CIRCLE('',#3411,1.6);
#3411 = AXIS2_PLACEMENT_3D('',#3412,#3413,#3414);
#3412 = CARTESIAN_POINT('',(-13.4,0.,8.6));
#3413 = DIRECTION('',(0.,-1.,0.));
#3414 = DIRECTION('',(-0.,-0.,-1.));
#3415 = PCURVE('',#365,#3416);
#3416 = DEFINITIONAL_REPRESENTATION('',(#3417),#3421);
#3417 = CIRCLE('',#3418,1.6);
#3418 = AXIS2_PLACEMENT_2D('',#3419,#3420);
#3419 = CARTESIAN_POINT('',(-71.86054615516,13.4));
#3420 = DIRECTION('',(-1.,0.));
#3421 = ( GEOMETRIC_REPRESENTATION_CONTEXT(2) 
PARAMETRIC_REPRESENTATION_CONTEXT() REPRESENTATION_CONTEXT('2D SPACE',''
  ) );
#3422 = PCURVE('',#3423,#3428);
#3423 = CYLINDRICAL_SURFACE('',#3424,1.6);
#3424 = AXIS2_PLACEMENT_3D('',#3425,#3426,#3427);
#3425 = CARTESIAN_POINT('',(-13.4,-0.5,8.6));
#3426 = DIRECTION('',(-0.,1.,-0.));
#3427 = DIRECTION('',(-0.,-0.,-1.));
#3428 = DEFINITIONAL_REPRESENTATION('',(#3429),#3433);
#3429 = LINE('',#3430,#3431);
#3430 = CARTESIAN_POINT('',(6.28318530718,0.5));
#3431 = VECTOR('',#3432,1.);
#3432 = DIRECTION('',(-1.,0.));
#3433 = ( GEOMETRIC_REPRESENTATION_CONTEXT(2) 
PARAMETRIC_REPRESENTATION_CONTEXT() REPRESENTATION_CONTEXT('2D SPACE',''
  ) );
#3434 = FACE_BOUND('',#3435,.F.);
#3435 = EDGE_LOOP('',(#3436));
#3436 = ORIENTED_EDGE('',*,*,#3437,.T.);
#3437 = EDGE_CURVE('',#3438,#3438,#3440,.T.);
#3438 = VERTEX_POINT('',#3439);
#3439 = CARTESIAN_POINT('',(-12.,0.,36.));
#3440 = SURFACE_CURVE('',#3441,(#3446,#3453),.PCURVE_S1.);
#3441 = CIRCLE('',#3442,3.);
#3442 = AXIS2_PLACEMENT_3D('',#3443,#3444,#3445);
#3443 = CARTESIAN_POINT('',(-12.,0.,33.));
#3444 = DIRECTION('',(0.,-1.,0.));
#3445 = DIRECTION('',(-0.,-0.,1.));
#3446 = PCURVE('',#365,#3447);
#3447 = DEFINITIONAL_REPRESENTATION('',(#3448),#3452);
#3448 = CIRCLE('',#3449,3.);
#3449 = AXIS2_PLACEMENT_2D('',#3450,#3451);
#3450 = CARTESIAN_POINT('',(-47.46054615516,12.));
#3451 = DIRECTION('',(1.,-0.));
#3452 = ( GEOMETRIC_REPRESENTATION_CONTEXT(2) 
PARAMETRIC_REPRESENTATION_CONTEXT() REPRESENTATION_CONTEXT('2D SPACE',''
  ) );
#3453 = PCURVE('',#3454,#3459);
#3454 = CYLINDRICAL_SURFACE('',#3455,3.);
#3455 = AXIS2_PLACEMENT_3D('',#3456,#3457,#3458);
#3456 = CARTESIAN_POINT('',(-12.,-0.5,33.));
#3457 = DIRECTION('',(-0.,1.,-0.));
#3458 = DIRECTION('',(-0.,-0.,1.));
#3459 = DEFINITIONAL_REPRESENTATION('',(#3460),#3464);
#3460 = LINE('',#3461,#3462);
#3461 = CARTESIAN_POINT('',(-0.,0.5));
#3462 = VECTOR('',#3463,1.);
#3463 = DIRECTION('',(-1.,0.));
#3464 = ( GEOMETRIC_REPRESENTATION_CONTEXT(2) 
PARAMETRIC_REPRESENTATION_CONTEXT() REPRESENTATION_CONTEXT('2D SPACE',''
  ) );
#3465 = ADVANCED_FACE('',(#3466),#396,.T.);
#3466 = FACE_BOUND('',#3467,.T.);
#3467 = EDGE_LOOP('',(#3468,#3469,#3470,#3500));
#3468 = ORIENTED_EDGE('',*,*,#377,.T.);
#3469 = ORIENTED_EDGE('',*,*,#2317,.T.);
#3470 = ORIENTED_EDGE('',*,*,#3471,.F.);
#3471 = EDGE_CURVE('',#441,#2318,#3472,.T.);
#3472 = SURFACE_CURVE('',#3473,(#3478,#3489),.PCURVE_S1.);
#3473 = ELLIPSE('',#3474,0.70355493019,0.65);
#3474 = AXIS2_PLACEMENT_3D('',#3475,#3476,#3477);
#3475 = CARTESIAN_POINT('',(-23.35,0.65,1.769238815543));
#3476 = DIRECTION('',(-0.382683432365,0.,0.923879532511));
#3477 = DIRECTION('',(-0.923879532511,-0.,-0.382683432365));
#3478 = PCURVE('',#396,#3479);
#3479 = DEFINITIONAL_REPRESENTATION('',(#3480),#3488);
#3480 = B_SPLINE_CURVE_WITH_KNOTS('',6,(#3481,#3482,#3483,#3484,#3485,
    #3486,#3487),.UNSPECIFIED.,.F.,.F.,(7,7),(0.,1.570796326795),
  .PIECEWISE_BEZIER_KNOTS.);
#3481 = CARTESIAN_POINT('',(1.110223024625E-16,2.12132034356));
#3482 = CARTESIAN_POINT('',(0.261799387799,2.12132034356));
#3483 = CARTESIAN_POINT('',(0.523598377081,2.099181150164));
#3484 = CARTESIAN_POINT('',(0.78539843894,2.054869218289));
#3485 = CARTESIAN_POINT('',(1.047197679711,1.993049301231));
#3486 = CARTESIAN_POINT('',(1.308996938996,1.922568085098));
#3487 = CARTESIAN_POINT('',(1.570796326795,1.852081528017));
#3488 = ( GEOMETRIC_REPRESENTATION_CONTEXT(2) 
PARAMETRIC_REPRESENTATION_CONTEXT() REPRESENTATION_CONTEXT('2D SPACE',''
  ) );
#3489 = PCURVE('',#2356,#3490);
#3490 = DEFINITIONAL_REPRESENTATION('',(#3491),#3499);
#3491 = B_SPLINE_CURVE_WITH_KNOTS('',6,(#3492,#3493,#3494,#3495,#3496,
    #3497,#3498),.UNSPECIFIED.,.F.,.F.,(7,7),(0.,1.570796326795),
  .PIECEWISE_BEZIER_KNOTS.);
#3492 = CARTESIAN_POINT('',(2.22044604925E-16,-4.218847493576E-15));
#3493 = CARTESIAN_POINT('',(0.261799387799,-3.788526230962E-15));
#3494 = CARTESIAN_POINT('',(0.523598377081,2.213919339519E-02));
#3495 = CARTESIAN_POINT('',(0.78539843894,6.645112527006E-02));
#3496 = CARTESIAN_POINT('',(1.047197679711,0.128271042329));
#3497 = CARTESIAN_POINT('',(1.308996938996,0.198752258462));
#3498 = CARTESIAN_POINT('',(1.570796326795,0.269238815543));
#3499 = ( GEOMETRIC_REPRESENTATION_CONTEXT(2) 
PARAMETRIC_REPRESENTATION_CONTEXT() REPRESENTATION_CONTEXT('2D SPACE',''
  ) );
#3500 = ORIENTED_EDGE('',*,*,#468,.F.);
#3501 = ADVANCED_FACE('',(#3502),#456,.T.);
#3502 = FACE_BOUND('',#3503,.F.);
#3503 = EDGE_LOOP('',(#3504,#3505,#3506,#3529));
#3504 = ORIENTED_EDGE('',*,*,#440,.T.);
#3505 = ORIENTED_EDGE('',*,*,#517,.T.);
#3506 = ORIENTED_EDGE('',*,*,#3507,.F.);
#3507 = EDGE_CURVE('',#3508,#518,#3510,.T.);
#3508 = VERTEX_POINT('',#3509);
#3509 = CARTESIAN_POINT('',(-24.,0.65,157.));
#3510 = SURFACE_CURVE('',#3511,(#3515,#3522),.PCURVE_S1.);
#3511 = LINE('',#3512,#3513);
#3512 = CARTESIAN_POINT('',(-24.,0.,157.));
#3513 = VECTOR('',#3514,1.);
#3514 = DIRECTION('',(-0.,1.,-0.));
#3515 = PCURVE('',#456,#3516);
#3516 = DEFINITIONAL_REPRESENTATION('',(#3517),#3521);
#3517 = LINE('',#3518,#3519);
#3518 = CARTESIAN_POINT('',(-155.5,-0.));
#3519 = VECTOR('',#3520,1.);
#3520 = DIRECTION('',(-0.,-1.));
#3521 = ( GEOMETRIC_REPRESENTATION_CONTEXT(2) 
PARAMETRIC_REPRESENTATION_CONTEXT() REPRESENTATION_CONTEXT('2D SPACE',''
  ) );
#3522 = PCURVE('',#561,#3523);
#3523 = DEFINITIONAL_REPRESENTATION('',(#3524),#3528);
#3524 = LINE('',#3525,#3526);
#3525 = CARTESIAN_POINT('',(-0.,0.));
#3526 = VECTOR('',#3527,1.);
#3527 = DIRECTION('',(-0.,-1.));
#3528 = ( GEOMETRIC_REPRESENTATION_CONTEXT(2) 
PARAMETRIC_REPRESENTATION_CONTEXT() REPRESENTATION_CONTEXT('2D SPACE',''
  ) );
#3529 = ORIENTED_EDGE('',*,*,#3530,.F.);
#3530 = EDGE_CURVE('',#441,#3508,#3531,.T.);
#3531 = SURFACE_CURVE('',#3532,(#3536,#3543),.PCURVE_S1.);
#3532 = LINE('',#3533,#3534);
#3533 = CARTESIAN_POINT('',(-24.,0.65,1.5));
#3534 = VECTOR('',#3535,1.);
#3535 = DIRECTION('',(-0.,-0.,1.));
#3536 = PCURVE('',#456,#3537);
#3537 = DEFINITIONAL_REPRESENTATION('',(#3538),#3542);
#3538 = LINE('',#3539,#3540);
#3539 = CARTESIAN_POINT('',(-0.,-0.65));
#3540 = VECTOR('',#3541,1.);
#3541 = DIRECTION('',(-1.,-0.));
#3542 = ( GEOMETRIC_REPRESENTATION_CONTEXT(2) 
PARAMETRIC_REPRESENTATION_CONTEXT() REPRESENTATION_CONTEXT('2D SPACE',''
  ) );
#3543 = PCURVE('',#2356,#3544);
#3544 = DEFINITIONAL_REPRESENTATION('',(#3545),#3549);
#3545 = LINE('',#3546,#3547);
#3546 = CARTESIAN_POINT('',(0.,0.));
#3547 = VECTOR('',#3548,1.);
#3548 = DIRECTION('',(0.,1.));
#3549 = ( GEOMETRIC_REPRESENTATION_CONTEXT(2) 
PARAMETRIC_REPRESENTATION_CONTEXT() REPRESENTATION_CONTEXT('2D SPACE',''
  ) );
#3550 = ADVANCED_FACE('',(#3551),#864,.F.);
#3551 = FACE_BOUND('',#3552,.T.);
#3552 = EDGE_LOOP('',(#3553,#3583,#3604,#3605,#3606,#3607,#3608,#3609,
    #3610,#3611));
#3553 = ORIENTED_EDGE('',*,*,#3554,.F.);
#3554 = EDGE_CURVE('',#3555,#3557,#3559,.T.);
#3555 = VERTEX_POINT('',#3556);
#3556 = CARTESIAN_POINT('',(14.3,3.,3.));
#3557 = VERTEX_POINT('',#3558);
#3558 = CARTESIAN_POINT('',(-14.3,3.,3.));
#3559 = SURFACE_CURVE('',#3560,(#3564,#3571),.PCURVE_S1.);
#3560 = LINE('',#3561,#3562);
#3561 = CARTESIAN_POINT('',(18.3,3.,3.));
#3562 = VECTOR('',#3563,1.);
#3563 = DIRECTION('',(-1.,-0.,-0.));
#3564 = PCURVE('',#864,#3565);
#3565 = DEFINITIONAL_REPRESENTATION('',(#3566),#3570);
#3566 = LINE('',#3567,#3568);
#3567 = CARTESIAN_POINT('',(-0.,-0.));
#3568 = VECTOR('',#3569,1.);
#3569 = DIRECTION('',(-1.,0.));
#3570 = ( GEOMETRIC_REPRESENTATION_CONTEXT(2) 
PARAMETRIC_REPRESENTATION_CONTEXT() REPRESENTATION_CONTEXT('2D SPACE',''
  ) );
#3571 = PCURVE('',#3572,#3577);
#3572 = PLANE('',#3573);
#3573 = AXIS2_PLACEMENT_3D('',#3574,#3575,#3576);
#3574 = CARTESIAN_POINT('',(0.,3.,81.));
#3575 = DIRECTION('',(0.,-1.,-0.));
#3576 = DIRECTION('',(0.,0.,1.));
#3577 = DEFINITIONAL_REPRESENTATION('',(#3578),#3582);
#3578 = LINE('',#3579,#3580);
#3579 = CARTESIAN_POINT('',(-78.,-18.3));
#3580 = VECTOR('',#3581,1.);
#3581 = DIRECTION('',(-0.,1.));
#3582 = ( GEOMETRIC_REPRESENTATION_CONTEXT(2) 
PARAMETRIC_REPRESENTATION_CONTEXT() REPRESENTATION_CONTEXT('2D SPACE',''
  ) );
#3583 = ORIENTED_EDGE('',*,*,#3584,.T.);
#3584 = EDGE_CURVE('',#3555,#1584,#3585,.T.);
#3585 = SURFACE_CURVE('',#3586,(#3590,#3597),.PCURVE_S1.);
#3586 = LINE('',#3587,#3588);
#3587 = CARTESIAN_POINT('',(14.3,3.,3.));
#3588 = VECTOR('',#3589,1.);
#3589 = DIRECTION('',(-0.,1.,-0.));
#3590 = PCURVE('',#864,#3591);
#3591 = DEFINITIONAL_REPRESENTATION('',(#3592),#3596);
#3592 = LINE('',#3593,#3594);
#3593 = CARTESIAN_POINT('',(-4.,0.));
#3594 = VECTOR('',#3595,1.);
#3595 = DIRECTION('',(-0.,-1.));
#3596 = ( GEOMETRIC_REPRESENTATION_CONTEXT(2) 
PARAMETRIC_REPRESENTATION_CONTEXT() REPRESENTATION_CONTEXT('2D SPACE',''
  ) );
#3597 = PCURVE('',#1623,#3598);
#3598 = DEFINITIONAL_REPRESENTATION('',(#3599),#3603);
#3599 = LINE('',#3600,#3601);
#3600 = CARTESIAN_POINT('',(-0.,0.));
#3601 = VECTOR('',#3602,1.);
#3602 = DIRECTION('',(-0.,1.));
#3603 = ( GEOMETRIC_REPRESENTATION_CONTEXT(2) 
PARAMETRIC_REPRESENTATION_CONTEXT() REPRESENTATION_CONTEXT('2D SPACE',''
  ) );
#3604 = ORIENTED_EDGE('',*,*,#1583,.T.);
#3605 = ORIENTED_EDGE('',*,*,#1483,.F.);
#3606 = ORIENTED_EDGE('',*,*,#1456,.T.);
#3607 = ORIENTED_EDGE('',*,*,#1382,.F.);
#3608 = ORIENTED_EDGE('',*,*,#1357,.T.);
#3609 = ORIENTED_EDGE('',*,*,#1283,.F.);
#3610 = ORIENTED_EDGE('',*,*,#850,.T.);
#3611 = ORIENTED_EDGE('',*,*,#3612,.F.);
#3612 = EDGE_CURVE('',#3557,#822,#3613,.T.);
#3613 = SURFACE_CURVE('',#3614,(#3618,#3625),.PCURVE_S1.);
#3614 = LINE('',#3615,#3616);
#3615 = CARTESIAN_POINT('',(-14.3,3.,3.));
#3616 = VECTOR('',#3617,1.);
#3617 = DIRECTION('',(-0.,1.,-0.));
#3618 = PCURVE('',#864,#3619);
#3619 = DEFINITIONAL_REPRESENTATION('',(#3620),#3624);
#3620 = LINE('',#3621,#3622);
#3621 = CARTESIAN_POINT('',(-32.6,0.));
#3622 = VECTOR('',#3623,1.);
#3623 = DIRECTION('',(-0.,-1.));
#3624 = ( GEOMETRIC_REPRESENTATION_CONTEXT(2) 
PARAMETRIC_REPRESENTATION_CONTEXT() REPRESENTATION_CONTEXT('2D SPACE',''
  ) );
#3625 = PCURVE('',#838,#3626);
#3626 = DEFINITIONAL_REPRESENTATION('',(#3627),#3631);
#3627 = LINE('',#3628,#3629);
#3628 = CARTESIAN_POINT('',(0.,0.));
#3629 = VECTOR('',#3630,1.);
#3630 = DIRECTION('',(0.,1.));
#3631 = ( GEOMETRIC_REPRESENTATION_CONTEXT(2) 
PARAMETRIC_REPRESENTATION_CONTEXT() REPRESENTATION_CONTEXT('2D SPACE',''
  ) );
#3632 = ADVANCED_FACE('',(#3633),#838,.F.);
#3633 = FACE_BOUND('',#3634,.F.);
#3634 = EDGE_LOOP('',(#3635,#3636,#3664,#3685));
#3635 = ORIENTED_EDGE('',*,*,#3612,.F.);
#3636 = ORIENTED_EDGE('',*,*,#3637,.T.);
#3637 = EDGE_CURVE('',#3557,#3638,#3640,.T.);
#3638 = VERTEX_POINT('',#3639);
#3639 = CARTESIAN_POINT('',(-18.3,3.,7.));
#3640 = SURFACE_CURVE('',#3641,(#3646,#3653),.PCURVE_S1.);
#3641 = CIRCLE('',#3642,4.);
#3642 = AXIS2_PLACEMENT_3D('',#3643,#3644,#3645);
#3643 = CARTESIAN_POINT('',(-14.3,3.,7.));
#3644 = DIRECTION('',(0.,1.,0.));
#3645 = DIRECTION('',(-0.,-0.,1.));
#3646 = PCURVE('',#838,#3647);
#3647 = DEFINITIONAL_REPRESENTATION('',(#3648),#3652);
#3648 = LINE('',#3649,#3650);
#3649 = CARTESIAN_POINT('',(-3.14159265359,0.));
#3650 = VECTOR('',#3651,1.);
#3651 = DIRECTION('',(1.,0.));
#3652 = ( GEOMETRIC_REPRESENTATION_CONTEXT(2) 
PARAMETRIC_REPRESENTATION_CONTEXT() REPRESENTATION_CONTEXT('2D SPACE',''
  ) );
#3653 = PCURVE('',#3572,#3654);
#3654 = DEFINITIONAL_REPRESENTATION('',(#3655),#3663);
#3655 = ( BOUNDED_CURVE() B_SPLINE_CURVE(2,(#3656,#3657,#3658,#3659,
#3660,#3661,#3662),.UNSPECIFIED.,.T.,.F.) B_SPLINE_CURVE_WITH_KNOTS((1,2
    ,2,2,2,1),(-2.094395102393,0.,2.094395102393,4.188790204786,
6.28318530718,8.377580409573),.UNSPECIFIED.) CURVE() 
GEOMETRIC_REPRESENTATION_ITEM() RATIONAL_B_SPLINE_CURVE((1.,0.5,1.,0.5,
1.,0.5,1.)) REPRESENTATION_ITEM('') );
#3656 = CARTESIAN_POINT('',(-70.,14.3));
#3657 = CARTESIAN_POINT('',(-70.,7.371796769724));
#3658 = CARTESIAN_POINT('',(-76.,10.835898384862));
#3659 = CARTESIAN_POINT('',(-82.,14.3));
#3660 = CARTESIAN_POINT('',(-76.,17.764101615138));
#3661 = CARTESIAN_POINT('',(-70.,21.228203230276));
#3662 = CARTESIAN_POINT('',(-70.,14.3));
#3663 = ( GEOMETRIC_REPRESENTATION_CONTEXT(2) 
PARAMETRIC_REPRESENTATION_CONTEXT() REPRESENTATION_CONTEXT('2D SPACE',''
  ) );
#3664 = ORIENTED_EDGE('',*,*,#3665,.T.);
#3665 = EDGE_CURVE('',#3638,#799,#3666,.T.);
#3666 = SURFACE_CURVE('',#3667,(#3671,#3678),.PCURVE_S1.);
#3667 = LINE('',#3668,#3669);
#3668 = CARTESIAN_POINT('',(-18.3,3.,7.));
#3669 = VECTOR('',#3670,1.);
#3670 = DIRECTION('',(-0.,1.,-0.));
#3671 = PCURVE('',#838,#3672);
#3672 = DEFINITIONAL_REPRESENTATION('',(#3673),#3677);
#3673 = LINE('',#3674,#3675);
#3674 = CARTESIAN_POINT('',(1.570796326795,0.));
#3675 = VECTOR('',#3676,1.);
#3676 = DIRECTION('',(0.,1.));
#3677 = ( GEOMETRIC_REPRESENTATION_CONTEXT(2) 
PARAMETRIC_REPRESENTATION_CONTEXT() REPRESENTATION_CONTEXT('2D SPACE',''
  ) );
#3678 = PCURVE('',#702,#3679);
#3679 = DEFINITIONAL_REPRESENTATION('',(#3680),#3684);
#3680 = LINE('',#3681,#3682);
#3681 = CARTESIAN_POINT('',(-4.,-0.));
#3682 = VECTOR('',#3683,1.);
#3683 = DIRECTION('',(-0.,-1.));
#3684 = ( GEOMETRIC_REPRESENTATION_CONTEXT(2) 
PARAMETRIC_REPRESENTATION_CONTEXT() REPRESENTATION_CONTEXT('2D SPACE',''
  ) );
#3685 = ORIENTED_EDGE('',*,*,#821,.T.);
#3686 = ADVANCED_FACE('',(#3687),#702,.F.);
#3687 = FACE_BOUND('',#3688,.T.);
#3688 = EDGE_LOOP('',(#3689,#3712,#3713,#3714,#3742,#3770,#3796,#3797));
#3689 = ORIENTED_EDGE('',*,*,#3690,.F.);
#3690 = EDGE_CURVE('',#3638,#3691,#3693,.T.);
#3691 = VERTEX_POINT('',#3692);
#3692 = CARTESIAN_POINT('',(-18.3,3.,155.));
#3693 = SURFACE_CURVE('',#3694,(#3698,#3705),.PCURVE_S1.);
#3694 = LINE('',#3695,#3696);
#3695 = CARTESIAN_POINT('',(-18.3,3.,3.));
#3696 = VECTOR('',#3697,1.);
#3697 = DIRECTION('',(-0.,-0.,1.));
#3698 = PCURVE('',#702,#3699);
#3699 = DEFINITIONAL_REPRESENTATION('',(#3700),#3704);
#3700 = LINE('',#3701,#3702);
#3701 = CARTESIAN_POINT('',(-0.,-0.));
#3702 = VECTOR('',#3703,1.);
#3703 = DIRECTION('',(-1.,-0.));
#3704 = ( GEOMETRIC_REPRESENTATION_CONTEXT(2) 
PARAMETRIC_REPRESENTATION_CONTEXT() REPRESENTATION_CONTEXT('2D SPACE',''
  ) );
#3705 = PCURVE('',#3572,#3706);
#3706 = DEFINITIONAL_REPRESENTATION('',(#3707),#3711);
#3707 = LINE('',#3708,#3709);
#3708 = CARTESIAN_POINT('',(-78.,18.3));
#3709 = VECTOR('',#3710,1.);
#3710 = DIRECTION('',(1.,-0.));
#3711 = ( GEOMETRIC_REPRESENTATION_CONTEXT(2) 
PARAMETRIC_REPRESENTATION_CONTEXT() REPRESENTATION_CONTEXT('2D SPACE',''
  ) );
#3712 = ORIENTED_EDGE('',*,*,#3665,.T.);
#3713 = ORIENTED_EDGE('',*,*,#798,.T.);
#3714 = ORIENTED_EDGE('',*,*,#3715,.F.);
#3715 = EDGE_CURVE('',#3716,#771,#3718,.T.);
#3716 = VERTEX_POINT('',#3717);
#3717 = CARTESIAN_POINT('',(-18.3,17.35,109.65));
#3718 = SURFACE_CURVE('',#3719,(#3724,#3735),.PCURVE_S1.);
#3719 = CIRCLE('',#3720,1.45);
#3720 = AXIS2_PLACEMENT_3D('',#3721,#3722,#3723);
#3721 = CARTESIAN_POINT('',(-18.3,18.8,109.65));
#3722 = DIRECTION('',(1.,0.,-0.));
#3723 = DIRECTION('',(-0.,-0.,-1.));
#3724 = PCURVE('',#702,#3725);
#3725 = DEFINITIONAL_REPRESENTATION('',(#3726),#3734);
#3726 = ( BOUNDED_CURVE() B_SPLINE_CURVE(2,(#3727,#3728,#3729,#3730,
#3731,#3732,#3733),.UNSPECIFIED.,.T.,.F.) B_SPLINE_CURVE_WITH_KNOTS((1,2
    ,2,2,2,1),(-2.094395102393,0.,2.094395102393,4.188790204786,
6.28318530718,8.377580409573),.UNSPECIFIED.) CURVE() 
GEOMETRIC_REPRESENTATION_ITEM() RATIONAL_B_SPLINE_CURVE((1.,0.5,1.,0.5,
1.,0.5,1.)) REPRESENTATION_ITEM('') );
#3727 = CARTESIAN_POINT('',(-105.2,-15.8));
#3728 = CARTESIAN_POINT('',(-105.2,-18.31147367097));
#3729 = CARTESIAN_POINT('',(-107.375,-17.05573683548));
#3730 = CARTESIAN_POINT('',(-109.55,-15.8));
#3731 = CARTESIAN_POINT('',(-107.375,-14.54426316451));
#3732 = CARTESIAN_POINT('',(-105.2,-13.28852632902));
#3733 = CARTESIAN_POINT('',(-105.2,-15.8));
#3734 = ( GEOMETRIC_REPRESENTATION_CONTEXT(2) 
PARAMETRIC_REPRESENTATION_CONTEXT() REPRESENTATION_CONTEXT('2D SPACE',''
  ) );
#3735 = PCURVE('',#786,#3736);
#3736 = DEFINITIONAL_REPRESENTATION('',(#3737),#3741);
#3737 = LINE('',#3738,#3739);
#3738 = CARTESIAN_POINT('',(6.28318530718,0.3));
#3739 = VECTOR('',#3740,1.);
#3740 = DIRECTION('',(-1.,0.));
#3741 = ( GEOMETRIC_REPRESENTATION_CONTEXT(2) 
PARAMETRIC_REPRESENTATION_CONTEXT() REPRESENTATION_CONTEXT('2D SPACE',''
  ) );
#3742 = ORIENTED_EDGE('',*,*,#3743,.T.);
#3743 = EDGE_CURVE('',#3716,#3744,#3746,.T.);
#3744 = VERTEX_POINT('',#3745);
#3745 = CARTESIAN_POINT('',(-18.3,17.35,124.35));
#3746 = SURFACE_CURVE('',#3747,(#3751,#3758),.PCURVE_S1.);
#3747 = LINE('',#3748,#3749);
#3748 = CARTESIAN_POINT('',(-18.3,17.35,64.4));
#3749 = VECTOR('',#3750,1.);
#3750 = DIRECTION('',(-0.,-0.,1.));
#3751 = PCURVE('',#702,#3752);
#3752 = DEFINITIONAL_REPRESENTATION('',(#3753),#3757);
#3753 = LINE('',#3754,#3755);
#3754 = CARTESIAN_POINT('',(-61.4,-14.35));
#3755 = VECTOR('',#3756,1.);
#3756 = DIRECTION('',(-1.,-0.));
#3757 = ( GEOMETRIC_REPRESENTATION_CONTEXT(2) 
PARAMETRIC_REPRESENTATION_CONTEXT() REPRESENTATION_CONTEXT('2D SPACE',''
  ) );
#3758 = PCURVE('',#3759,#3764);
#3759 = PLANE('',#3760);
#3760 = AXIS2_PLACEMENT_3D('',#3761,#3762,#3763);
#3761 = CARTESIAN_POINT('',(-18.,17.35,125.8));
#3762 = DIRECTION('',(-0.,1.,-0.));
#3763 = DIRECTION('',(0.,0.,1.));
#3764 = DEFINITIONAL_REPRESENTATION('',(#3765),#3769);
#3765 = LINE('',#3766,#3767);
#3766 = CARTESIAN_POINT('',(-61.4,-0.3));
#3767 = VECTOR('',#3768,1.);
#3768 = DIRECTION('',(1.,-0.));
#3769 = ( GEOMETRIC_REPRESENTATION_CONTEXT(2) 
PARAMETRIC_REPRESENTATION_CONTEXT() REPRESENTATION_CONTEXT('2D SPACE',''
  ) );
#3770 = ORIENTED_EDGE('',*,*,#3771,.F.);
#3771 = EDGE_CURVE('',#687,#3744,#3772,.T.);
#3772 = SURFACE_CURVE('',#3773,(#3778,#3789),.PCURVE_S1.);
#3773 = CIRCLE('',#3774,1.45);
#3774 = AXIS2_PLACEMENT_3D('',#3775,#3776,#3777);
#3775 = CARTESIAN_POINT('',(-18.3,18.8,124.35));
#3776 = DIRECTION('',(1.,-0.,0.));
#3777 = DIRECTION('',(-0.,-0.,1.));
#3778 = PCURVE('',#702,#3779);
#3779 = DEFINITIONAL_REPRESENTATION('',(#3780),#3788);
#3780 = ( BOUNDED_CURVE() B_SPLINE_CURVE(2,(#3781,#3782,#3783,#3784,
#3785,#3786,#3787),.UNSPECIFIED.,.T.,.F.) B_SPLINE_CURVE_WITH_KNOTS((1,2
    ,2,2,2,1),(-2.094395102393,0.,2.094395102393,4.188790204786,
6.28318530718,8.377580409573),.UNSPECIFIED.) CURVE() 
GEOMETRIC_REPRESENTATION_ITEM() RATIONAL_B_SPLINE_CURVE((1.,0.5,1.,0.5,
1.,0.5,1.)) REPRESENTATION_ITEM('') );
#3781 = CARTESIAN_POINT('',(-122.8,-15.8));
#3782 = CARTESIAN_POINT('',(-122.8,-13.28852632902));
#3783 = CARTESIAN_POINT('',(-120.625,-14.54426316451));
#3784 = CARTESIAN_POINT('',(-118.45,-15.8));
#3785 = CARTESIAN_POINT('',(-120.625,-17.05573683548));
#3786 = CARTESIAN_POINT('',(-122.8,-18.31147367097));
#3787 = CARTESIAN_POINT('',(-122.8,-15.8));
#3788 = ( GEOMETRIC_REPRESENTATION_CONTEXT(2) 
PARAMETRIC_REPRESENTATION_CONTEXT() REPRESENTATION_CONTEXT('2D SPACE',''
  ) );
#3789 = PCURVE('',#730,#3790);
#3790 = DEFINITIONAL_REPRESENTATION('',(#3791),#3795);
#3791 = LINE('',#3792,#3793);
#3792 = CARTESIAN_POINT('',(-0.,0.3));
#3793 = VECTOR('',#3794,1.);
#3794 = DIRECTION('',(-1.,0.));
#3795 = ( GEOMETRIC_REPRESENTATION_CONTEXT(2) 
PARAMETRIC_REPRESENTATION_CONTEXT() REPRESENTATION_CONTEXT('2D SPACE',''
  ) );
#3796 = ORIENTED_EDGE('',*,*,#686,.T.);
#3797 = ORIENTED_EDGE('',*,*,#3798,.F.);
#3798 = EDGE_CURVE('',#3691,#658,#3799,.T.);
#3799 = SURFACE_CURVE('',#3800,(#3804,#3811),.PCURVE_S1.);
#3800 = LINE('',#3801,#3802);
#3801 = CARTESIAN_POINT('',(-18.3,3.,155.));
#3802 = VECTOR('',#3803,1.);
#3803 = DIRECTION('',(-0.,1.,-0.));
#3804 = PCURVE('',#702,#3805);
#3805 = DEFINITIONAL_REPRESENTATION('',(#3806),#3810);
#3806 = LINE('',#3807,#3808);
#3807 = CARTESIAN_POINT('',(-152.,-0.));
#3808 = VECTOR('',#3809,1.);
#3809 = DIRECTION('',(-0.,-1.));
#3810 = ( GEOMETRIC_REPRESENTATION_CONTEXT(2) 
PARAMETRIC_REPRESENTATION_CONTEXT() REPRESENTATION_CONTEXT('2D SPACE',''
  ) );
#3811 = PCURVE('',#674,#3812);
#3812 = DEFINITIONAL_REPRESENTATION('',(#3813),#3817);
#3813 = LINE('',#3814,#3815);
#3814 = CARTESIAN_POINT('',(0.,0.));
#3815 = VECTOR('',#3816,1.);
#3816 = DIRECTION('',(0.,1.));
#3817 = ( GEOMETRIC_REPRESENTATION_CONTEXT(2) 
PARAMETRIC_REPRESENTATION_CONTEXT() REPRESENTATION_CONTEXT('2D SPACE',''
  ) );
#3818 = ADVANCED_FACE('',(#3819),#786,.F.);
#3819 = FACE_BOUND('',#3820,.F.);
#3820 = EDGE_LOOP('',(#3821,#3822,#3845,#3867));
#3821 = ORIENTED_EDGE('',*,*,#3715,.F.);
#3822 = ORIENTED_EDGE('',*,*,#3823,.T.);
#3823 = EDGE_CURVE('',#3716,#3824,#3826,.T.);
#3824 = VERTEX_POINT('',#3825);
#3825 = CARTESIAN_POINT('',(-22.25,17.35,109.65));
#3826 = SURFACE_CURVE('',#3827,(#3831,#3838),.PCURVE_S1.);
#3827 = LINE('',#3828,#3829);
#3828 = CARTESIAN_POINT('',(-18.,17.35,109.65));
#3829 = VECTOR('',#3830,1.);
#3830 = DIRECTION('',(-1.,-0.,-0.));
#3831 = PCURVE('',#786,#3832);
#3832 = DEFINITIONAL_REPRESENTATION('',(#3833),#3837);
#3833 = LINE('',#3834,#3835);
#3834 = CARTESIAN_POINT('',(1.570796326795,0.));
#3835 = VECTOR('',#3836,1.);
#3836 = DIRECTION('',(0.,1.));
#3837 = ( GEOMETRIC_REPRESENTATION_CONTEXT(2) 
PARAMETRIC_REPRESENTATION_CONTEXT() REPRESENTATION_CONTEXT('2D SPACE',''
  ) );
#3838 = PCURVE('',#3759,#3839);
#3839 = DEFINITIONAL_REPRESENTATION('',(#3840),#3844);
#3840 = LINE('',#3841,#3842);
#3841 = CARTESIAN_POINT('',(-16.15,0.));
#3842 = VECTOR('',#3843,1.);
#3843 = DIRECTION('',(-0.,-1.));
#3844 = ( GEOMETRIC_REPRESENTATION_CONTEXT(2) 
PARAMETRIC_REPRESENTATION_CONTEXT() REPRESENTATION_CONTEXT('2D SPACE',''
  ) );
#3845 = ORIENTED_EDGE('',*,*,#3846,.F.);
#3846 = EDGE_CURVE('',#743,#3824,#3847,.T.);
#3847 = SURFACE_CURVE('',#3848,(#3853,#3860),.PCURVE_S1.);
#3848 = CIRCLE('',#3849,1.45);
#3849 = AXIS2_PLACEMENT_3D('',#3850,#3851,#3852);
#3850 = CARTESIAN_POINT('',(-22.25,18.8,109.65));
#3851 = DIRECTION('',(-1.,-0.,-0.));
#3852 = DIRECTION('',(-0.,-0.,1.));
#3853 = PCURVE('',#786,#3854);
#3854 = DEFINITIONAL_REPRESENTATION('',(#3855),#3859);
#3855 = LINE('',#3856,#3857);
#3856 = CARTESIAN_POINT('',(-3.14159265359,4.25));
#3857 = VECTOR('',#3858,1.);
#3858 = DIRECTION('',(1.,0.));
#3859 = ( GEOMETRIC_REPRESENTATION_CONTEXT(2) 
PARAMETRIC_REPRESENTATION_CONTEXT() REPRESENTATION_CONTEXT('2D SPACE',''
  ) );
#3860 = PCURVE('',#758,#3861);
#3861 = DEFINITIONAL_REPRESENTATION('',(#3862),#3866);
#3862 = CIRCLE('',#3863,1.45);
#3863 = AXIS2_PLACEMENT_2D('',#3864,#3865);
#3864 = CARTESIAN_POINT('',(7.35,1.3));
#3865 = DIRECTION('',(-1.,-0.));
#3866 = ( GEOMETRIC_REPRESENTATION_CONTEXT(2) 
PARAMETRIC_REPRESENTATION_CONTEXT() REPRESENTATION_CONTEXT('2D SPACE',''
  ) );
#3867 = ORIENTED_EDGE('',*,*,#770,.F.);
#3868 = ADVANCED_FACE('',(#3869),#758,.F.);
#3869 = FACE_BOUND('',#3870,.T.);
#3870 = EDGE_LOOP('',(#3871,#3872,#3873,#3901));
#3871 = ORIENTED_EDGE('',*,*,#3846,.F.);
#3872 = ORIENTED_EDGE('',*,*,#742,.T.);
#3873 = ORIENTED_EDGE('',*,*,#3874,.T.);
#3874 = EDGE_CURVE('',#715,#3875,#3877,.T.);
#3875 = VERTEX_POINT('',#3876);
#3876 = CARTESIAN_POINT('',(-22.25,17.35,124.35));
#3877 = SURFACE_CURVE('',#3878,(#3883,#3894),.PCURVE_S1.);
#3878 = CIRCLE('',#3879,1.45);
#3879 = AXIS2_PLACEMENT_3D('',#3880,#3881,#3882);
#3880 = CARTESIAN_POINT('',(-22.25,18.8,124.35));
#3881 = DIRECTION('',(1.,-0.,0.));
#3882 = DIRECTION('',(-0.,-0.,1.));
#3883 = PCURVE('',#758,#3884);
#3884 = DEFINITIONAL_REPRESENTATION('',(#3885),#3893);
#3885 = ( BOUNDED_CURVE() B_SPLINE_CURVE(2,(#3886,#3887,#3888,#3889,
#3890,#3891,#3892),.UNSPECIFIED.,.T.,.F.) B_SPLINE_CURVE_WITH_KNOTS((1,2
    ,2,2,2,1),(-2.094395102393,0.,2.094395102393,4.188790204786,
6.28318530718,8.377580409573),.UNSPECIFIED.) CURVE() 
GEOMETRIC_REPRESENTATION_ITEM() RATIONAL_B_SPLINE_CURVE((1.,0.5,1.,0.5,
1.,0.5,1.)) REPRESENTATION_ITEM('') );
#3886 = CARTESIAN_POINT('',(-8.8,1.3));
#3887 = CARTESIAN_POINT('',(-8.8,3.811473670975));
#3888 = CARTESIAN_POINT('',(-6.625,2.555736835487));
#3889 = CARTESIAN_POINT('',(-4.45,1.3));
#3890 = CARTESIAN_POINT('',(-6.625,4.426316451256E-02));
#3891 = CARTESIAN_POINT('',(-8.8,-1.211473670975));
#3892 = CARTESIAN_POINT('',(-8.8,1.3));
#3893 = ( GEOMETRIC_REPRESENTATION_CONTEXT(2) 
PARAMETRIC_REPRESENTATION_CONTEXT() REPRESENTATION_CONTEXT('2D SPACE',''
  ) );
#3894 = PCURVE('',#730,#3895);
#3895 = DEFINITIONAL_REPRESENTATION('',(#3896),#3900);
#3896 = LINE('',#3897,#3898);
#3897 = CARTESIAN_POINT('',(-0.,4.25));
#3898 = VECTOR('',#3899,1.);
#3899 = DIRECTION('',(-1.,0.));
#3900 = ( GEOMETRIC_REPRESENTATION_CONTEXT(2) 
PARAMETRIC_REPRESENTATION_CONTEXT() REPRESENTATION_CONTEXT('2D SPACE',''
  ) );
#3901 = ORIENTED_EDGE('',*,*,#3902,.T.);
#3902 = EDGE_CURVE('',#3875,#3824,#3903,.T.);
#3903 = SURFACE_CURVE('',#3904,(#3908,#3915),.PCURVE_S1.);
#3904 = LINE('',#3905,#3906);
#3905 = CARTESIAN_POINT('',(-22.25,17.35,125.8));
#3906 = VECTOR('',#3907,1.);
#3907 = DIRECTION('',(-0.,-0.,-1.));
#3908 = PCURVE('',#758,#3909);
#3909 = DEFINITIONAL_REPRESENTATION('',(#3910),#3914);
#3910 = LINE('',#3911,#3912);
#3911 = CARTESIAN_POINT('',(-8.8,2.75));
#3912 = VECTOR('',#3913,1.);
#3913 = DIRECTION('',(1.,-0.));
#3914 = ( GEOMETRIC_REPRESENTATION_CONTEXT(2) 
PARAMETRIC_REPRESENTATION_CONTEXT() REPRESENTATION_CONTEXT('2D SPACE',''
  ) );
#3915 = PCURVE('',#3759,#3916);
#3916 = DEFINITIONAL_REPRESENTATION('',(#3917),#3921);
#3917 = LINE('',#3918,#3919);
#3918 = CARTESIAN_POINT('',(-0.,-4.25));
#3919 = VECTOR('',#3920,1.);
#3920 = DIRECTION('',(-1.,0.));
#3921 = ( GEOMETRIC_REPRESENTATION_CONTEXT(2) 
PARAMETRIC_REPRESENTATION_CONTEXT() REPRESENTATION_CONTEXT('2D SPACE',''
  ) );
#3922 = ADVANCED_FACE('',(#3923),#730,.F.);
#3923 = FACE_BOUND('',#3924,.T.);
#3924 = EDGE_LOOP('',(#3925,#3926,#3947,#3948));
#3925 = ORIENTED_EDGE('',*,*,#3771,.T.);
#3926 = ORIENTED_EDGE('',*,*,#3927,.T.);
#3927 = EDGE_CURVE('',#3744,#3875,#3928,.T.);
#3928 = SURFACE_CURVE('',#3929,(#3933,#3940),.PCURVE_S1.);
#3929 = LINE('',#3930,#3931);
#3930 = CARTESIAN_POINT('',(-18.,17.35,124.35));
#3931 = VECTOR('',#3932,1.);
#3932 = DIRECTION('',(-1.,-0.,-0.));
#3933 = PCURVE('',#730,#3934);
#3934 = DEFINITIONAL_REPRESENTATION('',(#3935),#3939);
#3935 = LINE('',#3936,#3937);
#3936 = CARTESIAN_POINT('',(-1.570796326795,0.));
#3937 = VECTOR('',#3938,1.);
#3938 = DIRECTION('',(-0.,1.));
#3939 = ( GEOMETRIC_REPRESENTATION_CONTEXT(2) 
PARAMETRIC_REPRESENTATION_CONTEXT() REPRESENTATION_CONTEXT('2D SPACE',''
  ) );
#3940 = PCURVE('',#3759,#3941);
#3941 = DEFINITIONAL_REPRESENTATION('',(#3942),#3946);
#3942 = LINE('',#3943,#3944);
#3943 = CARTESIAN_POINT('',(-1.45,0.));
#3944 = VECTOR('',#3945,1.);
#3945 = DIRECTION('',(-0.,-1.));
#3946 = ( GEOMETRIC_REPRESENTATION_CONTEXT(2) 
PARAMETRIC_REPRESENTATION_CONTEXT() REPRESENTATION_CONTEXT('2D SPACE',''
  ) );
#3947 = ORIENTED_EDGE('',*,*,#3874,.F.);
#3948 = ORIENTED_EDGE('',*,*,#714,.F.);
#3949 = ADVANCED_FACE('',(#3950),#674,.F.);
#3950 = FACE_BOUND('',#3951,.F.);
#3951 = EDGE_LOOP('',(#3952,#3953,#3981,#4002));
#3952 = ORIENTED_EDGE('',*,*,#3798,.F.);
#3953 = ORIENTED_EDGE('',*,*,#3954,.T.);
#3954 = EDGE_CURVE('',#3691,#3955,#3957,.T.);
#3955 = VERTEX_POINT('',#3956);
#3956 = CARTESIAN_POINT('',(-14.3,3.,159.));
#3957 = SURFACE_CURVE('',#3958,(#3963,#3970),.PCURVE_S1.);
#3958 = CIRCLE('',#3959,4.);
#3959 = AXIS2_PLACEMENT_3D('',#3960,#3961,#3962);
#3960 = CARTESIAN_POINT('',(-14.3,3.,155.));
#3961 = DIRECTION('',(0.,1.,0.));
#3962 = DIRECTION('',(-0.,-0.,1.));
#3963 = PCURVE('',#674,#3964);
#3964 = DEFINITIONAL_REPRESENTATION('',(#3965),#3969);
#3965 = LINE('',#3966,#3967);
#3966 = CARTESIAN_POINT('',(-4.712388980385,0.));
#3967 = VECTOR('',#3968,1.);
#3968 = DIRECTION('',(1.,0.));
#3969 = ( GEOMETRIC_REPRESENTATION_CONTEXT(2) 
PARAMETRIC_REPRESENTATION_CONTEXT() REPRESENTATION_CONTEXT('2D SPACE',''
  ) );
#3970 = PCURVE('',#3572,#3971);
#3971 = DEFINITIONAL_REPRESENTATION('',(#3972),#3980);
#3972 = ( BOUNDED_CURVE() B_SPLINE_CURVE(2,(#3973,#3974,#3975,#3976,
#3977,#3978,#3979),.UNSPECIFIED.,.T.,.F.) B_SPLINE_CURVE_WITH_KNOTS((1,2
    ,2,2,2,1),(-2.094395102393,0.,2.094395102393,4.188790204786,
6.28318530718,8.377580409573),.UNSPECIFIED.) CURVE() 
GEOMETRIC_REPRESENTATION_ITEM() RATIONAL_B_SPLINE_CURVE((1.,0.5,1.,0.5,
1.,0.5,1.)) REPRESENTATION_ITEM('') );
#3973 = CARTESIAN_POINT('',(78.,14.3));
#3974 = CARTESIAN_POINT('',(78.,7.371796769724));
#3975 = CARTESIAN_POINT('',(72.,10.835898384862));
#3976 = CARTESIAN_POINT('',(66.,14.3));
#3977 = CARTESIAN_POINT('',(72.,17.764101615138));
#3978 = CARTESIAN_POINT('',(78.,21.228203230276));
#3979 = CARTESIAN_POINT('',(78.,14.3));
#3980 = ( GEOMETRIC_REPRESENTATION_CONTEXT(2) 
PARAMETRIC_REPRESENTATION_CONTEXT() REPRESENTATION_CONTEXT('2D SPACE',''
  ) );
#3981 = ORIENTED_EDGE('',*,*,#3982,.T.);
#3982 = EDGE_CURVE('',#3955,#630,#3983,.T.);
#3983 = SURFACE_CURVE('',#3984,(#3988,#3995),.PCURVE_S1.);
#3984 = LINE('',#3985,#3986);
#3985 = CARTESIAN_POINT('',(-14.3,3.,159.));
#3986 = VECTOR('',#3987,1.);
#3987 = DIRECTION('',(-0.,1.,-0.));
#3988 = PCURVE('',#674,#3989);
#3989 = DEFINITIONAL_REPRESENTATION('',(#3990),#3994);
#3990 = LINE('',#3991,#3992);
#3991 = CARTESIAN_POINT('',(1.570796326795,0.));
#3992 = VECTOR('',#3993,1.);
#3993 = DIRECTION('',(0.,1.));
#3994 = ( GEOMETRIC_REPRESENTATION_CONTEXT(2) 
PARAMETRIC_REPRESENTATION_CONTEXT() REPRESENTATION_CONTEXT('2D SPACE',''
  ) );
#3995 = PCURVE('',#645,#3996);
#3996 = DEFINITIONAL_REPRESENTATION('',(#3997),#4001);
#3997 = LINE('',#3998,#3999);
#3998 = CARTESIAN_POINT('',(-4.,-0.));
#3999 = VECTOR('',#4000,1.);
#4000 = DIRECTION('',(-0.,-1.));
#4001 = ( GEOMETRIC_REPRESENTATION_CONTEXT(2) 
PARAMETRIC_REPRESENTATION_CONTEXT() REPRESENTATION_CONTEXT('2D SPACE',''
  ) );
#4002 = ORIENTED_EDGE('',*,*,#657,.T.);
#4003 = ADVANCED_FACE('',(#4004),#645,.F.);
#4004 = FACE_BOUND('',#4005,.T.);
#4005 = EDGE_LOOP('',(#4006,#4029,#4030,#4031,#4054,#4087,#4115,#4148,
    #4169,#4170,#4193,#4226,#4254));
#4006 = ORIENTED_EDGE('',*,*,#4007,.F.);
#4007 = EDGE_CURVE('',#3955,#4008,#4010,.T.);
#4008 = VERTEX_POINT('',#4009);
#4009 = CARTESIAN_POINT('',(14.3,3.,159.));
#4010 = SURFACE_CURVE('',#4011,(#4015,#4022),.PCURVE_S1.);
#4011 = LINE('',#4012,#4013);
#4012 = CARTESIAN_POINT('',(-18.3,3.,159.));
#4013 = VECTOR('',#4014,1.);
#4014 = DIRECTION('',(1.,-0.,-0.));
#4015 = PCURVE('',#645,#4016);
#4016 = DEFINITIONAL_REPRESENTATION('',(#4017),#4021);
#4017 = LINE('',#4018,#4019);
#4018 = CARTESIAN_POINT('',(-0.,-0.));
#4019 = VECTOR('',#4020,1.);
#4020 = DIRECTION('',(-1.,0.));
#4021 = ( GEOMETRIC_REPRESENTATION_CONTEXT(2) 
PARAMETRIC_REPRESENTATION_CONTEXT() REPRESENTATION_CONTEXT('2D SPACE',''
  ) );
#4022 = PCURVE('',#3572,#4023);
#4023 = DEFINITIONAL_REPRESENTATION('',(#4024),#4028);
#4024 = LINE('',#4025,#4026);
#4025 = CARTESIAN_POINT('',(78.,18.3));
#4026 = VECTOR('',#4027,1.);
#4027 = DIRECTION('',(-0.,-1.));
#4028 = ( GEOMETRIC_REPRESENTATION_CONTEXT(2) 
PARAMETRIC_REPRESENTATION_CONTEXT() REPRESENTATION_CONTEXT('2D SPACE',''
  ) );
#4029 = ORIENTED_EDGE('',*,*,#3982,.T.);
#4030 = ORIENTED_EDGE('',*,*,#629,.T.);
#4031 = ORIENTED_EDGE('',*,*,#4032,.T.);
#4032 = EDGE_CURVE('',#602,#4033,#4035,.T.);
#4033 = VERTEX_POINT('',#4034);
#4034 = CARTESIAN_POINT('',(-13.,16.,159.));
#4035 = SURFACE_CURVE('',#4036,(#4040,#4047),.PCURVE_S1.);
#4036 = LINE('',#4037,#4038);
#4037 = CARTESIAN_POINT('',(-13.,9.15,159.));
#4038 = VECTOR('',#4039,1.);
#4039 = DIRECTION('',(-0.,-1.,-0.));
#4040 = PCURVE('',#645,#4041);
#4041 = DEFINITIONAL_REPRESENTATION('',(#4042),#4046);
#4042 = LINE('',#4043,#4044);
#4043 = CARTESIAN_POINT('',(-5.3,-6.15));
#4044 = VECTOR('',#4045,1.);
#4045 = DIRECTION('',(-0.,1.));
#4046 = ( GEOMETRIC_REPRESENTATION_CONTEXT(2) 
PARAMETRIC_REPRESENTATION_CONTEXT() REPRESENTATION_CONTEXT('2D SPACE',''
  ) );
#4047 = PCURVE('',#617,#4048);
#4048 = DEFINITIONAL_REPRESENTATION('',(#4049),#4053);
#4049 = LINE('',#4050,#4051);
#4050 = CARTESIAN_POINT('',(6.15,-3.8));
#4051 = VECTOR('',#4052,1.);
#4052 = DIRECTION('',(1.,-0.));
#4053 = ( GEOMETRIC_REPRESENTATION_CONTEXT(2) 
PARAMETRIC_REPRESENTATION_CONTEXT() REPRESENTATION_CONTEXT('2D SPACE',''
  ) );
#4054 = ORIENTED_EDGE('',*,*,#4055,.F.);
#4055 = EDGE_CURVE('',#4056,#4033,#4058,.T.);
#4056 = VERTEX_POINT('',#4057);
#4057 = CARTESIAN_POINT('',(-12.3,15.3,159.));
#4058 = SURFACE_CURVE('',#4059,(#4064,#4075),.PCURVE_S1.);
#4059 = CIRCLE('',#4060,0.7);
#4060 = AXIS2_PLACEMENT_3D('',#4061,#4062,#4063);
#4061 = CARTESIAN_POINT('',(-12.3,16.,159.));
#4062 = DIRECTION('',(0.,0.,-1.));
#4063 = DIRECTION('',(-0.,-1.,-0.));
#4064 = PCURVE('',#645,#4065);
#4065 = DEFINITIONAL_REPRESENTATION('',(#4066),#4074);
#4066 = ( BOUNDED_CURVE() B_SPLINE_CURVE(2,(#4067,#4068,#4069,#4070,
#4071,#4072,#4073),.UNSPECIFIED.,.T.,.F.) B_SPLINE_CURVE_WITH_KNOTS((1,2
    ,2,2,2,1),(-2.094395102393,0.,2.094395102393,4.188790204786,
6.28318530718,8.377580409573),.UNSPECIFIED.) CURVE() 
GEOMETRIC_REPRESENTATION_ITEM() RATIONAL_B_SPLINE_CURVE((1.,0.5,1.,0.5,
1.,0.5,1.)) REPRESENTATION_ITEM('') );
#4067 = CARTESIAN_POINT('',(-6.,-12.3));
#4068 = CARTESIAN_POINT('',(-4.787564434702,-12.3));
#4069 = CARTESIAN_POINT('',(-5.393782217351,-13.35));
#4070 = CARTESIAN_POINT('',(-6.,-14.4));
#4071 = CARTESIAN_POINT('',(-6.606217782649,-13.35));
#4072 = CARTESIAN_POINT('',(-7.212435565298,-12.3));
#4073 = CARTESIAN_POINT('',(-6.,-12.3));
#4074 = ( GEOMETRIC_REPRESENTATION_CONTEXT(2) 
PARAMETRIC_REPRESENTATION_CONTEXT() REPRESENTATION_CONTEXT('2D SPACE',''
  ) );
#4075 = PCURVE('',#4076,#4081);
#4076 = CYLINDRICAL_SURFACE('',#4077,0.7);
#4077 = AXIS2_PLACEMENT_3D('',#4078,#4079,#4080);
#4078 = CARTESIAN_POINT('',(-12.3,16.,155.2));
#4079 = DIRECTION('',(-0.,-0.,1.));
#4080 = DIRECTION('',(-0.,-1.,-0.));
#4081 = DEFINITIONAL_REPRESENTATION('',(#4082),#4086);
#4082 = LINE('',#4083,#4084);
#4083 = CARTESIAN_POINT('',(-0.,3.8));
#4084 = VECTOR('',#4085,1.);
#4085 = DIRECTION('',(-1.,0.));
#4086 = ( GEOMETRIC_REPRESENTATION_CONTEXT(2) 
PARAMETRIC_REPRESENTATION_CONTEXT() REPRESENTATION_CONTEXT('2D SPACE',''
  ) );
#4087 = ORIENTED_EDGE('',*,*,#4088,.T.);
#4088 = EDGE_CURVE('',#4056,#4089,#4091,.T.);
#4089 = VERTEX_POINT('',#4090);
#4090 = CARTESIAN_POINT('',(12.3,15.3,159.));
#4091 = SURFACE_CURVE('',#4092,(#4096,#4103),.PCURVE_S1.);
#4092 = LINE('',#4093,#4094);
#4093 = CARTESIAN_POINT('',(-2.65,15.3,159.));
#4094 = VECTOR('',#4095,1.);
#4095 = DIRECTION('',(1.,-0.,-0.));
#4096 = PCURVE('',#645,#4097);
#4097 = DEFINITIONAL_REPRESENTATION('',(#4098),#4102);
#4098 = LINE('',#4099,#4100);
#4099 = CARTESIAN_POINT('',(-15.65,-12.3));
#4100 = VECTOR('',#4101,1.);
#4101 = DIRECTION('',(-1.,0.));
#4102 = ( GEOMETRIC_REPRESENTATION_CONTEXT(2) 
PARAMETRIC_REPRESENTATION_CONTEXT() REPRESENTATION_CONTEXT('2D SPACE',''
  ) );
#4103 = PCURVE('',#4104,#4109);
#4104 = PLANE('',#4105);
#4105 = AXIS2_PLACEMENT_3D('',#4106,#4107,#4108);
#4106 = CARTESIAN_POINT('',(13.,15.3,155.2));
#4107 = DIRECTION('',(-0.,1.,-0.));
#4108 = DIRECTION('',(1.,0.,0.));
#4109 = DEFINITIONAL_REPRESENTATION('',(#4110),#4114);
#4110 = LINE('',#4111,#4112);
#4111 = CARTESIAN_POINT('',(-15.65,-3.8));
#4112 = VECTOR('',#4113,1.);
#4113 = DIRECTION('',(1.,-0.));
#4114 = ( GEOMETRIC_REPRESENTATION_CONTEXT(2) 
PARAMETRIC_REPRESENTATION_CONTEXT() REPRESENTATION_CONTEXT('2D SPACE',''
  ) );
#4115 = ORIENTED_EDGE('',*,*,#4116,.F.);
#4116 = EDGE_CURVE('',#4117,#4089,#4119,.T.);
#4117 = VERTEX_POINT('',#4118);
#4118 = CARTESIAN_POINT('',(13.,16.,159.));
#4119 = SURFACE_CURVE('',#4120,(#4125,#4136),.PCURVE_S1.);
#4120 = CIRCLE('',#4121,0.7);
#4121 = AXIS2_PLACEMENT_3D('',#4122,#4123,#4124);
#4122 = CARTESIAN_POINT('',(12.3,16.,159.));
#4123 = DIRECTION('',(0.,0.,-1.));
#4124 = DIRECTION('',(-0.,-1.,-0.));
#4125 = PCURVE('',#645,#4126);
#4126 = DEFINITIONAL_REPRESENTATION('',(#4127),#4135);
#4127 = ( BOUNDED_CURVE() B_SPLINE_CURVE(2,(#4128,#4129,#4130,#4131,
#4132,#4133,#4134),.UNSPECIFIED.,.T.,.F.) B_SPLINE_CURVE_WITH_KNOTS((1,2
    ,2,2,2,1),(-2.094395102393,0.,2.094395102393,4.188790204786,
6.28318530718,8.377580409573),.UNSPECIFIED.) CURVE() 
GEOMETRIC_REPRESENTATION_ITEM() RATIONAL_B_SPLINE_CURVE((1.,0.5,1.,0.5,
1.,0.5,1.)) REPRESENTATION_ITEM('') );
#4128 = CARTESIAN_POINT('',(-30.6,-12.3));
#4129 = CARTESIAN_POINT('',(-29.3875644347,-12.3));
#4130 = CARTESIAN_POINT('',(-29.99378221735,-13.35));
#4131 = CARTESIAN_POINT('',(-30.6,-14.4));
#4132 = CARTESIAN_POINT('',(-31.20621778264,-13.35));
#4133 = CARTESIAN_POINT('',(-31.81243556529,-12.3));
#4134 = CARTESIAN_POINT('',(-30.6,-12.3));
#4135 = ( GEOMETRIC_REPRESENTATION_CONTEXT(2) 
PARAMETRIC_REPRESENTATION_CONTEXT() REPRESENTATION_CONTEXT('2D SPACE',''
  ) );
#4136 = PCURVE('',#4137,#4142);
#4137 = CYLINDRICAL_SURFACE('',#4138,0.7);
#4138 = AXIS2_PLACEMENT_3D('',#4139,#4140,#4141);
#4139 = CARTESIAN_POINT('',(12.3,16.,155.2));
#4140 = DIRECTION('',(-0.,-0.,1.));
#4141 = DIRECTION('',(-0.,-1.,-0.));
#4142 = DEFINITIONAL_REPRESENTATION('',(#4143),#4147);
#4143 = LINE('',#4144,#4145);
#4144 = CARTESIAN_POINT('',(6.28318530718,3.8));
#4145 = VECTOR('',#4146,1.);
#4146 = DIRECTION('',(-1.,0.));
#4147 = ( GEOMETRIC_REPRESENTATION_CONTEXT(2) 
PARAMETRIC_REPRESENTATION_CONTEXT() REPRESENTATION_CONTEXT('2D SPACE',''
  ) );
#4148 = ORIENTED_EDGE('',*,*,#4149,.T.);
#4149 = EDGE_CURVE('',#4117,#1693,#4150,.T.);
#4150 = SURFACE_CURVE('',#4151,(#4155,#4162),.PCURVE_S1.);
#4151 = LINE('',#4152,#4153);
#4152 = CARTESIAN_POINT('',(13.,12.4,159.));
#4153 = VECTOR('',#4154,1.);
#4154 = DIRECTION('',(-0.,1.,-0.));
#4155 = PCURVE('',#645,#4156);
#4156 = DEFINITIONAL_REPRESENTATION('',(#4157),#4161);
#4157 = LINE('',#4158,#4159);
#4158 = CARTESIAN_POINT('',(-31.3,-9.4));
#4159 = VECTOR('',#4160,1.);
#4160 = DIRECTION('',(-0.,-1.));
#4161 = ( GEOMETRIC_REPRESENTATION_CONTEXT(2) 
PARAMETRIC_REPRESENTATION_CONTEXT() REPRESENTATION_CONTEXT('2D SPACE',''
  ) );
#4162 = PCURVE('',#1731,#4163);
#4163 = DEFINITIONAL_REPRESENTATION('',(#4164),#4168);
#4164 = LINE('',#4165,#4166);
#4165 = CARTESIAN_POINT('',(-9.4,-3.8));
#4166 = VECTOR('',#4167,1.);
#4167 = DIRECTION('',(1.,-0.));
#4168 = ( GEOMETRIC_REPRESENTATION_CONTEXT(2) 
PARAMETRIC_REPRESENTATION_CONTEXT() REPRESENTATION_CONTEXT('2D SPACE',''
  ) );
#4169 = ORIENTED_EDGE('',*,*,#1692,.T.);
#4170 = ORIENTED_EDGE('',*,*,#4171,.F.);
#4171 = EDGE_CURVE('',#4172,#1664,#4174,.T.);
#4172 = VERTEX_POINT('',#4173);
#4173 = CARTESIAN_POINT('',(14.3,13.756327994199,159.));
#4174 = SURFACE_CURVE('',#4175,(#4179,#4186),.PCURVE_S1.);
#4175 = LINE('',#4176,#4177);
#4176 = CARTESIAN_POINT('',(14.3,3.,159.));
#4177 = VECTOR('',#4178,1.);
#4178 = DIRECTION('',(-0.,1.,-0.));
#4179 = PCURVE('',#645,#4180);
#4180 = DEFINITIONAL_REPRESENTATION('',(#4181),#4185);
#4181 = LINE('',#4182,#4183);
#4182 = CARTESIAN_POINT('',(-32.6,-0.));
#4183 = VECTOR('',#4184,1.);
#4184 = DIRECTION('',(-0.,-1.));
#4185 = ( GEOMETRIC_REPRESENTATION_CONTEXT(2) 
PARAMETRIC_REPRESENTATION_CONTEXT() REPRESENTATION_CONTEXT('2D SPACE',''
  ) );
#4186 = PCURVE('',#1680,#4187);
#4187 = DEFINITIONAL_REPRESENTATION('',(#4188),#4192);
#4188 = LINE('',#4189,#4190);
#4189 = CARTESIAN_POINT('',(0.,0.));
#4190 = VECTOR('',#4191,1.);
#4191 = DIRECTION('',(0.,1.));
#4192 = ( GEOMETRIC_REPRESENTATION_CONTEXT(2) 
PARAMETRIC_REPRESENTATION_CONTEXT() REPRESENTATION_CONTEXT('2D SPACE',''
  ) );
#4193 = ORIENTED_EDGE('',*,*,#4194,.F.);
#4194 = EDGE_CURVE('',#4195,#4172,#4197,.T.);
#4195 = VERTEX_POINT('',#4196);
#4196 = CARTESIAN_POINT('',(6.,10.,159.));
#4197 = SURFACE_CURVE('',#4198,(#4203,#4214),.PCURVE_S1.);
#4198 = CIRCLE('',#4199,5.);
#4199 = AXIS2_PLACEMENT_3D('',#4200,#4201,#4202);
#4200 = CARTESIAN_POINT('',(11.,10.,159.));
#4201 = DIRECTION('',(0.,0.,-1.));
#4202 = DIRECTION('',(-1.,-0.,-0.));
#4203 = PCURVE('',#645,#4204);
#4204 = DEFINITIONAL_REPRESENTATION('',(#4205),#4213);
#4205 = ( BOUNDED_CURVE() B_SPLINE_CURVE(2,(#4206,#4207,#4208,#4209,
#4210,#4211,#4212),.UNSPECIFIED.,.T.,.F.) B_SPLINE_CURVE_WITH_KNOTS((1,2
    ,2,2,2,1),(-2.094395102393,0.,2.094395102393,4.188790204786,
6.28318530718,8.377580409573),.UNSPECIFIED.) CURVE() 
GEOMETRIC_REPRESENTATION_ITEM() RATIONAL_B_SPLINE_CURVE((1.,0.5,1.,0.5,
1.,0.5,1.)) REPRESENTATION_ITEM('') );
#4206 = CARTESIAN_POINT('',(-24.3,-7.));
#4207 = CARTESIAN_POINT('',(-24.3,-15.66025403784));
#4208 = CARTESIAN_POINT('',(-31.8,-11.33012701892));
#4209 = CARTESIAN_POINT('',(-39.3,-7.));
#4210 = CARTESIAN_POINT('',(-31.8,-2.669872981078));
#4211 = CARTESIAN_POINT('',(-24.3,1.660254037844));
#4212 = CARTESIAN_POINT('',(-24.3,-7.));
#4213 = ( GEOMETRIC_REPRESENTATION_CONTEXT(2) 
PARAMETRIC_REPRESENTATION_CONTEXT() REPRESENTATION_CONTEXT('2D SPACE',''
  ) );
#4214 = PCURVE('',#4215,#4220);
#4215 = CYLINDRICAL_SURFACE('',#4216,5.);
#4216 = AXIS2_PLACEMENT_3D('',#4217,#4218,#4219);
#4217 = CARTESIAN_POINT('',(11.,10.,155.));
#4218 = DIRECTION('',(-0.,-0.,1.));
#4219 = DIRECTION('',(-1.,-0.,-0.));
#4220 = DEFINITIONAL_REPRESENTATION('',(#4221),#4225);
#4221 = LINE('',#4222,#4223);
#4222 = CARTESIAN_POINT('',(-0.,4.));
#4223 = VECTOR('',#4224,1.);
#4224 = DIRECTION('',(-1.,0.));
#4225 = ( GEOMETRIC_REPRESENTATION_CONTEXT(2) 
PARAMETRIC_REPRESENTATION_CONTEXT() REPRESENTATION_CONTEXT('2D SPACE',''
  ) );
#4226 = ORIENTED_EDGE('',*,*,#4227,.F.);
#4227 = EDGE_CURVE('',#4228,#4195,#4230,.T.);
#4228 = VERTEX_POINT('',#4229);
#4229 = CARTESIAN_POINT('',(14.3,6.243672005801,159.));
#4230 = SURFACE_CURVE('',#4231,(#4236,#4247),.PCURVE_S1.);
#4231 = CIRCLE('',#4232,5.);
#4232 = AXIS2_PLACEMENT_3D('',#4233,#4234,#4235);
#4233 = CARTESIAN_POINT('',(11.,10.,159.));
#4234 = DIRECTION('',(0.,0.,-1.));
#4235 = DIRECTION('',(-1.,-0.,-0.));
#4236 = PCURVE('',#645,#4237);
#4237 = DEFINITIONAL_REPRESENTATION('',(#4238),#4246);
#4238 = ( BOUNDED_CURVE() B_SPLINE_CURVE(2,(#4239,#4240,#4241,#4242,
#4243,#4244,#4245),.UNSPECIFIED.,.T.,.F.) B_SPLINE_CURVE_WITH_KNOTS((1,2
    ,2,2,2,1),(-2.094395102393,0.,2.094395102393,4.188790204786,
6.28318530718,8.377580409573),.UNSPECIFIED.) CURVE() 
GEOMETRIC_REPRESENTATION_ITEM() RATIONAL_B_SPLINE_CURVE((1.,0.5,1.,0.5,
1.,0.5,1.)) REPRESENTATION_ITEM('') );
#4239 = CARTESIAN_POINT('',(-24.3,-7.));
#4240 = CARTESIAN_POINT('',(-24.3,-15.66025403784));
#4241 = CARTESIAN_POINT('',(-31.8,-11.33012701892));
#4242 = CARTESIAN_POINT('',(-39.3,-7.));
#4243 = CARTESIAN_POINT('',(-31.8,-2.669872981078));
#4244 = CARTESIAN_POINT('',(-24.3,1.660254037844));
#4245 = CARTESIAN_POINT('',(-24.3,-7.));
#4246 = ( GEOMETRIC_REPRESENTATION_CONTEXT(2) 
PARAMETRIC_REPRESENTATION_CONTEXT() REPRESENTATION_CONTEXT('2D SPACE',''
  ) );
#4247 = PCURVE('',#4215,#4248);
#4248 = DEFINITIONAL_REPRESENTATION('',(#4249),#4253);
#4249 = LINE('',#4250,#4251);
#4250 = CARTESIAN_POINT('',(-0.,4.));
#4251 = VECTOR('',#4252,1.);
#4252 = DIRECTION('',(-1.,0.));
#4253 = ( GEOMETRIC_REPRESENTATION_CONTEXT(2) 
PARAMETRIC_REPRESENTATION_CONTEXT() REPRESENTATION_CONTEXT('2D SPACE',''
  ) );
#4254 = ORIENTED_EDGE('',*,*,#4255,.F.);
#4255 = EDGE_CURVE('',#4008,#4228,#4256,.T.);
#4256 = SURFACE_CURVE('',#4257,(#4261,#4268),.PCURVE_S1.);
#4257 = LINE('',#4258,#4259);
#4258 = CARTESIAN_POINT('',(14.3,3.,159.));
#4259 = VECTOR('',#4260,1.);
#4260 = DIRECTION('',(-0.,1.,-0.));
#4261 = PCURVE('',#645,#4262);
#4262 = DEFINITIONAL_REPRESENTATION('',(#4263),#4267);
#4263 = LINE('',#4264,#4265);
#4264 = CARTESIAN_POINT('',(-32.6,-0.));
#4265 = VECTOR('',#4266,1.);
#4266 = DIRECTION('',(-0.,-1.));
#4267 = ( GEOMETRIC_REPRESENTATION_CONTEXT(2) 
PARAMETRIC_REPRESENTATION_CONTEXT() REPRESENTATION_CONTEXT('2D SPACE',''
  ) );
#4268 = PCURVE('',#1680,#4269);
#4269 = DEFINITIONAL_REPRESENTATION('',(#4270),#4274);
#4270 = LINE('',#4271,#4272);
#4271 = CARTESIAN_POINT('',(0.,0.));
#4272 = VECTOR('',#4273,1.);
#4273 = DIRECTION('',(0.,1.));
#4274 = ( GEOMETRIC_REPRESENTATION_CONTEXT(2) 
PARAMETRIC_REPRESENTATION_CONTEXT() REPRESENTATION_CONTEXT('2D SPACE',''
  ) );
#4275 = ADVANCED_FACE('',(#4276),#617,.T.);
#4276 = FACE_BOUND('',#4277,.F.);
#4277 = EDGE_LOOP('',(#4278,#4279,#4302,#4323));
#4278 = ORIENTED_EDGE('',*,*,#4032,.T.);
#4279 = ORIENTED_EDGE('',*,*,#4280,.T.);
#4280 = EDGE_CURVE('',#4033,#4281,#4283,.T.);
#4281 = VERTEX_POINT('',#4282);
#4282 = CARTESIAN_POINT('',(-13.,16.,162.));
#4283 = SURFACE_CURVE('',#4284,(#4288,#4295),.PCURVE_S1.);
#4284 = LINE('',#4285,#4286);
#4285 = CARTESIAN_POINT('',(-13.,16.,155.2));
#4286 = VECTOR('',#4287,1.);
#4287 = DIRECTION('',(-0.,-0.,1.));
#4288 = PCURVE('',#617,#4289);
#4289 = DEFINITIONAL_REPRESENTATION('',(#4290),#4294);
#4290 = LINE('',#4291,#4292);
#4291 = CARTESIAN_POINT('',(-0.7,-0.));
#4292 = VECTOR('',#4293,1.);
#4293 = DIRECTION('',(-0.,-1.));
#4294 = ( GEOMETRIC_REPRESENTATION_CONTEXT(2) 
PARAMETRIC_REPRESENTATION_CONTEXT() REPRESENTATION_CONTEXT('2D SPACE',''
  ) );
#4295 = PCURVE('',#4076,#4296);
#4296 = DEFINITIONAL_REPRESENTATION('',(#4297),#4301);
#4297 = LINE('',#4298,#4299);
#4298 = CARTESIAN_POINT('',(-1.570796326795,0.));
#4299 = VECTOR('',#4300,1.);
#4300 = DIRECTION('',(-0.,1.));
#4301 = ( GEOMETRIC_REPRESENTATION_CONTEXT(2) 
PARAMETRIC_REPRESENTATION_CONTEXT() REPRESENTATION_CONTEXT('2D SPACE',''
  ) );
#4302 = ORIENTED_EDGE('',*,*,#4303,.F.);
#4303 = EDGE_CURVE('',#574,#4281,#4304,.T.);
#4304 = SURFACE_CURVE('',#4305,(#4309,#4316),.PCURVE_S1.);
#4305 = LINE('',#4306,#4307);
#4306 = CARTESIAN_POINT('',(-13.,7.65,162.));
#4307 = VECTOR('',#4308,1.);
#4308 = DIRECTION('',(-0.,-1.,-0.));
#4309 = PCURVE('',#617,#4310);
#4310 = DEFINITIONAL_REPRESENTATION('',(#4311),#4315);
#4311 = LINE('',#4312,#4313);
#4312 = CARTESIAN_POINT('',(7.65,-6.8));
#4313 = VECTOR('',#4314,1.);
#4314 = DIRECTION('',(1.,-0.));
#4315 = ( GEOMETRIC_REPRESENTATION_CONTEXT(2) 
PARAMETRIC_REPRESENTATION_CONTEXT() REPRESENTATION_CONTEXT('2D SPACE',''
  ) );
#4316 = PCURVE('',#589,#4317);
#4317 = DEFINITIONAL_REPRESENTATION('',(#4318),#4322);
#4318 = LINE('',#4319,#4320);
#4319 = CARTESIAN_POINT('',(-6.,-7.65));
#4320 = VECTOR('',#4321,1.);
#4321 = DIRECTION('',(-0.,1.));
#4322 = ( GEOMETRIC_REPRESENTATION_CONTEXT(2) 
PARAMETRIC_REPRESENTATION_CONTEXT() REPRESENTATION_CONTEXT('2D SPACE',''
  ) );
#4323 = ORIENTED_EDGE('',*,*,#601,.T.);
#4324 = ADVANCED_FACE('',(#4325,#4497),#589,.T.);
#4325 = FACE_BOUND('',#4326,.F.);
#4326 = EDGE_LOOP('',(#4327,#4352,#4373,#4374,#4375,#4403,#4426,#4454,
    #4475,#4476));
#4327 = ORIENTED_EDGE('',*,*,#4328,.F.);
#4328 = EDGE_CURVE('',#4329,#4331,#4333,.T.);
#4329 = VERTEX_POINT('',#4330);
#4330 = CARTESIAN_POINT('',(-19.,0.65,162.));
#4331 = VERTEX_POINT('',#4332);
#4332 = CARTESIAN_POINT('',(19.,0.65,162.));
#4333 = SURFACE_CURVE('',#4334,(#4338,#4345),.PCURVE_S1.);
#4334 = LINE('',#4335,#4336);
#4335 = CARTESIAN_POINT('',(-19.,0.65,162.));
#4336 = VECTOR('',#4337,1.);
#4337 = DIRECTION('',(1.,-0.,-0.));
#4338 = PCURVE('',#589,#4339);
#4339 = DEFINITIONAL_REPRESENTATION('',(#4340),#4344);
#4340 = LINE('',#4341,#4342);
#4341 = CARTESIAN_POINT('',(-0.,-0.65));
#4342 = VECTOR('',#4343,1.);
#4343 = DIRECTION('',(-1.,0.));
#4344 = ( GEOMETRIC_REPRESENTATION_CONTEXT(2) 
PARAMETRIC_REPRESENTATION_CONTEXT() REPRESENTATION_CONTEXT('2D SPACE',''
  ) );
#4345 = PCURVE('',#2417,#4346);
#4346 = DEFINITIONAL_REPRESENTATION('',(#4347),#4351);
#4347 = LINE('',#4348,#4349);
#4348 = CARTESIAN_POINT('',(0.,0.));
#4349 = VECTOR('',#4350,1.);
#4350 = DIRECTION('',(0.,1.));
#4351 = ( GEOMETRIC_REPRESENTATION_CONTEXT(2) 
PARAMETRIC_REPRESENTATION_CONTEXT() REPRESENTATION_CONTEXT('2D SPACE',''
  ) );
#4352 = ORIENTED_EDGE('',*,*,#4353,.T.);
#4353 = EDGE_CURVE('',#4329,#541,#4354,.T.);
#4354 = SURFACE_CURVE('',#4355,(#4359,#4366),.PCURVE_S1.);
#4355 = LINE('',#4356,#4357);
#4356 = CARTESIAN_POINT('',(-19.,0.,162.));
#4357 = VECTOR('',#4358,1.);
#4358 = DIRECTION('',(-0.,1.,-0.));
#4359 = PCURVE('',#589,#4360);
#4360 = DEFINITIONAL_REPRESENTATION('',(#4361),#4365);
#4361 = LINE('',#4362,#4363);
#4362 = CARTESIAN_POINT('',(-0.,-0.));
#4363 = VECTOR('',#4364,1.);
#4364 = DIRECTION('',(-0.,-1.));
#4365 = ( GEOMETRIC_REPRESENTATION_CONTEXT(2) 
PARAMETRIC_REPRESENTATION_CONTEXT() REPRESENTATION_CONTEXT('2D SPACE',''
  ) );
#4366 = PCURVE('',#561,#4367);
#4367 = DEFINITIONAL_REPRESENTATION('',(#4368),#4372);
#4368 = LINE('',#4369,#4370);
#4369 = CARTESIAN_POINT('',(-1.570796318693,0.));
#4370 = VECTOR('',#4371,1.);
#4371 = DIRECTION('',(-0.,-1.));
#4372 = ( GEOMETRIC_REPRESENTATION_CONTEXT(2) 
PARAMETRIC_REPRESENTATION_CONTEXT() REPRESENTATION_CONTEXT('2D SPACE',''
  ) );
#4373 = ORIENTED_EDGE('',*,*,#573,.T.);
#4374 = ORIENTED_EDGE('',*,*,#4303,.T.);
#4375 = ORIENTED_EDGE('',*,*,#4376,.F.);
#4376 = EDGE_CURVE('',#4377,#4281,#4379,.T.);
#4377 = VERTEX_POINT('',#4378);
#4378 = CARTESIAN_POINT('',(-12.3,15.3,162.));
#4379 = SURFACE_CURVE('',#4380,(#4385,#4396),.PCURVE_S1.);
#4380 = CIRCLE('',#4381,0.7);
#4381 = AXIS2_PLACEMENT_3D('',#4382,#4383,#4384);
#4382 = CARTESIAN_POINT('',(-12.3,16.,162.));
#4383 = DIRECTION('',(0.,0.,-1.));
#4384 = DIRECTION('',(-0.,-1.,-0.));
#4385 = PCURVE('',#589,#4386);
#4386 = DEFINITIONAL_REPRESENTATION('',(#4387),#4395);
#4387 = ( BOUNDED_CURVE() B_SPLINE_CURVE(2,(#4388,#4389,#4390,#4391,
#4392,#4393,#4394),.UNSPECIFIED.,.T.,.F.) B_SPLINE_CURVE_WITH_KNOTS((1,2
    ,2,2,2,1),(-2.094395102393,0.,2.094395102393,4.188790204786,
6.28318530718,8.377580409573),.UNSPECIFIED.) CURVE() 
GEOMETRIC_REPRESENTATION_ITEM() RATIONAL_B_SPLINE_CURVE((1.,0.5,1.,0.5,
1.,0.5,1.)) REPRESENTATION_ITEM('') );
#4388 = CARTESIAN_POINT('',(-6.7,-15.3));
#4389 = CARTESIAN_POINT('',(-5.487564434702,-15.3));
#4390 = CARTESIAN_POINT('',(-6.093782217351,-16.35));
#4391 = CARTESIAN_POINT('',(-6.7,-17.4));
#4392 = CARTESIAN_POINT('',(-7.306217782649,-16.35));
#4393 = CARTESIAN_POINT('',(-7.912435565298,-15.3));
#4394 = CARTESIAN_POINT('',(-6.7,-15.3));
#4395 = ( GEOMETRIC_REPRESENTATION_CONTEXT(2) 
PARAMETRIC_REPRESENTATION_CONTEXT() REPRESENTATION_CONTEXT('2D SPACE',''
  ) );
#4396 = PCURVE('',#4076,#4397);
#4397 = DEFINITIONAL_REPRESENTATION('',(#4398),#4402);
#4398 = LINE('',#4399,#4400);
#4399 = CARTESIAN_POINT('',(-0.,6.8));
#4400 = VECTOR('',#4401,1.);
#4401 = DIRECTION('',(-1.,0.));
#4402 = ( GEOMETRIC_REPRESENTATION_CONTEXT(2) 
PARAMETRIC_REPRESENTATION_CONTEXT() REPRESENTATION_CONTEXT('2D SPACE',''
  ) );
#4403 = ORIENTED_EDGE('',*,*,#4404,.T.);
#4404 = EDGE_CURVE('',#4377,#4405,#4407,.T.);
#4405 = VERTEX_POINT('',#4406);
#4406 = CARTESIAN_POINT('',(12.3,15.3,162.));
#4407 = SURFACE_CURVE('',#4408,(#4412,#4419),.PCURVE_S1.);
#4408 = LINE('',#4409,#4410);
#4409 = CARTESIAN_POINT('',(-3.,15.3,162.));
#4410 = VECTOR('',#4411,1.);
#4411 = DIRECTION('',(1.,-0.,-0.));
#4412 = PCURVE('',#589,#4413);
#4413 = DEFINITIONAL_REPRESENTATION('',(#4414),#4418);
#4414 = LINE('',#4415,#4416);
#4415 = CARTESIAN_POINT('',(-16.,-15.3));
#4416 = VECTOR('',#4417,1.);
#4417 = DIRECTION('',(-1.,0.));
#4418 = ( GEOMETRIC_REPRESENTATION_CONTEXT(2) 
PARAMETRIC_REPRESENTATION_CONTEXT() REPRESENTATION_CONTEXT('2D SPACE',''
  ) );
#4419 = PCURVE('',#4104,#4420);
#4420 = DEFINITIONAL_REPRESENTATION('',(#4421),#4425);
#4421 = LINE('',#4422,#4423);
#4422 = CARTESIAN_POINT('',(-16.,-6.8));
#4423 = VECTOR('',#4424,1.);
#4424 = DIRECTION('',(1.,-0.));
#4425 = ( GEOMETRIC_REPRESENTATION_CONTEXT(2) 
PARAMETRIC_REPRESENTATION_CONTEXT() REPRESENTATION_CONTEXT('2D SPACE',''
  ) );
#4426 = ORIENTED_EDGE('',*,*,#4427,.F.);
#4427 = EDGE_CURVE('',#4428,#4405,#4430,.T.);
#4428 = VERTEX_POINT('',#4429);
#4429 = CARTESIAN_POINT('',(13.,16.,162.));
#4430 = SURFACE_CURVE('',#4431,(#4436,#4447),.PCURVE_S1.);
#4431 = CIRCLE('',#4432,0.7);
#4432 = AXIS2_PLACEMENT_3D('',#4433,#4434,#4435);
#4433 = CARTESIAN_POINT('',(12.3,16.,162.));
#4434 = DIRECTION('',(0.,0.,-1.));
#4435 = DIRECTION('',(-0.,-1.,-0.));
#4436 = PCURVE('',#589,#4437);
#4437 = DEFINITIONAL_REPRESENTATION('',(#4438),#4446);
#4438 = ( BOUNDED_CURVE() B_SPLINE_CURVE(2,(#4439,#4440,#4441,#4442,
#4443,#4444,#4445),.UNSPECIFIED.,.T.,.F.) B_SPLINE_CURVE_WITH_KNOTS((1,2
    ,2,2,2,1),(-2.094395102393,0.,2.094395102393,4.188790204786,
6.28318530718,8.377580409573),.UNSPECIFIED.) CURVE() 
GEOMETRIC_REPRESENTATION_ITEM() RATIONAL_B_SPLINE_CURVE((1.,0.5,1.,0.5,
1.,0.5,1.)) REPRESENTATION_ITEM('') );
#4439 = CARTESIAN_POINT('',(-31.3,-15.3));
#4440 = CARTESIAN_POINT('',(-30.0875644347,-15.3));
#4441 = CARTESIAN_POINT('',(-30.69378221735,-16.35));
#4442 = CARTESIAN_POINT('',(-31.3,-17.4));
#4443 = CARTESIAN_POINT('',(-31.90621778264,-16.35));
#4444 = CARTESIAN_POINT('',(-32.51243556529,-15.3));
#4445 = CARTESIAN_POINT('',(-31.3,-15.3));
#4446 = ( GEOMETRIC_REPRESENTATION_CONTEXT(2) 
PARAMETRIC_REPRESENTATION_CONTEXT() REPRESENTATION_CONTEXT('2D SPACE',''
  ) );
#4447 = PCURVE('',#4137,#4448);
#4448 = DEFINITIONAL_REPRESENTATION('',(#4449),#4453);
#4449 = LINE('',#4450,#4451);
#4450 = CARTESIAN_POINT('',(6.28318530718,6.8));
#4451 = VECTOR('',#4452,1.);
#4452 = DIRECTION('',(-1.,0.));
#4453 = ( GEOMETRIC_REPRESENTATION_CONTEXT(2) 
PARAMETRIC_REPRESENTATION_CONTEXT() REPRESENTATION_CONTEXT('2D SPACE',''
  ) );
#4454 = ORIENTED_EDGE('',*,*,#4455,.T.);
#4455 = EDGE_CURVE('',#4428,#1716,#4456,.T.);
#4456 = SURFACE_CURVE('',#4457,(#4461,#4468),.PCURVE_S1.);
#4457 = LINE('',#4458,#4459);
#4458 = CARTESIAN_POINT('',(13.,10.9,162.));
#4459 = VECTOR('',#4460,1.);
#4460 = DIRECTION('',(-0.,1.,-0.));
#4461 = PCURVE('',#589,#4462);
#4462 = DEFINITIONAL_REPRESENTATION('',(#4463),#4467);
#4463 = LINE('',#4464,#4465);
#4464 = CARTESIAN_POINT('',(-32.,-10.9));
#4465 = VECTOR('',#4466,1.);
#4466 = DIRECTION('',(-0.,-1.));
#4467 = ( GEOMETRIC_REPRESENTATION_CONTEXT(2) 
PARAMETRIC_REPRESENTATION_CONTEXT() REPRESENTATION_CONTEXT('2D SPACE',''
  ) );
#4468 = PCURVE('',#1731,#4469);
#4469 = DEFINITIONAL_REPRESENTATION('',(#4470),#4474);
#4470 = LINE('',#4471,#4472);
#4471 = CARTESIAN_POINT('',(-10.9,-6.8));
#4472 = VECTOR('',#4473,1.);
#4473 = DIRECTION('',(1.,-0.));
#4474 = ( GEOMETRIC_REPRESENTATION_CONTEXT(2) 
PARAMETRIC_REPRESENTATION_CONTEXT() REPRESENTATION_CONTEXT('2D SPACE',''
  ) );
#4475 = ORIENTED_EDGE('',*,*,#1743,.T.);
#4476 = ORIENTED_EDGE('',*,*,#4477,.F.);
#4477 = EDGE_CURVE('',#4331,#1744,#4478,.T.);
#4478 = SURFACE_CURVE('',#4479,(#4483,#4490),.PCURVE_S1.);
#4479 = LINE('',#4480,#4481);
#4480 = CARTESIAN_POINT('',(19.,0.,162.));
#4481 = VECTOR('',#4482,1.);
#4482 = DIRECTION('',(-0.,1.,-0.));
#4483 = PCURVE('',#589,#4484);
#4484 = DEFINITIONAL_REPRESENTATION('',(#4485),#4489);
#4485 = LINE('',#4486,#4487);
#4486 = CARTESIAN_POINT('',(-38.,-0.));
#4487 = VECTOR('',#4488,1.);
#4488 = DIRECTION('',(-0.,-1.));
#4489 = ( GEOMETRIC_REPRESENTATION_CONTEXT(2) 
PARAMETRIC_REPRESENTATION_CONTEXT() REPRESENTATION_CONTEXT('2D SPACE',''
  ) );
#4490 = PCURVE('',#1785,#4491);
#4491 = DEFINITIONAL_REPRESENTATION('',(#4492),#4496);
#4492 = LINE('',#4493,#4494);
#4493 = CARTESIAN_POINT('',(-0.,0.));
#4494 = VECTOR('',#4495,1.);
#4495 = DIRECTION('',(-0.,-1.));
#4496 = ( GEOMETRIC_REPRESENTATION_CONTEXT(2) 
PARAMETRIC_REPRESENTATION_CONTEXT() REPRESENTATION_CONTEXT('2D SPACE',''
  ) );
#4497 = FACE_BOUND('',#4498,.F.);
#4498 = EDGE_LOOP('',(#4499,#4529));
#4499 = ORIENTED_EDGE('',*,*,#4500,.F.);
#4500 = EDGE_CURVE('',#4501,#4503,#4505,.T.);
#4501 = VERTEX_POINT('',#4502);
#4502 = CARTESIAN_POINT('',(7.7,8.326679946932,162.));
#4503 = VERTEX_POINT('',#4504);
#4504 = CARTESIAN_POINT('',(7.7,11.673320053068,162.));
#4505 = SURFACE_CURVE('',#4506,(#4510,#4517),.PCURVE_S1.);
#4506 = LINE('',#4507,#4508);
#4507 = CARTESIAN_POINT('',(7.7,7.5,162.));
#4508 = VECTOR('',#4509,1.);
#4509 = DIRECTION('',(-0.,1.,-0.));
#4510 = PCURVE('',#589,#4511);
#4511 = DEFINITIONAL_REPRESENTATION('',(#4512),#4516);
#4512 = LINE('',#4513,#4514);
#4513 = CARTESIAN_POINT('',(-26.7,-7.5));
#4514 = VECTOR('',#4515,1.);
#4515 = DIRECTION('',(-0.,-1.));
#4516 = ( GEOMETRIC_REPRESENTATION_CONTEXT(2) 
PARAMETRIC_REPRESENTATION_CONTEXT() REPRESENTATION_CONTEXT('2D SPACE',''
  ) );
#4517 = PCURVE('',#4518,#4523);
#4518 = PLANE('',#4519);
#4519 = AXIS2_PLACEMENT_3D('',#4520,#4521,#4522);
#4520 = CARTESIAN_POINT('',(7.7,5.,154.));
#4521 = DIRECTION('',(-1.,-0.,-0.));
#4522 = DIRECTION('',(0.,0.,-1.));
#4523 = DEFINITIONAL_REPRESENTATION('',(#4524),#4528);
#4524 = LINE('',#4525,#4526);
#4525 = CARTESIAN_POINT('',(-8.,-2.5));
#4526 = VECTOR('',#4527,1.);
#4527 = DIRECTION('',(-0.,-1.));
#4528 = ( GEOMETRIC_REPRESENTATION_CONTEXT(2) 
PARAMETRIC_REPRESENTATION_CONTEXT() REPRESENTATION_CONTEXT('2D SPACE',''
  ) );
#4529 = ORIENTED_EDGE('',*,*,#4530,.F.);
#4530 = EDGE_CURVE('',#4503,#4501,#4531,.T.);
#4531 = SURFACE_CURVE('',#4532,(#4537,#4548),.PCURVE_S1.);
#4532 = CIRCLE('',#4533,3.7);
#4533 = AXIS2_PLACEMENT_3D('',#4534,#4535,#4536);
#4534 = CARTESIAN_POINT('',(11.,10.,162.));
#4535 = DIRECTION('',(0.,0.,-1.));
#4536 = DIRECTION('',(-1.,-0.,-0.));
#4537 = PCURVE('',#589,#4538);
#4538 = DEFINITIONAL_REPRESENTATION('',(#4539),#4547);
#4539 = ( BOUNDED_CURVE() B_SPLINE_CURVE(2,(#4540,#4541,#4542,#4543,
#4544,#4545,#4546),.UNSPECIFIED.,.T.,.F.) B_SPLINE_CURVE_WITH_KNOTS((1,2
    ,2,2,2,1),(-2.094395102393,0.,2.094395102393,4.188790204786,
6.28318530718,8.377580409573),.UNSPECIFIED.) CURVE() 
GEOMETRIC_REPRESENTATION_ITEM() RATIONAL_B_SPLINE_CURVE((1.,0.5,1.,0.5,
1.,0.5,1.)) REPRESENTATION_ITEM('') );
#4540 = CARTESIAN_POINT('',(-26.3,-10.));
#4541 = CARTESIAN_POINT('',(-26.3,-16.408587988));
#4542 = CARTESIAN_POINT('',(-31.85,-13.204293994));
#4543 = CARTESIAN_POINT('',(-37.4,-10.));
#4544 = CARTESIAN_POINT('',(-31.85,-6.795706005998));
#4545 = CARTESIAN_POINT('',(-26.3,-3.591412011995));
#4546 = CARTESIAN_POINT('',(-26.3,-10.));
#4547 = ( GEOMETRIC_REPRESENTATION_CONTEXT(2) 
PARAMETRIC_REPRESENTATION_CONTEXT() REPRESENTATION_CONTEXT('2D SPACE',''
  ) );
#4548 = PCURVE('',#4549,#4554);
#4549 = CYLINDRICAL_SURFACE('',#4550,3.7);
#4550 = AXIS2_PLACEMENT_3D('',#4551,#4552,#4553);
#4551 = CARTESIAN_POINT('',(11.,10.,154.7));
#4552 = DIRECTION('',(-0.,-0.,1.));
#4553 = DIRECTION('',(-1.,-0.,-0.));
#4554 = DEFINITIONAL_REPRESENTATION('',(#4555),#4559);
#4555 = LINE('',#4556,#4557);
#4556 = CARTESIAN_POINT('',(-0.,7.3));
#4557 = VECTOR('',#4558,1.);
#4558 = DIRECTION('',(-1.,0.));
#4559 = ( GEOMETRIC_REPRESENTATION_CONTEXT(2) 
PARAMETRIC_REPRESENTATION_CONTEXT() REPRESENTATION_CONTEXT('2D SPACE',''
  ) );
#4560 = ADVANCED_FACE('',(#4561),#561,.T.);
#4561 = FACE_BOUND('',#4562,.F.);
#4562 = EDGE_LOOP('',(#4563,#4564,#4565,#4566));
#4563 = ORIENTED_EDGE('',*,*,#3507,.T.);
#4564 = ORIENTED_EDGE('',*,*,#540,.T.);
#4565 = ORIENTED_EDGE('',*,*,#4353,.F.);
#4566 = ORIENTED_EDGE('',*,*,#4567,.F.);
#4567 = EDGE_CURVE('',#3508,#4329,#4568,.T.);
#4568 = SURFACE_CURVE('',#4569,(#4574,#4581),.PCURVE_S1.);
#4569 = CIRCLE('',#4570,5.000000020256);
#4570 = AXIS2_PLACEMENT_3D('',#4571,#4572,#4573);
#4571 = CARTESIAN_POINT('',(-18.99999997974,0.65,156.99999997974));
#4572 = DIRECTION('',(0.,1.,0.));
#4573 = DIRECTION('',(-1.,-0.,4.051128127644E-09));
#4574 = PCURVE('',#561,#4575);
#4575 = DEFINITIONAL_REPRESENTATION('',(#4576),#4580);
#4576 = LINE('',#4577,#4578);
#4577 = CARTESIAN_POINT('',(-0.,-0.65));
#4578 = VECTOR('',#4579,1.);
#4579 = DIRECTION('',(-1.,0.));
#4580 = ( GEOMETRIC_REPRESENTATION_CONTEXT(2) 
PARAMETRIC_REPRESENTATION_CONTEXT() REPRESENTATION_CONTEXT('2D SPACE',''
  ) );
#4581 = PCURVE('',#2389,#4582);
#4582 = DEFINITIONAL_REPRESENTATION('',(#4583),#4587);
#4583 = LINE('',#4584,#4585);
#4584 = CARTESIAN_POINT('',(-0.,0.));
#4585 = VECTOR('',#4586,1.);
#4586 = DIRECTION('',(-1.,0.));
#4587 = ( GEOMETRIC_REPRESENTATION_CONTEXT(2) 
PARAMETRIC_REPRESENTATION_CONTEXT() REPRESENTATION_CONTEXT('2D SPACE',''
  ) );
#4588 = ADVANCED_FACE('',(#4589),#895,.F.);
#4589 = FACE_BOUND('',#4590,.T.);
#4590 = EDGE_LOOP('',(#4591,#4592,#4615,#4646));
#4591 = ORIENTED_EDGE('',*,*,#878,.F.);
#4592 = ORIENTED_EDGE('',*,*,#4593,.F.);
#4593 = EDGE_CURVE('',#4594,#879,#4596,.T.);
#4594 = VERTEX_POINT('',#4595);
#4595 = CARTESIAN_POINT('',(-20.65,15.35,159.1));
#4596 = SEAM_CURVE('',#4597,(#4601,#4608),.PCURVE_S1.);
#4597 = LINE('',#4598,#4599);
#4598 = CARTESIAN_POINT('',(-20.65,15.35,159.1));
#4599 = VECTOR('',#4600,1.);
#4600 = DIRECTION('',(-0.,1.,-0.));
#4601 = PCURVE('',#895,#4602);
#4602 = DEFINITIONAL_REPRESENTATION('',(#4603),#4607);
#4603 = LINE('',#4604,#4605);
#4604 = CARTESIAN_POINT('',(-6.28318530718,-0.));
#4605 = VECTOR('',#4606,1.);
#4606 = DIRECTION('',(-0.,1.));
#4607 = ( GEOMETRIC_REPRESENTATION_CONTEXT(2) 
PARAMETRIC_REPRESENTATION_CONTEXT() REPRESENTATION_CONTEXT('2D SPACE',''
  ) );
#4608 = PCURVE('',#895,#4609);
#4609 = DEFINITIONAL_REPRESENTATION('',(#4610),#4614);
#4610 = LINE('',#4611,#4612);
#4611 = CARTESIAN_POINT('',(-0.,-0.));
#4612 = VECTOR('',#4613,1.);
#4613 = DIRECTION('',(-0.,1.));
#4614 = ( GEOMETRIC_REPRESENTATION_CONTEXT(2) 
PARAMETRIC_REPRESENTATION_CONTEXT() REPRESENTATION_CONTEXT('2D SPACE',''
  ) );
#4615 = ORIENTED_EDGE('',*,*,#4616,.T.);
#4616 = EDGE_CURVE('',#4594,#4594,#4617,.T.);
#4617 = SURFACE_CURVE('',#4618,(#4623,#4630),.PCURVE_S1.);
#4618 = CIRCLE('',#4619,2.1);
#4619 = AXIS2_PLACEMENT_3D('',#4620,#4621,#4622);
#4620 = CARTESIAN_POINT('',(-20.65,15.35,157.));
#4621 = DIRECTION('',(0.,-1.,0.));
#4622 = DIRECTION('',(-0.,-0.,1.));
#4623 = PCURVE('',#895,#4624);
#4624 = DEFINITIONAL_REPRESENTATION('',(#4625),#4629);
#4625 = LINE('',#4626,#4627);
#4626 = CARTESIAN_POINT('',(-0.,0.));
#4627 = VECTOR('',#4628,1.);
#4628 = DIRECTION('',(-1.,0.));
#4629 = ( GEOMETRIC_REPRESENTATION_CONTEXT(2) 
PARAMETRIC_REPRESENTATION_CONTEXT() REPRESENTATION_CONTEXT('2D SPACE',''
  ) );
#4630 = PCURVE('',#4631,#4636);
#4631 = PLANE('',#4632);
#4632 = AXIS2_PLACEMENT_3D('',#4633,#4634,#4635);
#4633 = CARTESIAN_POINT('',(-20.65,15.35,157.));
#4634 = DIRECTION('',(-0.,1.,-0.));
#4635 = DIRECTION('',(0.,0.,-1.));
#4636 = DEFINITIONAL_REPRESENTATION('',(#4637),#4645);
#4637 = ( BOUNDED_CURVE() B_SPLINE_CURVE(2,(#4638,#4639,#4640,#4641,
#4642,#4643,#4644),.UNSPECIFIED.,.T.,.F.) B_SPLINE_CURVE_WITH_KNOTS((1,2
    ,2,2,2,1),(-2.094395102393,0.,2.094395102393,4.188790204786,
6.28318530718,8.377580409573),.UNSPECIFIED.) CURVE() 
GEOMETRIC_REPRESENTATION_ITEM() RATIONAL_B_SPLINE_CURVE((1.,0.5,1.,0.5,
1.,0.5,1.)) REPRESENTATION_ITEM('') );
#4638 = CARTESIAN_POINT('',(-2.1,0.));
#4639 = CARTESIAN_POINT('',(-2.1,3.637306695895));
#4640 = CARTESIAN_POINT('',(1.05,1.818653347947));
#4641 = CARTESIAN_POINT('',(4.2,5.143516556419E-16));
#4642 = CARTESIAN_POINT('',(1.05,-1.818653347947));
#4643 = CARTESIAN_POINT('',(-2.1,-3.637306695895));
#4644 = CARTESIAN_POINT('',(-2.1,0.));
#4645 = ( GEOMETRIC_REPRESENTATION_CONTEXT(2) 
PARAMETRIC_REPRESENTATION_CONTEXT() REPRESENTATION_CONTEXT('2D SPACE',''
  ) );
#4646 = ORIENTED_EDGE('',*,*,#4593,.T.);
#4647 = ADVANCED_FACE('',(#4648),#927,.F.);
#4648 = FACE_BOUND('',#4649,.T.);
#4649 = EDGE_LOOP('',(#4650,#4673,#4674,#4697));
#4650 = ORIENTED_EDGE('',*,*,#4651,.F.);
#4651 = EDGE_CURVE('',#912,#4652,#4654,.T.);
#4652 = VERTEX_POINT('',#4653);
#4653 = CARTESIAN_POINT('',(-20.25,18.8,135.));
#4654 = SURFACE_CURVE('',#4655,(#4659,#4666),.PCURVE_S1.);
#4655 = LINE('',#4656,#4657);
#4656 = CARTESIAN_POINT('',(-20.25,17.3,135.));
#4657 = VECTOR('',#4658,1.);
#4658 = DIRECTION('',(-0.,1.,-0.));
#4659 = PCURVE('',#927,#4660);
#4660 = DEFINITIONAL_REPRESENTATION('',(#4661),#4665);
#4661 = LINE('',#4662,#4663);
#4662 = CARTESIAN_POINT('',(0.,-0.));
#4663 = VECTOR('',#4664,1.);
#4664 = DIRECTION('',(-0.,1.));
#4665 = ( GEOMETRIC_REPRESENTATION_CONTEXT(2) 
PARAMETRIC_REPRESENTATION_CONTEXT() REPRESENTATION_CONTEXT('2D SPACE',''
  ) );
#4666 = PCURVE('',#955,#4667);
#4667 = DEFINITIONAL_REPRESENTATION('',(#4668),#4672);
#4668 = LINE('',#4669,#4670);
#4669 = CARTESIAN_POINT('',(-0.,-0.));
#4670 = VECTOR('',#4671,1.);
#4671 = DIRECTION('',(-0.,-1.));
#4672 = ( GEOMETRIC_REPRESENTATION_CONTEXT(2) 
PARAMETRIC_REPRESENTATION_CONTEXT() REPRESENTATION_CONTEXT('2D SPACE',''
  ) );
#4673 = ORIENTED_EDGE('',*,*,#909,.F.);
#4674 = ORIENTED_EDGE('',*,*,#4675,.T.);
#4675 = EDGE_CURVE('',#910,#4676,#4678,.T.);
#4676 = VERTEX_POINT('',#4677);
#4677 = CARTESIAN_POINT('',(-21.25,18.8,135.));
#4678 = SURFACE_CURVE('',#4679,(#4683,#4690),.PCURVE_S1.);
#4679 = LINE('',#4680,#4681);
#4680 = CARTESIAN_POINT('',(-21.25,17.3,135.));
#4681 = VECTOR('',#4682,1.);
#4682 = DIRECTION('',(-0.,1.,-0.));
#4683 = PCURVE('',#927,#4684);
#4684 = DEFINITIONAL_REPRESENTATION('',(#4685),#4689);
#4685 = LINE('',#4686,#4687);
#4686 = CARTESIAN_POINT('',(-1.,0.));
#4687 = VECTOR('',#4688,1.);
#4688 = DIRECTION('',(-0.,1.));
#4689 = ( GEOMETRIC_REPRESENTATION_CONTEXT(2) 
PARAMETRIC_REPRESENTATION_CONTEXT() REPRESENTATION_CONTEXT('2D SPACE',''
  ) );
#4690 = PCURVE('',#1009,#4691);
#4691 = DEFINITIONAL_REPRESENTATION('',(#4692),#4696);
#4692 = LINE('',#4693,#4694);
#4693 = CARTESIAN_POINT('',(-0.,-0.));
#4694 = VECTOR('',#4695,1.);
#4695 = DIRECTION('',(-0.,-1.));
#4696 = ( GEOMETRIC_REPRESENTATION_CONTEXT(2) 
PARAMETRIC_REPRESENTATION_CONTEXT() REPRESENTATION_CONTEXT('2D SPACE',''
  ) );
#4697 = ORIENTED_EDGE('',*,*,#4698,.F.);
#4698 = EDGE_CURVE('',#4652,#4676,#4699,.T.);
#4699 = SURFACE_CURVE('',#4700,(#4704,#4711),.PCURVE_S1.);
#4700 = LINE('',#4701,#4702);
#4701 = CARTESIAN_POINT('',(-20.25,18.8,135.));
#4702 = VECTOR('',#4703,1.);
#4703 = DIRECTION('',(-1.,-0.,-0.));
#4704 = PCURVE('',#927,#4705);
#4705 = DEFINITIONAL_REPRESENTATION('',(#4706),#4710);
#4706 = LINE('',#4707,#4708);
#4707 = CARTESIAN_POINT('',(0.,1.5));
#4708 = VECTOR('',#4709,1.);
#4709 = DIRECTION('',(-1.,0.));
#4710 = ( GEOMETRIC_REPRESENTATION_CONTEXT(2) 
PARAMETRIC_REPRESENTATION_CONTEXT() REPRESENTATION_CONTEXT('2D SPACE',''
  ) );
#4711 = PCURVE('',#4712,#4717);
#4712 = PLANE('',#4713);
#4713 = AXIS2_PLACEMENT_3D('',#4714,#4715,#4716);
#4714 = CARTESIAN_POINT('',(-20.25,18.8,135.));
#4715 = DIRECTION('',(-0.,1.,-0.));
#4716 = DIRECTION('',(0.,0.,-1.));
#4717 = DEFINITIONAL_REPRESENTATION('',(#4718),#4722);
#4718 = LINE('',#4719,#4720);
#4719 = CARTESIAN_POINT('',(-0.,-0.));
#4720 = VECTOR('',#4721,1.);
#4721 = DIRECTION('',(-0.,1.));
#4722 = ( GEOMETRIC_REPRESENTATION_CONTEXT(2) 
PARAMETRIC_REPRESENTATION_CONTEXT() REPRESENTATION_CONTEXT('2D SPACE',''
  ) );
#4723 = ADVANCED_FACE('',(#4724),#1009,.T.);
#4724 = FACE_BOUND('',#4725,.F.);
#4725 = EDGE_LOOP('',(#4726,#4749,#4750,#4751,#4774,#4802));
#4726 = ORIENTED_EDGE('',*,*,#4727,.F.);
#4727 = EDGE_CURVE('',#968,#4728,#4730,.T.);
#4728 = VERTEX_POINT('',#4729);
#4729 = CARTESIAN_POINT('',(-21.25,18.8,145.));
#4730 = SURFACE_CURVE('',#4731,(#4735,#4742),.PCURVE_S1.);
#4731 = LINE('',#4732,#4733);
#4732 = CARTESIAN_POINT('',(-21.25,17.3,145.));
#4733 = VECTOR('',#4734,1.);
#4734 = DIRECTION('',(-0.,1.,-0.));
#4735 = PCURVE('',#1009,#4736);
#4736 = DEFINITIONAL_REPRESENTATION('',(#4737),#4741);
#4737 = LINE('',#4738,#4739);
#4738 = CARTESIAN_POINT('',(-10.,-0.));
#4739 = VECTOR('',#4740,1.);
#4740 = DIRECTION('',(-0.,-1.));
#4741 = ( GEOMETRIC_REPRESENTATION_CONTEXT(2) 
PARAMETRIC_REPRESENTATION_CONTEXT() REPRESENTATION_CONTEXT('2D SPACE',''
  ) );
#4742 = PCURVE('',#983,#4743);
#4743 = DEFINITIONAL_REPRESENTATION('',(#4744),#4748);
#4744 = LINE('',#4745,#4746);
#4745 = CARTESIAN_POINT('',(-1.,0.));
#4746 = VECTOR('',#4747,1.);
#4747 = DIRECTION('',(-0.,1.));
#4748 = ( GEOMETRIC_REPRESENTATION_CONTEXT(2) 
PARAMETRIC_REPRESENTATION_CONTEXT() REPRESENTATION_CONTEXT('2D SPACE',''
  ) );
#4749 = ORIENTED_EDGE('',*,*,#995,.F.);
#4750 = ORIENTED_EDGE('',*,*,#4675,.T.);
#4751 = ORIENTED_EDGE('',*,*,#4752,.T.);
#4752 = EDGE_CURVE('',#4676,#4753,#4755,.T.);
#4753 = VERTEX_POINT('',#4754);
#4754 = CARTESIAN_POINT('',(-21.25,18.8,138.5));
#4755 = SURFACE_CURVE('',#4756,(#4760,#4767),.PCURVE_S1.);
#4756 = LINE('',#4757,#4758);
#4757 = CARTESIAN_POINT('',(-21.25,18.8,135.));
#4758 = VECTOR('',#4759,1.);
#4759 = DIRECTION('',(-0.,-0.,1.));
#4760 = PCURVE('',#1009,#4761);
#4761 = DEFINITIONAL_REPRESENTATION('',(#4762),#4766);
#4762 = LINE('',#4763,#4764);
#4763 = CARTESIAN_POINT('',(-0.,-1.5));
#4764 = VECTOR('',#4765,1.);
#4765 = DIRECTION('',(-1.,-0.));
#4766 = ( GEOMETRIC_REPRESENTATION_CONTEXT(2) 
PARAMETRIC_REPRESENTATION_CONTEXT() REPRESENTATION_CONTEXT('2D SPACE',''
  ) );
#4767 = PCURVE('',#4712,#4768);
#4768 = DEFINITIONAL_REPRESENTATION('',(#4769),#4773);
#4769 = LINE('',#4770,#4771);
#4770 = CARTESIAN_POINT('',(-0.,1.));
#4771 = VECTOR('',#4772,1.);
#4772 = DIRECTION('',(-1.,0.));
#4773 = ( GEOMETRIC_REPRESENTATION_CONTEXT(2) 
PARAMETRIC_REPRESENTATION_CONTEXT() REPRESENTATION_CONTEXT('2D SPACE',''
  ) );
#4774 = ORIENTED_EDGE('',*,*,#4775,.T.);
#4775 = EDGE_CURVE('',#4753,#4776,#4778,.T.);
#4776 = VERTEX_POINT('',#4777);
#4777 = CARTESIAN_POINT('',(-21.25,18.8,141.5));
#4778 = SURFACE_CURVE('',#4779,(#4783,#4790),.PCURVE_S1.);
#4779 = LINE('',#4780,#4781);
#4780 = CARTESIAN_POINT('',(-21.25,18.8,135.));
#4781 = VECTOR('',#4782,1.);
#4782 = DIRECTION('',(-0.,-0.,1.));
#4783 = PCURVE('',#1009,#4784);
#4784 = DEFINITIONAL_REPRESENTATION('',(#4785),#4789);
#4785 = LINE('',#4786,#4787);
#4786 = CARTESIAN_POINT('',(-0.,-1.5));
#4787 = VECTOR('',#4788,1.);
#4788 = DIRECTION('',(-1.,-0.));
#4789 = ( GEOMETRIC_REPRESENTATION_CONTEXT(2) 
PARAMETRIC_REPRESENTATION_CONTEXT() REPRESENTATION_CONTEXT('2D SPACE',''
  ) );
#4790 = PCURVE('',#4791,#4796);
#4791 = PLANE('',#4792);
#4792 = AXIS2_PLACEMENT_3D('',#4793,#4794,#4795);
#4793 = CARTESIAN_POINT('',(-19.75,18.8,138.5));
#4794 = DIRECTION('',(-0.,1.,-0.));
#4795 = DIRECTION('',(0.,0.,-1.));
#4796 = DEFINITIONAL_REPRESENTATION('',(#4797),#4801);
#4797 = LINE('',#4798,#4799);
#4798 = CARTESIAN_POINT('',(3.5,1.5));
#4799 = VECTOR('',#4800,1.);
#4800 = DIRECTION('',(-1.,0.));
#4801 = ( GEOMETRIC_REPRESENTATION_CONTEXT(2) 
PARAMETRIC_REPRESENTATION_CONTEXT() REPRESENTATION_CONTEXT('2D SPACE',''
  ) );
#4802 = ORIENTED_EDGE('',*,*,#4803,.T.);
#4803 = EDGE_CURVE('',#4776,#4728,#4804,.T.);
#4804 = SURFACE_CURVE('',#4805,(#4809,#4816),.PCURVE_S1.);
#4805 = LINE('',#4806,#4807);
#4806 = CARTESIAN_POINT('',(-21.25,18.8,135.));
#4807 = VECTOR('',#4808,1.);
#4808 = DIRECTION('',(-0.,-0.,1.));
#4809 = PCURVE('',#1009,#4810);
#4810 = DEFINITIONAL_REPRESENTATION('',(#4811),#4815);
#4811 = LINE('',#4812,#4813);
#4812 = CARTESIAN_POINT('',(-0.,-1.5));
#4813 = VECTOR('',#4814,1.);
#4814 = DIRECTION('',(-1.,-0.));
#4815 = ( GEOMETRIC_REPRESENTATION_CONTEXT(2) 
PARAMETRIC_REPRESENTATION_CONTEXT() REPRESENTATION_CONTEXT('2D SPACE',''
  ) );
#4816 = PCURVE('',#4817,#4822);
#4817 = PLANE('',#4818);
#4818 = AXIS2_PLACEMENT_3D('',#4819,#4820,#4821);
#4819 = CARTESIAN_POINT('',(-20.25,18.8,135.));
#4820 = DIRECTION('',(-0.,1.,-0.));
#4821 = DIRECTION('',(0.,0.,-1.));
#4822 = DEFINITIONAL_REPRESENTATION('',(#4823),#4827);
#4823 = LINE('',#4824,#4825);
#4824 = CARTESIAN_POINT('',(-0.,1.));
#4825 = VECTOR('',#4826,1.);
#4826 = DIRECTION('',(-1.,0.));
#4827 = ( GEOMETRIC_REPRESENTATION_CONTEXT(2) 
PARAMETRIC_REPRESENTATION_CONTEXT() REPRESENTATION_CONTEXT('2D SPACE',''
  ) );
#4828 = ADVANCED_FACE('',(#4829),#955,.F.);
#4829 = FACE_BOUND('',#4830,.T.);
#4830 = EDGE_LOOP('',(#4831,#4854,#4855,#4856,#4879,#4907));
#4831 = ORIENTED_EDGE('',*,*,#4832,.F.);
#4832 = EDGE_CURVE('',#940,#4833,#4835,.T.);
#4833 = VERTEX_POINT('',#4834);
#4834 = CARTESIAN_POINT('',(-20.25,18.8,145.));
#4835 = SURFACE_CURVE('',#4836,(#4840,#4847),.PCURVE_S1.);
#4836 = LINE('',#4837,#4838);
#4837 = CARTESIAN_POINT('',(-20.25,17.3,145.));
#4838 = VECTOR('',#4839,1.);
#4839 = DIRECTION('',(-0.,1.,-0.));
#4840 = PCURVE('',#955,#4841);
#4841 = DEFINITIONAL_REPRESENTATION('',(#4842),#4846);
#4842 = LINE('',#4843,#4844);
#4843 = CARTESIAN_POINT('',(-10.,-0.));
#4844 = VECTOR('',#4845,1.);
#4845 = DIRECTION('',(-0.,-1.));
#4846 = ( GEOMETRIC_REPRESENTATION_CONTEXT(2) 
PARAMETRIC_REPRESENTATION_CONTEXT() REPRESENTATION_CONTEXT('2D SPACE',''
  ) );
#4847 = PCURVE('',#983,#4848);
#4848 = DEFINITIONAL_REPRESENTATION('',(#4849),#4853);
#4849 = LINE('',#4850,#4851);
#4850 = CARTESIAN_POINT('',(0.,-0.));
#4851 = VECTOR('',#4852,1.);
#4852 = DIRECTION('',(-0.,1.));
#4853 = ( GEOMETRIC_REPRESENTATION_CONTEXT(2) 
PARAMETRIC_REPRESENTATION_CONTEXT() REPRESENTATION_CONTEXT('2D SPACE',''
  ) );
#4854 = ORIENTED_EDGE('',*,*,#939,.F.);
#4855 = ORIENTED_EDGE('',*,*,#4651,.T.);
#4856 = ORIENTED_EDGE('',*,*,#4857,.T.);
#4857 = EDGE_CURVE('',#4652,#4858,#4860,.T.);
#4858 = VERTEX_POINT('',#4859);
#4859 = CARTESIAN_POINT('',(-20.25,18.8,138.5));
#4860 = SURFACE_CURVE('',#4861,(#4865,#4872),.PCURVE_S1.);
#4861 = LINE('',#4862,#4863);
#4862 = CARTESIAN_POINT('',(-20.25,18.8,135.));
#4863 = VECTOR('',#4864,1.);
#4864 = DIRECTION('',(-0.,-0.,1.));
#4865 = PCURVE('',#955,#4866);
#4866 = DEFINITIONAL_REPRESENTATION('',(#4867),#4871);
#4867 = LINE('',#4868,#4869);
#4868 = CARTESIAN_POINT('',(-0.,-1.5));
#4869 = VECTOR('',#4870,1.);
#4870 = DIRECTION('',(-1.,-0.));
#4871 = ( GEOMETRIC_REPRESENTATION_CONTEXT(2) 
PARAMETRIC_REPRESENTATION_CONTEXT() REPRESENTATION_CONTEXT('2D SPACE',''
  ) );
#4872 = PCURVE('',#4712,#4873);
#4873 = DEFINITIONAL_REPRESENTATION('',(#4874),#4878);
#4874 = LINE('',#4875,#4876);
#4875 = CARTESIAN_POINT('',(-0.,-0.));
#4876 = VECTOR('',#4877,1.);
#4877 = DIRECTION('',(-1.,0.));
#4878 = ( GEOMETRIC_REPRESENTATION_CONTEXT(2) 
PARAMETRIC_REPRESENTATION_CONTEXT() REPRESENTATION_CONTEXT('2D SPACE',''
  ) );
#4879 = ORIENTED_EDGE('',*,*,#4880,.T.);
#4880 = EDGE_CURVE('',#4858,#4881,#4883,.T.);
#4881 = VERTEX_POINT('',#4882);
#4882 = CARTESIAN_POINT('',(-20.25,18.8,141.5));
#4883 = SURFACE_CURVE('',#4884,(#4888,#4895),.PCURVE_S1.);
#4884 = LINE('',#4885,#4886);
#4885 = CARTESIAN_POINT('',(-20.25,18.8,135.));
#4886 = VECTOR('',#4887,1.);
#4887 = DIRECTION('',(-0.,-0.,1.));
#4888 = PCURVE('',#955,#4889);
#4889 = DEFINITIONAL_REPRESENTATION('',(#4890),#4894);
#4890 = LINE('',#4891,#4892);
#4891 = CARTESIAN_POINT('',(-0.,-1.5));
#4892 = VECTOR('',#4893,1.);
#4893 = DIRECTION('',(-1.,-0.));
#4894 = ( GEOMETRIC_REPRESENTATION_CONTEXT(2) 
PARAMETRIC_REPRESENTATION_CONTEXT() REPRESENTATION_CONTEXT('2D SPACE',''
  ) );
#4895 = PCURVE('',#4896,#4901);
#4896 = PLANE('',#4897);
#4897 = AXIS2_PLACEMENT_3D('',#4898,#4899,#4900);
#4898 = CARTESIAN_POINT('',(-19.75,18.8,138.5));
#4899 = DIRECTION('',(-0.,1.,-0.));
#4900 = DIRECTION('',(0.,0.,-1.));
#4901 = DEFINITIONAL_REPRESENTATION('',(#4902),#4906);
#4902 = LINE('',#4903,#4904);
#4903 = CARTESIAN_POINT('',(3.5,0.5));
#4904 = VECTOR('',#4905,1.);
#4905 = DIRECTION('',(-1.,0.));
#4906 = ( GEOMETRIC_REPRESENTATION_CONTEXT(2) 
PARAMETRIC_REPRESENTATION_CONTEXT() REPRESENTATION_CONTEXT('2D SPACE',''
  ) );
#4907 = ORIENTED_EDGE('',*,*,#4908,.T.);
#4908 = EDGE_CURVE('',#4881,#4833,#4909,.T.);
#4909 = SURFACE_CURVE('',#4910,(#4914,#4921),.PCURVE_S1.);
#4910 = LINE('',#4911,#4912);
#4911 = CARTESIAN_POINT('',(-20.25,18.8,135.));
#4912 = VECTOR('',#4913,1.);
#4913 = DIRECTION('',(-0.,-0.,1.));
#4914 = PCURVE('',#955,#4915);
#4915 = DEFINITIONAL_REPRESENTATION('',(#4916),#4920);
#4916 = LINE('',#4917,#4918);
#4917 = CARTESIAN_POINT('',(-0.,-1.5));
#4918 = VECTOR('',#4919,1.);
#4919 = DIRECTION('',(-1.,-0.));
#4920 = ( GEOMETRIC_REPRESENTATION_CONTEXT(2) 
PARAMETRIC_REPRESENTATION_CONTEXT() REPRESENTATION_CONTEXT('2D SPACE',''
  ) );
#4921 = PCURVE('',#4817,#4922);
#4922 = DEFINITIONAL_REPRESENTATION('',(#4923),#4927);
#4923 = LINE('',#4924,#4925);
#4924 = CARTESIAN_POINT('',(-0.,-0.));
#4925 = VECTOR('',#4926,1.);
#4926 = DIRECTION('',(-1.,0.));
#4927 = ( GEOMETRIC_REPRESENTATION_CONTEXT(2) 
PARAMETRIC_REPRESENTATION_CONTEXT() REPRESENTATION_CONTEXT('2D SPACE',''
  ) );
#4928 = ADVANCED_FACE('',(#4929),#983,.T.);
#4929 = FACE_BOUND('',#4930,.F.);
#4930 = EDGE_LOOP('',(#4931,#4932,#4933,#4934));
#4931 = ORIENTED_EDGE('',*,*,#4832,.F.);
#4932 = ORIENTED_EDGE('',*,*,#967,.F.);
#4933 = ORIENTED_EDGE('',*,*,#4727,.T.);
#4934 = ORIENTED_EDGE('',*,*,#4935,.F.);
#4935 = EDGE_CURVE('',#4833,#4728,#4936,.T.);
#4936 = SURFACE_CURVE('',#4937,(#4941,#4948),.PCURVE_S1.);
#4937 = LINE('',#4938,#4939);
#4938 = CARTESIAN_POINT('',(-20.25,18.8,145.));
#4939 = VECTOR('',#4940,1.);
#4940 = DIRECTION('',(-1.,-0.,-0.));
#4941 = PCURVE('',#983,#4942);
#4942 = DEFINITIONAL_REPRESENTATION('',(#4943),#4947);
#4943 = LINE('',#4944,#4945);
#4944 = CARTESIAN_POINT('',(0.,1.5));
#4945 = VECTOR('',#4946,1.);
#4946 = DIRECTION('',(-1.,0.));
#4947 = ( GEOMETRIC_REPRESENTATION_CONTEXT(2) 
PARAMETRIC_REPRESENTATION_CONTEXT() REPRESENTATION_CONTEXT('2D SPACE',''
  ) );
#4948 = PCURVE('',#4817,#4949);
#4949 = DEFINITIONAL_REPRESENTATION('',(#4950),#4954);
#4950 = LINE('',#4951,#4952);
#4951 = CARTESIAN_POINT('',(-10.,-0.));
#4952 = VECTOR('',#4953,1.);
#4953 = DIRECTION('',(-0.,1.));
#4954 = ( GEOMETRIC_REPRESENTATION_CONTEXT(2) 
PARAMETRIC_REPRESENTATION_CONTEXT() REPRESENTATION_CONTEXT('2D SPACE',''
  ) );
#4955 = ADVANCED_FACE('',(#4956),#1041,.F.);
#4956 = FACE_BOUND('',#4957,.T.);
#4957 = EDGE_LOOP('',(#4958,#4981,#4982,#5005));
#4958 = ORIENTED_EDGE('',*,*,#4959,.F.);
#4959 = EDGE_CURVE('',#1026,#4960,#4962,.T.);
#4960 = VERTEX_POINT('',#4961);
#4961 = CARTESIAN_POINT('',(-20.25,18.8,75.));
#4962 = SURFACE_CURVE('',#4963,(#4967,#4974),.PCURVE_S1.);
#4963 = LINE('',#4964,#4965);
#4964 = CARTESIAN_POINT('',(-20.25,17.3,75.));
#4965 = VECTOR('',#4966,1.);
#4966 = DIRECTION('',(-0.,1.,-0.));
#4967 = PCURVE('',#1041,#4968);
#4968 = DEFINITIONAL_REPRESENTATION('',(#4969),#4973);
#4969 = LINE('',#4970,#4971);
#4970 = CARTESIAN_POINT('',(0.,-0.));
#4971 = VECTOR('',#4972,1.);
#4972 = DIRECTION('',(-0.,1.));
#4973 = ( GEOMETRIC_REPRESENTATION_CONTEXT(2) 
PARAMETRIC_REPRESENTATION_CONTEXT() REPRESENTATION_CONTEXT('2D SPACE',''
  ) );
#4974 = PCURVE('',#1069,#4975);
#4975 = DEFINITIONAL_REPRESENTATION('',(#4976),#4980);
#4976 = LINE('',#4977,#4978);
#4977 = CARTESIAN_POINT('',(-0.,-0.));
#4978 = VECTOR('',#4979,1.);
#4979 = DIRECTION('',(-0.,-1.));
#4980 = ( GEOMETRIC_REPRESENTATION_CONTEXT(2) 
PARAMETRIC_REPRESENTATION_CONTEXT() REPRESENTATION_CONTEXT('2D SPACE',''
  ) );
#4981 = ORIENTED_EDGE('',*,*,#1023,.F.);
#4982 = ORIENTED_EDGE('',*,*,#4983,.T.);
#4983 = EDGE_CURVE('',#1024,#4984,#4986,.T.);
#4984 = VERTEX_POINT('',#4985);
#4985 = CARTESIAN_POINT('',(-21.25,18.8,75.));
#4986 = SURFACE_CURVE('',#4987,(#4991,#4998),.PCURVE_S1.);
#4987 = LINE('',#4988,#4989);
#4988 = CARTESIAN_POINT('',(-21.25,17.3,75.));
#4989 = VECTOR('',#4990,1.);
#4990 = DIRECTION('',(-0.,1.,-0.));
#4991 = PCURVE('',#1041,#4992);
#4992 = DEFINITIONAL_REPRESENTATION('',(#4993),#4997);
#4993 = LINE('',#4994,#4995);
#4994 = CARTESIAN_POINT('',(-1.,0.));
#4995 = VECTOR('',#4996,1.);
#4996 = DIRECTION('',(-0.,1.));
#4997 = ( GEOMETRIC_REPRESENTATION_CONTEXT(2) 
PARAMETRIC_REPRESENTATION_CONTEXT() REPRESENTATION_CONTEXT('2D SPACE',''
  ) );
#4998 = PCURVE('',#1123,#4999);
#4999 = DEFINITIONAL_REPRESENTATION('',(#5000),#5004);
#5000 = LINE('',#5001,#5002);
#5001 = CARTESIAN_POINT('',(-0.,-0.));
#5002 = VECTOR('',#5003,1.);
#5003 = DIRECTION('',(-0.,-1.));
#5004 = ( GEOMETRIC_REPRESENTATION_CONTEXT(2) 
PARAMETRIC_REPRESENTATION_CONTEXT() REPRESENTATION_CONTEXT('2D SPACE',''
  ) );
#5005 = ORIENTED_EDGE('',*,*,#5006,.F.);
#5006 = EDGE_CURVE('',#4960,#4984,#5007,.T.);
#5007 = SURFACE_CURVE('',#5008,(#5012,#5019),.PCURVE_S1.);
#5008 = LINE('',#5009,#5010);
#5009 = CARTESIAN_POINT('',(-20.25,18.8,75.));
#5010 = VECTOR('',#5011,1.);
#5011 = DIRECTION('',(-1.,-0.,-0.));
#5012 = PCURVE('',#1041,#5013);
#5013 = DEFINITIONAL_REPRESENTATION('',(#5014),#5018);
#5014 = LINE('',#5015,#5016);
#5015 = CARTESIAN_POINT('',(0.,1.5));
#5016 = VECTOR('',#5017,1.);
#5017 = DIRECTION('',(-1.,0.));
#5018 = ( GEOMETRIC_REPRESENTATION_CONTEXT(2) 
PARAMETRIC_REPRESENTATION_CONTEXT() REPRESENTATION_CONTEXT('2D SPACE',''
  ) );
#5019 = PCURVE('',#5020,#5025);
#5020 = PLANE('',#5021);
#5021 = AXIS2_PLACEMENT_3D('',#5022,#5023,#5024);
#5022 = CARTESIAN_POINT('',(-20.25,18.8,75.));
#5023 = DIRECTION('',(-0.,1.,-0.));
#5024 = DIRECTION('',(0.,0.,-1.));
#5025 = DEFINITIONAL_REPRESENTATION('',(#5026),#5030);
#5026 = LINE('',#5027,#5028);
#5027 = CARTESIAN_POINT('',(-0.,-0.));
#5028 = VECTOR('',#5029,1.);
#5029 = DIRECTION('',(-0.,1.));
#5030 = ( GEOMETRIC_REPRESENTATION_CONTEXT(2) 
PARAMETRIC_REPRESENTATION_CONTEXT() REPRESENTATION_CONTEXT('2D SPACE',''
  ) );
#5031 = ADVANCED_FACE('',(#5032),#1123,.T.);
#5032 = FACE_BOUND('',#5033,.F.);
#5033 = EDGE_LOOP('',(#5034,#5057,#5058,#5059,#5082,#5110,#5138,#5166,
    #5194,#5222));
#5034 = ORIENTED_EDGE('',*,*,#5035,.F.);
#5035 = EDGE_CURVE('',#1082,#5036,#5038,.T.);
#5036 = VERTEX_POINT('',#5037);
#5037 = CARTESIAN_POINT('',(-21.25,18.8,102.));
#5038 = SURFACE_CURVE('',#5039,(#5043,#5050),.PCURVE_S1.);
#5039 = LINE('',#5040,#5041);
#5040 = CARTESIAN_POINT('',(-21.25,17.3,102.));
#5041 = VECTOR('',#5042,1.);
#5042 = DIRECTION('',(-0.,1.,-0.));
#5043 = PCURVE('',#1123,#5044);
#5044 = DEFINITIONAL_REPRESENTATION('',(#5045),#5049);
#5045 = LINE('',#5046,#5047);
#5046 = CARTESIAN_POINT('',(-27.,-0.));
#5047 = VECTOR('',#5048,1.);
#5048 = DIRECTION('',(-0.,-1.));
#5049 = ( GEOMETRIC_REPRESENTATION_CONTEXT(2) 
PARAMETRIC_REPRESENTATION_CONTEXT() REPRESENTATION_CONTEXT('2D SPACE',''
  ) );
#5050 = PCURVE('',#1097,#5051);
#5051 = DEFINITIONAL_REPRESENTATION('',(#5052),#5056);
#5052 = LINE('',#5053,#5054);
#5053 = CARTESIAN_POINT('',(-1.,0.));
#5054 = VECTOR('',#5055,1.);
#5055 = DIRECTION('',(-0.,1.));
#5056 = ( GEOMETRIC_REPRESENTATION_CONTEXT(2) 
PARAMETRIC_REPRESENTATION_CONTEXT() REPRESENTATION_CONTEXT('2D SPACE',''
  ) );
#5057 = ORIENTED_EDGE('',*,*,#1109,.F.);
#5058 = ORIENTED_EDGE('',*,*,#4983,.T.);
#5059 = ORIENTED_EDGE('',*,*,#5060,.T.);
#5060 = EDGE_CURVE('',#4984,#5061,#5063,.T.);
#5061 = VERTEX_POINT('',#5062);
#5062 = CARTESIAN_POINT('',(-21.25,18.8,78.5));
#5063 = SURFACE_CURVE('',#5064,(#5068,#5075),.PCURVE_S1.);
#5064 = LINE('',#5065,#5066);
#5065 = CARTESIAN_POINT('',(-21.25,18.8,75.));
#5066 = VECTOR('',#5067,1.);
#5067 = DIRECTION('',(-0.,-0.,1.));
#5068 = PCURVE('',#1123,#5069);
#5069 = DEFINITIONAL_REPRESENTATION('',(#5070),#5074);
#5070 = LINE('',#5071,#5072);
#5071 = CARTESIAN_POINT('',(-0.,-1.5));
#5072 = VECTOR('',#5073,1.);
#5073 = DIRECTION('',(-1.,-0.));
#5074 = ( GEOMETRIC_REPRESENTATION_CONTEXT(2) 
PARAMETRIC_REPRESENTATION_CONTEXT() REPRESENTATION_CONTEXT('2D SPACE',''
  ) );
#5075 = PCURVE('',#5020,#5076);
#5076 = DEFINITIONAL_REPRESENTATION('',(#5077),#5081);
#5077 = LINE('',#5078,#5079);
#5078 = CARTESIAN_POINT('',(-0.,1.));
#5079 = VECTOR('',#5080,1.);
#5080 = DIRECTION('',(-1.,0.));
#5081 = ( GEOMETRIC_REPRESENTATION_CONTEXT(2) 
PARAMETRIC_REPRESENTATION_CONTEXT() REPRESENTATION_CONTEXT('2D SPACE',''
  ) );
#5082 = ORIENTED_EDGE('',*,*,#5083,.T.);
#5083 = EDGE_CURVE('',#5061,#5084,#5086,.T.);
#5084 = VERTEX_POINT('',#5085);
#5085 = CARTESIAN_POINT('',(-21.25,18.8,81.5));
#5086 = SURFACE_CURVE('',#5087,(#5091,#5098),.PCURVE_S1.);
#5087 = LINE('',#5088,#5089);
#5088 = CARTESIAN_POINT('',(-21.25,18.8,75.));
#5089 = VECTOR('',#5090,1.);
#5090 = DIRECTION('',(-0.,-0.,1.));
#5091 = PCURVE('',#1123,#5092);
#5092 = DEFINITIONAL_REPRESENTATION('',(#5093),#5097);
#5093 = LINE('',#5094,#5095);
#5094 = CARTESIAN_POINT('',(-0.,-1.5));
#5095 = VECTOR('',#5096,1.);
#5096 = DIRECTION('',(-1.,-0.));
#5097 = ( GEOMETRIC_REPRESENTATION_CONTEXT(2) 
PARAMETRIC_REPRESENTATION_CONTEXT() REPRESENTATION_CONTEXT('2D SPACE',''
  ) );
#5098 = PCURVE('',#5099,#5104);
#5099 = PLANE('',#5100);
#5100 = AXIS2_PLACEMENT_3D('',#5101,#5102,#5103);
#5101 = CARTESIAN_POINT('',(-19.75,18.8,78.5));
#5102 = DIRECTION('',(-0.,1.,-0.));
#5103 = DIRECTION('',(0.,0.,-1.));
#5104 = DEFINITIONAL_REPRESENTATION('',(#5105),#5109);
#5105 = LINE('',#5106,#5107);
#5106 = CARTESIAN_POINT('',(3.5,1.5));
#5107 = VECTOR('',#5108,1.);
#5108 = DIRECTION('',(-1.,0.));
#5109 = ( GEOMETRIC_REPRESENTATION_CONTEXT(2) 
PARAMETRIC_REPRESENTATION_CONTEXT() REPRESENTATION_CONTEXT('2D SPACE',''
  ) );
#5110 = ORIENTED_EDGE('',*,*,#5111,.T.);
#5111 = EDGE_CURVE('',#5084,#5112,#5114,.T.);
#5112 = VERTEX_POINT('',#5113);
#5113 = CARTESIAN_POINT('',(-21.25,18.8,88.5));
#5114 = SURFACE_CURVE('',#5115,(#5119,#5126),.PCURVE_S1.);
#5115 = LINE('',#5116,#5117);
#5116 = CARTESIAN_POINT('',(-21.25,18.8,75.));
#5117 = VECTOR('',#5118,1.);
#5118 = DIRECTION('',(-0.,-0.,1.));
#5119 = PCURVE('',#1123,#5120);
#5120 = DEFINITIONAL_REPRESENTATION('',(#5121),#5125);
#5121 = LINE('',#5122,#5123);
#5122 = CARTESIAN_POINT('',(-0.,-1.5));
#5123 = VECTOR('',#5124,1.);
#5124 = DIRECTION('',(-1.,-0.));
#5125 = ( GEOMETRIC_REPRESENTATION_CONTEXT(2) 
PARAMETRIC_REPRESENTATION_CONTEXT() REPRESENTATION_CONTEXT('2D SPACE',''
  ) );
#5126 = PCURVE('',#5127,#5132);
#5127 = PLANE('',#5128);
#5128 = AXIS2_PLACEMENT_3D('',#5129,#5130,#5131);
#5129 = CARTESIAN_POINT('',(-20.25,18.8,75.));
#5130 = DIRECTION('',(-0.,1.,-0.));
#5131 = DIRECTION('',(0.,0.,-1.));
#5132 = DEFINITIONAL_REPRESENTATION('',(#5133),#5137);
#5133 = LINE('',#5134,#5135);
#5134 = CARTESIAN_POINT('',(-0.,1.));
#5135 = VECTOR('',#5136,1.);
#5136 = DIRECTION('',(-1.,0.));
#5137 = ( GEOMETRIC_REPRESENTATION_CONTEXT(2) 
PARAMETRIC_REPRESENTATION_CONTEXT() REPRESENTATION_CONTEXT('2D SPACE',''
  ) );
#5138 = ORIENTED_EDGE('',*,*,#5139,.T.);
#5139 = EDGE_CURVE('',#5112,#5140,#5142,.T.);
#5140 = VERTEX_POINT('',#5141);
#5141 = CARTESIAN_POINT('',(-21.25,18.8,91.5));
#5142 = SURFACE_CURVE('',#5143,(#5147,#5154),.PCURVE_S1.);
#5143 = LINE('',#5144,#5145);
#5144 = CARTESIAN_POINT('',(-21.25,18.8,75.));
#5145 = VECTOR('',#5146,1.);
#5146 = DIRECTION('',(-0.,-0.,1.));
#5147 = PCURVE('',#1123,#5148);
#5148 = DEFINITIONAL_REPRESENTATION('',(#5149),#5153);
#5149 = LINE('',#5150,#5151);
#5150 = CARTESIAN_POINT('',(-0.,-1.5));
#5151 = VECTOR('',#5152,1.);
#5152 = DIRECTION('',(-1.,-0.));
#5153 = ( GEOMETRIC_REPRESENTATION_CONTEXT(2) 
PARAMETRIC_REPRESENTATION_CONTEXT() REPRESENTATION_CONTEXT('2D SPACE',''
  ) );
#5154 = PCURVE('',#5155,#5160);
#5155 = PLANE('',#5156);
#5156 = AXIS2_PLACEMENT_3D('',#5157,#5158,#5159);
#5157 = CARTESIAN_POINT('',(-19.75,18.8,88.5));
#5158 = DIRECTION('',(-0.,1.,-0.));
#5159 = DIRECTION('',(0.,0.,-1.));
#5160 = DEFINITIONAL_REPRESENTATION('',(#5161),#5165);
#5161 = LINE('',#5162,#5163);
#5162 = CARTESIAN_POINT('',(13.5,1.5));
#5163 = VECTOR('',#5164,1.);
#5164 = DIRECTION('',(-1.,0.));
#5165 = ( GEOMETRIC_REPRESENTATION_CONTEXT(2) 
PARAMETRIC_REPRESENTATION_CONTEXT() REPRESENTATION_CONTEXT('2D SPACE',''
  ) );
#5166 = ORIENTED_EDGE('',*,*,#5167,.T.);
#5167 = EDGE_CURVE('',#5140,#5168,#5170,.T.);
#5168 = VERTEX_POINT('',#5169);
#5169 = CARTESIAN_POINT('',(-21.25,18.8,98.5));
#5170 = SURFACE_CURVE('',#5171,(#5175,#5182),.PCURVE_S1.);
#5171 = LINE('',#5172,#5173);
#5172 = CARTESIAN_POINT('',(-21.25,18.8,75.));
#5173 = VECTOR('',#5174,1.);
#5174 = DIRECTION('',(-0.,-0.,1.));
#5175 = PCURVE('',#1123,#5176);
#5176 = DEFINITIONAL_REPRESENTATION('',(#5177),#5181);
#5177 = LINE('',#5178,#5179);
#5178 = CARTESIAN_POINT('',(-0.,-1.5));
#5179 = VECTOR('',#5180,1.);
#5180 = DIRECTION('',(-1.,-0.));
#5181 = ( GEOMETRIC_REPRESENTATION_CONTEXT(2) 
PARAMETRIC_REPRESENTATION_CONTEXT() REPRESENTATION_CONTEXT('2D SPACE',''
  ) );
#5182 = PCURVE('',#5183,#5188);
#5183 = PLANE('',#5184);
#5184 = AXIS2_PLACEMENT_3D('',#5185,#5186,#5187);
#5185 = CARTESIAN_POINT('',(-20.25,18.8,75.));
#5186 = DIRECTION('',(-0.,1.,-0.));
#5187 = DIRECTION('',(0.,0.,-1.));
#5188 = DEFINITIONAL_REPRESENTATION('',(#5189),#5193);
#5189 = LINE('',#5190,#5191);
#5190 = CARTESIAN_POINT('',(-0.,1.));
#5191 = VECTOR('',#5192,1.);
#5192 = DIRECTION('',(-1.,0.));
#5193 = ( GEOMETRIC_REPRESENTATION_CONTEXT(2) 
PARAMETRIC_REPRESENTATION_CONTEXT() REPRESENTATION_CONTEXT('2D SPACE',''
  ) );
#5194 = ORIENTED_EDGE('',*,*,#5195,.T.);
#5195 = EDGE_CURVE('',#5168,#5196,#5198,.T.);
#5196 = VERTEX_POINT('',#5197);
#5197 = CARTESIAN_POINT('',(-21.25,18.8,101.5));
#5198 = SURFACE_CURVE('',#5199,(#5203,#5210),.PCURVE_S1.);
#5199 = LINE('',#5200,#5201);
#5200 = CARTESIAN_POINT('',(-21.25,18.8,75.));
#5201 = VECTOR('',#5202,1.);
#5202 = DIRECTION('',(-0.,-0.,1.));
#5203 = PCURVE('',#1123,#5204);
#5204 = DEFINITIONAL_REPRESENTATION('',(#5205),#5209);
#5205 = LINE('',#5206,#5207);
#5206 = CARTESIAN_POINT('',(-0.,-1.5));
#5207 = VECTOR('',#5208,1.);
#5208 = DIRECTION('',(-1.,-0.));
#5209 = ( GEOMETRIC_REPRESENTATION_CONTEXT(2) 
PARAMETRIC_REPRESENTATION_CONTEXT() REPRESENTATION_CONTEXT('2D SPACE',''
  ) );
#5210 = PCURVE('',#5211,#5216);
#5211 = PLANE('',#5212);
#5212 = AXIS2_PLACEMENT_3D('',#5213,#5214,#5215);
#5213 = CARTESIAN_POINT('',(-19.75,18.8,98.5));
#5214 = DIRECTION('',(-0.,1.,-0.));
#5215 = DIRECTION('',(0.,0.,-1.));
#5216 = DEFINITIONAL_REPRESENTATION('',(#5217),#5221);
#5217 = LINE('',#5218,#5219);
#5218 = CARTESIAN_POINT('',(23.5,1.5));
#5219 = VECTOR('',#5220,1.);
#5220 = DIRECTION('',(-1.,0.));
#5221 = ( GEOMETRIC_REPRESENTATION_CONTEXT(2) 
PARAMETRIC_REPRESENTATION_CONTEXT() REPRESENTATION_CONTEXT('2D SPACE',''
  ) );
#5222 = ORIENTED_EDGE('',*,*,#5223,.T.);
#5223 = EDGE_CURVE('',#5196,#5036,#5224,.T.);
#5224 = SURFACE_CURVE('',#5225,(#5229,#5236),.PCURVE_S1.);
#5225 = LINE('',#5226,#5227);
#5226 = CARTESIAN_POINT('',(-21.25,18.8,75.));
#5227 = VECTOR('',#5228,1.);
#5228 = DIRECTION('',(-0.,-0.,1.));
#5229 = PCURVE('',#1123,#5230);
#5230 = DEFINITIONAL_REPRESENTATION('',(#5231),#5235);
#5231 = LINE('',#5232,#5233);
#5232 = CARTESIAN_POINT('',(-0.,-1.5));
#5233 = VECTOR('',#5234,1.);
#5234 = DIRECTION('',(-1.,-0.));
#5235 = ( GEOMETRIC_REPRESENTATION_CONTEXT(2) 
PARAMETRIC_REPRESENTATION_CONTEXT() REPRESENTATION_CONTEXT('2D SPACE',''
  ) );
#5236 = PCURVE('',#5237,#5242);
#5237 = PLANE('',#5238);
#5238 = AXIS2_PLACEMENT_3D('',#5239,#5240,#5241);
#5239 = CARTESIAN_POINT('',(-20.25,18.8,75.));
#5240 = DIRECTION('',(-0.,1.,-0.));
#5241 = DIRECTION('',(0.,0.,-1.));
#5242 = DEFINITIONAL_REPRESENTATION('',(#5243),#5247);
#5243 = LINE('',#5244,#5245);
#5244 = CARTESIAN_POINT('',(-0.,1.));
#5245 = VECTOR('',#5246,1.);
#5246 = DIRECTION('',(-1.,0.));
#5247 = ( GEOMETRIC_REPRESENTATION_CONTEXT(2) 
PARAMETRIC_REPRESENTATION_CONTEXT() REPRESENTATION_CONTEXT('2D SPACE',''
  ) );
#5248 = ADVANCED_FACE('',(#5249),#1069,.F.);
#5249 = FACE_BOUND('',#5250,.T.);
#5250 = EDGE_LOOP('',(#5251,#5274,#5275,#5276,#5299,#5327,#5350,#5378,
    #5401,#5429));
#5251 = ORIENTED_EDGE('',*,*,#5252,.F.);
#5252 = EDGE_CURVE('',#1054,#5253,#5255,.T.);
#5253 = VERTEX_POINT('',#5254);
#5254 = CARTESIAN_POINT('',(-20.25,18.8,102.));
#5255 = SURFACE_CURVE('',#5256,(#5260,#5267),.PCURVE_S1.);
#5256 = LINE('',#5257,#5258);
#5257 = CARTESIAN_POINT('',(-20.25,17.3,102.));
#5258 = VECTOR('',#5259,1.);
#5259 = DIRECTION('',(-0.,1.,-0.));
#5260 = PCURVE('',#1069,#5261);
#5261 = DEFINITIONAL_REPRESENTATION('',(#5262),#5266);
#5262 = LINE('',#5263,#5264);
#5263 = CARTESIAN_POINT('',(-27.,-0.));
#5264 = VECTOR('',#5265,1.);
#5265 = DIRECTION('',(-0.,-1.));
#5266 = ( GEOMETRIC_REPRESENTATION_CONTEXT(2) 
PARAMETRIC_REPRESENTATION_CONTEXT() REPRESENTATION_CONTEXT('2D SPACE',''
  ) );
#5267 = PCURVE('',#1097,#5268);
#5268 = DEFINITIONAL_REPRESENTATION('',(#5269),#5273);
#5269 = LINE('',#5270,#5271);
#5270 = CARTESIAN_POINT('',(0.,-0.));
#5271 = VECTOR('',#5272,1.);
#5272 = DIRECTION('',(-0.,1.));
#5273 = ( GEOMETRIC_REPRESENTATION_CONTEXT(2) 
PARAMETRIC_REPRESENTATION_CONTEXT() REPRESENTATION_CONTEXT('2D SPACE',''
  ) );
#5274 = ORIENTED_EDGE('',*,*,#1053,.F.);
#5275 = ORIENTED_EDGE('',*,*,#4959,.T.);
#5276 = ORIENTED_EDGE('',*,*,#5277,.T.);
#5277 = EDGE_CURVE('',#4960,#5278,#5280,.T.);
#5278 = VERTEX_POINT('',#5279);
#5279 = CARTESIAN_POINT('',(-20.25,18.8,78.5));
#5280 = SURFACE_CURVE('',#5281,(#5285,#5292),.PCURVE_S1.);
#5281 = LINE('',#5282,#5283);
#5282 = CARTESIAN_POINT('',(-20.25,18.8,75.));
#5283 = VECTOR('',#5284,1.);
#5284 = DIRECTION('',(-0.,-0.,1.));
#5285 = PCURVE('',#1069,#5286);
#5286 = DEFINITIONAL_REPRESENTATION('',(#5287),#5291);
#5287 = LINE('',#5288,#5289);
#5288 = CARTESIAN_POINT('',(-0.,-1.5));
#5289 = VECTOR('',#5290,1.);
#5290 = DIRECTION('',(-1.,-0.));
#5291 = ( GEOMETRIC_REPRESENTATION_CONTEXT(2) 
PARAMETRIC_REPRESENTATION_CONTEXT() REPRESENTATION_CONTEXT('2D SPACE',''
  ) );
#5292 = PCURVE('',#5020,#5293);
#5293 = DEFINITIONAL_REPRESENTATION('',(#5294),#5298);
#5294 = LINE('',#5295,#5296);
#5295 = CARTESIAN_POINT('',(-0.,-0.));
#5296 = VECTOR('',#5297,1.);
#5297 = DIRECTION('',(-1.,0.));
#5298 = ( GEOMETRIC_REPRESENTATION_CONTEXT(2) 
PARAMETRIC_REPRESENTATION_CONTEXT() REPRESENTATION_CONTEXT('2D SPACE',''
  ) );
#5299 = ORIENTED_EDGE('',*,*,#5300,.T.);
#5300 = EDGE_CURVE('',#5278,#5301,#5303,.T.);
#5301 = VERTEX_POINT('',#5302);
#5302 = CARTESIAN_POINT('',(-20.25,18.8,81.5));
#5303 = SURFACE_CURVE('',#5304,(#5308,#5315),.PCURVE_S1.);
#5304 = LINE('',#5305,#5306);
#5305 = CARTESIAN_POINT('',(-20.25,18.8,75.));
#5306 = VECTOR('',#5307,1.);
#5307 = DIRECTION('',(-0.,-0.,1.));
#5308 = PCURVE('',#1069,#5309);
#5309 = DEFINITIONAL_REPRESENTATION('',(#5310),#5314);
#5310 = LINE('',#5311,#5312);
#5311 = CARTESIAN_POINT('',(-0.,-1.5));
#5312 = VECTOR('',#5313,1.);
#5313 = DIRECTION('',(-1.,-0.));
#5314 = ( GEOMETRIC_REPRESENTATION_CONTEXT(2) 
PARAMETRIC_REPRESENTATION_CONTEXT() REPRESENTATION_CONTEXT('2D SPACE',''
  ) );
#5315 = PCURVE('',#5316,#5321);
#5316 = PLANE('',#5317);
#5317 = AXIS2_PLACEMENT_3D('',#5318,#5319,#5320);
#5318 = CARTESIAN_POINT('',(-19.75,18.8,78.5));
#5319 = DIRECTION('',(-0.,1.,-0.));
#5320 = DIRECTION('',(0.,0.,-1.));
#5321 = DEFINITIONAL_REPRESENTATION('',(#5322),#5326);
#5322 = LINE('',#5323,#5324);
#5323 = CARTESIAN_POINT('',(3.5,0.5));
#5324 = VECTOR('',#5325,1.);
#5325 = DIRECTION('',(-1.,0.));
#5326 = ( GEOMETRIC_REPRESENTATION_CONTEXT(2) 
PARAMETRIC_REPRESENTATION_CONTEXT() REPRESENTATION_CONTEXT('2D SPACE',''
  ) );
#5327 = ORIENTED_EDGE('',*,*,#5328,.T.);
#5328 = EDGE_CURVE('',#5301,#5329,#5331,.T.);
#5329 = VERTEX_POINT('',#5330);
#5330 = CARTESIAN_POINT('',(-20.25,18.8,88.5));
#5331 = SURFACE_CURVE('',#5332,(#5336,#5343),.PCURVE_S1.);
#5332 = LINE('',#5333,#5334);
#5333 = CARTESIAN_POINT('',(-20.25,18.8,75.));
#5334 = VECTOR('',#5335,1.);
#5335 = DIRECTION('',(-0.,-0.,1.));
#5336 = PCURVE('',#1069,#5337);
#5337 = DEFINITIONAL_REPRESENTATION('',(#5338),#5342);
#5338 = LINE('',#5339,#5340);
#5339 = CARTESIAN_POINT('',(-0.,-1.5));
#5340 = VECTOR('',#5341,1.);
#5341 = DIRECTION('',(-1.,-0.));
#5342 = ( GEOMETRIC_REPRESENTATION_CONTEXT(2) 
PARAMETRIC_REPRESENTATION_CONTEXT() REPRESENTATION_CONTEXT('2D SPACE',''
  ) );
#5343 = PCURVE('',#5127,#5344);
#5344 = DEFINITIONAL_REPRESENTATION('',(#5345),#5349);
#5345 = LINE('',#5346,#5347);
#5346 = CARTESIAN_POINT('',(-0.,-0.));
#5347 = VECTOR('',#5348,1.);
#5348 = DIRECTION('',(-1.,0.));
#5349 = ( GEOMETRIC_REPRESENTATION_CONTEXT(2) 
PARAMETRIC_REPRESENTATION_CONTEXT() REPRESENTATION_CONTEXT('2D SPACE',''
  ) );
#5350 = ORIENTED_EDGE('',*,*,#5351,.T.);
#5351 = EDGE_CURVE('',#5329,#5352,#5354,.T.);
#5352 = VERTEX_POINT('',#5353);
#5353 = CARTESIAN_POINT('',(-20.25,18.8,91.5));
#5354 = SURFACE_CURVE('',#5355,(#5359,#5366),.PCURVE_S1.);
#5355 = LINE('',#5356,#5357);
#5356 = CARTESIAN_POINT('',(-20.25,18.8,75.));
#5357 = VECTOR('',#5358,1.);
#5358 = DIRECTION('',(-0.,-0.,1.));
#5359 = PCURVE('',#1069,#5360);
#5360 = DEFINITIONAL_REPRESENTATION('',(#5361),#5365);
#5361 = LINE('',#5362,#5363);
#5362 = CARTESIAN_POINT('',(-0.,-1.5));
#5363 = VECTOR('',#5364,1.);
#5364 = DIRECTION('',(-1.,-0.));
#5365 = ( GEOMETRIC_REPRESENTATION_CONTEXT(2) 
PARAMETRIC_REPRESENTATION_CONTEXT() REPRESENTATION_CONTEXT('2D SPACE',''
  ) );
#5366 = PCURVE('',#5367,#5372);
#5367 = PLANE('',#5368);
#5368 = AXIS2_PLACEMENT_3D('',#5369,#5370,#5371);
#5369 = CARTESIAN_POINT('',(-19.75,18.8,88.5));
#5370 = DIRECTION('',(-0.,1.,-0.));
#5371 = DIRECTION('',(0.,0.,-1.));
#5372 = DEFINITIONAL_REPRESENTATION('',(#5373),#5377);
#5373 = LINE('',#5374,#5375);
#5374 = CARTESIAN_POINT('',(13.5,0.5));
#5375 = VECTOR('',#5376,1.);
#5376 = DIRECTION('',(-1.,0.));
#5377 = ( GEOMETRIC_REPRESENTATION_CONTEXT(2) 
PARAMETRIC_REPRESENTATION_CONTEXT() REPRESENTATION_CONTEXT('2D SPACE',''
  ) );
#5378 = ORIENTED_EDGE('',*,*,#5379,.T.);
#5379 = EDGE_CURVE('',#5352,#5380,#5382,.T.);
#5380 = VERTEX_POINT('',#5381);
#5381 = CARTESIAN_POINT('',(-20.25,18.8,98.5));
#5382 = SURFACE_CURVE('',#5383,(#5387,#5394),.PCURVE_S1.);
#5383 = LINE('',#5384,#5385);
#5384 = CARTESIAN_POINT('',(-20.25,18.8,75.));
#5385 = VECTOR('',#5386,1.);
#5386 = DIRECTION('',(-0.,-0.,1.));
#5387 = PCURVE('',#1069,#5388);
#5388 = DEFINITIONAL_REPRESENTATION('',(#5389),#5393);
#5389 = LINE('',#5390,#5391);
#5390 = CARTESIAN_POINT('',(-0.,-1.5));
#5391 = VECTOR('',#5392,1.);
#5392 = DIRECTION('',(-1.,-0.));
#5393 = ( GEOMETRIC_REPRESENTATION_CONTEXT(2) 
PARAMETRIC_REPRESENTATION_CONTEXT() REPRESENTATION_CONTEXT('2D SPACE',''
  ) );
#5394 = PCURVE('',#5183,#5395);
#5395 = DEFINITIONAL_REPRESENTATION('',(#5396),#5400);
#5396 = LINE('',#5397,#5398);
#5397 = CARTESIAN_POINT('',(-0.,-0.));
#5398 = VECTOR('',#5399,1.);
#5399 = DIRECTION('',(-1.,0.));
#5400 = ( GEOMETRIC_REPRESENTATION_CONTEXT(2) 
PARAMETRIC_REPRESENTATION_CONTEXT() REPRESENTATION_CONTEXT('2D SPACE',''
  ) );
#5401 = ORIENTED_EDGE('',*,*,#5402,.T.);
#5402 = EDGE_CURVE('',#5380,#5403,#5405,.T.);
#5403 = VERTEX_POINT('',#5404);
#5404 = CARTESIAN_POINT('',(-20.25,18.8,101.5));
#5405 = SURFACE_CURVE('',#5406,(#5410,#5417),.PCURVE_S1.);
#5406 = LINE('',#5407,#5408);
#5407 = CARTESIAN_POINT('',(-20.25,18.8,75.));
#5408 = VECTOR('',#5409,1.);
#5409 = DIRECTION('',(-0.,-0.,1.));
#5410 = PCURVE('',#1069,#5411);
#5411 = DEFINITIONAL_REPRESENTATION('',(#5412),#5416);
#5412 = LINE('',#5413,#5414);
#5413 = CARTESIAN_POINT('',(-0.,-1.5));
#5414 = VECTOR('',#5415,1.);
#5415 = DIRECTION('',(-1.,-0.));
#5416 = ( GEOMETRIC_REPRESENTATION_CONTEXT(2) 
PARAMETRIC_REPRESENTATION_CONTEXT() REPRESENTATION_CONTEXT('2D SPACE',''
  ) );
#5417 = PCURVE('',#5418,#5423);
#5418 = PLANE('',#5419);
#5419 = AXIS2_PLACEMENT_3D('',#5420,#5421,#5422);
#5420 = CARTESIAN_POINT('',(-19.75,18.8,98.5));
#5421 = DIRECTION('',(-0.,1.,-0.));
#5422 = DIRECTION('',(0.,0.,-1.));
#5423 = DEFINITIONAL_REPRESENTATION('',(#5424),#5428);
#5424 = LINE('',#5425,#5426);
#5425 = CARTESIAN_POINT('',(23.5,0.5));
#5426 = VECTOR('',#5427,1.);
#5427 = DIRECTION('',(-1.,0.));
#5428 = ( GEOMETRIC_REPRESENTATION_CONTEXT(2) 
PARAMETRIC_REPRESENTATION_CONTEXT() REPRESENTATION_CONTEXT('2D SPACE',''
  ) );
#5429 = ORIENTED_EDGE('',*,*,#5430,.T.);
#5430 = EDGE_CURVE('',#5403,#5253,#5431,.T.);
#5431 = SURFACE_CURVE('',#5432,(#5436,#5443),.PCURVE_S1.);
#5432 = LINE('',#5433,#5434);
#5433 = CARTESIAN_POINT('',(-20.25,18.8,75.));
#5434 = VECTOR('',#5435,1.);
#5435 = DIRECTION('',(-0.,-0.,1.));
#5436 = PCURVE('',#1069,#5437);
#5437 = DEFINITIONAL_REPRESENTATION('',(#5438),#5442);
#5438 = LINE('',#5439,#5440);
#5439 = CARTESIAN_POINT('',(-0.,-1.5));
#5440 = VECTOR('',#5441,1.);
#5441 = DIRECTION('',(-1.,-0.));
#5442 = ( GEOMETRIC_REPRESENTATION_CONTEXT(2) 
PARAMETRIC_REPRESENTATION_CONTEXT() REPRESENTATION_CONTEXT('2D SPACE',''
  ) );
#5443 = PCURVE('',#5237,#5444);
#5444 = DEFINITIONAL_REPRESENTATION('',(#5445),#5449);
#5445 = LINE('',#5446,#5447);
#5446 = CARTESIAN_POINT('',(-0.,-0.));
#5447 = VECTOR('',#5448,1.);
#5448 = DIRECTION('',(-1.,0.));
#5449 = ( GEOMETRIC_REPRESENTATION_CONTEXT(2) 
PARAMETRIC_REPRESENTATION_CONTEXT() REPRESENTATION_CONTEXT('2D SPACE',''
  ) );
#5450 = ADVANCED_FACE('',(#5451),#1097,.T.);
#5451 = FACE_BOUND('',#5452,.F.);
#5452 = EDGE_LOOP('',(#5453,#5454,#5455,#5456));
#5453 = ORIENTED_EDGE('',*,*,#5252,.F.);
#5454 = ORIENTED_EDGE('',*,*,#1081,.F.);
#5455 = ORIENTED_EDGE('',*,*,#5035,.T.);
#5456 = ORIENTED_EDGE('',*,*,#5457,.F.);
#5457 = EDGE_CURVE('',#5253,#5036,#5458,.T.);
#5458 = SURFACE_CURVE('',#5459,(#5463,#5470),.PCURVE_S1.);
#5459 = LINE('',#5460,#5461);
#5460 = CARTESIAN_POINT('',(-20.25,18.8,102.));
#5461 = VECTOR('',#5462,1.);
#5462 = DIRECTION('',(-1.,-0.,-0.));
#5463 = PCURVE('',#1097,#5464);
#5464 = DEFINITIONAL_REPRESENTATION('',(#5465),#5469);
#5465 = LINE('',#5466,#5467);
#5466 = CARTESIAN_POINT('',(0.,1.5));
#5467 = VECTOR('',#5468,1.);
#5468 = DIRECTION('',(-1.,0.));
#5469 = ( GEOMETRIC_REPRESENTATION_CONTEXT(2) 
PARAMETRIC_REPRESENTATION_CONTEXT() REPRESENTATION_CONTEXT('2D SPACE',''
  ) );
#5470 = PCURVE('',#5237,#5471);
#5471 = DEFINITIONAL_REPRESENTATION('',(#5472),#5476);
#5472 = LINE('',#5473,#5474);
#5473 = CARTESIAN_POINT('',(-27.,-0.));
#5474 = VECTOR('',#5475,1.);
#5475 = DIRECTION('',(-0.,1.));
#5476 = ( GEOMETRIC_REPRESENTATION_CONTEXT(2) 
PARAMETRIC_REPRESENTATION_CONTEXT() REPRESENTATION_CONTEXT('2D SPACE',''
  ) );
#5477 = ADVANCED_FACE('',(#5478),#1155,.F.);
#5478 = FACE_BOUND('',#5479,.T.);
#5479 = EDGE_LOOP('',(#5480,#5503,#5504,#5527));
#5480 = ORIENTED_EDGE('',*,*,#5481,.F.);
#5481 = EDGE_CURVE('',#1140,#5482,#5484,.T.);
#5482 = VERTEX_POINT('',#5483);
#5483 = CARTESIAN_POINT('',(-20.25,18.8,25.));
#5484 = SURFACE_CURVE('',#5485,(#5489,#5496),.PCURVE_S1.);
#5485 = LINE('',#5486,#5487);
#5486 = CARTESIAN_POINT('',(-20.25,17.3,25.));
#5487 = VECTOR('',#5488,1.);
#5488 = DIRECTION('',(-0.,1.,-0.));
#5489 = PCURVE('',#1155,#5490);
#5490 = DEFINITIONAL_REPRESENTATION('',(#5491),#5495);
#5491 = LINE('',#5492,#5493);
#5492 = CARTESIAN_POINT('',(0.,-0.));
#5493 = VECTOR('',#5494,1.);
#5494 = DIRECTION('',(-0.,1.));
#5495 = ( GEOMETRIC_REPRESENTATION_CONTEXT(2) 
PARAMETRIC_REPRESENTATION_CONTEXT() REPRESENTATION_CONTEXT('2D SPACE',''
  ) );
#5496 = PCURVE('',#1183,#5497);
#5497 = DEFINITIONAL_REPRESENTATION('',(#5498),#5502);
#5498 = LINE('',#5499,#5500);
#5499 = CARTESIAN_POINT('',(-0.,-0.));
#5500 = VECTOR('',#5501,1.);
#5501 = DIRECTION('',(-0.,-1.));
#5502 = ( GEOMETRIC_REPRESENTATION_CONTEXT(2) 
PARAMETRIC_REPRESENTATION_CONTEXT() REPRESENTATION_CONTEXT('2D SPACE',''
  ) );
#5503 = ORIENTED_EDGE('',*,*,#1137,.F.);
#5504 = ORIENTED_EDGE('',*,*,#5505,.T.);
#5505 = EDGE_CURVE('',#1138,#5506,#5508,.T.);
#5506 = VERTEX_POINT('',#5507);
#5507 = CARTESIAN_POINT('',(-21.25,18.8,25.));
#5508 = SURFACE_CURVE('',#5509,(#5513,#5520),.PCURVE_S1.);
#5509 = LINE('',#5510,#5511);
#5510 = CARTESIAN_POINT('',(-21.25,17.3,25.));
#5511 = VECTOR('',#5512,1.);
#5512 = DIRECTION('',(-0.,1.,-0.));
#5513 = PCURVE('',#1155,#5514);
#5514 = DEFINITIONAL_REPRESENTATION('',(#5515),#5519);
#5515 = LINE('',#5516,#5517);
#5516 = CARTESIAN_POINT('',(-1.,0.));
#5517 = VECTOR('',#5518,1.);
#5518 = DIRECTION('',(-0.,1.));
#5519 = ( GEOMETRIC_REPRESENTATION_CONTEXT(2) 
PARAMETRIC_REPRESENTATION_CONTEXT() REPRESENTATION_CONTEXT('2D SPACE',''
  ) );
#5520 = PCURVE('',#1237,#5521);
#5521 = DEFINITIONAL_REPRESENTATION('',(#5522),#5526);
#5522 = LINE('',#5523,#5524);
#5523 = CARTESIAN_POINT('',(-0.,-0.));
#5524 = VECTOR('',#5525,1.);
#5525 = DIRECTION('',(-0.,-1.));
#5526 = ( GEOMETRIC_REPRESENTATION_CONTEXT(2) 
PARAMETRIC_REPRESENTATION_CONTEXT() REPRESENTATION_CONTEXT('2D SPACE',''
  ) );
#5527 = ORIENTED_EDGE('',*,*,#5528,.F.);
#5528 = EDGE_CURVE('',#5482,#5506,#5529,.T.);
#5529 = SURFACE_CURVE('',#5530,(#5534,#5541),.PCURVE_S1.);
#5530 = LINE('',#5531,#5532);
#5531 = CARTESIAN_POINT('',(-20.25,18.8,25.));
#5532 = VECTOR('',#5533,1.);
#5533 = DIRECTION('',(-1.,-0.,-0.));
#5534 = PCURVE('',#1155,#5535);
#5535 = DEFINITIONAL_REPRESENTATION('',(#5536),#5540);
#5536 = LINE('',#5537,#5538);
#5537 = CARTESIAN_POINT('',(0.,1.5));
#5538 = VECTOR('',#5539,1.);
#5539 = DIRECTION('',(-1.,0.));
#5540 = ( GEOMETRIC_REPRESENTATION_CONTEXT(2) 
PARAMETRIC_REPRESENTATION_CONTEXT() REPRESENTATION_CONTEXT('2D SPACE',''
  ) );
#5541 = PCURVE('',#5542,#5547);
#5542 = PLANE('',#5543);
#5543 = AXIS2_PLACEMENT_3D('',#5544,#5545,#5546);
#5544 = CARTESIAN_POINT('',(-20.25,18.8,25.));
#5545 = DIRECTION('',(-0.,1.,-0.));
#5546 = DIRECTION('',(0.,0.,-1.));
#5547 = DEFINITIONAL_REPRESENTATION('',(#5548),#5552);
#5548 = LINE('',#5549,#5550);
#5549 = CARTESIAN_POINT('',(-0.,-0.));
#5550 = VECTOR('',#5551,1.);
#5551 = DIRECTION('',(-0.,1.));
#5552 = ( GEOMETRIC_REPRESENTATION_CONTEXT(2) 
PARAMETRIC_REPRESENTATION_CONTEXT() REPRESENTATION_CONTEXT('2D SPACE',''
  ) );
#5553 = ADVANCED_FACE('',(#5554),#1237,.T.);
#5554 = FACE_BOUND('',#5555,.F.);
#5555 = EDGE_LOOP('',(#5556,#5579,#5580,#5581,#5604,#5632,#5660,#5688,
    #5716,#5744));
#5556 = ORIENTED_EDGE('',*,*,#5557,.F.);
#5557 = EDGE_CURVE('',#1196,#5558,#5560,.T.);
#5558 = VERTEX_POINT('',#5559);
#5559 = CARTESIAN_POINT('',(-21.25,18.8,55.));
#5560 = SURFACE_CURVE('',#5561,(#5565,#5572),.PCURVE_S1.);
#5561 = LINE('',#5562,#5563);
#5562 = CARTESIAN_POINT('',(-21.25,17.3,55.));
#5563 = VECTOR('',#5564,1.);
#5564 = DIRECTION('',(-0.,1.,-0.));
#5565 = PCURVE('',#1237,#5566);
#5566 = DEFINITIONAL_REPRESENTATION('',(#5567),#5571);
#5567 = LINE('',#5568,#5569);
#5568 = CARTESIAN_POINT('',(-30.,-0.));
#5569 = VECTOR('',#5570,1.);
#5570 = DIRECTION('',(-0.,-1.));
#5571 = ( GEOMETRIC_REPRESENTATION_CONTEXT(2) 
PARAMETRIC_REPRESENTATION_CONTEXT() REPRESENTATION_CONTEXT('2D SPACE',''
  ) );
#5572 = PCURVE('',#1211,#5573);
#5573 = DEFINITIONAL_REPRESENTATION('',(#5574),#5578);
#5574 = LINE('',#5575,#5576);
#5575 = CARTESIAN_POINT('',(-1.,0.));
#5576 = VECTOR('',#5577,1.);
#5577 = DIRECTION('',(-0.,1.));
#5578 = ( GEOMETRIC_REPRESENTATION_CONTEXT(2) 
PARAMETRIC_REPRESENTATION_CONTEXT() REPRESENTATION_CONTEXT('2D SPACE',''
  ) );
#5579 = ORIENTED_EDGE('',*,*,#1223,.F.);
#5580 = ORIENTED_EDGE('',*,*,#5505,.T.);
#5581 = ORIENTED_EDGE('',*,*,#5582,.T.);
#5582 = EDGE_CURVE('',#5506,#5583,#5585,.T.);
#5583 = VERTEX_POINT('',#5584);
#5584 = CARTESIAN_POINT('',(-21.25,18.8,28.5));
#5585 = SURFACE_CURVE('',#5586,(#5590,#5597),.PCURVE_S1.);
#5586 = LINE('',#5587,#5588);
#5587 = CARTESIAN_POINT('',(-21.25,18.8,25.));
#5588 = VECTOR('',#5589,1.);
#5589 = DIRECTION('',(-0.,-0.,1.));
#5590 = PCURVE('',#1237,#5591);
#5591 = DEFINITIONAL_REPRESENTATION('',(#5592),#5596);
#5592 = LINE('',#5593,#5594);
#5593 = CARTESIAN_POINT('',(-0.,-1.5));
#5594 = VECTOR('',#5595,1.);
#5595 = DIRECTION('',(-1.,-0.));
#5596 = ( GEOMETRIC_REPRESENTATION_CONTEXT(2) 
PARAMETRIC_REPRESENTATION_CONTEXT() REPRESENTATION_CONTEXT('2D SPACE',''
  ) );
#5597 = PCURVE('',#5542,#5598);
#5598 = DEFINITIONAL_REPRESENTATION('',(#5599),#5603);
#5599 = LINE('',#5600,#5601);
#5600 = CARTESIAN_POINT('',(-0.,1.));
#5601 = VECTOR('',#5602,1.);
#5602 = DIRECTION('',(-1.,0.));
#5603 = ( GEOMETRIC_REPRESENTATION_CONTEXT(2) 
PARAMETRIC_REPRESENTATION_CONTEXT() REPRESENTATION_CONTEXT('2D SPACE',''
  ) );
#5604 = ORIENTED_EDGE('',*,*,#5605,.T.);
#5605 = EDGE_CURVE('',#5583,#5606,#5608,.T.);
#5606 = VERTEX_POINT('',#5607);
#5607 = CARTESIAN_POINT('',(-21.25,18.8,31.5));
#5608 = SURFACE_CURVE('',#5609,(#5613,#5620),.PCURVE_S1.);
#5609 = LINE('',#5610,#5611);
#5610 = CARTESIAN_POINT('',(-21.25,18.8,25.));
#5611 = VECTOR('',#5612,1.);
#5612 = DIRECTION('',(-0.,-0.,1.));
#5613 = PCURVE('',#1237,#5614);
#5614 = DEFINITIONAL_REPRESENTATION('',(#5615),#5619);
#5615 = LINE('',#5616,#5617);
#5616 = CARTESIAN_POINT('',(-0.,-1.5));
#5617 = VECTOR('',#5618,1.);
#5618 = DIRECTION('',(-1.,-0.));
#5619 = ( GEOMETRIC_REPRESENTATION_CONTEXT(2) 
PARAMETRIC_REPRESENTATION_CONTEXT() REPRESENTATION_CONTEXT('2D SPACE',''
  ) );
#5620 = PCURVE('',#5621,#5626);
#5621 = PLANE('',#5622);
#5622 = AXIS2_PLACEMENT_3D('',#5623,#5624,#5625);
#5623 = CARTESIAN_POINT('',(-19.75,18.8,28.5));
#5624 = DIRECTION('',(-0.,1.,-0.));
#5625 = DIRECTION('',(0.,0.,-1.));
#5626 = DEFINITIONAL_REPRESENTATION('',(#5627),#5631);
#5627 = LINE('',#5628,#5629);
#5628 = CARTESIAN_POINT('',(3.5,1.5));
#5629 = VECTOR('',#5630,1.);
#5630 = DIRECTION('',(-1.,0.));
#5631 = ( GEOMETRIC_REPRESENTATION_CONTEXT(2) 
PARAMETRIC_REPRESENTATION_CONTEXT() REPRESENTATION_CONTEXT('2D SPACE',''
  ) );
#5632 = ORIENTED_EDGE('',*,*,#5633,.T.);
#5633 = EDGE_CURVE('',#5606,#5634,#5636,.T.);
#5634 = VERTEX_POINT('',#5635);
#5635 = CARTESIAN_POINT('',(-21.25,18.8,38.5));
#5636 = SURFACE_CURVE('',#5637,(#5641,#5648),.PCURVE_S1.);
#5637 = LINE('',#5638,#5639);
#5638 = CARTESIAN_POINT('',(-21.25,18.8,25.));
#5639 = VECTOR('',#5640,1.);
#5640 = DIRECTION('',(-0.,-0.,1.));
#5641 = PCURVE('',#1237,#5642);
#5642 = DEFINITIONAL_REPRESENTATION('',(#5643),#5647);
#5643 = LINE('',#5644,#5645);
#5644 = CARTESIAN_POINT('',(-0.,-1.5));
#5645 = VECTOR('',#5646,1.);
#5646 = DIRECTION('',(-1.,-0.));
#5647 = ( GEOMETRIC_REPRESENTATION_CONTEXT(2) 
PARAMETRIC_REPRESENTATION_CONTEXT() REPRESENTATION_CONTEXT('2D SPACE',''
  ) );
#5648 = PCURVE('',#5649,#5654);
#5649 = PLANE('',#5650);
#5650 = AXIS2_PLACEMENT_3D('',#5651,#5652,#5653);
#5651 = CARTESIAN_POINT('',(-20.25,18.8,25.));
#5652 = DIRECTION('',(-0.,1.,-0.));
#5653 = DIRECTION('',(0.,0.,-1.));
#5654 = DEFINITIONAL_REPRESENTATION('',(#5655),#5659);
#5655 = LINE('',#5656,#5657);
#5656 = CARTESIAN_POINT('',(-0.,1.));
#5657 = VECTOR('',#5658,1.);
#5658 = DIRECTION('',(-1.,0.));
#5659 = ( GEOMETRIC_REPRESENTATION_CONTEXT(2) 
PARAMETRIC_REPRESENTATION_CONTEXT() REPRESENTATION_CONTEXT('2D SPACE',''
  ) );
#5660 = ORIENTED_EDGE('',*,*,#5661,.T.);
#5661 = EDGE_CURVE('',#5634,#5662,#5664,.T.);
#5662 = VERTEX_POINT('',#5663);
#5663 = CARTESIAN_POINT('',(-21.25,18.8,41.5));
#5664 = SURFACE_CURVE('',#5665,(#5669,#5676),.PCURVE_S1.);
#5665 = LINE('',#5666,#5667);
#5666 = CARTESIAN_POINT('',(-21.25,18.8,25.));
#5667 = VECTOR('',#5668,1.);
#5668 = DIRECTION('',(-0.,-0.,1.));
#5669 = PCURVE('',#1237,#5670);
#5670 = DEFINITIONAL_REPRESENTATION('',(#5671),#5675);
#5671 = LINE('',#5672,#5673);
#5672 = CARTESIAN_POINT('',(-0.,-1.5));
#5673 = VECTOR('',#5674,1.);
#5674 = DIRECTION('',(-1.,-0.));
#5675 = ( GEOMETRIC_REPRESENTATION_CONTEXT(2) 
PARAMETRIC_REPRESENTATION_CONTEXT() REPRESENTATION_CONTEXT('2D SPACE',''
  ) );
#5676 = PCURVE('',#5677,#5682);
#5677 = PLANE('',#5678);
#5678 = AXIS2_PLACEMENT_3D('',#5679,#5680,#5681);
#5679 = CARTESIAN_POINT('',(-19.75,18.8,38.5));
#5680 = DIRECTION('',(-0.,1.,-0.));
#5681 = DIRECTION('',(0.,0.,-1.));
#5682 = DEFINITIONAL_REPRESENTATION('',(#5683),#5687);
#5683 = LINE('',#5684,#5685);
#5684 = CARTESIAN_POINT('',(13.5,1.5));
#5685 = VECTOR('',#5686,1.);
#5686 = DIRECTION('',(-1.,0.));
#5687 = ( GEOMETRIC_REPRESENTATION_CONTEXT(2) 
PARAMETRIC_REPRESENTATION_CONTEXT() REPRESENTATION_CONTEXT('2D SPACE',''
  ) );
#5688 = ORIENTED_EDGE('',*,*,#5689,.T.);
#5689 = EDGE_CURVE('',#5662,#5690,#5692,.T.);
#5690 = VERTEX_POINT('',#5691);
#5691 = CARTESIAN_POINT('',(-21.25,18.8,48.5));
#5692 = SURFACE_CURVE('',#5693,(#5697,#5704),.PCURVE_S1.);
#5693 = LINE('',#5694,#5695);
#5694 = CARTESIAN_POINT('',(-21.25,18.8,25.));
#5695 = VECTOR('',#5696,1.);
#5696 = DIRECTION('',(-0.,-0.,1.));
#5697 = PCURVE('',#1237,#5698);
#5698 = DEFINITIONAL_REPRESENTATION('',(#5699),#5703);
#5699 = LINE('',#5700,#5701);
#5700 = CARTESIAN_POINT('',(-0.,-1.5));
#5701 = VECTOR('',#5702,1.);
#5702 = DIRECTION('',(-1.,-0.));
#5703 = ( GEOMETRIC_REPRESENTATION_CONTEXT(2) 
PARAMETRIC_REPRESENTATION_CONTEXT() REPRESENTATION_CONTEXT('2D SPACE',''
  ) );
#5704 = PCURVE('',#5705,#5710);
#5705 = PLANE('',#5706);
#5706 = AXIS2_PLACEMENT_3D('',#5707,#5708,#5709);
#5707 = CARTESIAN_POINT('',(-20.25,18.8,25.));
#5708 = DIRECTION('',(-0.,1.,-0.));
#5709 = DIRECTION('',(0.,0.,-1.));
#5710 = DEFINITIONAL_REPRESENTATION('',(#5711),#5715);
#5711 = LINE('',#5712,#5713);
#5712 = CARTESIAN_POINT('',(-0.,1.));
#5713 = VECTOR('',#5714,1.);
#5714 = DIRECTION('',(-1.,0.));
#5715 = ( GEOMETRIC_REPRESENTATION_CONTEXT(2) 
PARAMETRIC_REPRESENTATION_CONTEXT() REPRESENTATION_CONTEXT('2D SPACE',''
  ) );
#5716 = ORIENTED_EDGE('',*,*,#5717,.T.);
#5717 = EDGE_CURVE('',#5690,#5718,#5720,.T.);
#5718 = VERTEX_POINT('',#5719);
#5719 = CARTESIAN_POINT('',(-21.25,18.8,51.5));
#5720 = SURFACE_CURVE('',#5721,(#5725,#5732),.PCURVE_S1.);
#5721 = LINE('',#5722,#5723);
#5722 = CARTESIAN_POINT('',(-21.25,18.8,25.));
#5723 = VECTOR('',#5724,1.);
#5724 = DIRECTION('',(-0.,-0.,1.));
#5725 = PCURVE('',#1237,#5726);
#5726 = DEFINITIONAL_REPRESENTATION('',(#5727),#5731);
#5727 = LINE('',#5728,#5729);
#5728 = CARTESIAN_POINT('',(-0.,-1.5));
#5729 = VECTOR('',#5730,1.);
#5730 = DIRECTION('',(-1.,-0.));
#5731 = ( GEOMETRIC_REPRESENTATION_CONTEXT(2) 
PARAMETRIC_REPRESENTATION_CONTEXT() REPRESENTATION_CONTEXT('2D SPACE',''
  ) );
#5732 = PCURVE('',#5733,#5738);
#5733 = PLANE('',#5734);
#5734 = AXIS2_PLACEMENT_3D('',#5735,#5736,#5737);
#5735 = CARTESIAN_POINT('',(-19.75,18.8,48.5));
#5736 = DIRECTION('',(-0.,1.,-0.));
#5737 = DIRECTION('',(0.,0.,-1.));
#5738 = DEFINITIONAL_REPRESENTATION('',(#5739),#5743);
#5739 = LINE('',#5740,#5741);
#5740 = CARTESIAN_POINT('',(23.5,1.5));
#5741 = VECTOR('',#5742,1.);
#5742 = DIRECTION('',(-1.,0.));
#5743 = ( GEOMETRIC_REPRESENTATION_CONTEXT(2) 
PARAMETRIC_REPRESENTATION_CONTEXT() REPRESENTATION_CONTEXT('2D SPACE',''
  ) );
#5744 = ORIENTED_EDGE('',*,*,#5745,.T.);
#5745 = EDGE_CURVE('',#5718,#5558,#5746,.T.);
#5746 = SURFACE_CURVE('',#5747,(#5751,#5758),.PCURVE_S1.);
#5747 = LINE('',#5748,#5749);
#5748 = CARTESIAN_POINT('',(-21.25,18.8,25.));
#5749 = VECTOR('',#5750,1.);
#5750 = DIRECTION('',(-0.,-0.,1.));
#5751 = PCURVE('',#1237,#5752);
#5752 = DEFINITIONAL_REPRESENTATION('',(#5753),#5757);
#5753 = LINE('',#5754,#5755);
#5754 = CARTESIAN_POINT('',(-0.,-1.5));
#5755 = VECTOR('',#5756,1.);
#5756 = DIRECTION('',(-1.,-0.));
#5757 = ( GEOMETRIC_REPRESENTATION_CONTEXT(2) 
PARAMETRIC_REPRESENTATION_CONTEXT() REPRESENTATION_CONTEXT('2D SPACE',''
  ) );
#5758 = PCURVE('',#5759,#5764);
#5759 = PLANE('',#5760);
#5760 = AXIS2_PLACEMENT_3D('',#5761,#5762,#5763);
#5761 = CARTESIAN_POINT('',(-20.25,18.8,25.));
#5762 = DIRECTION('',(-0.,1.,-0.));
#5763 = DIRECTION('',(0.,0.,-1.));
#5764 = DEFINITIONAL_REPRESENTATION('',(#5765),#5769);
#5765 = LINE('',#5766,#5767);
#5766 = CARTESIAN_POINT('',(-0.,1.));
#5767 = VECTOR('',#5768,1.);
#5768 = DIRECTION('',(-1.,0.));
#5769 = ( GEOMETRIC_REPRESENTATION_CONTEXT(2) 
PARAMETRIC_REPRESENTATION_CONTEXT() REPRESENTATION_CONTEXT('2D SPACE',''
  ) );
#5770 = ADVANCED_FACE('',(#5771),#1183,.F.);
#5771 = FACE_BOUND('',#5772,.T.);
#5772 = EDGE_LOOP('',(#5773,#5796,#5797,#5798,#5821,#5849,#5872,#5900,
    #5923,#5951));
#5773 = ORIENTED_EDGE('',*,*,#5774,.F.);
#5774 = EDGE_CURVE('',#1168,#5775,#5777,.T.);
#5775 = VERTEX_POINT('',#5776);
#5776 = CARTESIAN_POINT('',(-20.25,18.8,55.));
#5777 = SURFACE_CURVE('',#5778,(#5782,#5789),.PCURVE_S1.);
#5778 = LINE('',#5779,#5780);
#5779 = CARTESIAN_POINT('',(-20.25,17.3,55.));
#5780 = VECTOR('',#5781,1.);
#5781 = DIRECTION('',(-0.,1.,-0.));
#5782 = PCURVE('',#1183,#5783);
#5783 = DEFINITIONAL_REPRESENTATION('',(#5784),#5788);
#5784 = LINE('',#5785,#5786);
#5785 = CARTESIAN_POINT('',(-30.,-0.));
#5786 = VECTOR('',#5787,1.);
#5787 = DIRECTION('',(-0.,-1.));
#5788 = ( GEOMETRIC_REPRESENTATION_CONTEXT(2) 
PARAMETRIC_REPRESENTATION_CONTEXT() REPRESENTATION_CONTEXT('2D SPACE',''
  ) );
#5789 = PCURVE('',#1211,#5790);
#5790 = DEFINITIONAL_REPRESENTATION('',(#5791),#5795);
#5791 = LINE('',#5792,#5793);
#5792 = CARTESIAN_POINT('',(0.,-0.));
#5793 = VECTOR('',#5794,1.);
#5794 = DIRECTION('',(-0.,1.));
#5795 = ( GEOMETRIC_REPRESENTATION_CONTEXT(2) 
PARAMETRIC_REPRESENTATION_CONTEXT() REPRESENTATION_CONTEXT('2D SPACE',''
  ) );
#5796 = ORIENTED_EDGE('',*,*,#1167,.F.);
#5797 = ORIENTED_EDGE('',*,*,#5481,.T.);
#5798 = ORIENTED_EDGE('',*,*,#5799,.T.);
#5799 = EDGE_CURVE('',#5482,#5800,#5802,.T.);
#5800 = VERTEX_POINT('',#5801);
#5801 = CARTESIAN_POINT('',(-20.25,18.8,28.5));
#5802 = SURFACE_CURVE('',#5803,(#5807,#5814),.PCURVE_S1.);
#5803 = LINE('',#5804,#5805);
#5804 = CARTESIAN_POINT('',(-20.25,18.8,25.));
#5805 = VECTOR('',#5806,1.);
#5806 = DIRECTION('',(-0.,-0.,1.));
#5807 = PCURVE('',#1183,#5808);
#5808 = DEFINITIONAL_REPRESENTATION('',(#5809),#5813);
#5809 = LINE('',#5810,#5811);
#5810 = CARTESIAN_POINT('',(-0.,-1.5));
#5811 = VECTOR('',#5812,1.);
#5812 = DIRECTION('',(-1.,-0.));
#5813 = ( GEOMETRIC_REPRESENTATION_CONTEXT(2) 
PARAMETRIC_REPRESENTATION_CONTEXT() REPRESENTATION_CONTEXT('2D SPACE',''
  ) );
#5814 = PCURVE('',#5542,#5815);
#5815 = DEFINITIONAL_REPRESENTATION('',(#5816),#5820);
#5816 = LINE('',#5817,#5818);
#5817 = CARTESIAN_POINT('',(-0.,-0.));
#5818 = VECTOR('',#5819,1.);
#5819 = DIRECTION('',(-1.,0.));
#5820 = ( GEOMETRIC_REPRESENTATION_CONTEXT(2) 
PARAMETRIC_REPRESENTATION_CONTEXT() REPRESENTATION_CONTEXT('2D SPACE',''
  ) );
#5821 = ORIENTED_EDGE('',*,*,#5822,.T.);
#5822 = EDGE_CURVE('',#5800,#5823,#5825,.T.);
#5823 = VERTEX_POINT('',#5824);
#5824 = CARTESIAN_POINT('',(-20.25,18.8,31.5));
#5825 = SURFACE_CURVE('',#5826,(#5830,#5837),.PCURVE_S1.);
#5826 = LINE('',#5827,#5828);
#5827 = CARTESIAN_POINT('',(-20.25,18.8,25.));
#5828 = VECTOR('',#5829,1.);
#5829 = DIRECTION('',(-0.,-0.,1.));
#5830 = PCURVE('',#1183,#5831);
#5831 = DEFINITIONAL_REPRESENTATION('',(#5832),#5836);
#5832 = LINE('',#5833,#5834);
#5833 = CARTESIAN_POINT('',(-0.,-1.5));
#5834 = VECTOR('',#5835,1.);
#5835 = DIRECTION('',(-1.,-0.));
#5836 = ( GEOMETRIC_REPRESENTATION_CONTEXT(2) 
PARAMETRIC_REPRESENTATION_CONTEXT() REPRESENTATION_CONTEXT('2D SPACE',''
  ) );
#5837 = PCURVE('',#5838,#5843);
#5838 = PLANE('',#5839);
#5839 = AXIS2_PLACEMENT_3D('',#5840,#5841,#5842);
#5840 = CARTESIAN_POINT('',(-19.75,18.8,28.5));
#5841 = DIRECTION('',(-0.,1.,-0.));
#5842 = DIRECTION('',(0.,0.,-1.));
#5843 = DEFINITIONAL_REPRESENTATION('',(#5844),#5848);
#5844 = LINE('',#5845,#5846);
#5845 = CARTESIAN_POINT('',(3.5,0.5));
#5846 = VECTOR('',#5847,1.);
#5847 = DIRECTION('',(-1.,0.));
#5848 = ( GEOMETRIC_REPRESENTATION_CONTEXT(2) 
PARAMETRIC_REPRESENTATION_CONTEXT() REPRESENTATION_CONTEXT('2D SPACE',''
  ) );
#5849 = ORIENTED_EDGE('',*,*,#5850,.T.);
#5850 = EDGE_CURVE('',#5823,#5851,#5853,.T.);
#5851 = VERTEX_POINT('',#5852);
#5852 = CARTESIAN_POINT('',(-20.25,18.8,38.5));
#5853 = SURFACE_CURVE('',#5854,(#5858,#5865),.PCURVE_S1.);
#5854 = LINE('',#5855,#5856);
#5855 = CARTESIAN_POINT('',(-20.25,18.8,25.));
#5856 = VECTOR('',#5857,1.);
#5857 = DIRECTION('',(-0.,-0.,1.));
#5858 = PCURVE('',#1183,#5859);
#5859 = DEFINITIONAL_REPRESENTATION('',(#5860),#5864);
#5860 = LINE('',#5861,#5862);
#5861 = CARTESIAN_POINT('',(-0.,-1.5));
#5862 = VECTOR('',#5863,1.);
#5863 = DIRECTION('',(-1.,-0.));
#5864 = ( GEOMETRIC_REPRESENTATION_CONTEXT(2) 
PARAMETRIC_REPRESENTATION_CONTEXT() REPRESENTATION_CONTEXT('2D SPACE',''
  ) );
#5865 = PCURVE('',#5649,#5866);
#5866 = DEFINITIONAL_REPRESENTATION('',(#5867),#5871);
#5867 = LINE('',#5868,#5869);
#5868 = CARTESIAN_POINT('',(-0.,-0.));
#5869 = VECTOR('',#5870,1.);
#5870 = DIRECTION('',(-1.,0.));
#5871 = ( GEOMETRIC_REPRESENTATION_CONTEXT(2) 
PARAMETRIC_REPRESENTATION_CONTEXT() REPRESENTATION_CONTEXT('2D SPACE',''
  ) );
#5872 = ORIENTED_EDGE('',*,*,#5873,.T.);
#5873 = EDGE_CURVE('',#5851,#5874,#5876,.T.);
#5874 = VERTEX_POINT('',#5875);
#5875 = CARTESIAN_POINT('',(-20.25,18.8,41.5));
#5876 = SURFACE_CURVE('',#5877,(#5881,#5888),.PCURVE_S1.);
#5877 = LINE('',#5878,#5879);
#5878 = CARTESIAN_POINT('',(-20.25,18.8,25.));
#5879 = VECTOR('',#5880,1.);
#5880 = DIRECTION('',(-0.,-0.,1.));
#5881 = PCURVE('',#1183,#5882);
#5882 = DEFINITIONAL_REPRESENTATION('',(#5883),#5887);
#5883 = LINE('',#5884,#5885);
#5884 = CARTESIAN_POINT('',(-0.,-1.5));
#5885 = VECTOR('',#5886,1.);
#5886 = DIRECTION('',(-1.,-0.));
#5887 = ( GEOMETRIC_REPRESENTATION_CONTEXT(2) 
PARAMETRIC_REPRESENTATION_CONTEXT() REPRESENTATION_CONTEXT('2D SPACE',''
  ) );
#5888 = PCURVE('',#5889,#5894);
#5889 = PLANE('',#5890);
#5890 = AXIS2_PLACEMENT_3D('',#5891,#5892,#5893);
#5891 = CARTESIAN_POINT('',(-19.75,18.8,38.5));
#5892 = DIRECTION('',(-0.,1.,-0.));
#5893 = DIRECTION('',(0.,0.,-1.));
#5894 = DEFINITIONAL_REPRESENTATION('',(#5895),#5899);
#5895 = LINE('',#5896,#5897);
#5896 = CARTESIAN_POINT('',(13.5,0.5));
#5897 = VECTOR('',#5898,1.);
#5898 = DIRECTION('',(-1.,0.));
#5899 = ( GEOMETRIC_REPRESENTATION_CONTEXT(2) 
PARAMETRIC_REPRESENTATION_CONTEXT() REPRESENTATION_CONTEXT('2D SPACE',''
  ) );
#5900 = ORIENTED_EDGE('',*,*,#5901,.T.);
#5901 = EDGE_CURVE('',#5874,#5902,#5904,.T.);
#5902 = VERTEX_POINT('',#5903);
#5903 = CARTESIAN_POINT('',(-20.25,18.8,48.5));
#5904 = SURFACE_CURVE('',#5905,(#5909,#5916),.PCURVE_S1.);
#5905 = LINE('',#5906,#5907);
#5906 = CARTESIAN_POINT('',(-20.25,18.8,25.));
#5907 = VECTOR('',#5908,1.);
#5908 = DIRECTION('',(-0.,-0.,1.));
#5909 = PCURVE('',#1183,#5910);
#5910 = DEFINITIONAL_REPRESENTATION('',(#5911),#5915);
#5911 = LINE('',#5912,#5913);
#5912 = CARTESIAN_POINT('',(-0.,-1.5));
#5913 = VECTOR('',#5914,1.);
#5914 = DIRECTION('',(-1.,-0.));
#5915 = ( GEOMETRIC_REPRESENTATION_CONTEXT(2) 
PARAMETRIC_REPRESENTATION_CONTEXT() REPRESENTATION_CONTEXT('2D SPACE',''
  ) );
#5916 = PCURVE('',#5705,#5917);
#5917 = DEFINITIONAL_REPRESENTATION('',(#5918),#5922);
#5918 = LINE('',#5919,#5920);
#5919 = CARTESIAN_POINT('',(-0.,-0.));
#5920 = VECTOR('',#5921,1.);
#5921 = DIRECTION('',(-1.,0.));
#5922 = ( GEOMETRIC_REPRESENTATION_CONTEXT(2) 
PARAMETRIC_REPRESENTATION_CONTEXT() REPRESENTATION_CONTEXT('2D SPACE',''
  ) );
#5923 = ORIENTED_EDGE('',*,*,#5924,.T.);
#5924 = EDGE_CURVE('',#5902,#5925,#5927,.T.);
#5925 = VERTEX_POINT('',#5926);
#5926 = CARTESIAN_POINT('',(-20.25,18.8,51.5));
#5927 = SURFACE_CURVE('',#5928,(#5932,#5939),.PCURVE_S1.);
#5928 = LINE('',#5929,#5930);
#5929 = CARTESIAN_POINT('',(-20.25,18.8,25.));
#5930 = VECTOR('',#5931,1.);
#5931 = DIRECTION('',(-0.,-0.,1.));
#5932 = PCURVE('',#1183,#5933);
#5933 = DEFINITIONAL_REPRESENTATION('',(#5934),#5938);
#5934 = LINE('',#5935,#5936);
#5935 = CARTESIAN_POINT('',(-0.,-1.5));
#5936 = VECTOR('',#5937,1.);
#5937 = DIRECTION('',(-1.,-0.));
#5938 = ( GEOMETRIC_REPRESENTATION_CONTEXT(2) 
PARAMETRIC_REPRESENTATION_CONTEXT() REPRESENTATION_CONTEXT('2D SPACE',''
  ) );
#5939 = PCURVE('',#5940,#5945);
#5940 = PLANE('',#5941);
#5941 = AXIS2_PLACEMENT_3D('',#5942,#5943,#5944);
#5942 = CARTESIAN_POINT('',(-19.75,18.8,48.5));
#5943 = DIRECTION('',(-0.,1.,-0.));
#5944 = DIRECTION('',(0.,0.,-1.));
#5945 = DEFINITIONAL_REPRESENTATION('',(#5946),#5950);
#5946 = LINE('',#5947,#5948);
#5947 = CARTESIAN_POINT('',(23.5,0.5));
#5948 = VECTOR('',#5949,1.);
#5949 = DIRECTION('',(-1.,0.));
#5950 = ( GEOMETRIC_REPRESENTATION_CONTEXT(2) 
PARAMETRIC_REPRESENTATION_CONTEXT() REPRESENTATION_CONTEXT('2D SPACE',''
  ) );
#5951 = ORIENTED_EDGE('',*,*,#5952,.T.);
#5952 = EDGE_CURVE('',#5925,#5775,#5953,.T.);
#5953 = SURFACE_CURVE('',#5954,(#5958,#5965),.PCURVE_S1.);
#5954 = LINE('',#5955,#5956);
#5955 = CARTESIAN_POINT('',(-20.25,18.8,25.));
#5956 = VECTOR('',#5957,1.);
#5957 = DIRECTION('',(-0.,-0.,1.));
#5958 = PCURVE('',#1183,#5959);
#5959 = DEFINITIONAL_REPRESENTATION('',(#5960),#5964);
#5960 = LINE('',#5961,#5962);
#5961 = CARTESIAN_POINT('',(-0.,-1.5));
#5962 = VECTOR('',#5963,1.);
#5963 = DIRECTION('',(-1.,-0.));
#5964 = ( GEOMETRIC_REPRESENTATION_CONTEXT(2) 
PARAMETRIC_REPRESENTATION_CONTEXT() REPRESENTATION_CONTEXT('2D SPACE',''
  ) );
#5965 = PCURVE('',#5759,#5966);
#5966 = DEFINITIONAL_REPRESENTATION('',(#5967),#5971);
#5967 = LINE('',#5968,#5969);
#5968 = CARTESIAN_POINT('',(-0.,-0.));
#5969 = VECTOR('',#5970,1.);
#5970 = DIRECTION('',(-1.,0.));
#5971 = ( GEOMETRIC_REPRESENTATION_CONTEXT(2) 
PARAMETRIC_REPRESENTATION_CONTEXT() REPRESENTATION_CONTEXT('2D SPACE',''
  ) );
#5972 = ADVANCED_FACE('',(#5973),#1211,.T.);
#5973 = FACE_BOUND('',#5974,.F.);
#5974 = EDGE_LOOP('',(#5975,#5976,#5977,#5978));
#5975 = ORIENTED_EDGE('',*,*,#5774,.F.);
#5976 = ORIENTED_EDGE('',*,*,#1195,.F.);
#5977 = ORIENTED_EDGE('',*,*,#5557,.T.);
#5978 = ORIENTED_EDGE('',*,*,#5979,.F.);
#5979 = EDGE_CURVE('',#5775,#5558,#5980,.T.);
#5980 = SURFACE_CURVE('',#5981,(#5985,#5992),.PCURVE_S1.);
#5981 = LINE('',#5982,#5983);
#5982 = CARTESIAN_POINT('',(-20.25,18.8,55.));
#5983 = VECTOR('',#5984,1.);
#5984 = DIRECTION('',(-1.,-0.,-0.));
#5985 = PCURVE('',#1211,#5986);
#5986 = DEFINITIONAL_REPRESENTATION('',(#5987),#5991);
#5987 = LINE('',#5988,#5989);
#5988 = CARTESIAN_POINT('',(0.,1.5));
#5989 = VECTOR('',#5990,1.);
#5990 = DIRECTION('',(-1.,0.));
#5991 = ( GEOMETRIC_REPRESENTATION_CONTEXT(2) 
PARAMETRIC_REPRESENTATION_CONTEXT() REPRESENTATION_CONTEXT('2D SPACE',''
  ) );
#5992 = PCURVE('',#5759,#5993);
#5993 = DEFINITIONAL_REPRESENTATION('',(#5994),#5998);
#5994 = LINE('',#5995,#5996);
#5995 = CARTESIAN_POINT('',(-30.,-0.));
#5996 = VECTOR('',#5997,1.);
#5997 = DIRECTION('',(-0.,1.));
#5998 = ( GEOMETRIC_REPRESENTATION_CONTEXT(2) 
PARAMETRIC_REPRESENTATION_CONTEXT() REPRESENTATION_CONTEXT('2D SPACE',''
  ) );
#5999 = ADVANCED_FACE('',(#6000),#1268,.F.);
#6000 = FACE_BOUND('',#6001,.T.);
#6001 = EDGE_LOOP('',(#6002,#6003,#6026,#6057));
#6002 = ORIENTED_EDGE('',*,*,#1251,.F.);
#6003 = ORIENTED_EDGE('',*,*,#6004,.F.);
#6004 = EDGE_CURVE('',#6005,#1252,#6007,.T.);
#6005 = VERTEX_POINT('',#6006);
#6006 = CARTESIAN_POINT('',(-20.65,15.35,6.7));
#6007 = SEAM_CURVE('',#6008,(#6012,#6019),.PCURVE_S1.);
#6008 = LINE('',#6009,#6010);
#6009 = CARTESIAN_POINT('',(-20.65,15.35,6.7));
#6010 = VECTOR('',#6011,1.);
#6011 = DIRECTION('',(-0.,1.,-0.));
#6012 = PCURVE('',#1268,#6013);
#6013 = DEFINITIONAL_REPRESENTATION('',(#6014),#6018);
#6014 = LINE('',#6015,#6016);
#6015 = CARTESIAN_POINT('',(-6.28318530718,-0.));
#6016 = VECTOR('',#6017,1.);
#6017 = DIRECTION('',(-0.,1.));
#6018 = ( GEOMETRIC_REPRESENTATION_CONTEXT(2) 
PARAMETRIC_REPRESENTATION_CONTEXT() REPRESENTATION_CONTEXT('2D SPACE',''
  ) );
#6019 = PCURVE('',#1268,#6020);
#6020 = DEFINITIONAL_REPRESENTATION('',(#6021),#6025);
#6021 = LINE('',#6022,#6023);
#6022 = CARTESIAN_POINT('',(-0.,-0.));
#6023 = VECTOR('',#6024,1.);
#6024 = DIRECTION('',(-0.,1.));
#6025 = ( GEOMETRIC_REPRESENTATION_CONTEXT(2) 
PARAMETRIC_REPRESENTATION_CONTEXT() REPRESENTATION_CONTEXT('2D SPACE',''
  ) );
#6026 = ORIENTED_EDGE('',*,*,#6027,.T.);
#6027 = EDGE_CURVE('',#6005,#6005,#6028,.T.);
#6028 = SURFACE_CURVE('',#6029,(#6034,#6041),.PCURVE_S1.);
#6029 = CIRCLE('',#6030,2.1);
#6030 = AXIS2_PLACEMENT_3D('',#6031,#6032,#6033);
#6031 = CARTESIAN_POINT('',(-20.65,15.35,4.6));
#6032 = DIRECTION('',(0.,-1.,0.));
#6033 = DIRECTION('',(-0.,-0.,1.));
#6034 = PCURVE('',#1268,#6035);
#6035 = DEFINITIONAL_REPRESENTATION('',(#6036),#6040);
#6036 = LINE('',#6037,#6038);
#6037 = CARTESIAN_POINT('',(-0.,0.));
#6038 = VECTOR('',#6039,1.);
#6039 = DIRECTION('',(-1.,0.));
#6040 = ( GEOMETRIC_REPRESENTATION_CONTEXT(2) 
PARAMETRIC_REPRESENTATION_CONTEXT() REPRESENTATION_CONTEXT('2D SPACE',''
  ) );
#6041 = PCURVE('',#6042,#6047);
#6042 = PLANE('',#6043);
#6043 = AXIS2_PLACEMENT_3D('',#6044,#6045,#6046);
#6044 = CARTESIAN_POINT('',(-20.65,15.35,4.6));
#6045 = DIRECTION('',(-0.,1.,-0.));
#6046 = DIRECTION('',(0.,0.,-1.));
#6047 = DEFINITIONAL_REPRESENTATION('',(#6048),#6056);
#6048 = ( BOUNDED_CURVE() B_SPLINE_CURVE(2,(#6049,#6050,#6051,#6052,
#6053,#6054,#6055),.UNSPECIFIED.,.T.,.F.) B_SPLINE_CURVE_WITH_KNOTS((1,2
    ,2,2,2,1),(-2.094395102393,0.,2.094395102393,4.188790204786,
6.28318530718,8.377580409573),.UNSPECIFIED.) CURVE() 
GEOMETRIC_REPRESENTATION_ITEM() RATIONAL_B_SPLINE_CURVE((1.,0.5,1.,0.5,
1.,0.5,1.)) REPRESENTATION_ITEM('') );
#6049 = CARTESIAN_POINT('',(-2.1,0.));
#6050 = CARTESIAN_POINT('',(-2.1,3.637306695895));
#6051 = CARTESIAN_POINT('',(1.05,1.818653347947));
#6052 = CARTESIAN_POINT('',(4.2,5.143516556419E-16));
#6053 = CARTESIAN_POINT('',(1.05,-1.818653347947));
#6054 = CARTESIAN_POINT('',(-2.1,-3.637306695895));
#6055 = CARTESIAN_POINT('',(-2.1,0.));
#6056 = ( GEOMETRIC_REPRESENTATION_CONTEXT(2) 
PARAMETRIC_REPRESENTATION_CONTEXT() REPRESENTATION_CONTEXT('2D SPACE',''
  ) );
#6057 = ORIENTED_EDGE('',*,*,#6004,.T.);
#6058 = ADVANCED_FACE('',(#6059),#1548,.T.);
#6059 = FACE_BOUND('',#6060,.F.);
#6060 = EDGE_LOOP('',(#6061,#6084,#6085,#6086));
#6061 = ORIENTED_EDGE('',*,*,#6062,.T.);
#6062 = EDGE_CURVE('',#6063,#1531,#6065,.T.);
#6063 = VERTEX_POINT('',#6064);
#6064 = CARTESIAN_POINT('',(24.,0.65,157.));
#6065 = SURFACE_CURVE('',#6066,(#6070,#6077),.PCURVE_S1.);
#6066 = LINE('',#6067,#6068);
#6067 = CARTESIAN_POINT('',(24.,0.,157.));
#6068 = VECTOR('',#6069,1.);
#6069 = DIRECTION('',(-0.,1.,-0.));
#6070 = PCURVE('',#1548,#6071);
#6071 = DEFINITIONAL_REPRESENTATION('',(#6072),#6076);
#6072 = LINE('',#6073,#6074);
#6073 = CARTESIAN_POINT('',(-0.,0.));
#6074 = VECTOR('',#6075,1.);
#6075 = DIRECTION('',(-0.,-1.));
#6076 = ( GEOMETRIC_REPRESENTATION_CONTEXT(2) 
PARAMETRIC_REPRESENTATION_CONTEXT() REPRESENTATION_CONTEXT('2D SPACE',''
  ) );
#6077 = PCURVE('',#1785,#6078);
#6078 = DEFINITIONAL_REPRESENTATION('',(#6079),#6083);
#6079 = LINE('',#6080,#6081);
#6080 = CARTESIAN_POINT('',(-1.570796318693,0.));
#6081 = VECTOR('',#6082,1.);
#6082 = DIRECTION('',(-0.,-1.));
#6083 = ( GEOMETRIC_REPRESENTATION_CONTEXT(2) 
PARAMETRIC_REPRESENTATION_CONTEXT() REPRESENTATION_CONTEXT('2D SPACE',''
  ) );
#6084 = ORIENTED_EDGE('',*,*,#1530,.T.);
#6085 = ORIENTED_EDGE('',*,*,#2204,.F.);
#6086 = ORIENTED_EDGE('',*,*,#6087,.F.);
#6087 = EDGE_CURVE('',#6063,#2205,#6088,.T.);
#6088 = SURFACE_CURVE('',#6089,(#6093,#6100),.PCURVE_S1.);
#6089 = LINE('',#6090,#6091);
#6090 = CARTESIAN_POINT('',(24.,0.65,157.));
#6091 = VECTOR('',#6092,1.);
#6092 = DIRECTION('',(2.284703330418E-17,0.,-1.));
#6093 = PCURVE('',#1548,#6094);
#6094 = DEFINITIONAL_REPRESENTATION('',(#6095),#6099);
#6095 = LINE('',#6096,#6097);
#6096 = CARTESIAN_POINT('',(-0.,-0.65));
#6097 = VECTOR('',#6098,1.);
#6098 = DIRECTION('',(-1.,-0.));
#6099 = ( GEOMETRIC_REPRESENTATION_CONTEXT(2) 
PARAMETRIC_REPRESENTATION_CONTEXT() REPRESENTATION_CONTEXT('2D SPACE',''
  ) );
#6100 = PCURVE('',#2274,#6101);
#6101 = DEFINITIONAL_REPRESENTATION('',(#6102),#6106);
#6102 = LINE('',#6103,#6104);
#6103 = CARTESIAN_POINT('',(0.,0.));
#6104 = VECTOR('',#6105,1.);
#6105 = DIRECTION('',(0.,1.));
#6106 = ( GEOMETRIC_REPRESENTATION_CONTEXT(2) 
PARAMETRIC_REPRESENTATION_CONTEXT() REPRESENTATION_CONTEXT('2D SPACE',''
  ) );
#6107 = ADVANCED_FACE('',(#6108),#1785,.T.);
#6108 = FACE_BOUND('',#6109,.F.);
#6109 = EDGE_LOOP('',(#6110,#6111,#6112,#6113));
#6110 = ORIENTED_EDGE('',*,*,#4477,.T.);
#6111 = ORIENTED_EDGE('',*,*,#1766,.T.);
#6112 = ORIENTED_EDGE('',*,*,#6062,.F.);
#6113 = ORIENTED_EDGE('',*,*,#6114,.F.);
#6114 = EDGE_CURVE('',#4331,#6063,#6115,.T.);
#6115 = SURFACE_CURVE('',#6116,(#6121,#6128),.PCURVE_S1.);
#6116 = CIRCLE('',#6117,5.000000020256);
#6117 = AXIS2_PLACEMENT_3D('',#6118,#6119,#6120);
#6118 = CARTESIAN_POINT('',(18.999999979744,0.65,156.99999997974));
#6119 = DIRECTION('',(0.,1.,0.));
#6120 = DIRECTION('',(4.05112954873E-09,-0.,1.));
#6121 = PCURVE('',#1785,#6122);
#6122 = DEFINITIONAL_REPRESENTATION('',(#6123),#6127);
#6123 = LINE('',#6124,#6125);
#6124 = CARTESIAN_POINT('',(-0.,-0.65));
#6125 = VECTOR('',#6126,1.);
#6126 = DIRECTION('',(-1.,0.));
#6127 = ( GEOMETRIC_REPRESENTATION_CONTEXT(2) 
PARAMETRIC_REPRESENTATION_CONTEXT() REPRESENTATION_CONTEXT('2D SPACE',''
  ) );
#6128 = PCURVE('',#2450,#6129);
#6129 = DEFINITIONAL_REPRESENTATION('',(#6130),#6134);
#6130 = LINE('',#6131,#6132);
#6131 = CARTESIAN_POINT('',(-0.,0.));
#6132 = VECTOR('',#6133,1.);
#6133 = DIRECTION('',(-1.,0.));
#6134 = ( GEOMETRIC_REPRESENTATION_CONTEXT(2) 
PARAMETRIC_REPRESENTATION_CONTEXT() REPRESENTATION_CONTEXT('2D SPACE',''
  ) );
#6135 = ADVANCED_FACE('',(#6136),#1731,.T.);
#6136 = FACE_BOUND('',#6137,.F.);
#6137 = EDGE_LOOP('',(#6138,#6159,#6160,#6161));
#6138 = ORIENTED_EDGE('',*,*,#6139,.F.);
#6139 = EDGE_CURVE('',#4117,#4428,#6140,.T.);
#6140 = SURFACE_CURVE('',#6141,(#6145,#6152),.PCURVE_S1.);
#6141 = LINE('',#6142,#6143);
#6142 = CARTESIAN_POINT('',(13.,16.,155.2));
#6143 = VECTOR('',#6144,1.);
#6144 = DIRECTION('',(-0.,-0.,1.));
#6145 = PCURVE('',#1731,#6146);
#6146 = DEFINITIONAL_REPRESENTATION('',(#6147),#6151);
#6147 = LINE('',#6148,#6149);
#6148 = CARTESIAN_POINT('',(-5.8,0.));
#6149 = VECTOR('',#6150,1.);
#6150 = DIRECTION('',(-0.,-1.));
#6151 = ( GEOMETRIC_REPRESENTATION_CONTEXT(2) 
PARAMETRIC_REPRESENTATION_CONTEXT() REPRESENTATION_CONTEXT('2D SPACE',''
  ) );
#6152 = PCURVE('',#4137,#6153);
#6153 = DEFINITIONAL_REPRESENTATION('',(#6154),#6158);
#6154 = LINE('',#6155,#6156);
#6155 = CARTESIAN_POINT('',(1.570796326795,0.));
#6156 = VECTOR('',#6157,1.);
#6157 = DIRECTION('',(0.,1.));
#6158 = ( GEOMETRIC_REPRESENTATION_CONTEXT(2) 
PARAMETRIC_REPRESENTATION_CONTEXT() REPRESENTATION_CONTEXT('2D SPACE',''
  ) );
#6159 = ORIENTED_EDGE('',*,*,#4149,.T.);
#6160 = ORIENTED_EDGE('',*,*,#1715,.T.);
#6161 = ORIENTED_EDGE('',*,*,#4455,.F.);
#6162 = ADVANCED_FACE('',(#6163),#1680,.F.);
#6163 = FACE_BOUND('',#6164,.F.);
#6164 = EDGE_LOOP('',(#6165,#6166,#6194,#6215,#6216,#6217));
#6165 = ORIENTED_EDGE('',*,*,#4255,.F.);
#6166 = ORIENTED_EDGE('',*,*,#6167,.T.);
#6167 = EDGE_CURVE('',#4008,#6168,#6170,.T.);
#6168 = VERTEX_POINT('',#6169);
#6169 = CARTESIAN_POINT('',(18.3,3.,155.));
#6170 = SURFACE_CURVE('',#6171,(#6176,#6183),.PCURVE_S1.);
#6171 = CIRCLE('',#6172,4.);
#6172 = AXIS2_PLACEMENT_3D('',#6173,#6174,#6175);
#6173 = CARTESIAN_POINT('',(14.3,3.,155.));
#6174 = DIRECTION('',(0.,1.,0.));
#6175 = DIRECTION('',(-0.,-0.,1.));
#6176 = PCURVE('',#1680,#6177);
#6177 = DEFINITIONAL_REPRESENTATION('',(#6178),#6182);
#6178 = LINE('',#6179,#6180);
#6179 = CARTESIAN_POINT('',(0.,0.));
#6180 = VECTOR('',#6181,1.);
#6181 = DIRECTION('',(1.,0.));
#6182 = ( GEOMETRIC_REPRESENTATION_CONTEXT(2) 
PARAMETRIC_REPRESENTATION_CONTEXT() REPRESENTATION_CONTEXT('2D SPACE',''
  ) );
#6183 = PCURVE('',#3572,#6184);
#6184 = DEFINITIONAL_REPRESENTATION('',(#6185),#6193);
#6185 = ( BOUNDED_CURVE() B_SPLINE_CURVE(2,(#6186,#6187,#6188,#6189,
#6190,#6191,#6192),.UNSPECIFIED.,.T.,.F.) B_SPLINE_CURVE_WITH_KNOTS((1,2
    ,2,2,2,1),(-2.094395102393,0.,2.094395102393,4.188790204786,
6.28318530718,8.377580409573),.UNSPECIFIED.) CURVE() 
GEOMETRIC_REPRESENTATION_ITEM() RATIONAL_B_SPLINE_CURVE((1.,0.5,1.,0.5,
1.,0.5,1.)) REPRESENTATION_ITEM('') );
#6186 = CARTESIAN_POINT('',(78.,-14.3));
#6187 = CARTESIAN_POINT('',(78.,-21.22820323027));
#6188 = CARTESIAN_POINT('',(72.,-17.76410161513));
#6189 = CARTESIAN_POINT('',(66.,-14.3));
#6190 = CARTESIAN_POINT('',(72.,-10.83589838486));
#6191 = CARTESIAN_POINT('',(78.,-7.371796769724));
#6192 = CARTESIAN_POINT('',(78.,-14.3));
#6193 = ( GEOMETRIC_REPRESENTATION_CONTEXT(2) 
PARAMETRIC_REPRESENTATION_CONTEXT() REPRESENTATION_CONTEXT('2D SPACE',''
  ) );
#6194 = ORIENTED_EDGE('',*,*,#6195,.T.);
#6195 = EDGE_CURVE('',#6168,#1636,#6196,.T.);
#6196 = SURFACE_CURVE('',#6197,(#6201,#6208),.PCURVE_S1.);
#6197 = LINE('',#6198,#6199);
#6198 = CARTESIAN_POINT('',(18.3,3.,155.));
#6199 = VECTOR('',#6200,1.);
#6200 = DIRECTION('',(-0.,1.,-0.));
#6201 = PCURVE('',#1680,#6202);
#6202 = DEFINITIONAL_REPRESENTATION('',(#6203),#6207);
#6203 = LINE('',#6204,#6205);
#6204 = CARTESIAN_POINT('',(1.570796326795,0.));
#6205 = VECTOR('',#6206,1.);
#6206 = DIRECTION('',(0.,1.));
#6207 = ( GEOMETRIC_REPRESENTATION_CONTEXT(2) 
PARAMETRIC_REPRESENTATION_CONTEXT() REPRESENTATION_CONTEXT('2D SPACE',''
  ) );
#6208 = PCURVE('',#1651,#6209);
#6209 = DEFINITIONAL_REPRESENTATION('',(#6210),#6214);
#6210 = LINE('',#6211,#6212);
#6211 = CARTESIAN_POINT('',(-4.,0.));
#6212 = VECTOR('',#6213,1.);
#6213 = DIRECTION('',(-0.,-1.));
#6214 = ( GEOMETRIC_REPRESENTATION_CONTEXT(2) 
PARAMETRIC_REPRESENTATION_CONTEXT() REPRESENTATION_CONTEXT('2D SPACE',''
  ) );
#6215 = ORIENTED_EDGE('',*,*,#1663,.T.);
#6216 = ORIENTED_EDGE('',*,*,#4171,.F.);
#6217 = ORIENTED_EDGE('',*,*,#6218,.T.);
#6218 = EDGE_CURVE('',#4172,#4228,#6219,.T.);
#6219 = SURFACE_CURVE('',#6220,(#6253,#6289),.PCURVE_S1.);
#6220 = B_SPLINE_CURVE_WITH_KNOTS('',6,(#6221,#6222,#6223,#6224,#6225,
    #6226,#6227,#6228,#6229,#6230,#6231,#6232,#6233,#6234,#6235,#6236,
    #6237,#6238,#6239,#6240,#6241,#6242,#6243,#6244,#6245,#6246,#6247,
    #6248,#6249,#6250,#6251,#6252),.UNSPECIFIED.,.F.,.F.,(7,5,5,5,5,5,7)
  ,(0.,7.3176095013E-02,0.278332080937,0.499999471975,0.721768767659,
    0.927200483063,1.),.UNSPECIFIED.);
#6221 = CARTESIAN_POINT('',(14.3,13.756327994199,159.));
#6222 = CARTESIAN_POINT('',(14.386396478452,13.680427173149,159.));
#6223 = CARTESIAN_POINT('',(14.469939526981,13.602808167087,
    158.99776072554));
#6224 = CARTESIAN_POINT('',(14.550618896587,13.523619137348,
    158.99355936565));
#6225 = CARTESIAN_POINT('',(14.628436191881,13.443001349407,
    158.98765068869));
#6226 = CARTESIAN_POINT('',(14.703402915854,13.361088126253,
    158.98026936664));
#6227 = CARTESIAN_POINT('',(14.97777737272,13.04506917326,
    158.94741747808));
#6228 = CARTESIAN_POINT('',(15.157881656462,12.802793146951,
    158.91331856236));
#6229 = CARTESIAN_POINT('',(15.316775309975,12.553270016709,
    158.87402114089));
#6230 = CARTESIAN_POINT('',(15.455468768807,12.297906920198,
    158.83296600934));
#6231 = CARTESIAN_POINT('',(15.57479705113,12.037528914263,
    158.79293242945));
#6232 = CARTESIAN_POINT('',(15.783791595089,11.486295518635,
    158.71641260241));
#6233 = CARTESIAN_POINT('',(15.870399632945,11.194403920396,
    158.68043478513));
#6234 = CARTESIAN_POINT('',(15.935181939085,10.898589926394,
    158.65120789154));
#6235 = CARTESIAN_POINT('',(15.978354222051,10.60019130676,
    158.63093594186));
#6236 = CARTESIAN_POINT('',(16.,10.300319523952,158.62077339804));
#6237 = CARTESIAN_POINT('',(16.,9.699542413545,158.62077339804));
#6238 = CARTESIAN_POINT('',(15.978334316031,9.399533604227,
    158.6309452861));
#6239 = CARTESIAN_POINT('',(15.935122552033,9.101000025791,
    158.65123578118));
#6240 = CARTESIAN_POINT('',(15.870280969059,8.8050543713,158.68048830669
    ));
#6241 = CARTESIAN_POINT('',(15.783593305607,8.513036098868,
    158.71649498755));
#6242 = CARTESIAN_POINT('',(15.574316479153,7.961338613038,
    158.79309929287));
#6243 = CARTESIAN_POINT('',(15.454755130932,7.700630393879,
    158.83319449143));
#6244 = CARTESIAN_POINT('',(15.315774706747,7.444952511211,
    158.8743056935));
#6245 = CARTESIAN_POINT('',(15.156535566183,7.195134089705,
    158.91364093617));
#6246 = CARTESIAN_POINT('',(14.976022293074,6.952590652719,
    158.94774242579));
#6247 = CARTESIAN_POINT('',(14.701472158559,6.636803396715,
    158.98045899951));
#6248 = CARTESIAN_POINT('',(14.626833101698,6.555338568597,
    158.98777210493));
#6249 = CARTESIAN_POINT('',(14.549372415969,6.47515774357,158.9936241136
    ));
#6250 = CARTESIAN_POINT('',(14.469078992471,6.396392423731,
    158.99778373494));
#6251 = CARTESIAN_POINT('',(14.385951442313,6.319181854801,159.));
#6252 = CARTESIAN_POINT('',(14.3,6.243672005801,159.));
#6253 = PCURVE('',#1680,#6254);
#6254 = DEFINITIONAL_REPRESENTATION('',(#6255),#6288);
#6255 = B_SPLINE_CURVE_WITH_KNOTS('',6,(#6256,#6257,#6258,#6259,#6260,
    #6261,#6262,#6263,#6264,#6265,#6266,#6267,#6268,#6269,#6270,#6271,
    #6272,#6273,#6274,#6275,#6276,#6277,#6278,#6279,#6280,#6281,#6282,
    #6283,#6284,#6285,#6286,#6287),.UNSPECIFIED.,.F.,.F.,(7,5,5,5,5,5,7)
  ,(0.,7.3176095013E-02,0.278332080937,0.499999471975,0.721768767659,
    0.927200483063,1.),.UNSPECIFIED.);
#6256 = CARTESIAN_POINT('',(0.,10.756327994199));
#6257 = CARTESIAN_POINT('',(2.159911961299E-02,10.680427173149));
#6258 = CARTESIAN_POINT('',(4.248489110022E-02,10.602808167087));
#6259 = CARTESIAN_POINT('',(6.267284404105E-02,10.523619137348));
#6260 = CARTESIAN_POINT('',(8.217562170505E-02,10.443001349407));
#6261 = CARTESIAN_POINT('',(0.10100376037,10.361088126253));
#6262 = CARTESIAN_POINT('',(0.17008730995,10.04506917326));
#6263 = CARTESIAN_POINT('',(0.21580776773,9.802793146951));
#6264 = CARTESIAN_POINT('',(0.25665380888,9.553270016709));
#6265 = CARTESIAN_POINT('',(0.292775635327,9.297906920198));
#6266 = CARTESIAN_POINT('',(0.324230325049,9.037528914263));
#6267 = CARTESIAN_POINT('',(0.379870914625,8.486295518635));
#6268 = CARTESIAN_POINT('',(0.403295278727,8.194403920396));
#6269 = CARTESIAN_POINT('',(0.421059655146,7.898589926394));
#6270 = CARTESIAN_POINT('',(0.432983803567,7.60019130676));
#6271 = CARTESIAN_POINT('',(0.43896188561,7.300319523952));
#6272 = CARTESIAN_POINT('',(0.43896188561,6.699542413545));
#6273 = CARTESIAN_POINT('',(0.432978306342,6.399533604227));
#6274 = CARTESIAN_POINT('',(0.421043251603,6.101000025791));
#6275 = CARTESIAN_POINT('',(0.403262740975,5.8050543713));
#6276 = CARTESIAN_POINT('',(0.379817283099,5.513036098868));
#6277 = CARTESIAN_POINT('',(0.324103163657,4.961338613038));
#6278 = CARTESIAN_POINT('',(0.29258839203,4.700630393879));
#6279 = CARTESIAN_POINT('',(0.256394023131,4.444952511211));
#6280 = CARTESIAN_POINT('',(0.215462313279,4.195134089705));
#6281 = CARTESIAN_POINT('',(0.169642001955,3.952590652719));
#6282 = CARTESIAN_POINT('',(0.100518855254,3.636803396715));
#6283 = CARTESIAN_POINT('',(8.177385627954E-02,3.555338568597));
#6284 = CARTESIAN_POINT('',(6.236094558896E-02,3.47515774357));
#6285 = CARTESIAN_POINT('',(4.226975718235E-02,3.396392423731));
#6286 = CARTESIAN_POINT('',(2.148786057831E-02,3.319181854801));
#6287 = CARTESIAN_POINT('',(0.,3.243672005801));
#6288 = ( GEOMETRIC_REPRESENTATION_CONTEXT(2) 
PARAMETRIC_REPRESENTATION_CONTEXT() REPRESENTATION_CONTEXT('2D SPACE',''
  ) );
#6289 = PCURVE('',#4215,#6290);
#6290 = DEFINITIONAL_REPRESENTATION('',(#6291),#6324);
#6291 = B_SPLINE_CURVE_WITH_KNOTS('',6,(#6292,#6293,#6294,#6295,#6296,
    #6297,#6298,#6299,#6300,#6301,#6302,#6303,#6304,#6305,#6306,#6307,
    #6308,#6309,#6310,#6311,#6312,#6313,#6314,#6315,#6316,#6317,#6318,
    #6319,#6320,#6321,#6322,#6323),.UNSPECIFIED.,.F.,.F.,(7,5,5,5,5,5,7)
  ,(0.,7.3176095013E-02,0.278332080937,0.499999471975,0.721768767659,
    0.927200483063,1.),.UNSPECIFIED.);
#6292 = CARTESIAN_POINT('',(-2.291615087665,4.));
#6293 = CARTESIAN_POINT('',(-2.314615336468,4.));
#6294 = CARTESIAN_POINT('',(-2.337413647191,3.997760725549));
#6295 = CARTESIAN_POINT('',(-2.360010832408,3.993559365657));
#6296 = CARTESIAN_POINT('',(-2.382408447428,3.987650688695));
#6297 = CARTESIAN_POINT('',(-2.404608758671,3.980269366642));
#6298 = CARTESIAN_POINT('',(-2.488310448315,3.947417478087));
#6299 = CARTESIAN_POINT('',(-2.548514654936,3.913318562365));
#6300 = CARTESIAN_POINT('',(-2.607454855714,3.874021140891));
#6301 = CARTESIAN_POINT('',(-2.665371699726,3.832966009349));
#6302 = CARTESIAN_POINT('',(-2.722525745654,3.792932429456));
#6303 = CARTESIAN_POINT('',(-2.840430279216,3.716412602417));
#6304 = CARTESIAN_POINT('',(-2.901157696711,3.680434785132));
#6305 = CARTESIAN_POINT('',(-2.96148452323,3.65120789154));
#6306 = CARTESIAN_POINT('',(-3.021554421344,3.630935941864));
#6307 = CARTESIAN_POINT('',(-3.081528748799,3.620773398046));
#6308 = CARTESIAN_POINT('',(-3.201684170881,3.620773398046));
#6309 = CARTESIAN_POINT('',(-3.261685903608,3.6309452861));
#6310 = CARTESIAN_POINT('',(-3.321783331747,3.65123578118));
#6311 = CARTESIAN_POINT('',(-3.382138086112,3.680488306691));
#6312 = CARTESIAN_POINT('',(-3.44289408067,3.716494987557));
#6313 = CARTESIAN_POINT('',(-3.560905420119,3.793099292877));
#6314 = CARTESIAN_POINT('',(-3.618138396154,3.833194491439));
#6315 = CARTESIAN_POINT('',(-3.676137123092,3.874305693507));
#6316 = CARTESIAN_POINT('',(-3.735163271444,3.91364093617));
#6317 = CARTESIAN_POINT('',(-3.795458387626,3.947742425799));
#6318 = CARTESIAN_POINT('',(-3.879148140264,3.980458999514));
#6319 = CARTESIAN_POINT('',(-3.901238166778,3.987772104936));
#6320 = CARTESIAN_POINT('',(-3.923523550896,3.993624113605));
#6321 = CARTESIAN_POINT('',(-3.946006479942,3.997783734946));
#6322 = CARTESIAN_POINT('',(-3.968688447091,4.));
#6323 = CARTESIAN_POINT('',(-3.991570219515,4.));
#6324 = ( GEOMETRIC_REPRESENTATION_CONTEXT(2) 
PARAMETRIC_REPRESENTATION_CONTEXT() REPRESENTATION_CONTEXT('2D SPACE',''
  ) );
#6325 = ADVANCED_FACE('',(#6326),#1651,.F.);
#6326 = FACE_BOUND('',#6327,.T.);
#6327 = EDGE_LOOP('',(#6328,#6351,#6352,#6353));
#6328 = ORIENTED_EDGE('',*,*,#6329,.F.);
#6329 = EDGE_CURVE('',#6168,#6330,#6332,.T.);
#6330 = VERTEX_POINT('',#6331);
#6331 = CARTESIAN_POINT('',(18.3,3.,7.));
#6332 = SURFACE_CURVE('',#6333,(#6337,#6344),.PCURVE_S1.);
#6333 = LINE('',#6334,#6335);
#6334 = CARTESIAN_POINT('',(18.3,3.,159.));
#6335 = VECTOR('',#6336,1.);
#6336 = DIRECTION('',(-0.,-0.,-1.));
#6337 = PCURVE('',#1651,#6338);
#6338 = DEFINITIONAL_REPRESENTATION('',(#6339),#6343);
#6339 = LINE('',#6340,#6341);
#6340 = CARTESIAN_POINT('',(-0.,-0.));
#6341 = VECTOR('',#6342,1.);
#6342 = DIRECTION('',(-1.,0.));
#6343 = ( GEOMETRIC_REPRESENTATION_CONTEXT(2) 
PARAMETRIC_REPRESENTATION_CONTEXT() REPRESENTATION_CONTEXT('2D SPACE',''
  ) );
#6344 = PCURVE('',#3572,#6345);
#6345 = DEFINITIONAL_REPRESENTATION('',(#6346),#6350);
#6346 = LINE('',#6347,#6348);
#6347 = CARTESIAN_POINT('',(78.,-18.3));
#6348 = VECTOR('',#6349,1.);
#6349 = DIRECTION('',(-1.,0.));
#6350 = ( GEOMETRIC_REPRESENTATION_CONTEXT(2) 
PARAMETRIC_REPRESENTATION_CONTEXT() REPRESENTATION_CONTEXT('2D SPACE',''
  ) );
#6351 = ORIENTED_EDGE('',*,*,#6195,.T.);
#6352 = ORIENTED_EDGE('',*,*,#1635,.T.);
#6353 = ORIENTED_EDGE('',*,*,#6354,.F.);
#6354 = EDGE_CURVE('',#6330,#1607,#6355,.T.);
#6355 = SURFACE_CURVE('',#6356,(#6360,#6367),.PCURVE_S1.);
#6356 = LINE('',#6357,#6358);
#6357 = CARTESIAN_POINT('',(18.3,3.,7.));
#6358 = VECTOR('',#6359,1.);
#6359 = DIRECTION('',(-0.,1.,-0.));
#6360 = PCURVE('',#1651,#6361);
#6361 = DEFINITIONAL_REPRESENTATION('',(#6362),#6366);
#6362 = LINE('',#6363,#6364);
#6363 = CARTESIAN_POINT('',(-152.,0.));
#6364 = VECTOR('',#6365,1.);
#6365 = DIRECTION('',(-0.,-1.));
#6366 = ( GEOMETRIC_REPRESENTATION_CONTEXT(2) 
PARAMETRIC_REPRESENTATION_CONTEXT() REPRESENTATION_CONTEXT('2D SPACE',''
  ) );
#6367 = PCURVE('',#1623,#6368);
#6368 = DEFINITIONAL_REPRESENTATION('',(#6369),#6373);
#6369 = LINE('',#6370,#6371);
#6370 = CARTESIAN_POINT('',(-1.570796326795,0.));
#6371 = VECTOR('',#6372,1.);
#6372 = DIRECTION('',(-0.,1.));
#6373 = ( GEOMETRIC_REPRESENTATION_CONTEXT(2) 
PARAMETRIC_REPRESENTATION_CONTEXT() REPRESENTATION_CONTEXT('2D SPACE',''
  ) );
#6374 = ADVANCED_FACE('',(#6375),#1623,.F.);
#6375 = FACE_BOUND('',#6376,.T.);
#6376 = EDGE_LOOP('',(#6377,#6378,#6400,#6401));
#6377 = ORIENTED_EDGE('',*,*,#3584,.F.);
#6378 = ORIENTED_EDGE('',*,*,#6379,.T.);
#6379 = EDGE_CURVE('',#3555,#6330,#6380,.T.);
#6380 = SURFACE_CURVE('',#6381,(#6386,#6393),.PCURVE_S1.);
#6381 = CIRCLE('',#6382,4.);
#6382 = AXIS2_PLACEMENT_3D('',#6383,#6384,#6385);
#6383 = CARTESIAN_POINT('',(14.3,3.,7.));
#6384 = DIRECTION('',(0.,-1.,0.));
#6385 = DIRECTION('',(-0.,-0.,1.));
#6386 = PCURVE('',#1623,#6387);
#6387 = DEFINITIONAL_REPRESENTATION('',(#6388),#6392);
#6388 = LINE('',#6389,#6390);
#6389 = CARTESIAN_POINT('',(3.14159265359,-0.));
#6390 = VECTOR('',#6391,1.);
#6391 = DIRECTION('',(-1.,0.));
#6392 = ( GEOMETRIC_REPRESENTATION_CONTEXT(2) 
PARAMETRIC_REPRESENTATION_CONTEXT() REPRESENTATION_CONTEXT('2D SPACE',''
  ) );
#6393 = PCURVE('',#3572,#6394);
#6394 = DEFINITIONAL_REPRESENTATION('',(#6395),#6399);
#6395 = CIRCLE('',#6396,4.);
#6396 = AXIS2_PLACEMENT_2D('',#6397,#6398);
#6397 = CARTESIAN_POINT('',(-74.,-14.3));
#6398 = DIRECTION('',(1.,-0.));
#6399 = ( GEOMETRIC_REPRESENTATION_CONTEXT(2) 
PARAMETRIC_REPRESENTATION_CONTEXT() REPRESENTATION_CONTEXT('2D SPACE',''
  ) );
#6400 = ORIENTED_EDGE('',*,*,#6354,.T.);
#6401 = ORIENTED_EDGE('',*,*,#1606,.F.);
#6402 = ADVANCED_FACE('',(#6403),#1816,.F.);
#6403 = FACE_BOUND('',#6404,.T.);
#6404 = EDGE_LOOP('',(#6405,#6406,#6429,#6460));
#6405 = ORIENTED_EDGE('',*,*,#1799,.F.);
#6406 = ORIENTED_EDGE('',*,*,#6407,.F.);
#6407 = EDGE_CURVE('',#6408,#1800,#6410,.T.);
#6408 = VERTEX_POINT('',#6409);
#6409 = CARTESIAN_POINT('',(20.65,15.35,159.1));
#6410 = SEAM_CURVE('',#6411,(#6415,#6422),.PCURVE_S1.);
#6411 = LINE('',#6412,#6413);
#6412 = CARTESIAN_POINT('',(20.65,15.35,159.1));
#6413 = VECTOR('',#6414,1.);
#6414 = DIRECTION('',(-0.,1.,-0.));
#6415 = PCURVE('',#1816,#6416);
#6416 = DEFINITIONAL_REPRESENTATION('',(#6417),#6421);
#6417 = LINE('',#6418,#6419);
#6418 = CARTESIAN_POINT('',(-6.28318530718,-0.));
#6419 = VECTOR('',#6420,1.);
#6420 = DIRECTION('',(-0.,1.));
#6421 = ( GEOMETRIC_REPRESENTATION_CONTEXT(2) 
PARAMETRIC_REPRESENTATION_CONTEXT() REPRESENTATION_CONTEXT('2D SPACE',''
  ) );
#6422 = PCURVE('',#1816,#6423);
#6423 = DEFINITIONAL_REPRESENTATION('',(#6424),#6428);
#6424 = LINE('',#6425,#6426);
#6425 = CARTESIAN_POINT('',(-0.,-0.));
#6426 = VECTOR('',#6427,1.);
#6427 = DIRECTION('',(-0.,1.));
#6428 = ( GEOMETRIC_REPRESENTATION_CONTEXT(2) 
PARAMETRIC_REPRESENTATION_CONTEXT() REPRESENTATION_CONTEXT('2D SPACE',''
  ) );
#6429 = ORIENTED_EDGE('',*,*,#6430,.T.);
#6430 = EDGE_CURVE('',#6408,#6408,#6431,.T.);
#6431 = SURFACE_CURVE('',#6432,(#6437,#6444),.PCURVE_S1.);
#6432 = CIRCLE('',#6433,2.1);
#6433 = AXIS2_PLACEMENT_3D('',#6434,#6435,#6436);
#6434 = CARTESIAN_POINT('',(20.65,15.35,157.));
#6435 = DIRECTION('',(0.,-1.,0.));
#6436 = DIRECTION('',(-0.,-0.,1.));
#6437 = PCURVE('',#1816,#6438);
#6438 = DEFINITIONAL_REPRESENTATION('',(#6439),#6443);
#6439 = LINE('',#6440,#6441);
#6440 = CARTESIAN_POINT('',(-0.,0.));
#6441 = VECTOR('',#6442,1.);
#6442 = DIRECTION('',(-1.,0.));
#6443 = ( GEOMETRIC_REPRESENTATION_CONTEXT(2) 
PARAMETRIC_REPRESENTATION_CONTEXT() REPRESENTATION_CONTEXT('2D SPACE',''
  ) );
#6444 = PCURVE('',#6445,#6450);
#6445 = PLANE('',#6446);
#6446 = AXIS2_PLACEMENT_3D('',#6447,#6448,#6449);
#6447 = CARTESIAN_POINT('',(20.65,15.35,157.));
#6448 = DIRECTION('',(-0.,1.,-0.));
#6449 = DIRECTION('',(0.,0.,-1.));
#6450 = DEFINITIONAL_REPRESENTATION('',(#6451),#6459);
#6451 = ( BOUNDED_CURVE() B_SPLINE_CURVE(2,(#6452,#6453,#6454,#6455,
#6456,#6457,#6458),.UNSPECIFIED.,.T.,.F.) B_SPLINE_CURVE_WITH_KNOTS((1,2
    ,2,2,2,1),(-2.094395102393,0.,2.094395102393,4.188790204786,
6.28318530718,8.377580409573),.UNSPECIFIED.) CURVE() 
GEOMETRIC_REPRESENTATION_ITEM() RATIONAL_B_SPLINE_CURVE((1.,0.5,1.,0.5,
1.,0.5,1.)) REPRESENTATION_ITEM('') );
#6452 = CARTESIAN_POINT('',(-2.1,0.));
#6453 = CARTESIAN_POINT('',(-2.1,3.637306695895));
#6454 = CARTESIAN_POINT('',(1.05,1.818653347947));
#6455 = CARTESIAN_POINT('',(4.2,5.143516556419E-16));
#6456 = CARTESIAN_POINT('',(1.05,-1.818653347947));
#6457 = CARTESIAN_POINT('',(-2.1,-3.637306695895));
#6458 = CARTESIAN_POINT('',(-2.1,0.));
#6459 = ( GEOMETRIC_REPRESENTATION_CONTEXT(2) 
PARAMETRIC_REPRESENTATION_CONTEXT() REPRESENTATION_CONTEXT('2D SPACE',''
  ) );
#6460 = ORIENTED_EDGE('',*,*,#6407,.T.);
#6461 = ADVANCED_FACE('',(#6462),#1848,.F.);
#6462 = FACE_BOUND('',#6463,.T.);
#6463 = EDGE_LOOP('',(#6464,#6487,#6488,#6511));
#6464 = ORIENTED_EDGE('',*,*,#6465,.F.);
#6465 = EDGE_CURVE('',#1833,#6466,#6468,.T.);
#6466 = VERTEX_POINT('',#6467);
#6467 = CARTESIAN_POINT('',(21.25,18.8,135.));
#6468 = SURFACE_CURVE('',#6469,(#6473,#6480),.PCURVE_S1.);
#6469 = LINE('',#6470,#6471);
#6470 = CARTESIAN_POINT('',(21.25,17.3,135.));
#6471 = VECTOR('',#6472,1.);
#6472 = DIRECTION('',(-0.,1.,-0.));
#6473 = PCURVE('',#1848,#6474);
#6474 = DEFINITIONAL_REPRESENTATION('',(#6475),#6479);
#6475 = LINE('',#6476,#6477);
#6476 = CARTESIAN_POINT('',(0.,-0.));
#6477 = VECTOR('',#6478,1.);
#6478 = DIRECTION('',(-0.,1.));
#6479 = ( GEOMETRIC_REPRESENTATION_CONTEXT(2) 
PARAMETRIC_REPRESENTATION_CONTEXT() REPRESENTATION_CONTEXT('2D SPACE',''
  ) );
#6480 = PCURVE('',#1876,#6481);
#6481 = DEFINITIONAL_REPRESENTATION('',(#6482),#6486);
#6482 = LINE('',#6483,#6484);
#6483 = CARTESIAN_POINT('',(-0.,-0.));
#6484 = VECTOR('',#6485,1.);
#6485 = DIRECTION('',(-0.,-1.));
#6486 = ( GEOMETRIC_REPRESENTATION_CONTEXT(2) 
PARAMETRIC_REPRESENTATION_CONTEXT() REPRESENTATION_CONTEXT('2D SPACE',''
  ) );
#6487 = ORIENTED_EDGE('',*,*,#1830,.F.);
#6488 = ORIENTED_EDGE('',*,*,#6489,.T.);
#6489 = EDGE_CURVE('',#1831,#6490,#6492,.T.);
#6490 = VERTEX_POINT('',#6491);
#6491 = CARTESIAN_POINT('',(20.25,18.8,135.));
#6492 = SURFACE_CURVE('',#6493,(#6497,#6504),.PCURVE_S1.);
#6493 = LINE('',#6494,#6495);
#6494 = CARTESIAN_POINT('',(20.25,17.3,135.));
#6495 = VECTOR('',#6496,1.);
#6496 = DIRECTION('',(-0.,1.,-0.));
#6497 = PCURVE('',#1848,#6498);
#6498 = DEFINITIONAL_REPRESENTATION('',(#6499),#6503);
#6499 = LINE('',#6500,#6501);
#6500 = CARTESIAN_POINT('',(-1.,0.));
#6501 = VECTOR('',#6502,1.);
#6502 = DIRECTION('',(-0.,1.));
#6503 = ( GEOMETRIC_REPRESENTATION_CONTEXT(2) 
PARAMETRIC_REPRESENTATION_CONTEXT() REPRESENTATION_CONTEXT('2D SPACE',''
  ) );
#6504 = PCURVE('',#1930,#6505);
#6505 = DEFINITIONAL_REPRESENTATION('',(#6506),#6510);
#6506 = LINE('',#6507,#6508);
#6507 = CARTESIAN_POINT('',(-0.,-0.));
#6508 = VECTOR('',#6509,1.);
#6509 = DIRECTION('',(-0.,-1.));
#6510 = ( GEOMETRIC_REPRESENTATION_CONTEXT(2) 
PARAMETRIC_REPRESENTATION_CONTEXT() REPRESENTATION_CONTEXT('2D SPACE',''
  ) );
#6511 = ORIENTED_EDGE('',*,*,#6512,.F.);
#6512 = EDGE_CURVE('',#6466,#6490,#6513,.T.);
#6513 = SURFACE_CURVE('',#6514,(#6518,#6525),.PCURVE_S1.);
#6514 = LINE('',#6515,#6516);
#6515 = CARTESIAN_POINT('',(21.25,18.8,135.));
#6516 = VECTOR('',#6517,1.);
#6517 = DIRECTION('',(-1.,-0.,-0.));
#6518 = PCURVE('',#1848,#6519);
#6519 = DEFINITIONAL_REPRESENTATION('',(#6520),#6524);
#6520 = LINE('',#6521,#6522);
#6521 = CARTESIAN_POINT('',(0.,1.5));
#6522 = VECTOR('',#6523,1.);
#6523 = DIRECTION('',(-1.,0.));
#6524 = ( GEOMETRIC_REPRESENTATION_CONTEXT(2) 
PARAMETRIC_REPRESENTATION_CONTEXT() REPRESENTATION_CONTEXT('2D SPACE',''
  ) );
#6525 = PCURVE('',#6526,#6531);
#6526 = PLANE('',#6527);
#6527 = AXIS2_PLACEMENT_3D('',#6528,#6529,#6530);
#6528 = CARTESIAN_POINT('',(21.25,18.8,135.));
#6529 = DIRECTION('',(-0.,1.,-0.));
#6530 = DIRECTION('',(0.,0.,-1.));
#6531 = DEFINITIONAL_REPRESENTATION('',(#6532),#6536);
#6532 = LINE('',#6533,#6534);
#6533 = CARTESIAN_POINT('',(-0.,-0.));
#6534 = VECTOR('',#6535,1.);
#6535 = DIRECTION('',(-0.,1.));
#6536 = ( GEOMETRIC_REPRESENTATION_CONTEXT(2) 
PARAMETRIC_REPRESENTATION_CONTEXT() REPRESENTATION_CONTEXT('2D SPACE',''
  ) );
#6537 = ADVANCED_FACE('',(#6538),#1930,.T.);
#6538 = FACE_BOUND('',#6539,.F.);
#6539 = EDGE_LOOP('',(#6540,#6563,#6564,#6565,#6588,#6616));
#6540 = ORIENTED_EDGE('',*,*,#6541,.F.);
#6541 = EDGE_CURVE('',#1889,#6542,#6544,.T.);
#6542 = VERTEX_POINT('',#6543);
#6543 = CARTESIAN_POINT('',(20.25,18.8,145.));
#6544 = SURFACE_CURVE('',#6545,(#6549,#6556),.PCURVE_S1.);
#6545 = LINE('',#6546,#6547);
#6546 = CARTESIAN_POINT('',(20.25,17.3,145.));
#6547 = VECTOR('',#6548,1.);
#6548 = DIRECTION('',(-0.,1.,-0.));
#6549 = PCURVE('',#1930,#6550);
#6550 = DEFINITIONAL_REPRESENTATION('',(#6551),#6555);
#6551 = LINE('',#6552,#6553);
#6552 = CARTESIAN_POINT('',(-10.,-0.));
#6553 = VECTOR('',#6554,1.);
#6554 = DIRECTION('',(-0.,-1.));
#6555 = ( GEOMETRIC_REPRESENTATION_CONTEXT(2) 
PARAMETRIC_REPRESENTATION_CONTEXT() REPRESENTATION_CONTEXT('2D SPACE',''
  ) );
#6556 = PCURVE('',#1904,#6557);
#6557 = DEFINITIONAL_REPRESENTATION('',(#6558),#6562);
#6558 = LINE('',#6559,#6560);
#6559 = CARTESIAN_POINT('',(-1.,0.));
#6560 = VECTOR('',#6561,1.);
#6561 = DIRECTION('',(-0.,1.));
#6562 = ( GEOMETRIC_REPRESENTATION_CONTEXT(2) 
PARAMETRIC_REPRESENTATION_CONTEXT() REPRESENTATION_CONTEXT('2D SPACE',''
  ) );
#6563 = ORIENTED_EDGE('',*,*,#1916,.F.);
#6564 = ORIENTED_EDGE('',*,*,#6489,.T.);
#6565 = ORIENTED_EDGE('',*,*,#6566,.T.);
#6566 = EDGE_CURVE('',#6490,#6567,#6569,.T.);
#6567 = VERTEX_POINT('',#6568);
#6568 = CARTESIAN_POINT('',(20.25,18.8,138.5));
#6569 = SURFACE_CURVE('',#6570,(#6574,#6581),.PCURVE_S1.);
#6570 = LINE('',#6571,#6572);
#6571 = CARTESIAN_POINT('',(20.25,18.8,135.));
#6572 = VECTOR('',#6573,1.);
#6573 = DIRECTION('',(-0.,-0.,1.));
#6574 = PCURVE('',#1930,#6575);
#6575 = DEFINITIONAL_REPRESENTATION('',(#6576),#6580);
#6576 = LINE('',#6577,#6578);
#6577 = CARTESIAN_POINT('',(-0.,-1.5));
#6578 = VECTOR('',#6579,1.);
#6579 = DIRECTION('',(-1.,-0.));
#6580 = ( GEOMETRIC_REPRESENTATION_CONTEXT(2) 
PARAMETRIC_REPRESENTATION_CONTEXT() REPRESENTATION_CONTEXT('2D SPACE',''
  ) );
#6581 = PCURVE('',#6526,#6582);
#6582 = DEFINITIONAL_REPRESENTATION('',(#6583),#6587);
#6583 = LINE('',#6584,#6585);
#6584 = CARTESIAN_POINT('',(-0.,1.));
#6585 = VECTOR('',#6586,1.);
#6586 = DIRECTION('',(-1.,0.));
#6587 = ( GEOMETRIC_REPRESENTATION_CONTEXT(2) 
PARAMETRIC_REPRESENTATION_CONTEXT() REPRESENTATION_CONTEXT('2D SPACE',''
  ) );
#6588 = ORIENTED_EDGE('',*,*,#6589,.T.);
#6589 = EDGE_CURVE('',#6567,#6590,#6592,.T.);
#6590 = VERTEX_POINT('',#6591);
#6591 = CARTESIAN_POINT('',(20.25,18.8,141.5));
#6592 = SURFACE_CURVE('',#6593,(#6597,#6604),.PCURVE_S1.);
#6593 = LINE('',#6594,#6595);
#6594 = CARTESIAN_POINT('',(20.25,18.8,135.));
#6595 = VECTOR('',#6596,1.);
#6596 = DIRECTION('',(-0.,-0.,1.));
#6597 = PCURVE('',#1930,#6598);
#6598 = DEFINITIONAL_REPRESENTATION('',(#6599),#6603);
#6599 = LINE('',#6600,#6601);
#6600 = CARTESIAN_POINT('',(-0.,-1.5));
#6601 = VECTOR('',#6602,1.);
#6602 = DIRECTION('',(-1.,-0.));
#6603 = ( GEOMETRIC_REPRESENTATION_CONTEXT(2) 
PARAMETRIC_REPRESENTATION_CONTEXT() REPRESENTATION_CONTEXT('2D SPACE',''
  ) );
#6604 = PCURVE('',#6605,#6610);
#6605 = PLANE('',#6606);
#6606 = AXIS2_PLACEMENT_3D('',#6607,#6608,#6609);
#6607 = CARTESIAN_POINT('',(21.75,18.8,138.5));
#6608 = DIRECTION('',(-0.,1.,-0.));
#6609 = DIRECTION('',(0.,0.,-1.));
#6610 = DEFINITIONAL_REPRESENTATION('',(#6611),#6615);
#6611 = LINE('',#6612,#6613);
#6612 = CARTESIAN_POINT('',(3.5,1.5));
#6613 = VECTOR('',#6614,1.);
#6614 = DIRECTION('',(-1.,0.));
#6615 = ( GEOMETRIC_REPRESENTATION_CONTEXT(2) 
PARAMETRIC_REPRESENTATION_CONTEXT() REPRESENTATION_CONTEXT('2D SPACE',''
  ) );
#6616 = ORIENTED_EDGE('',*,*,#6617,.T.);
#6617 = EDGE_CURVE('',#6590,#6542,#6618,.T.);
#6618 = SURFACE_CURVE('',#6619,(#6623,#6630),.PCURVE_S1.);
#6619 = LINE('',#6620,#6621);
#6620 = CARTESIAN_POINT('',(20.25,18.8,135.));
#6621 = VECTOR('',#6622,1.);
#6622 = DIRECTION('',(-0.,-0.,1.));
#6623 = PCURVE('',#1930,#6624);
#6624 = DEFINITIONAL_REPRESENTATION('',(#6625),#6629);
#6625 = LINE('',#6626,#6627);
#6626 = CARTESIAN_POINT('',(-0.,-1.5));
#6627 = VECTOR('',#6628,1.);
#6628 = DIRECTION('',(-1.,-0.));
#6629 = ( GEOMETRIC_REPRESENTATION_CONTEXT(2) 
PARAMETRIC_REPRESENTATION_CONTEXT() REPRESENTATION_CONTEXT('2D SPACE',''
  ) );
#6630 = PCURVE('',#6631,#6636);
#6631 = PLANE('',#6632);
#6632 = AXIS2_PLACEMENT_3D('',#6633,#6634,#6635);
#6633 = CARTESIAN_POINT('',(21.25,18.8,135.));
#6634 = DIRECTION('',(-0.,1.,-0.));
#6635 = DIRECTION('',(0.,0.,-1.));
#6636 = DEFINITIONAL_REPRESENTATION('',(#6637),#6641);
#6637 = LINE('',#6638,#6639);
#6638 = CARTESIAN_POINT('',(-0.,1.));
#6639 = VECTOR('',#6640,1.);
#6640 = DIRECTION('',(-1.,0.));
#6641 = ( GEOMETRIC_REPRESENTATION_CONTEXT(2) 
PARAMETRIC_REPRESENTATION_CONTEXT() REPRESENTATION_CONTEXT('2D SPACE',''
  ) );
#6642 = ADVANCED_FACE('',(#6643),#1876,.F.);
#6643 = FACE_BOUND('',#6644,.T.);
#6644 = EDGE_LOOP('',(#6645,#6668,#6669,#6670,#6693,#6721));
#6645 = ORIENTED_EDGE('',*,*,#6646,.F.);
#6646 = EDGE_CURVE('',#1861,#6647,#6649,.T.);
#6647 = VERTEX_POINT('',#6648);
#6648 = CARTESIAN_POINT('',(21.25,18.8,145.));
#6649 = SURFACE_CURVE('',#6650,(#6654,#6661),.PCURVE_S1.);
#6650 = LINE('',#6651,#6652);
#6651 = CARTESIAN_POINT('',(21.25,17.3,145.));
#6652 = VECTOR('',#6653,1.);
#6653 = DIRECTION('',(-0.,1.,-0.));
#6654 = PCURVE('',#1876,#6655);
#6655 = DEFINITIONAL_REPRESENTATION('',(#6656),#6660);
#6656 = LINE('',#6657,#6658);
#6657 = CARTESIAN_POINT('',(-10.,-0.));
#6658 = VECTOR('',#6659,1.);
#6659 = DIRECTION('',(-0.,-1.));
#6660 = ( GEOMETRIC_REPRESENTATION_CONTEXT(2) 
PARAMETRIC_REPRESENTATION_CONTEXT() REPRESENTATION_CONTEXT('2D SPACE',''
  ) );
#6661 = PCURVE('',#1904,#6662);
#6662 = DEFINITIONAL_REPRESENTATION('',(#6663),#6667);
#6663 = LINE('',#6664,#6665);
#6664 = CARTESIAN_POINT('',(0.,-0.));
#6665 = VECTOR('',#6666,1.);
#6666 = DIRECTION('',(-0.,1.));
#6667 = ( GEOMETRIC_REPRESENTATION_CONTEXT(2) 
PARAMETRIC_REPRESENTATION_CONTEXT() REPRESENTATION_CONTEXT('2D SPACE',''
  ) );
#6668 = ORIENTED_EDGE('',*,*,#1860,.F.);
#6669 = ORIENTED_EDGE('',*,*,#6465,.T.);
#6670 = ORIENTED_EDGE('',*,*,#6671,.T.);
#6671 = EDGE_CURVE('',#6466,#6672,#6674,.T.);
#6672 = VERTEX_POINT('',#6673);
#6673 = CARTESIAN_POINT('',(21.25,18.8,138.5));
#6674 = SURFACE_CURVE('',#6675,(#6679,#6686),.PCURVE_S1.);
#6675 = LINE('',#6676,#6677);
#6676 = CARTESIAN_POINT('',(21.25,18.8,135.));
#6677 = VECTOR('',#6678,1.);
#6678 = DIRECTION('',(-0.,-0.,1.));
#6679 = PCURVE('',#1876,#6680);
#6680 = DEFINITIONAL_REPRESENTATION('',(#6681),#6685);
#6681 = LINE('',#6682,#6683);
#6682 = CARTESIAN_POINT('',(-0.,-1.5));
#6683 = VECTOR('',#6684,1.);
#6684 = DIRECTION('',(-1.,-0.));
#6685 = ( GEOMETRIC_REPRESENTATION_CONTEXT(2) 
PARAMETRIC_REPRESENTATION_CONTEXT() REPRESENTATION_CONTEXT('2D SPACE',''
  ) );
#6686 = PCURVE('',#6526,#6687);
#6687 = DEFINITIONAL_REPRESENTATION('',(#6688),#6692);
#6688 = LINE('',#6689,#6690);
#6689 = CARTESIAN_POINT('',(-0.,-0.));
#6690 = VECTOR('',#6691,1.);
#6691 = DIRECTION('',(-1.,0.));
#6692 = ( GEOMETRIC_REPRESENTATION_CONTEXT(2) 
PARAMETRIC_REPRESENTATION_CONTEXT() REPRESENTATION_CONTEXT('2D SPACE',''
  ) );
#6693 = ORIENTED_EDGE('',*,*,#6694,.T.);
#6694 = EDGE_CURVE('',#6672,#6695,#6697,.T.);
#6695 = VERTEX_POINT('',#6696);
#6696 = CARTESIAN_POINT('',(21.25,18.8,141.5));
#6697 = SURFACE_CURVE('',#6698,(#6702,#6709),.PCURVE_S1.);
#6698 = LINE('',#6699,#6700);
#6699 = CARTESIAN_POINT('',(21.25,18.8,135.));
#6700 = VECTOR('',#6701,1.);
#6701 = DIRECTION('',(-0.,-0.,1.));
#6702 = PCURVE('',#1876,#6703);
#6703 = DEFINITIONAL_REPRESENTATION('',(#6704),#6708);
#6704 = LINE('',#6705,#6706);
#6705 = CARTESIAN_POINT('',(-0.,-1.5));
#6706 = VECTOR('',#6707,1.);
#6707 = DIRECTION('',(-1.,-0.));
#6708 = ( GEOMETRIC_REPRESENTATION_CONTEXT(2) 
PARAMETRIC_REPRESENTATION_CONTEXT() REPRESENTATION_CONTEXT('2D SPACE',''
  ) );
#6709 = PCURVE('',#6710,#6715);
#6710 = PLANE('',#6711);
#6711 = AXIS2_PLACEMENT_3D('',#6712,#6713,#6714);
#6712 = CARTESIAN_POINT('',(21.75,18.8,138.5));
#6713 = DIRECTION('',(-0.,1.,-0.));
#6714 = DIRECTION('',(0.,0.,-1.));
#6715 = DEFINITIONAL_REPRESENTATION('',(#6716),#6720);
#6716 = LINE('',#6717,#6718);
#6717 = CARTESIAN_POINT('',(3.5,0.5));
#6718 = VECTOR('',#6719,1.);
#6719 = DIRECTION('',(-1.,0.));
#6720 = ( GEOMETRIC_REPRESENTATION_CONTEXT(2) 
PARAMETRIC_REPRESENTATION_CONTEXT() REPRESENTATION_CONTEXT('2D SPACE',''
  ) );
#6721 = ORIENTED_EDGE('',*,*,#6722,.T.);
#6722 = EDGE_CURVE('',#6695,#6647,#6723,.T.);
#6723 = SURFACE_CURVE('',#6724,(#6728,#6735),.PCURVE_S1.);
#6724 = LINE('',#6725,#6726);
#6725 = CARTESIAN_POINT('',(21.25,18.8,135.));
#6726 = VECTOR('',#6727,1.);
#6727 = DIRECTION('',(-0.,-0.,1.));
#6728 = PCURVE('',#1876,#6729);
#6729 = DEFINITIONAL_REPRESENTATION('',(#6730),#6734);
#6730 = LINE('',#6731,#6732);
#6731 = CARTESIAN_POINT('',(-0.,-1.5));
#6732 = VECTOR('',#6733,1.);
#6733 = DIRECTION('',(-1.,-0.));
#6734 = ( GEOMETRIC_REPRESENTATION_CONTEXT(2) 
PARAMETRIC_REPRESENTATION_CONTEXT() REPRESENTATION_CONTEXT('2D SPACE',''
  ) );
#6735 = PCURVE('',#6631,#6736);
#6736 = DEFINITIONAL_REPRESENTATION('',(#6737),#6741);
#6737 = LINE('',#6738,#6739);
#6738 = CARTESIAN_POINT('',(-0.,-0.));
#6739 = VECTOR('',#6740,1.);
#6740 = DIRECTION('',(-1.,0.));
#6741 = ( GEOMETRIC_REPRESENTATION_CONTEXT(2) 
PARAMETRIC_REPRESENTATION_CONTEXT() REPRESENTATION_CONTEXT('2D SPACE',''
  ) );
#6742 = ADVANCED_FACE('',(#6743),#1904,.T.);
#6743 = FACE_BOUND('',#6744,.F.);
#6744 = EDGE_LOOP('',(#6745,#6746,#6747,#6748));
#6745 = ORIENTED_EDGE('',*,*,#6646,.F.);
#6746 = ORIENTED_EDGE('',*,*,#1888,.F.);
#6747 = ORIENTED_EDGE('',*,*,#6541,.T.);
#6748 = ORIENTED_EDGE('',*,*,#6749,.F.);
#6749 = EDGE_CURVE('',#6647,#6542,#6750,.T.);
#6750 = SURFACE_CURVE('',#6751,(#6755,#6762),.PCURVE_S1.);
#6751 = LINE('',#6752,#6753);
#6752 = CARTESIAN_POINT('',(21.25,18.8,145.));
#6753 = VECTOR('',#6754,1.);
#6754 = DIRECTION('',(-1.,-0.,-0.));
#6755 = PCURVE('',#1904,#6756);
#6756 = DEFINITIONAL_REPRESENTATION('',(#6757),#6761);
#6757 = LINE('',#6758,#6759);
#6758 = CARTESIAN_POINT('',(0.,1.5));
#6759 = VECTOR('',#6760,1.);
#6760 = DIRECTION('',(-1.,0.));
#6761 = ( GEOMETRIC_REPRESENTATION_CONTEXT(2) 
PARAMETRIC_REPRESENTATION_CONTEXT() REPRESENTATION_CONTEXT('2D SPACE',''
  ) );
#6762 = PCURVE('',#6631,#6763);
#6763 = DEFINITIONAL_REPRESENTATION('',(#6764),#6768);
#6764 = LINE('',#6765,#6766);
#6765 = CARTESIAN_POINT('',(-10.,-0.));
#6766 = VECTOR('',#6767,1.);
#6767 = DIRECTION('',(-0.,1.));
#6768 = ( GEOMETRIC_REPRESENTATION_CONTEXT(2) 
PARAMETRIC_REPRESENTATION_CONTEXT() REPRESENTATION_CONTEXT('2D SPACE',''
  ) );
#6769 = ADVANCED_FACE('',(#6770),#1962,.F.);
#6770 = FACE_BOUND('',#6771,.T.);
#6771 = EDGE_LOOP('',(#6772,#6795,#6796,#6819));
#6772 = ORIENTED_EDGE('',*,*,#6773,.F.);
#6773 = EDGE_CURVE('',#1947,#6774,#6776,.T.);
#6774 = VERTEX_POINT('',#6775);
#6775 = CARTESIAN_POINT('',(21.25,18.8,75.));
#6776 = SURFACE_CURVE('',#6777,(#6781,#6788),.PCURVE_S1.);
#6777 = LINE('',#6778,#6779);
#6778 = CARTESIAN_POINT('',(21.25,17.3,75.));
#6779 = VECTOR('',#6780,1.);
#6780 = DIRECTION('',(-0.,1.,-0.));
#6781 = PCURVE('',#1962,#6782);
#6782 = DEFINITIONAL_REPRESENTATION('',(#6783),#6787);
#6783 = LINE('',#6784,#6785);
#6784 = CARTESIAN_POINT('',(0.,-0.));
#6785 = VECTOR('',#6786,1.);
#6786 = DIRECTION('',(-0.,1.));
#6787 = ( GEOMETRIC_REPRESENTATION_CONTEXT(2) 
PARAMETRIC_REPRESENTATION_CONTEXT() REPRESENTATION_CONTEXT('2D SPACE',''
  ) );
#6788 = PCURVE('',#1990,#6789);
#6789 = DEFINITIONAL_REPRESENTATION('',(#6790),#6794);
#6790 = LINE('',#6791,#6792);
#6791 = CARTESIAN_POINT('',(-0.,-0.));
#6792 = VECTOR('',#6793,1.);
#6793 = DIRECTION('',(-0.,-1.));
#6794 = ( GEOMETRIC_REPRESENTATION_CONTEXT(2) 
PARAMETRIC_REPRESENTATION_CONTEXT() REPRESENTATION_CONTEXT('2D SPACE',''
  ) );
#6795 = ORIENTED_EDGE('',*,*,#1944,.F.);
#6796 = ORIENTED_EDGE('',*,*,#6797,.T.);
#6797 = EDGE_CURVE('',#1945,#6798,#6800,.T.);
#6798 = VERTEX_POINT('',#6799);
#6799 = CARTESIAN_POINT('',(20.25,18.8,75.));
#6800 = SURFACE_CURVE('',#6801,(#6805,#6812),.PCURVE_S1.);
#6801 = LINE('',#6802,#6803);
#6802 = CARTESIAN_POINT('',(20.25,17.3,75.));
#6803 = VECTOR('',#6804,1.);
#6804 = DIRECTION('',(-0.,1.,-0.));
#6805 = PCURVE('',#1962,#6806);
#6806 = DEFINITIONAL_REPRESENTATION('',(#6807),#6811);
#6807 = LINE('',#6808,#6809);
#6808 = CARTESIAN_POINT('',(-1.,0.));
#6809 = VECTOR('',#6810,1.);
#6810 = DIRECTION('',(-0.,1.));
#6811 = ( GEOMETRIC_REPRESENTATION_CONTEXT(2) 
PARAMETRIC_REPRESENTATION_CONTEXT() REPRESENTATION_CONTEXT('2D SPACE',''
  ) );
#6812 = PCURVE('',#2044,#6813);
#6813 = DEFINITIONAL_REPRESENTATION('',(#6814),#6818);
#6814 = LINE('',#6815,#6816);
#6815 = CARTESIAN_POINT('',(-0.,-0.));
#6816 = VECTOR('',#6817,1.);
#6817 = DIRECTION('',(-0.,-1.));
#6818 = ( GEOMETRIC_REPRESENTATION_CONTEXT(2) 
PARAMETRIC_REPRESENTATION_CONTEXT() REPRESENTATION_CONTEXT('2D SPACE',''
  ) );
#6819 = ORIENTED_EDGE('',*,*,#6820,.F.);
#6820 = EDGE_CURVE('',#6774,#6798,#6821,.T.);
#6821 = SURFACE_CURVE('',#6822,(#6826,#6833),.PCURVE_S1.);
#6822 = LINE('',#6823,#6824);
#6823 = CARTESIAN_POINT('',(21.25,18.8,75.));
#6824 = VECTOR('',#6825,1.);
#6825 = DIRECTION('',(-1.,-0.,-0.));
#6826 = PCURVE('',#1962,#6827);
#6827 = DEFINITIONAL_REPRESENTATION('',(#6828),#6832);
#6828 = LINE('',#6829,#6830);
#6829 = CARTESIAN_POINT('',(0.,1.5));
#6830 = VECTOR('',#6831,1.);
#6831 = DIRECTION('',(-1.,0.));
#6832 = ( GEOMETRIC_REPRESENTATION_CONTEXT(2) 
PARAMETRIC_REPRESENTATION_CONTEXT() REPRESENTATION_CONTEXT('2D SPACE',''
  ) );
#6833 = PCURVE('',#6834,#6839);
#6834 = PLANE('',#6835);
#6835 = AXIS2_PLACEMENT_3D('',#6836,#6837,#6838);
#6836 = CARTESIAN_POINT('',(21.25,18.8,75.));
#6837 = DIRECTION('',(-0.,1.,-0.));
#6838 = DIRECTION('',(0.,0.,-1.));
#6839 = DEFINITIONAL_REPRESENTATION('',(#6840),#6844);
#6840 = LINE('',#6841,#6842);
#6841 = CARTESIAN_POINT('',(-0.,-0.));
#6842 = VECTOR('',#6843,1.);
#6843 = DIRECTION('',(-0.,1.));
#6844 = ( GEOMETRIC_REPRESENTATION_CONTEXT(2) 
PARAMETRIC_REPRESENTATION_CONTEXT() REPRESENTATION_CONTEXT('2D SPACE',''
  ) );
#6845 = ADVANCED_FACE('',(#6846),#2044,.T.);
#6846 = FACE_BOUND('',#6847,.F.);
#6847 = EDGE_LOOP('',(#6848,#6871,#6872,#6873,#6896,#6924,#6952,#6980,
    #7008,#7036));
#6848 = ORIENTED_EDGE('',*,*,#6849,.F.);
#6849 = EDGE_CURVE('',#2003,#6850,#6852,.T.);
#6850 = VERTEX_POINT('',#6851);
#6851 = CARTESIAN_POINT('',(20.25,18.8,102.));
#6852 = SURFACE_CURVE('',#6853,(#6857,#6864),.PCURVE_S1.);
#6853 = LINE('',#6854,#6855);
#6854 = CARTESIAN_POINT('',(20.25,17.3,102.));
#6855 = VECTOR('',#6856,1.);
#6856 = DIRECTION('',(-0.,1.,-0.));
#6857 = PCURVE('',#2044,#6858);
#6858 = DEFINITIONAL_REPRESENTATION('',(#6859),#6863);
#6859 = LINE('',#6860,#6861);
#6860 = CARTESIAN_POINT('',(-27.,-0.));
#6861 = VECTOR('',#6862,1.);
#6862 = DIRECTION('',(-0.,-1.));
#6863 = ( GEOMETRIC_REPRESENTATION_CONTEXT(2) 
PARAMETRIC_REPRESENTATION_CONTEXT() REPRESENTATION_CONTEXT('2D SPACE',''
  ) );
#6864 = PCURVE('',#2018,#6865);
#6865 = DEFINITIONAL_REPRESENTATION('',(#6866),#6870);
#6866 = LINE('',#6867,#6868);
#6867 = CARTESIAN_POINT('',(-1.,0.));
#6868 = VECTOR('',#6869,1.);
#6869 = DIRECTION('',(-0.,1.));
#6870 = ( GEOMETRIC_REPRESENTATION_CONTEXT(2) 
PARAMETRIC_REPRESENTATION_CONTEXT() REPRESENTATION_CONTEXT('2D SPACE',''
  ) );
#6871 = ORIENTED_EDGE('',*,*,#2030,.F.);
#6872 = ORIENTED_EDGE('',*,*,#6797,.T.);
#6873 = ORIENTED_EDGE('',*,*,#6874,.T.);
#6874 = EDGE_CURVE('',#6798,#6875,#6877,.T.);
#6875 = VERTEX_POINT('',#6876);
#6876 = CARTESIAN_POINT('',(20.25,18.8,78.5));
#6877 = SURFACE_CURVE('',#6878,(#6882,#6889),.PCURVE_S1.);
#6878 = LINE('',#6879,#6880);
#6879 = CARTESIAN_POINT('',(20.25,18.8,75.));
#6880 = VECTOR('',#6881,1.);
#6881 = DIRECTION('',(-0.,-0.,1.));
#6882 = PCURVE('',#2044,#6883);
#6883 = DEFINITIONAL_REPRESENTATION('',(#6884),#6888);
#6884 = LINE('',#6885,#6886);
#6885 = CARTESIAN_POINT('',(-0.,-1.5));
#6886 = VECTOR('',#6887,1.);
#6887 = DIRECTION('',(-1.,-0.));
#6888 = ( GEOMETRIC_REPRESENTATION_CONTEXT(2) 
PARAMETRIC_REPRESENTATION_CONTEXT() REPRESENTATION_CONTEXT('2D SPACE',''
  ) );
#6889 = PCURVE('',#6834,#6890);
#6890 = DEFINITIONAL_REPRESENTATION('',(#6891),#6895);
#6891 = LINE('',#6892,#6893);
#6892 = CARTESIAN_POINT('',(-0.,1.));
#6893 = VECTOR('',#6894,1.);
#6894 = DIRECTION('',(-1.,0.));
#6895 = ( GEOMETRIC_REPRESENTATION_CONTEXT(2) 
PARAMETRIC_REPRESENTATION_CONTEXT() REPRESENTATION_CONTEXT('2D SPACE',''
  ) );
#6896 = ORIENTED_EDGE('',*,*,#6897,.T.);
#6897 = EDGE_CURVE('',#6875,#6898,#6900,.T.);
#6898 = VERTEX_POINT('',#6899);
#6899 = CARTESIAN_POINT('',(20.25,18.8,81.5));
#6900 = SURFACE_CURVE('',#6901,(#6905,#6912),.PCURVE_S1.);
#6901 = LINE('',#6902,#6903);
#6902 = CARTESIAN_POINT('',(20.25,18.8,75.));
#6903 = VECTOR('',#6904,1.);
#6904 = DIRECTION('',(-0.,-0.,1.));
#6905 = PCURVE('',#2044,#6906);
#6906 = DEFINITIONAL_REPRESENTATION('',(#6907),#6911);
#6907 = LINE('',#6908,#6909);
#6908 = CARTESIAN_POINT('',(-0.,-1.5));
#6909 = VECTOR('',#6910,1.);
#6910 = DIRECTION('',(-1.,-0.));
#6911 = ( GEOMETRIC_REPRESENTATION_CONTEXT(2) 
PARAMETRIC_REPRESENTATION_CONTEXT() REPRESENTATION_CONTEXT('2D SPACE',''
  ) );
#6912 = PCURVE('',#6913,#6918);
#6913 = PLANE('',#6914);
#6914 = AXIS2_PLACEMENT_3D('',#6915,#6916,#6917);
#6915 = CARTESIAN_POINT('',(21.75,18.8,78.5));
#6916 = DIRECTION('',(-0.,1.,-0.));
#6917 = DIRECTION('',(0.,0.,-1.));
#6918 = DEFINITIONAL_REPRESENTATION('',(#6919),#6923);
#6919 = LINE('',#6920,#6921);
#6920 = CARTESIAN_POINT('',(3.5,1.5));
#6921 = VECTOR('',#6922,1.);
#6922 = DIRECTION('',(-1.,0.));
#6923 = ( GEOMETRIC_REPRESENTATION_CONTEXT(2) 
PARAMETRIC_REPRESENTATION_CONTEXT() REPRESENTATION_CONTEXT('2D SPACE',''
  ) );
#6924 = ORIENTED_EDGE('',*,*,#6925,.T.);
#6925 = EDGE_CURVE('',#6898,#6926,#6928,.T.);
#6926 = VERTEX_POINT('',#6927);
#6927 = CARTESIAN_POINT('',(20.25,18.8,88.5));
#6928 = SURFACE_CURVE('',#6929,(#6933,#6940),.PCURVE_S1.);
#6929 = LINE('',#6930,#6931);
#6930 = CARTESIAN_POINT('',(20.25,18.8,75.));
#6931 = VECTOR('',#6932,1.);
#6932 = DIRECTION('',(-0.,-0.,1.));
#6933 = PCURVE('',#2044,#6934);
#6934 = DEFINITIONAL_REPRESENTATION('',(#6935),#6939);
#6935 = LINE('',#6936,#6937);
#6936 = CARTESIAN_POINT('',(-0.,-1.5));
#6937 = VECTOR('',#6938,1.);
#6938 = DIRECTION('',(-1.,-0.));
#6939 = ( GEOMETRIC_REPRESENTATION_CONTEXT(2) 
PARAMETRIC_REPRESENTATION_CONTEXT() REPRESENTATION_CONTEXT('2D SPACE',''
  ) );
#6940 = PCURVE('',#6941,#6946);
#6941 = PLANE('',#6942);
#6942 = AXIS2_PLACEMENT_3D('',#6943,#6944,#6945);
#6943 = CARTESIAN_POINT('',(21.25,18.8,75.));
#6944 = DIRECTION('',(-0.,1.,-0.));
#6945 = DIRECTION('',(0.,0.,-1.));
#6946 = DEFINITIONAL_REPRESENTATION('',(#6947),#6951);
#6947 = LINE('',#6948,#6949);
#6948 = CARTESIAN_POINT('',(-0.,1.));
#6949 = VECTOR('',#6950,1.);
#6950 = DIRECTION('',(-1.,0.));
#6951 = ( GEOMETRIC_REPRESENTATION_CONTEXT(2) 
PARAMETRIC_REPRESENTATION_CONTEXT() REPRESENTATION_CONTEXT('2D SPACE',''
  ) );
#6952 = ORIENTED_EDGE('',*,*,#6953,.T.);
#6953 = EDGE_CURVE('',#6926,#6954,#6956,.T.);
#6954 = VERTEX_POINT('',#6955);
#6955 = CARTESIAN_POINT('',(20.25,18.8,91.5));
#6956 = SURFACE_CURVE('',#6957,(#6961,#6968),.PCURVE_S1.);
#6957 = LINE('',#6958,#6959);
#6958 = CARTESIAN_POINT('',(20.25,18.8,75.));
#6959 = VECTOR('',#6960,1.);
#6960 = DIRECTION('',(-0.,-0.,1.));
#6961 = PCURVE('',#2044,#6962);
#6962 = DEFINITIONAL_REPRESENTATION('',(#6963),#6967);
#6963 = LINE('',#6964,#6965);
#6964 = CARTESIAN_POINT('',(-0.,-1.5));
#6965 = VECTOR('',#6966,1.);
#6966 = DIRECTION('',(-1.,-0.));
#6967 = ( GEOMETRIC_REPRESENTATION_CONTEXT(2) 
PARAMETRIC_REPRESENTATION_CONTEXT() REPRESENTATION_CONTEXT('2D SPACE',''
  ) );
#6968 = PCURVE('',#6969,#6974);
#6969 = PLANE('',#6970);
#6970 = AXIS2_PLACEMENT_3D('',#6971,#6972,#6973);
#6971 = CARTESIAN_POINT('',(21.75,18.8,88.5));
#6972 = DIRECTION('',(-0.,1.,-0.));
#6973 = DIRECTION('',(0.,0.,-1.));
#6974 = DEFINITIONAL_REPRESENTATION('',(#6975),#6979);
#6975 = LINE('',#6976,#6977);
#6976 = CARTESIAN_POINT('',(13.5,1.5));
#6977 = VECTOR('',#6978,1.);
#6978 = DIRECTION('',(-1.,0.));
#6979 = ( GEOMETRIC_REPRESENTATION_CONTEXT(2) 
PARAMETRIC_REPRESENTATION_CONTEXT() REPRESENTATION_CONTEXT('2D SPACE',''
  ) );
#6980 = ORIENTED_EDGE('',*,*,#6981,.T.);
#6981 = EDGE_CURVE('',#6954,#6982,#6984,.T.);
#6982 = VERTEX_POINT('',#6983);
#6983 = CARTESIAN_POINT('',(20.25,18.8,98.5));
#6984 = SURFACE_CURVE('',#6985,(#6989,#6996),.PCURVE_S1.);
#6985 = LINE('',#6986,#6987);
#6986 = CARTESIAN_POINT('',(20.25,18.8,75.));
#6987 = VECTOR('',#6988,1.);
#6988 = DIRECTION('',(-0.,-0.,1.));
#6989 = PCURVE('',#2044,#6990);
#6990 = DEFINITIONAL_REPRESENTATION('',(#6991),#6995);
#6991 = LINE('',#6992,#6993);
#6992 = CARTESIAN_POINT('',(-0.,-1.5));
#6993 = VECTOR('',#6994,1.);
#6994 = DIRECTION('',(-1.,-0.));
#6995 = ( GEOMETRIC_REPRESENTATION_CONTEXT(2) 
PARAMETRIC_REPRESENTATION_CONTEXT() REPRESENTATION_CONTEXT('2D SPACE',''
  ) );
#6996 = PCURVE('',#6997,#7002);
#6997 = PLANE('',#6998);
#6998 = AXIS2_PLACEMENT_3D('',#6999,#7000,#7001);
#6999 = CARTESIAN_POINT('',(21.25,18.8,75.));
#7000 = DIRECTION('',(-0.,1.,-0.));
#7001 = DIRECTION('',(0.,0.,-1.));
#7002 = DEFINITIONAL_REPRESENTATION('',(#7003),#7007);
#7003 = LINE('',#7004,#7005);
#7004 = CARTESIAN_POINT('',(-0.,1.));
#7005 = VECTOR('',#7006,1.);
#7006 = DIRECTION('',(-1.,0.));
#7007 = ( GEOMETRIC_REPRESENTATION_CONTEXT(2) 
PARAMETRIC_REPRESENTATION_CONTEXT() REPRESENTATION_CONTEXT('2D SPACE',''
  ) );
#7008 = ORIENTED_EDGE('',*,*,#7009,.T.);
#7009 = EDGE_CURVE('',#6982,#7010,#7012,.T.);
#7010 = VERTEX_POINT('',#7011);
#7011 = CARTESIAN_POINT('',(20.25,18.8,101.5));
#7012 = SURFACE_CURVE('',#7013,(#7017,#7024),.PCURVE_S1.);
#7013 = LINE('',#7014,#7015);
#7014 = CARTESIAN_POINT('',(20.25,18.8,75.));
#7015 = VECTOR('',#7016,1.);
#7016 = DIRECTION('',(-0.,-0.,1.));
#7017 = PCURVE('',#2044,#7018);
#7018 = DEFINITIONAL_REPRESENTATION('',(#7019),#7023);
#7019 = LINE('',#7020,#7021);
#7020 = CARTESIAN_POINT('',(-0.,-1.5));
#7021 = VECTOR('',#7022,1.);
#7022 = DIRECTION('',(-1.,-0.));
#7023 = ( GEOMETRIC_REPRESENTATION_CONTEXT(2) 
PARAMETRIC_REPRESENTATION_CONTEXT() REPRESENTATION_CONTEXT('2D SPACE',''
  ) );
#7024 = PCURVE('',#7025,#7030);
#7025 = PLANE('',#7026);
#7026 = AXIS2_PLACEMENT_3D('',#7027,#7028,#7029);
#7027 = CARTESIAN_POINT('',(21.75,18.8,98.5));
#7028 = DIRECTION('',(-0.,1.,-0.));
#7029 = DIRECTION('',(0.,0.,-1.));
#7030 = DEFINITIONAL_REPRESENTATION('',(#7031),#7035);
#7031 = LINE('',#7032,#7033);
#7032 = CARTESIAN_POINT('',(23.5,1.5));
#7033 = VECTOR('',#7034,1.);
#7034 = DIRECTION('',(-1.,0.));
#7035 = ( GEOMETRIC_REPRESENTATION_CONTEXT(2) 
PARAMETRIC_REPRESENTATION_CONTEXT() REPRESENTATION_CONTEXT('2D SPACE',''
  ) );
#7036 = ORIENTED_EDGE('',*,*,#7037,.T.);
#7037 = EDGE_CURVE('',#7010,#6850,#7038,.T.);
#7038 = SURFACE_CURVE('',#7039,(#7043,#7050),.PCURVE_S1.);
#7039 = LINE('',#7040,#7041);
#7040 = CARTESIAN_POINT('',(20.25,18.8,75.));
#7041 = VECTOR('',#7042,1.);
#7042 = DIRECTION('',(-0.,-0.,1.));
#7043 = PCURVE('',#2044,#7044);
#7044 = DEFINITIONAL_REPRESENTATION('',(#7045),#7049);
#7045 = LINE('',#7046,#7047);
#7046 = CARTESIAN_POINT('',(-0.,-1.5));
#7047 = VECTOR('',#7048,1.);
#7048 = DIRECTION('',(-1.,-0.));
#7049 = ( GEOMETRIC_REPRESENTATION_CONTEXT(2) 
PARAMETRIC_REPRESENTATION_CONTEXT() REPRESENTATION_CONTEXT('2D SPACE',''
  ) );
#7050 = PCURVE('',#7051,#7056);
#7051 = PLANE('',#7052);
#7052 = AXIS2_PLACEMENT_3D('',#7053,#7054,#7055);
#7053 = CARTESIAN_POINT('',(21.25,18.8,75.));
#7054 = DIRECTION('',(-0.,1.,-0.));
#7055 = DIRECTION('',(0.,0.,-1.));
#7056 = DEFINITIONAL_REPRESENTATION('',(#7057),#7061);
#7057 = LINE('',#7058,#7059);
#7058 = CARTESIAN_POINT('',(-0.,1.));
#7059 = VECTOR('',#7060,1.);
#7060 = DIRECTION('',(-1.,0.));
#7061 = ( GEOMETRIC_REPRESENTATION_CONTEXT(2) 
PARAMETRIC_REPRESENTATION_CONTEXT() REPRESENTATION_CONTEXT('2D SPACE',''
  ) );
#7062 = ADVANCED_FACE('',(#7063),#1990,.F.);
#7063 = FACE_BOUND('',#7064,.T.);
#7064 = EDGE_LOOP('',(#7065,#7088,#7089,#7090,#7113,#7141,#7164,#7192,
    #7215,#7243));
#7065 = ORIENTED_EDGE('',*,*,#7066,.F.);
#7066 = EDGE_CURVE('',#1975,#7067,#7069,.T.);
#7067 = VERTEX_POINT('',#7068);
#7068 = CARTESIAN_POINT('',(21.25,18.8,102.));
#7069 = SURFACE_CURVE('',#7070,(#7074,#7081),.PCURVE_S1.);
#7070 = LINE('',#7071,#7072);
#7071 = CARTESIAN_POINT('',(21.25,17.3,102.));
#7072 = VECTOR('',#7073,1.);
#7073 = DIRECTION('',(-0.,1.,-0.));
#7074 = PCURVE('',#1990,#7075);
#7075 = DEFINITIONAL_REPRESENTATION('',(#7076),#7080);
#7076 = LINE('',#7077,#7078);
#7077 = CARTESIAN_POINT('',(-27.,-0.));
#7078 = VECTOR('',#7079,1.);
#7079 = DIRECTION('',(-0.,-1.));
#7080 = ( GEOMETRIC_REPRESENTATION_CONTEXT(2) 
PARAMETRIC_REPRESENTATION_CONTEXT() REPRESENTATION_CONTEXT('2D SPACE',''
  ) );
#7081 = PCURVE('',#2018,#7082);
#7082 = DEFINITIONAL_REPRESENTATION('',(#7083),#7087);
#7083 = LINE('',#7084,#7085);
#7084 = CARTESIAN_POINT('',(0.,-0.));
#7085 = VECTOR('',#7086,1.);
#7086 = DIRECTION('',(-0.,1.));
#7087 = ( GEOMETRIC_REPRESENTATION_CONTEXT(2) 
PARAMETRIC_REPRESENTATION_CONTEXT() REPRESENTATION_CONTEXT('2D SPACE',''
  ) );
#7088 = ORIENTED_EDGE('',*,*,#1974,.F.);
#7089 = ORIENTED_EDGE('',*,*,#6773,.T.);
#7090 = ORIENTED_EDGE('',*,*,#7091,.T.);
#7091 = EDGE_CURVE('',#6774,#7092,#7094,.T.);
#7092 = VERTEX_POINT('',#7093);
#7093 = CARTESIAN_POINT('',(21.25,18.8,78.5));
#7094 = SURFACE_CURVE('',#7095,(#7099,#7106),.PCURVE_S1.);
#7095 = LINE('',#7096,#7097);
#7096 = CARTESIAN_POINT('',(21.25,18.8,75.));
#7097 = VECTOR('',#7098,1.);
#7098 = DIRECTION('',(-0.,-0.,1.));
#7099 = PCURVE('',#1990,#7100);
#7100 = DEFINITIONAL_REPRESENTATION('',(#7101),#7105);
#7101 = LINE('',#7102,#7103);
#7102 = CARTESIAN_POINT('',(-0.,-1.5));
#7103 = VECTOR('',#7104,1.);
#7104 = DIRECTION('',(-1.,-0.));
#7105 = ( GEOMETRIC_REPRESENTATION_CONTEXT(2) 
PARAMETRIC_REPRESENTATION_CONTEXT() REPRESENTATION_CONTEXT('2D SPACE',''
  ) );
#7106 = PCURVE('',#6834,#7107);
#7107 = DEFINITIONAL_REPRESENTATION('',(#7108),#7112);
#7108 = LINE('',#7109,#7110);
#7109 = CARTESIAN_POINT('',(-0.,-0.));
#7110 = VECTOR('',#7111,1.);
#7111 = DIRECTION('',(-1.,0.));
#7112 = ( GEOMETRIC_REPRESENTATION_CONTEXT(2) 
PARAMETRIC_REPRESENTATION_CONTEXT() REPRESENTATION_CONTEXT('2D SPACE',''
  ) );
#7113 = ORIENTED_EDGE('',*,*,#7114,.T.);
#7114 = EDGE_CURVE('',#7092,#7115,#7117,.T.);
#7115 = VERTEX_POINT('',#7116);
#7116 = CARTESIAN_POINT('',(21.25,18.8,81.5));
#7117 = SURFACE_CURVE('',#7118,(#7122,#7129),.PCURVE_S1.);
#7118 = LINE('',#7119,#7120);
#7119 = CARTESIAN_POINT('',(21.25,18.8,75.));
#7120 = VECTOR('',#7121,1.);
#7121 = DIRECTION('',(-0.,-0.,1.));
#7122 = PCURVE('',#1990,#7123);
#7123 = DEFINITIONAL_REPRESENTATION('',(#7124),#7128);
#7124 = LINE('',#7125,#7126);
#7125 = CARTESIAN_POINT('',(-0.,-1.5));
#7126 = VECTOR('',#7127,1.);
#7127 = DIRECTION('',(-1.,-0.));
#7128 = ( GEOMETRIC_REPRESENTATION_CONTEXT(2) 
PARAMETRIC_REPRESENTATION_CONTEXT() REPRESENTATION_CONTEXT('2D SPACE',''
  ) );
#7129 = PCURVE('',#7130,#7135);
#7130 = PLANE('',#7131);
#7131 = AXIS2_PLACEMENT_3D('',#7132,#7133,#7134);
#7132 = CARTESIAN_POINT('',(21.75,18.8,78.5));
#7133 = DIRECTION('',(-0.,1.,-0.));
#7134 = DIRECTION('',(0.,0.,-1.));
#7135 = DEFINITIONAL_REPRESENTATION('',(#7136),#7140);
#7136 = LINE('',#7137,#7138);
#7137 = CARTESIAN_POINT('',(3.5,0.5));
#7138 = VECTOR('',#7139,1.);
#7139 = DIRECTION('',(-1.,0.));
#7140 = ( GEOMETRIC_REPRESENTATION_CONTEXT(2) 
PARAMETRIC_REPRESENTATION_CONTEXT() REPRESENTATION_CONTEXT('2D SPACE',''
  ) );
#7141 = ORIENTED_EDGE('',*,*,#7142,.T.);
#7142 = EDGE_CURVE('',#7115,#7143,#7145,.T.);
#7143 = VERTEX_POINT('',#7144);
#7144 = CARTESIAN_POINT('',(21.25,18.8,88.5));
#7145 = SURFACE_CURVE('',#7146,(#7150,#7157),.PCURVE_S1.);
#7146 = LINE('',#7147,#7148);
#7147 = CARTESIAN_POINT('',(21.25,18.8,75.));
#7148 = VECTOR('',#7149,1.);
#7149 = DIRECTION('',(-0.,-0.,1.));
#7150 = PCURVE('',#1990,#7151);
#7151 = DEFINITIONAL_REPRESENTATION('',(#7152),#7156);
#7152 = LINE('',#7153,#7154);
#7153 = CARTESIAN_POINT('',(-0.,-1.5));
#7154 = VECTOR('',#7155,1.);
#7155 = DIRECTION('',(-1.,-0.));
#7156 = ( GEOMETRIC_REPRESENTATION_CONTEXT(2) 
PARAMETRIC_REPRESENTATION_CONTEXT() REPRESENTATION_CONTEXT('2D SPACE',''
  ) );
#7157 = PCURVE('',#6941,#7158);
#7158 = DEFINITIONAL_REPRESENTATION('',(#7159),#7163);
#7159 = LINE('',#7160,#7161);
#7160 = CARTESIAN_POINT('',(-0.,-0.));
#7161 = VECTOR('',#7162,1.);
#7162 = DIRECTION('',(-1.,0.));
#7163 = ( GEOMETRIC_REPRESENTATION_CONTEXT(2) 
PARAMETRIC_REPRESENTATION_CONTEXT() REPRESENTATION_CONTEXT('2D SPACE',''
  ) );
#7164 = ORIENTED_EDGE('',*,*,#7165,.T.);
#7165 = EDGE_CURVE('',#7143,#7166,#7168,.T.);
#7166 = VERTEX_POINT('',#7167);
#7167 = CARTESIAN_POINT('',(21.25,18.8,91.5));
#7168 = SURFACE_CURVE('',#7169,(#7173,#7180),.PCURVE_S1.);
#7169 = LINE('',#7170,#7171);
#7170 = CARTESIAN_POINT('',(21.25,18.8,75.));
#7171 = VECTOR('',#7172,1.);
#7172 = DIRECTION('',(-0.,-0.,1.));
#7173 = PCURVE('',#1990,#7174);
#7174 = DEFINITIONAL_REPRESENTATION('',(#7175),#7179);
#7175 = LINE('',#7176,#7177);
#7176 = CARTESIAN_POINT('',(-0.,-1.5));
#7177 = VECTOR('',#7178,1.);
#7178 = DIRECTION('',(-1.,-0.));
#7179 = ( GEOMETRIC_REPRESENTATION_CONTEXT(2) 
PARAMETRIC_REPRESENTATION_CONTEXT() REPRESENTATION_CONTEXT('2D SPACE',''
  ) );
#7180 = PCURVE('',#7181,#7186);
#7181 = PLANE('',#7182);
#7182 = AXIS2_PLACEMENT_3D('',#7183,#7184,#7185);
#7183 = CARTESIAN_POINT('',(21.75,18.8,88.5));
#7184 = DIRECTION('',(-0.,1.,-0.));
#7185 = DIRECTION('',(0.,0.,-1.));
#7186 = DEFINITIONAL_REPRESENTATION('',(#7187),#7191);
#7187 = LINE('',#7188,#7189);
#7188 = CARTESIAN_POINT('',(13.5,0.5));
#7189 = VECTOR('',#7190,1.);
#7190 = DIRECTION('',(-1.,0.));
#7191 = ( GEOMETRIC_REPRESENTATION_CONTEXT(2) 
PARAMETRIC_REPRESENTATION_CONTEXT() REPRESENTATION_CONTEXT('2D SPACE',''
  ) );
#7192 = ORIENTED_EDGE('',*,*,#7193,.T.);
#7193 = EDGE_CURVE('',#7166,#7194,#7196,.T.);
#7194 = VERTEX_POINT('',#7195);
#7195 = CARTESIAN_POINT('',(21.25,18.8,98.5));
#7196 = SURFACE_CURVE('',#7197,(#7201,#7208),.PCURVE_S1.);
#7197 = LINE('',#7198,#7199);
#7198 = CARTESIAN_POINT('',(21.25,18.8,75.));
#7199 = VECTOR('',#7200,1.);
#7200 = DIRECTION('',(-0.,-0.,1.));
#7201 = PCURVE('',#1990,#7202);
#7202 = DEFINITIONAL_REPRESENTATION('',(#7203),#7207);
#7203 = LINE('',#7204,#7205);
#7204 = CARTESIAN_POINT('',(-0.,-1.5));
#7205 = VECTOR('',#7206,1.);
#7206 = DIRECTION('',(-1.,-0.));
#7207 = ( GEOMETRIC_REPRESENTATION_CONTEXT(2) 
PARAMETRIC_REPRESENTATION_CONTEXT() REPRESENTATION_CONTEXT('2D SPACE',''
  ) );
#7208 = PCURVE('',#6997,#7209);
#7209 = DEFINITIONAL_REPRESENTATION('',(#7210),#7214);
#7210 = LINE('',#7211,#7212);
#7211 = CARTESIAN_POINT('',(-0.,-0.));
#7212 = VECTOR('',#7213,1.);
#7213 = DIRECTION('',(-1.,0.));
#7214 = ( GEOMETRIC_REPRESENTATION_CONTEXT(2) 
PARAMETRIC_REPRESENTATION_CONTEXT() REPRESENTATION_CONTEXT('2D SPACE',''
  ) );
#7215 = ORIENTED_EDGE('',*,*,#7216,.T.);
#7216 = EDGE_CURVE('',#7194,#7217,#7219,.T.);
#7217 = VERTEX_POINT('',#7218);
#7218 = CARTESIAN_POINT('',(21.25,18.8,101.5));
#7219 = SURFACE_CURVE('',#7220,(#7224,#7231),.PCURVE_S1.);
#7220 = LINE('',#7221,#7222);
#7221 = CARTESIAN_POINT('',(21.25,18.8,75.));
#7222 = VECTOR('',#7223,1.);
#7223 = DIRECTION('',(-0.,-0.,1.));
#7224 = PCURVE('',#1990,#7225);
#7225 = DEFINITIONAL_REPRESENTATION('',(#7226),#7230);
#7226 = LINE('',#7227,#7228);
#7227 = CARTESIAN_POINT('',(-0.,-1.5));
#7228 = VECTOR('',#7229,1.);
#7229 = DIRECTION('',(-1.,-0.));
#7230 = ( GEOMETRIC_REPRESENTATION_CONTEXT(2) 
PARAMETRIC_REPRESENTATION_CONTEXT() REPRESENTATION_CONTEXT('2D SPACE',''
  ) );
#7231 = PCURVE('',#7232,#7237);
#7232 = PLANE('',#7233);
#7233 = AXIS2_PLACEMENT_3D('',#7234,#7235,#7236);
#7234 = CARTESIAN_POINT('',(21.75,18.8,98.5));
#7235 = DIRECTION('',(-0.,1.,-0.));
#7236 = DIRECTION('',(0.,0.,-1.));
#7237 = DEFINITIONAL_REPRESENTATION('',(#7238),#7242);
#7238 = LINE('',#7239,#7240);
#7239 = CARTESIAN_POINT('',(23.5,0.5));
#7240 = VECTOR('',#7241,1.);
#7241 = DIRECTION('',(-1.,0.));
#7242 = ( GEOMETRIC_REPRESENTATION_CONTEXT(2) 
PARAMETRIC_REPRESENTATION_CONTEXT() REPRESENTATION_CONTEXT('2D SPACE',''
  ) );
#7243 = ORIENTED_EDGE('',*,*,#7244,.T.);
#7244 = EDGE_CURVE('',#7217,#7067,#7245,.T.);
#7245 = SURFACE_CURVE('',#7246,(#7250,#7257),.PCURVE_S1.);
#7246 = LINE('',#7247,#7248);
#7247 = CARTESIAN_POINT('',(21.25,18.8,75.));
#7248 = VECTOR('',#7249,1.);
#7249 = DIRECTION('',(-0.,-0.,1.));
#7250 = PCURVE('',#1990,#7251);
#7251 = DEFINITIONAL_REPRESENTATION('',(#7252),#7256);
#7252 = LINE('',#7253,#7254);
#7253 = CARTESIAN_POINT('',(-0.,-1.5));
#7254 = VECTOR('',#7255,1.);
#7255 = DIRECTION('',(-1.,-0.));
#7256 = ( GEOMETRIC_REPRESENTATION_CONTEXT(2) 
PARAMETRIC_REPRESENTATION_CONTEXT() REPRESENTATION_CONTEXT('2D SPACE',''
  ) );
#7257 = PCURVE('',#7051,#7258);
#7258 = DEFINITIONAL_REPRESENTATION('',(#7259),#7263);
#7259 = LINE('',#7260,#7261);
#7260 = CARTESIAN_POINT('',(-0.,-0.));
#7261 = VECTOR('',#7262,1.);
#7262 = DIRECTION('',(-1.,0.));
#7263 = ( GEOMETRIC_REPRESENTATION_CONTEXT(2) 
PARAMETRIC_REPRESENTATION_CONTEXT() REPRESENTATION_CONTEXT('2D SPACE',''
  ) );
#7264 = ADVANCED_FACE('',(#7265),#2018,.T.);
#7265 = FACE_BOUND('',#7266,.F.);
#7266 = EDGE_LOOP('',(#7267,#7268,#7269,#7270));
#7267 = ORIENTED_EDGE('',*,*,#7066,.F.);
#7268 = ORIENTED_EDGE('',*,*,#2002,.F.);
#7269 = ORIENTED_EDGE('',*,*,#6849,.T.);
#7270 = ORIENTED_EDGE('',*,*,#7271,.F.);
#7271 = EDGE_CURVE('',#7067,#6850,#7272,.T.);
#7272 = SURFACE_CURVE('',#7273,(#7277,#7284),.PCURVE_S1.);
#7273 = LINE('',#7274,#7275);
#7274 = CARTESIAN_POINT('',(21.25,18.8,102.));
#7275 = VECTOR('',#7276,1.);
#7276 = DIRECTION('',(-1.,-0.,-0.));
#7277 = PCURVE('',#2018,#7278);
#7278 = DEFINITIONAL_REPRESENTATION('',(#7279),#7283);
#7279 = LINE('',#7280,#7281);
#7280 = CARTESIAN_POINT('',(0.,1.5));
#7281 = VECTOR('',#7282,1.);
#7282 = DIRECTION('',(-1.,0.));
#7283 = ( GEOMETRIC_REPRESENTATION_CONTEXT(2) 
PARAMETRIC_REPRESENTATION_CONTEXT() REPRESENTATION_CONTEXT('2D SPACE',''
  ) );
#7284 = PCURVE('',#7051,#7285);
#7285 = DEFINITIONAL_REPRESENTATION('',(#7286),#7290);
#7286 = LINE('',#7287,#7288);
#7287 = CARTESIAN_POINT('',(-27.,-0.));
#7288 = VECTOR('',#7289,1.);
#7289 = DIRECTION('',(-0.,1.));
#7290 = ( GEOMETRIC_REPRESENTATION_CONTEXT(2) 
PARAMETRIC_REPRESENTATION_CONTEXT() REPRESENTATION_CONTEXT('2D SPACE',''
  ) );
#7291 = ADVANCED_FACE('',(#7292),#2076,.F.);
#7292 = FACE_BOUND('',#7293,.T.);
#7293 = EDGE_LOOP('',(#7294,#7317,#7318,#7341));
#7294 = ORIENTED_EDGE('',*,*,#7295,.F.);
#7295 = EDGE_CURVE('',#2061,#7296,#7298,.T.);
#7296 = VERTEX_POINT('',#7297);
#7297 = CARTESIAN_POINT('',(21.25,18.8,25.));
#7298 = SURFACE_CURVE('',#7299,(#7303,#7310),.PCURVE_S1.);
#7299 = LINE('',#7300,#7301);
#7300 = CARTESIAN_POINT('',(21.25,17.3,25.));
#7301 = VECTOR('',#7302,1.);
#7302 = DIRECTION('',(-0.,1.,-0.));
#7303 = PCURVE('',#2076,#7304);
#7304 = DEFINITIONAL_REPRESENTATION('',(#7305),#7309);
#7305 = LINE('',#7306,#7307);
#7306 = CARTESIAN_POINT('',(0.,-0.));
#7307 = VECTOR('',#7308,1.);
#7308 = DIRECTION('',(-0.,1.));
#7309 = ( GEOMETRIC_REPRESENTATION_CONTEXT(2) 
PARAMETRIC_REPRESENTATION_CONTEXT() REPRESENTATION_CONTEXT('2D SPACE',''
  ) );
#7310 = PCURVE('',#2104,#7311);
#7311 = DEFINITIONAL_REPRESENTATION('',(#7312),#7316);
#7312 = LINE('',#7313,#7314);
#7313 = CARTESIAN_POINT('',(-0.,-0.));
#7314 = VECTOR('',#7315,1.);
#7315 = DIRECTION('',(-0.,-1.));
#7316 = ( GEOMETRIC_REPRESENTATION_CONTEXT(2) 
PARAMETRIC_REPRESENTATION_CONTEXT() REPRESENTATION_CONTEXT('2D SPACE',''
  ) );
#7317 = ORIENTED_EDGE('',*,*,#2058,.F.);
#7318 = ORIENTED_EDGE('',*,*,#7319,.T.);
#7319 = EDGE_CURVE('',#2059,#7320,#7322,.T.);
#7320 = VERTEX_POINT('',#7321);
#7321 = CARTESIAN_POINT('',(20.25,18.8,25.));
#7322 = SURFACE_CURVE('',#7323,(#7327,#7334),.PCURVE_S1.);
#7323 = LINE('',#7324,#7325);
#7324 = CARTESIAN_POINT('',(20.25,17.3,25.));
#7325 = VECTOR('',#7326,1.);
#7326 = DIRECTION('',(-0.,1.,-0.));
#7327 = PCURVE('',#2076,#7328);
#7328 = DEFINITIONAL_REPRESENTATION('',(#7329),#7333);
#7329 = LINE('',#7330,#7331);
#7330 = CARTESIAN_POINT('',(-1.,0.));
#7331 = VECTOR('',#7332,1.);
#7332 = DIRECTION('',(-0.,1.));
#7333 = ( GEOMETRIC_REPRESENTATION_CONTEXT(2) 
PARAMETRIC_REPRESENTATION_CONTEXT() REPRESENTATION_CONTEXT('2D SPACE',''
  ) );
#7334 = PCURVE('',#2158,#7335);
#7335 = DEFINITIONAL_REPRESENTATION('',(#7336),#7340);
#7336 = LINE('',#7337,#7338);
#7337 = CARTESIAN_POINT('',(-0.,-0.));
#7338 = VECTOR('',#7339,1.);
#7339 = DIRECTION('',(-0.,-1.));
#7340 = ( GEOMETRIC_REPRESENTATION_CONTEXT(2) 
PARAMETRIC_REPRESENTATION_CONTEXT() REPRESENTATION_CONTEXT('2D SPACE',''
  ) );
#7341 = ORIENTED_EDGE('',*,*,#7342,.F.);
#7342 = EDGE_CURVE('',#7296,#7320,#7343,.T.);
#7343 = SURFACE_CURVE('',#7344,(#7348,#7355),.PCURVE_S1.);
#7344 = LINE('',#7345,#7346);
#7345 = CARTESIAN_POINT('',(21.25,18.8,25.));
#7346 = VECTOR('',#7347,1.);
#7347 = DIRECTION('',(-1.,-0.,-0.));
#7348 = PCURVE('',#2076,#7349);
#7349 = DEFINITIONAL_REPRESENTATION('',(#7350),#7354);
#7350 = LINE('',#7351,#7352);
#7351 = CARTESIAN_POINT('',(0.,1.5));
#7352 = VECTOR('',#7353,1.);
#7353 = DIRECTION('',(-1.,0.));
#7354 = ( GEOMETRIC_REPRESENTATION_CONTEXT(2) 
PARAMETRIC_REPRESENTATION_CONTEXT() REPRESENTATION_CONTEXT('2D SPACE',''
  ) );
#7355 = PCURVE('',#7356,#7361);
#7356 = PLANE('',#7357);
#7357 = AXIS2_PLACEMENT_3D('',#7358,#7359,#7360);
#7358 = CARTESIAN_POINT('',(21.25,18.8,25.));
#7359 = DIRECTION('',(-0.,1.,-0.));
#7360 = DIRECTION('',(0.,0.,-1.));
#7361 = DEFINITIONAL_REPRESENTATION('',(#7362),#7366);
#7362 = LINE('',#7363,#7364);
#7363 = CARTESIAN_POINT('',(-0.,-0.));
#7364 = VECTOR('',#7365,1.);
#7365 = DIRECTION('',(-0.,1.));
#7366 = ( GEOMETRIC_REPRESENTATION_CONTEXT(2) 
PARAMETRIC_REPRESENTATION_CONTEXT() REPRESENTATION_CONTEXT('2D SPACE',''
  ) );
#7367 = ADVANCED_FACE('',(#7368),#2158,.T.);
#7368 = FACE_BOUND('',#7369,.F.);
#7369 = EDGE_LOOP('',(#7370,#7393,#7394,#7395,#7418,#7446,#7474,#7502,
    #7530,#7558));
#7370 = ORIENTED_EDGE('',*,*,#7371,.F.);
#7371 = EDGE_CURVE('',#2117,#7372,#7374,.T.);
#7372 = VERTEX_POINT('',#7373);
#7373 = CARTESIAN_POINT('',(20.25,18.8,55.));
#7374 = SURFACE_CURVE('',#7375,(#7379,#7386),.PCURVE_S1.);
#7375 = LINE('',#7376,#7377);
#7376 = CARTESIAN_POINT('',(20.25,17.3,55.));
#7377 = VECTOR('',#7378,1.);
#7378 = DIRECTION('',(-0.,1.,-0.));
#7379 = PCURVE('',#2158,#7380);
#7380 = DEFINITIONAL_REPRESENTATION('',(#7381),#7385);
#7381 = LINE('',#7382,#7383);
#7382 = CARTESIAN_POINT('',(-30.,-0.));
#7383 = VECTOR('',#7384,1.);
#7384 = DIRECTION('',(-0.,-1.));
#7385 = ( GEOMETRIC_REPRESENTATION_CONTEXT(2) 
PARAMETRIC_REPRESENTATION_CONTEXT() REPRESENTATION_CONTEXT('2D SPACE',''
  ) );
#7386 = PCURVE('',#2132,#7387);
#7387 = DEFINITIONAL_REPRESENTATION('',(#7388),#7392);
#7388 = LINE('',#7389,#7390);
#7389 = CARTESIAN_POINT('',(-1.,0.));
#7390 = VECTOR('',#7391,1.);
#7391 = DIRECTION('',(-0.,1.));
#7392 = ( GEOMETRIC_REPRESENTATION_CONTEXT(2) 
PARAMETRIC_REPRESENTATION_CONTEXT() REPRESENTATION_CONTEXT('2D SPACE',''
  ) );
#7393 = ORIENTED_EDGE('',*,*,#2144,.F.);
#7394 = ORIENTED_EDGE('',*,*,#7319,.T.);
#7395 = ORIENTED_EDGE('',*,*,#7396,.T.);
#7396 = EDGE_CURVE('',#7320,#7397,#7399,.T.);
#7397 = VERTEX_POINT('',#7398);
#7398 = CARTESIAN_POINT('',(20.25,18.8,28.5));
#7399 = SURFACE_CURVE('',#7400,(#7404,#7411),.PCURVE_S1.);
#7400 = LINE('',#7401,#7402);
#7401 = CARTESIAN_POINT('',(20.25,18.8,25.));
#7402 = VECTOR('',#7403,1.);
#7403 = DIRECTION('',(-0.,-0.,1.));
#7404 = PCURVE('',#2158,#7405);
#7405 = DEFINITIONAL_REPRESENTATION('',(#7406),#7410);
#7406 = LINE('',#7407,#7408);
#7407 = CARTESIAN_POINT('',(-0.,-1.5));
#7408 = VECTOR('',#7409,1.);
#7409 = DIRECTION('',(-1.,-0.));
#7410 = ( GEOMETRIC_REPRESENTATION_CONTEXT(2) 
PARAMETRIC_REPRESENTATION_CONTEXT() REPRESENTATION_CONTEXT('2D SPACE',''
  ) );
#7411 = PCURVE('',#7356,#7412);
#7412 = DEFINITIONAL_REPRESENTATION('',(#7413),#7417);
#7413 = LINE('',#7414,#7415);
#7414 = CARTESIAN_POINT('',(-0.,1.));
#7415 = VECTOR('',#7416,1.);
#7416 = DIRECTION('',(-1.,0.));
#7417 = ( GEOMETRIC_REPRESENTATION_CONTEXT(2) 
PARAMETRIC_REPRESENTATION_CONTEXT() REPRESENTATION_CONTEXT('2D SPACE',''
  ) );
#7418 = ORIENTED_EDGE('',*,*,#7419,.T.);
#7419 = EDGE_CURVE('',#7397,#7420,#7422,.T.);
#7420 = VERTEX_POINT('',#7421);
#7421 = CARTESIAN_POINT('',(20.25,18.8,31.5));
#7422 = SURFACE_CURVE('',#7423,(#7427,#7434),.PCURVE_S1.);
#7423 = LINE('',#7424,#7425);
#7424 = CARTESIAN_POINT('',(20.25,18.8,25.));
#7425 = VECTOR('',#7426,1.);
#7426 = DIRECTION('',(-0.,-0.,1.));
#7427 = PCURVE('',#2158,#7428);
#7428 = DEFINITIONAL_REPRESENTATION('',(#7429),#7433);
#7429 = LINE('',#7430,#7431);
#7430 = CARTESIAN_POINT('',(-0.,-1.5));
#7431 = VECTOR('',#7432,1.);
#7432 = DIRECTION('',(-1.,-0.));
#7433 = ( GEOMETRIC_REPRESENTATION_CONTEXT(2) 
PARAMETRIC_REPRESENTATION_CONTEXT() REPRESENTATION_CONTEXT('2D SPACE',''
  ) );
#7434 = PCURVE('',#7435,#7440);
#7435 = PLANE('',#7436);
#7436 = AXIS2_PLACEMENT_3D('',#7437,#7438,#7439);
#7437 = CARTESIAN_POINT('',(21.75,18.8,28.5));
#7438 = DIRECTION('',(-0.,1.,-0.));
#7439 = DIRECTION('',(0.,0.,-1.));
#7440 = DEFINITIONAL_REPRESENTATION('',(#7441),#7445);
#7441 = LINE('',#7442,#7443);
#7442 = CARTESIAN_POINT('',(3.5,1.5));
#7443 = VECTOR('',#7444,1.);
#7444 = DIRECTION('',(-1.,0.));
#7445 = ( GEOMETRIC_REPRESENTATION_CONTEXT(2) 
PARAMETRIC_REPRESENTATION_CONTEXT() REPRESENTATION_CONTEXT('2D SPACE',''
  ) );
#7446 = ORIENTED_EDGE('',*,*,#7447,.T.);
#7447 = EDGE_CURVE('',#7420,#7448,#7450,.T.);
#7448 = VERTEX_POINT('',#7449);
#7449 = CARTESIAN_POINT('',(20.25,18.8,38.5));
#7450 = SURFACE_CURVE('',#7451,(#7455,#7462),.PCURVE_S1.);
#7451 = LINE('',#7452,#7453);
#7452 = CARTESIAN_POINT('',(20.25,18.8,25.));
#7453 = VECTOR('',#7454,1.);
#7454 = DIRECTION('',(-0.,-0.,1.));
#7455 = PCURVE('',#2158,#7456);
#7456 = DEFINITIONAL_REPRESENTATION('',(#7457),#7461);
#7457 = LINE('',#7458,#7459);
#7458 = CARTESIAN_POINT('',(-0.,-1.5));
#7459 = VECTOR('',#7460,1.);
#7460 = DIRECTION('',(-1.,-0.));
#7461 = ( GEOMETRIC_REPRESENTATION_CONTEXT(2) 
PARAMETRIC_REPRESENTATION_CONTEXT() REPRESENTATION_CONTEXT('2D SPACE',''
  ) );
#7462 = PCURVE('',#7463,#7468);
#7463 = PLANE('',#7464);
#7464 = AXIS2_PLACEMENT_3D('',#7465,#7466,#7467);
#7465 = CARTESIAN_POINT('',(21.25,18.8,25.));
#7466 = DIRECTION('',(-0.,1.,-0.));
#7467 = DIRECTION('',(0.,0.,-1.));
#7468 = DEFINITIONAL_REPRESENTATION('',(#7469),#7473);
#7469 = LINE('',#7470,#7471);
#7470 = CARTESIAN_POINT('',(-0.,1.));
#7471 = VECTOR('',#7472,1.);
#7472 = DIRECTION('',(-1.,0.));
#7473 = ( GEOMETRIC_REPRESENTATION_CONTEXT(2) 
PARAMETRIC_REPRESENTATION_CONTEXT() REPRESENTATION_CONTEXT('2D SPACE',''
  ) );
#7474 = ORIENTED_EDGE('',*,*,#7475,.T.);
#7475 = EDGE_CURVE('',#7448,#7476,#7478,.T.);
#7476 = VERTEX_POINT('',#7477);
#7477 = CARTESIAN_POINT('',(20.25,18.8,41.5));
#7478 = SURFACE_CURVE('',#7479,(#7483,#7490),.PCURVE_S1.);
#7479 = LINE('',#7480,#7481);
#7480 = CARTESIAN_POINT('',(20.25,18.8,25.));
#7481 = VECTOR('',#7482,1.);
#7482 = DIRECTION('',(-0.,-0.,1.));
#7483 = PCURVE('',#2158,#7484);
#7484 = DEFINITIONAL_REPRESENTATION('',(#7485),#7489);
#7485 = LINE('',#7486,#7487);
#7486 = CARTESIAN_POINT('',(-0.,-1.5));
#7487 = VECTOR('',#7488,1.);
#7488 = DIRECTION('',(-1.,-0.));
#7489 = ( GEOMETRIC_REPRESENTATION_CONTEXT(2) 
PARAMETRIC_REPRESENTATION_CONTEXT() REPRESENTATION_CONTEXT('2D SPACE',''
  ) );
#7490 = PCURVE('',#7491,#7496);
#7491 = PLANE('',#7492);
#7492 = AXIS2_PLACEMENT_3D('',#7493,#7494,#7495);
#7493 = CARTESIAN_POINT('',(21.75,18.8,38.5));
#7494 = DIRECTION('',(-0.,1.,-0.));
#7495 = DIRECTION('',(0.,0.,-1.));
#7496 = DEFINITIONAL_REPRESENTATION('',(#7497),#7501);
#7497 = LINE('',#7498,#7499);
#7498 = CARTESIAN_POINT('',(13.5,1.5));
#7499 = VECTOR('',#7500,1.);
#7500 = DIRECTION('',(-1.,0.));
#7501 = ( GEOMETRIC_REPRESENTATION_CONTEXT(2) 
PARAMETRIC_REPRESENTATION_CONTEXT() REPRESENTATION_CONTEXT('2D SPACE',''
  ) );
#7502 = ORIENTED_EDGE('',*,*,#7503,.T.);
#7503 = EDGE_CURVE('',#7476,#7504,#7506,.T.);
#7504 = VERTEX_POINT('',#7505);
#7505 = CARTESIAN_POINT('',(20.25,18.8,48.5));
#7506 = SURFACE_CURVE('',#7507,(#7511,#7518),.PCURVE_S1.);
#7507 = LINE('',#7508,#7509);
#7508 = CARTESIAN_POINT('',(20.25,18.8,25.));
#7509 = VECTOR('',#7510,1.);
#7510 = DIRECTION('',(-0.,-0.,1.));
#7511 = PCURVE('',#2158,#7512);
#7512 = DEFINITIONAL_REPRESENTATION('',(#7513),#7517);
#7513 = LINE('',#7514,#7515);
#7514 = CARTESIAN_POINT('',(-0.,-1.5));
#7515 = VECTOR('',#7516,1.);
#7516 = DIRECTION('',(-1.,-0.));
#7517 = ( GEOMETRIC_REPRESENTATION_CONTEXT(2) 
PARAMETRIC_REPRESENTATION_CONTEXT() REPRESENTATION_CONTEXT('2D SPACE',''
  ) );
#7518 = PCURVE('',#7519,#7524);
#7519 = PLANE('',#7520);
#7520 = AXIS2_PLACEMENT_3D('',#7521,#7522,#7523);
#7521 = CARTESIAN_POINT('',(21.25,18.8,25.));
#7522 = DIRECTION('',(-0.,1.,-0.));
#7523 = DIRECTION('',(0.,0.,-1.));
#7524 = DEFINITIONAL_REPRESENTATION('',(#7525),#7529);
#7525 = LINE('',#7526,#7527);
#7526 = CARTESIAN_POINT('',(-0.,1.));
#7527 = VECTOR('',#7528,1.);
#7528 = DIRECTION('',(-1.,0.));
#7529 = ( GEOMETRIC_REPRESENTATION_CONTEXT(2) 
PARAMETRIC_REPRESENTATION_CONTEXT() REPRESENTATION_CONTEXT('2D SPACE',''
  ) );
#7530 = ORIENTED_EDGE('',*,*,#7531,.T.);
#7531 = EDGE_CURVE('',#7504,#7532,#7534,.T.);
#7532 = VERTEX_POINT('',#7533);
#7533 = CARTESIAN_POINT('',(20.25,18.8,51.5));
#7534 = SURFACE_CURVE('',#7535,(#7539,#7546),.PCURVE_S1.);
#7535 = LINE('',#7536,#7537);
#7536 = CARTESIAN_POINT('',(20.25,18.8,25.));
#7537 = VECTOR('',#7538,1.);
#7538 = DIRECTION('',(-0.,-0.,1.));
#7539 = PCURVE('',#2158,#7540);
#7540 = DEFINITIONAL_REPRESENTATION('',(#7541),#7545);
#7541 = LINE('',#7542,#7543);
#7542 = CARTESIAN_POINT('',(-0.,-1.5));
#7543 = VECTOR('',#7544,1.);
#7544 = DIRECTION('',(-1.,-0.));
#7545 = ( GEOMETRIC_REPRESENTATION_CONTEXT(2) 
PARAMETRIC_REPRESENTATION_CONTEXT() REPRESENTATION_CONTEXT('2D SPACE',''
  ) );
#7546 = PCURVE('',#7547,#7552);
#7547 = PLANE('',#7548);
#7548 = AXIS2_PLACEMENT_3D('',#7549,#7550,#7551);
#7549 = CARTESIAN_POINT('',(21.75,18.8,48.5));
#7550 = DIRECTION('',(-0.,1.,-0.));
#7551 = DIRECTION('',(0.,0.,-1.));
#7552 = DEFINITIONAL_REPRESENTATION('',(#7553),#7557);
#7553 = LINE('',#7554,#7555);
#7554 = CARTESIAN_POINT('',(23.5,1.5));
#7555 = VECTOR('',#7556,1.);
#7556 = DIRECTION('',(-1.,0.));
#7557 = ( GEOMETRIC_REPRESENTATION_CONTEXT(2) 
PARAMETRIC_REPRESENTATION_CONTEXT() REPRESENTATION_CONTEXT('2D SPACE',''
  ) );
#7558 = ORIENTED_EDGE('',*,*,#7559,.T.);
#7559 = EDGE_CURVE('',#7532,#7372,#7560,.T.);
#7560 = SURFACE_CURVE('',#7561,(#7565,#7572),.PCURVE_S1.);
#7561 = LINE('',#7562,#7563);
#7562 = CARTESIAN_POINT('',(20.25,18.8,25.));
#7563 = VECTOR('',#7564,1.);
#7564 = DIRECTION('',(-0.,-0.,1.));
#7565 = PCURVE('',#2158,#7566);
#7566 = DEFINITIONAL_REPRESENTATION('',(#7567),#7571);
#7567 = LINE('',#7568,#7569);
#7568 = CARTESIAN_POINT('',(-0.,-1.5));
#7569 = VECTOR('',#7570,1.);
#7570 = DIRECTION('',(-1.,-0.));
#7571 = ( GEOMETRIC_REPRESENTATION_CONTEXT(2) 
PARAMETRIC_REPRESENTATION_CONTEXT() REPRESENTATION_CONTEXT('2D SPACE',''
  ) );
#7572 = PCURVE('',#7573,#7578);
#7573 = PLANE('',#7574);
#7574 = AXIS2_PLACEMENT_3D('',#7575,#7576,#7577);
#7575 = CARTESIAN_POINT('',(21.25,18.8,25.));
#7576 = DIRECTION('',(-0.,1.,-0.));
#7577 = DIRECTION('',(0.,0.,-1.));
#7578 = DEFINITIONAL_REPRESENTATION('',(#7579),#7583);
#7579 = LINE('',#7580,#7581);
#7580 = CARTESIAN_POINT('',(-0.,1.));
#7581 = VECTOR('',#7582,1.);
#7582 = DIRECTION('',(-1.,0.));
#7583 = ( GEOMETRIC_REPRESENTATION_CONTEXT(2) 
PARAMETRIC_REPRESENTATION_CONTEXT() REPRESENTATION_CONTEXT('2D SPACE',''
  ) );
#7584 = ADVANCED_FACE('',(#7585),#2104,.F.);
#7585 = FACE_BOUND('',#7586,.T.);
#7586 = EDGE_LOOP('',(#7587,#7610,#7611,#7612,#7635,#7663,#7686,#7714,
    #7737,#7765));
#7587 = ORIENTED_EDGE('',*,*,#7588,.F.);
#7588 = EDGE_CURVE('',#2089,#7589,#7591,.T.);
#7589 = VERTEX_POINT('',#7590);
#7590 = CARTESIAN_POINT('',(21.25,18.8,55.));
#7591 = SURFACE_CURVE('',#7592,(#7596,#7603),.PCURVE_S1.);
#7592 = LINE('',#7593,#7594);
#7593 = CARTESIAN_POINT('',(21.25,17.3,55.));
#7594 = VECTOR('',#7595,1.);
#7595 = DIRECTION('',(-0.,1.,-0.));
#7596 = PCURVE('',#2104,#7597);
#7597 = DEFINITIONAL_REPRESENTATION('',(#7598),#7602);
#7598 = LINE('',#7599,#7600);
#7599 = CARTESIAN_POINT('',(-30.,-0.));
#7600 = VECTOR('',#7601,1.);
#7601 = DIRECTION('',(-0.,-1.));
#7602 = ( GEOMETRIC_REPRESENTATION_CONTEXT(2) 
PARAMETRIC_REPRESENTATION_CONTEXT() REPRESENTATION_CONTEXT('2D SPACE',''
  ) );
#7603 = PCURVE('',#2132,#7604);
#7604 = DEFINITIONAL_REPRESENTATION('',(#7605),#7609);
#7605 = LINE('',#7606,#7607);
#7606 = CARTESIAN_POINT('',(0.,-0.));
#7607 = VECTOR('',#7608,1.);
#7608 = DIRECTION('',(-0.,1.));
#7609 = ( GEOMETRIC_REPRESENTATION_CONTEXT(2) 
PARAMETRIC_REPRESENTATION_CONTEXT() REPRESENTATION_CONTEXT('2D SPACE',''
  ) );
#7610 = ORIENTED_EDGE('',*,*,#2088,.F.);
#7611 = ORIENTED_EDGE('',*,*,#7295,.T.);
#7612 = ORIENTED_EDGE('',*,*,#7613,.T.);
#7613 = EDGE_CURVE('',#7296,#7614,#7616,.T.);
#7614 = VERTEX_POINT('',#7615);
#7615 = CARTESIAN_POINT('',(21.25,18.8,28.5));
#7616 = SURFACE_CURVE('',#7617,(#7621,#7628),.PCURVE_S1.);
#7617 = LINE('',#7618,#7619);
#7618 = CARTESIAN_POINT('',(21.25,18.8,25.));
#7619 = VECTOR('',#7620,1.);
#7620 = DIRECTION('',(-0.,-0.,1.));
#7621 = PCURVE('',#2104,#7622);
#7622 = DEFINITIONAL_REPRESENTATION('',(#7623),#7627);
#7623 = LINE('',#7624,#7625);
#7624 = CARTESIAN_POINT('',(-0.,-1.5));
#7625 = VECTOR('',#7626,1.);
#7626 = DIRECTION('',(-1.,-0.));
#7627 = ( GEOMETRIC_REPRESENTATION_CONTEXT(2) 
PARAMETRIC_REPRESENTATION_CONTEXT() REPRESENTATION_CONTEXT('2D SPACE',''
  ) );
#7628 = PCURVE('',#7356,#7629);
#7629 = DEFINITIONAL_REPRESENTATION('',(#7630),#7634);
#7630 = LINE('',#7631,#7632);
#7631 = CARTESIAN_POINT('',(-0.,-0.));
#7632 = VECTOR('',#7633,1.);
#7633 = DIRECTION('',(-1.,0.));
#7634 = ( GEOMETRIC_REPRESENTATION_CONTEXT(2) 
PARAMETRIC_REPRESENTATION_CONTEXT() REPRESENTATION_CONTEXT('2D SPACE',''
  ) );
#7635 = ORIENTED_EDGE('',*,*,#7636,.T.);
#7636 = EDGE_CURVE('',#7614,#7637,#7639,.T.);
#7637 = VERTEX_POINT('',#7638);
#7638 = CARTESIAN_POINT('',(21.25,18.8,31.5));
#7639 = SURFACE_CURVE('',#7640,(#7644,#7651),.PCURVE_S1.);
#7640 = LINE('',#7641,#7642);
#7641 = CARTESIAN_POINT('',(21.25,18.8,25.));
#7642 = VECTOR('',#7643,1.);
#7643 = DIRECTION('',(-0.,-0.,1.));
#7644 = PCURVE('',#2104,#7645);
#7645 = DEFINITIONAL_REPRESENTATION('',(#7646),#7650);
#7646 = LINE('',#7647,#7648);
#7647 = CARTESIAN_POINT('',(-0.,-1.5));
#7648 = VECTOR('',#7649,1.);
#7649 = DIRECTION('',(-1.,-0.));
#7650 = ( GEOMETRIC_REPRESENTATION_CONTEXT(2) 
PARAMETRIC_REPRESENTATION_CONTEXT() REPRESENTATION_CONTEXT('2D SPACE',''
  ) );
#7651 = PCURVE('',#7652,#7657);
#7652 = PLANE('',#7653);
#7653 = AXIS2_PLACEMENT_3D('',#7654,#7655,#7656);
#7654 = CARTESIAN_POINT('',(21.75,18.8,28.5));
#7655 = DIRECTION('',(-0.,1.,-0.));
#7656 = DIRECTION('',(0.,0.,-1.));
#7657 = DEFINITIONAL_REPRESENTATION('',(#7658),#7662);
#7658 = LINE('',#7659,#7660);
#7659 = CARTESIAN_POINT('',(3.5,0.5));
#7660 = VECTOR('',#7661,1.);
#7661 = DIRECTION('',(-1.,0.));
#7662 = ( GEOMETRIC_REPRESENTATION_CONTEXT(2) 
PARAMETRIC_REPRESENTATION_CONTEXT() REPRESENTATION_CONTEXT('2D SPACE',''
  ) );
#7663 = ORIENTED_EDGE('',*,*,#7664,.T.);
#7664 = EDGE_CURVE('',#7637,#7665,#7667,.T.);
#7665 = VERTEX_POINT('',#7666);
#7666 = CARTESIAN_POINT('',(21.25,18.8,38.5));
#7667 = SURFACE_CURVE('',#7668,(#7672,#7679),.PCURVE_S1.);
#7668 = LINE('',#7669,#7670);
#7669 = CARTESIAN_POINT('',(21.25,18.8,25.));
#7670 = VECTOR('',#7671,1.);
#7671 = DIRECTION('',(-0.,-0.,1.));
#7672 = PCURVE('',#2104,#7673);
#7673 = DEFINITIONAL_REPRESENTATION('',(#7674),#7678);
#7674 = LINE('',#7675,#7676);
#7675 = CARTESIAN_POINT('',(-0.,-1.5));
#7676 = VECTOR('',#7677,1.);
#7677 = DIRECTION('',(-1.,-0.));
#7678 = ( GEOMETRIC_REPRESENTATION_CONTEXT(2) 
PARAMETRIC_REPRESENTATION_CONTEXT() REPRESENTATION_CONTEXT('2D SPACE',''
  ) );
#7679 = PCURVE('',#7463,#7680);
#7680 = DEFINITIONAL_REPRESENTATION('',(#7681),#7685);
#7681 = LINE('',#7682,#7683);
#7682 = CARTESIAN_POINT('',(-0.,-0.));
#7683 = VECTOR('',#7684,1.);
#7684 = DIRECTION('',(-1.,0.));
#7685 = ( GEOMETRIC_REPRESENTATION_CONTEXT(2) 
PARAMETRIC_REPRESENTATION_CONTEXT() REPRESENTATION_CONTEXT('2D SPACE',''
  ) );
#7686 = ORIENTED_EDGE('',*,*,#7687,.T.);
#7687 = EDGE_CURVE('',#7665,#7688,#7690,.T.);
#7688 = VERTEX_POINT('',#7689);
#7689 = CARTESIAN_POINT('',(21.25,18.8,41.5));
#7690 = SURFACE_CURVE('',#7691,(#7695,#7702),.PCURVE_S1.);
#7691 = LINE('',#7692,#7693);
#7692 = CARTESIAN_POINT('',(21.25,18.8,25.));
#7693 = VECTOR('',#7694,1.);
#7694 = DIRECTION('',(-0.,-0.,1.));
#7695 = PCURVE('',#2104,#7696);
#7696 = DEFINITIONAL_REPRESENTATION('',(#7697),#7701);
#7697 = LINE('',#7698,#7699);
#7698 = CARTESIAN_POINT('',(-0.,-1.5));
#7699 = VECTOR('',#7700,1.);
#7700 = DIRECTION('',(-1.,-0.));
#7701 = ( GEOMETRIC_REPRESENTATION_CONTEXT(2) 
PARAMETRIC_REPRESENTATION_CONTEXT() REPRESENTATION_CONTEXT('2D SPACE',''
  ) );
#7702 = PCURVE('',#7703,#7708);
#7703 = PLANE('',#7704);
#7704 = AXIS2_PLACEMENT_3D('',#7705,#7706,#7707);
#7705 = CARTESIAN_POINT('',(21.75,18.8,38.5));
#7706 = DIRECTION('',(-0.,1.,-0.));
#7707 = DIRECTION('',(0.,0.,-1.));
#7708 = DEFINITIONAL_REPRESENTATION('',(#7709),#7713);
#7709 = LINE('',#7710,#7711);
#7710 = CARTESIAN_POINT('',(13.5,0.5));
#7711 = VECTOR('',#7712,1.);
#7712 = DIRECTION('',(-1.,0.));
#7713 = ( GEOMETRIC_REPRESENTATION_CONTEXT(2) 
PARAMETRIC_REPRESENTATION_CONTEXT() REPRESENTATION_CONTEXT('2D SPACE',''
  ) );
#7714 = ORIENTED_EDGE('',*,*,#7715,.T.);
#7715 = EDGE_CURVE('',#7688,#7716,#7718,.T.);
#7716 = VERTEX_POINT('',#7717);
#7717 = CARTESIAN_POINT('',(21.25,18.8,48.5));
#7718 = SURFACE_CURVE('',#7719,(#7723,#7730),.PCURVE_S1.);
#7719 = LINE('',#7720,#7721);
#7720 = CARTESIAN_POINT('',(21.25,18.8,25.));
#7721 = VECTOR('',#7722,1.);
#7722 = DIRECTION('',(-0.,-0.,1.));
#7723 = PCURVE('',#2104,#7724);
#7724 = DEFINITIONAL_REPRESENTATION('',(#7725),#7729);
#7725 = LINE('',#7726,#7727);
#7726 = CARTESIAN_POINT('',(-0.,-1.5));
#7727 = VECTOR('',#7728,1.);
#7728 = DIRECTION('',(-1.,-0.));
#7729 = ( GEOMETRIC_REPRESENTATION_CONTEXT(2) 
PARAMETRIC_REPRESENTATION_CONTEXT() REPRESENTATION_CONTEXT('2D SPACE',''
  ) );
#7730 = PCURVE('',#7519,#7731);
#7731 = DEFINITIONAL_REPRESENTATION('',(#7732),#7736);
#7732 = LINE('',#7733,#7734);
#7733 = CARTESIAN_POINT('',(-0.,-0.));
#7734 = VECTOR('',#7735,1.);
#7735 = DIRECTION('',(-1.,0.));
#7736 = ( GEOMETRIC_REPRESENTATION_CONTEXT(2) 
PARAMETRIC_REPRESENTATION_CONTEXT() REPRESENTATION_CONTEXT('2D SPACE',''
  ) );
#7737 = ORIENTED_EDGE('',*,*,#7738,.T.);
#7738 = EDGE_CURVE('',#7716,#7739,#7741,.T.);
#7739 = VERTEX_POINT('',#7740);
#7740 = CARTESIAN_POINT('',(21.25,18.8,51.5));
#7741 = SURFACE_CURVE('',#7742,(#7746,#7753),.PCURVE_S1.);
#7742 = LINE('',#7743,#7744);
#7743 = CARTESIAN_POINT('',(21.25,18.8,25.));
#7744 = VECTOR('',#7745,1.);
#7745 = DIRECTION('',(-0.,-0.,1.));
#7746 = PCURVE('',#2104,#7747);
#7747 = DEFINITIONAL_REPRESENTATION('',(#7748),#7752);
#7748 = LINE('',#7749,#7750);
#7749 = CARTESIAN_POINT('',(-0.,-1.5));
#7750 = VECTOR('',#7751,1.);
#7751 = DIRECTION('',(-1.,-0.));
#7752 = ( GEOMETRIC_REPRESENTATION_CONTEXT(2) 
PARAMETRIC_REPRESENTATION_CONTEXT() REPRESENTATION_CONTEXT('2D SPACE',''
  ) );
#7753 = PCURVE('',#7754,#7759);
#7754 = PLANE('',#7755);
#7755 = AXIS2_PLACEMENT_3D('',#7756,#7757,#7758);
#7756 = CARTESIAN_POINT('',(21.75,18.8,48.5));
#7757 = DIRECTION('',(-0.,1.,-0.));
#7758 = DIRECTION('',(0.,0.,-1.));
#7759 = DEFINITIONAL_REPRESENTATION('',(#7760),#7764);
#7760 = LINE('',#7761,#7762);
#7761 = CARTESIAN_POINT('',(23.5,0.5));
#7762 = VECTOR('',#7763,1.);
#7763 = DIRECTION('',(-1.,0.));
#7764 = ( GEOMETRIC_REPRESENTATION_CONTEXT(2) 
PARAMETRIC_REPRESENTATION_CONTEXT() REPRESENTATION_CONTEXT('2D SPACE',''
  ) );
#7765 = ORIENTED_EDGE('',*,*,#7766,.T.);
#7766 = EDGE_CURVE('',#7739,#7589,#7767,.T.);
#7767 = SURFACE_CURVE('',#7768,(#7772,#7779),.PCURVE_S1.);
#7768 = LINE('',#7769,#7770);
#7769 = CARTESIAN_POINT('',(21.25,18.8,25.));
#7770 = VECTOR('',#7771,1.);
#7771 = DIRECTION('',(-0.,-0.,1.));
#7772 = PCURVE('',#2104,#7773);
#7773 = DEFINITIONAL_REPRESENTATION('',(#7774),#7778);
#7774 = LINE('',#7775,#7776);
#7775 = CARTESIAN_POINT('',(-0.,-1.5));
#7776 = VECTOR('',#7777,1.);
#7777 = DIRECTION('',(-1.,-0.));
#7778 = ( GEOMETRIC_REPRESENTATION_CONTEXT(2) 
PARAMETRIC_REPRESENTATION_CONTEXT() REPRESENTATION_CONTEXT('2D SPACE',''
  ) );
#7779 = PCURVE('',#7573,#7780);
#7780 = DEFINITIONAL_REPRESENTATION('',(#7781),#7785);
#7781 = LINE('',#7782,#7783);
#7782 = CARTESIAN_POINT('',(-0.,-0.));
#7783 = VECTOR('',#7784,1.);
#7784 = DIRECTION('',(-1.,0.));
#7785 = ( GEOMETRIC_REPRESENTATION_CONTEXT(2) 
PARAMETRIC_REPRESENTATION_CONTEXT() REPRESENTATION_CONTEXT('2D SPACE',''
  ) );
#7786 = ADVANCED_FACE('',(#7787),#2132,.T.);
#7787 = FACE_BOUND('',#7788,.F.);
#7788 = EDGE_LOOP('',(#7789,#7790,#7791,#7792));
#7789 = ORIENTED_EDGE('',*,*,#7588,.F.);
#7790 = ORIENTED_EDGE('',*,*,#2116,.F.);
#7791 = ORIENTED_EDGE('',*,*,#7371,.T.);
#7792 = ORIENTED_EDGE('',*,*,#7793,.F.);
#7793 = EDGE_CURVE('',#7589,#7372,#7794,.T.);
#7794 = SURFACE_CURVE('',#7795,(#7799,#7806),.PCURVE_S1.);
#7795 = LINE('',#7796,#7797);
#7796 = CARTESIAN_POINT('',(21.25,18.8,55.));
#7797 = VECTOR('',#7798,1.);
#7798 = DIRECTION('',(-1.,-0.,-0.));
#7799 = PCURVE('',#2132,#7800);
#7800 = DEFINITIONAL_REPRESENTATION('',(#7801),#7805);
#7801 = LINE('',#7802,#7803);
#7802 = CARTESIAN_POINT('',(0.,1.5));
#7803 = VECTOR('',#7804,1.);
#7804 = DIRECTION('',(-1.,0.));
#7805 = ( GEOMETRIC_REPRESENTATION_CONTEXT(2) 
PARAMETRIC_REPRESENTATION_CONTEXT() REPRESENTATION_CONTEXT('2D SPACE',''
  ) );
#7806 = PCURVE('',#7573,#7807);
#7807 = DEFINITIONAL_REPRESENTATION('',(#7808),#7812);
#7808 = LINE('',#7809,#7810);
#7809 = CARTESIAN_POINT('',(-30.,-0.));
#7810 = VECTOR('',#7811,1.);
#7811 = DIRECTION('',(-0.,1.));
#7812 = ( GEOMETRIC_REPRESENTATION_CONTEXT(2) 
PARAMETRIC_REPRESENTATION_CONTEXT() REPRESENTATION_CONTEXT('2D SPACE',''
  ) );
#7813 = ADVANCED_FACE('',(#7814),#2189,.F.);
#7814 = FACE_BOUND('',#7815,.T.);
#7815 = EDGE_LOOP('',(#7816,#7817,#7840,#7871));
#7816 = ORIENTED_EDGE('',*,*,#2172,.F.);
#7817 = ORIENTED_EDGE('',*,*,#7818,.F.);
#7818 = EDGE_CURVE('',#7819,#2173,#7821,.T.);
#7819 = VERTEX_POINT('',#7820);
#7820 = CARTESIAN_POINT('',(20.65,15.35,6.7));
#7821 = SEAM_CURVE('',#7822,(#7826,#7833),.PCURVE_S1.);
#7822 = LINE('',#7823,#7824);
#7823 = CARTESIAN_POINT('',(20.65,15.35,6.7));
#7824 = VECTOR('',#7825,1.);
#7825 = DIRECTION('',(-0.,1.,-0.));
#7826 = PCURVE('',#2189,#7827);
#7827 = DEFINITIONAL_REPRESENTATION('',(#7828),#7832);
#7828 = LINE('',#7829,#7830);
#7829 = CARTESIAN_POINT('',(-6.28318530718,-0.));
#7830 = VECTOR('',#7831,1.);
#7831 = DIRECTION('',(-0.,1.));
#7832 = ( GEOMETRIC_REPRESENTATION_CONTEXT(2) 
PARAMETRIC_REPRESENTATION_CONTEXT() REPRESENTATION_CONTEXT('2D SPACE',''
  ) );
#7833 = PCURVE('',#2189,#7834);
#7834 = DEFINITIONAL_REPRESENTATION('',(#7835),#7839);
#7835 = LINE('',#7836,#7837);
#7836 = CARTESIAN_POINT('',(-0.,-0.));
#7837 = VECTOR('',#7838,1.);
#7838 = DIRECTION('',(-0.,1.));
#7839 = ( GEOMETRIC_REPRESENTATION_CONTEXT(2) 
PARAMETRIC_REPRESENTATION_CONTEXT() REPRESENTATION_CONTEXT('2D SPACE',''
  ) );
#7840 = ORIENTED_EDGE('',*,*,#7841,.T.);
#7841 = EDGE_CURVE('',#7819,#7819,#7842,.T.);
#7842 = SURFACE_CURVE('',#7843,(#7848,#7855),.PCURVE_S1.);
#7843 = CIRCLE('',#7844,2.1);
#7844 = AXIS2_PLACEMENT_3D('',#7845,#7846,#7847);
#7845 = CARTESIAN_POINT('',(20.65,15.35,4.6));
#7846 = DIRECTION('',(0.,-1.,0.));
#7847 = DIRECTION('',(-0.,-0.,1.));
#7848 = PCURVE('',#2189,#7849);
#7849 = DEFINITIONAL_REPRESENTATION('',(#7850),#7854);
#7850 = LINE('',#7851,#7852);
#7851 = CARTESIAN_POINT('',(-0.,0.));
#7852 = VECTOR('',#7853,1.);
#7853 = DIRECTION('',(-1.,0.));
#7854 = ( GEOMETRIC_REPRESENTATION_CONTEXT(2) 
PARAMETRIC_REPRESENTATION_CONTEXT() REPRESENTATION_CONTEXT('2D SPACE',''
  ) );
#7855 = PCURVE('',#7856,#7861);
#7856 = PLANE('',#7857);
#7857 = AXIS2_PLACEMENT_3D('',#7858,#7859,#7860);
#7858 = CARTESIAN_POINT('',(20.65,15.35,4.6));
#7859 = DIRECTION('',(-0.,1.,-0.));
#7860 = DIRECTION('',(0.,0.,-1.));
#7861 = DEFINITIONAL_REPRESENTATION('',(#7862),#7870);
#7862 = ( BOUNDED_CURVE() B_SPLINE_CURVE(2,(#7863,#7864,#7865,#7866,
#7867,#7868,#7869),.UNSPECIFIED.,.T.,.F.) B_SPLINE_CURVE_WITH_KNOTS((1,2
    ,2,2,2,1),(-2.094395102393,0.,2.094395102393,4.188790204786,
6.28318530718,8.377580409573),.UNSPECIFIED.) CURVE() 
GEOMETRIC_REPRESENTATION_ITEM() RATIONAL_B_SPLINE_CURVE((1.,0.5,1.,0.5,
1.,0.5,1.)) REPRESENTATION_ITEM('') );
#7863 = CARTESIAN_POINT('',(-2.1,0.));
#7864 = CARTESIAN_POINT('',(-2.1,3.637306695895));
#7865 = CARTESIAN_POINT('',(1.05,1.818653347947));
#7866 = CARTESIAN_POINT('',(4.2,5.143516556419E-16));
#7867 = CARTESIAN_POINT('',(1.05,-1.818653347947));
#7868 = CARTESIAN_POINT('',(-2.1,-3.637306695895));
#7869 = CARTESIAN_POINT('',(-2.1,0.));
#7870 = ( GEOMETRIC_REPRESENTATION_CONTEXT(2) 
PARAMETRIC_REPRESENTATION_CONTEXT() REPRESENTATION_CONTEXT('2D SPACE',''
  ) );
#7871 = ORIENTED_EDGE('',*,*,#7818,.T.);
#7872 = ADVANCED_FACE('',(#7873),#2274,.T.);
#7873 = FACE_BOUND('',#7874,.T.);
#7874 = EDGE_LOOP('',(#7875,#7897,#7898,#7899));
#7875 = ORIENTED_EDGE('',*,*,#7876,.T.);
#7876 = EDGE_CURVE('',#6063,#2430,#7877,.T.);
#7877 = SURFACE_CURVE('',#7878,(#7883,#7890),.PCURVE_S1.);
#7878 = CIRCLE('',#7879,0.65);
#7879 = AXIS2_PLACEMENT_3D('',#7880,#7881,#7882);
#7880 = CARTESIAN_POINT('',(23.35,0.65,156.99999999736));
#7881 = DIRECTION('',(4.051128266109E-09,0.,-1.));
#7882 = DIRECTION('',(1.,-0.,4.051128266109E-09));
#7883 = PCURVE('',#2274,#7884);
#7884 = DEFINITIONAL_REPRESENTATION('',(#7885),#7889);
#7885 = LINE('',#7886,#7887);
#7886 = CARTESIAN_POINT('',(0.,0.));
#7887 = VECTOR('',#7888,1.);
#7888 = DIRECTION('',(1.,0.));
#7889 = ( GEOMETRIC_REPRESENTATION_CONTEXT(2) 
PARAMETRIC_REPRESENTATION_CONTEXT() REPRESENTATION_CONTEXT('2D SPACE',''
  ) );
#7890 = PCURVE('',#2450,#7891);
#7891 = DEFINITIONAL_REPRESENTATION('',(#7892),#7896);
#7892 = LINE('',#7893,#7894);
#7893 = CARTESIAN_POINT('',(-1.570796318693,0.));
#7894 = VECTOR('',#7895,1.);
#7895 = DIRECTION('',(-0.,1.));
#7896 = ( GEOMETRIC_REPRESENTATION_CONTEXT(2) 
PARAMETRIC_REPRESENTATION_CONTEXT() REPRESENTATION_CONTEXT('2D SPACE',''
  ) );
#7897 = ORIENTED_EDGE('',*,*,#2462,.T.);
#7898 = ORIENTED_EDGE('',*,*,#2253,.F.);
#7899 = ORIENTED_EDGE('',*,*,#6087,.F.);
#7900 = ADVANCED_FACE('',(#7901),#2356,.T.);
#7901 = FACE_BOUND('',#7902,.T.);
#7902 = EDGE_LOOP('',(#7903,#7904,#7905,#7927));
#7903 = ORIENTED_EDGE('',*,*,#3471,.T.);
#7904 = ORIENTED_EDGE('',*,*,#2340,.T.);
#7905 = ORIENTED_EDGE('',*,*,#7906,.F.);
#7906 = EDGE_CURVE('',#3508,#2341,#7907,.T.);
#7907 = SURFACE_CURVE('',#7908,(#7913,#7920),.PCURVE_S1.);
#7908 = CIRCLE('',#7909,0.65);
#7909 = AXIS2_PLACEMENT_3D('',#7910,#7911,#7912);
#7910 = CARTESIAN_POINT('',(-23.35,0.65,157.));
#7911 = DIRECTION('',(0.,0.,1.));
#7912 = DIRECTION('',(-1.,-0.,-0.));
#7913 = PCURVE('',#2356,#7914);
#7914 = DEFINITIONAL_REPRESENTATION('',(#7915),#7919);
#7915 = LINE('',#7916,#7917);
#7916 = CARTESIAN_POINT('',(0.,155.5));
#7917 = VECTOR('',#7918,1.);
#7918 = DIRECTION('',(1.,0.));
#7919 = ( GEOMETRIC_REPRESENTATION_CONTEXT(2) 
PARAMETRIC_REPRESENTATION_CONTEXT() REPRESENTATION_CONTEXT('2D SPACE',''
  ) );
#7920 = PCURVE('',#2389,#7921);
#7921 = DEFINITIONAL_REPRESENTATION('',(#7922),#7926);
#7922 = LINE('',#7923,#7924);
#7923 = CARTESIAN_POINT('',(-0.,0.));
#7924 = VECTOR('',#7925,1.);
#7925 = DIRECTION('',(-0.,1.));
#7926 = ( GEOMETRIC_REPRESENTATION_CONTEXT(2) 
PARAMETRIC_REPRESENTATION_CONTEXT() REPRESENTATION_CONTEXT('2D SPACE',''
  ) );
#7927 = ORIENTED_EDGE('',*,*,#3530,.F.);
#7928 = ADVANCED_FACE('',(#7929),#2450,.T.);
#7929 = FACE_BOUND('',#7930,.F.);
#7930 = EDGE_LOOP('',(#7931,#7953,#7954,#7955));
#7931 = ORIENTED_EDGE('',*,*,#7932,.F.);
#7932 = EDGE_CURVE('',#4331,#2402,#7933,.T.);
#7933 = SURFACE_CURVE('',#7934,(#7939,#7946),.PCURVE_S1.);
#7934 = CIRCLE('',#7935,0.65);
#7935 = AXIS2_PLACEMENT_3D('',#7936,#7937,#7938);
#7936 = CARTESIAN_POINT('',(19.,0.65,161.35));
#7937 = DIRECTION('',(1.,-0.,0.));
#7938 = DIRECTION('',(-0.,-0.,1.));
#7939 = PCURVE('',#2450,#7940);
#7940 = DEFINITIONAL_REPRESENTATION('',(#7941),#7945);
#7941 = LINE('',#7942,#7943);
#7942 = CARTESIAN_POINT('',(-0.,0.));
#7943 = VECTOR('',#7944,1.);
#7944 = DIRECTION('',(-0.,1.));
#7945 = ( GEOMETRIC_REPRESENTATION_CONTEXT(2) 
PARAMETRIC_REPRESENTATION_CONTEXT() REPRESENTATION_CONTEXT('2D SPACE',''
  ) );
#7946 = PCURVE('',#2417,#7947);
#7947 = DEFINITIONAL_REPRESENTATION('',(#7948),#7952);
#7948 = LINE('',#7949,#7950);
#7949 = CARTESIAN_POINT('',(0.,38.));
#7950 = VECTOR('',#7951,1.);
#7951 = DIRECTION('',(1.,0.));
#7952 = ( GEOMETRIC_REPRESENTATION_CONTEXT(2) 
PARAMETRIC_REPRESENTATION_CONTEXT() REPRESENTATION_CONTEXT('2D SPACE',''
  ) );
#7953 = ORIENTED_EDGE('',*,*,#6114,.T.);
#7954 = ORIENTED_EDGE('',*,*,#7876,.T.);
#7955 = ORIENTED_EDGE('',*,*,#2429,.F.);
#7956 = ADVANCED_FACE('',(#7957),#2389,.T.);
#7957 = FACE_BOUND('',#7958,.F.);
#7958 = EDGE_LOOP('',(#7959,#7960,#7961,#7983));
#7959 = ORIENTED_EDGE('',*,*,#7906,.F.);
#7960 = ORIENTED_EDGE('',*,*,#4567,.T.);
#7961 = ORIENTED_EDGE('',*,*,#7962,.T.);
#7962 = EDGE_CURVE('',#4329,#2369,#7963,.T.);
#7963 = SURFACE_CURVE('',#7964,(#7969,#7976),.PCURVE_S1.);
#7964 = CIRCLE('',#7965,0.65);
#7965 = AXIS2_PLACEMENT_3D('',#7966,#7967,#7968);
#7966 = CARTESIAN_POINT('',(-18.99999999736,0.65,161.35));
#7967 = DIRECTION('',(1.,-0.,4.051129687194E-09));
#7968 = DIRECTION('',(-4.051129687194E-09,-0.,1.));
#7969 = PCURVE('',#2389,#7970);
#7970 = DEFINITIONAL_REPRESENTATION('',(#7971),#7975);
#7971 = LINE('',#7972,#7973);
#7972 = CARTESIAN_POINT('',(-1.570796318693,0.));
#7973 = VECTOR('',#7974,1.);
#7974 = DIRECTION('',(-0.,1.));
#7975 = ( GEOMETRIC_REPRESENTATION_CONTEXT(2) 
PARAMETRIC_REPRESENTATION_CONTEXT() REPRESENTATION_CONTEXT('2D SPACE',''
  ) );
#7976 = PCURVE('',#2417,#7977);
#7977 = DEFINITIONAL_REPRESENTATION('',(#7978),#7982);
#7978 = LINE('',#7979,#7980);
#7979 = CARTESIAN_POINT('',(0.,0.));
#7980 = VECTOR('',#7981,1.);
#7981 = DIRECTION('',(1.,0.));
#7982 = ( GEOMETRIC_REPRESENTATION_CONTEXT(2) 
PARAMETRIC_REPRESENTATION_CONTEXT() REPRESENTATION_CONTEXT('2D SPACE',''
  ) );
#7983 = ORIENTED_EDGE('',*,*,#2368,.F.);
#7984 = ADVANCED_FACE('',(#7985),#2417,.T.);
#7985 = FACE_BOUND('',#7986,.T.);
#7986 = EDGE_LOOP('',(#7987,#7988,#7989,#7990));
#7987 = ORIENTED_EDGE('',*,*,#7962,.T.);
#7988 = ORIENTED_EDGE('',*,*,#2401,.T.);
#7989 = ORIENTED_EDGE('',*,*,#7932,.F.);
#7990 = ORIENTED_EDGE('',*,*,#4328,.F.);
#7991 = ADVANCED_FACE('',(#7992),#2503,.F.);
#7992 = FACE_BOUND('',#7993,.T.);
#7993 = EDGE_LOOP('',(#7994,#8017,#8048,#8049));
#7994 = ORIENTED_EDGE('',*,*,#7995,.T.);
#7995 = EDGE_CURVE('',#2487,#7996,#7998,.T.);
#7996 = VERTEX_POINT('',#7997);
#7997 = CARTESIAN_POINT('',(12.,1.15,36.));
#7998 = SEAM_CURVE('',#7999,(#8003,#8010),.PCURVE_S1.);
#7999 = LINE('',#8000,#8001);
#8000 = CARTESIAN_POINT('',(12.,-0.5,36.));
#8001 = VECTOR('',#8002,1.);
#8002 = DIRECTION('',(-0.,1.,-0.));
#8003 = PCURVE('',#2503,#8004);
#8004 = DEFINITIONAL_REPRESENTATION('',(#8005),#8009);
#8005 = LINE('',#8006,#8007);
#8006 = CARTESIAN_POINT('',(-6.28318530718,-0.));
#8007 = VECTOR('',#8008,1.);
#8008 = DIRECTION('',(-0.,1.));
#8009 = ( GEOMETRIC_REPRESENTATION_CONTEXT(2) 
PARAMETRIC_REPRESENTATION_CONTEXT() REPRESENTATION_CONTEXT('2D SPACE',''
  ) );
#8010 = PCURVE('',#2503,#8011);
#8011 = DEFINITIONAL_REPRESENTATION('',(#8012),#8016);
#8012 = LINE('',#8013,#8014);
#8013 = CARTESIAN_POINT('',(-0.,-0.));
#8014 = VECTOR('',#8015,1.);
#8015 = DIRECTION('',(-0.,1.));
#8016 = ( GEOMETRIC_REPRESENTATION_CONTEXT(2) 
PARAMETRIC_REPRESENTATION_CONTEXT() REPRESENTATION_CONTEXT('2D SPACE',''
  ) );
#8017 = ORIENTED_EDGE('',*,*,#8018,.F.);
#8018 = EDGE_CURVE('',#7996,#7996,#8019,.T.);
#8019 = SURFACE_CURVE('',#8020,(#8025,#8032),.PCURVE_S1.);
#8020 = CIRCLE('',#8021,3.);
#8021 = AXIS2_PLACEMENT_3D('',#8022,#8023,#8024);
#8022 = CARTESIAN_POINT('',(12.,1.15,33.));
#8023 = DIRECTION('',(0.,-1.,0.));
#8024 = DIRECTION('',(-0.,-0.,1.));
#8025 = PCURVE('',#2503,#8026);
#8026 = DEFINITIONAL_REPRESENTATION('',(#8027),#8031);
#8027 = LINE('',#8028,#8029);
#8028 = CARTESIAN_POINT('',(-0.,1.65));
#8029 = VECTOR('',#8030,1.);
#8030 = DIRECTION('',(-1.,0.));
#8031 = ( GEOMETRIC_REPRESENTATION_CONTEXT(2) 
PARAMETRIC_REPRESENTATION_CONTEXT() REPRESENTATION_CONTEXT('2D SPACE',''
  ) );
#8032 = PCURVE('',#8033,#8038);
#8033 = PLANE('',#8034);
#8034 = AXIS2_PLACEMENT_3D('',#8035,#8036,#8037);
#8035 = CARTESIAN_POINT('',(12.,1.15,33.));
#8036 = DIRECTION('',(-0.,1.,-0.));
#8037 = DIRECTION('',(0.,0.,-1.));
#8038 = DEFINITIONAL_REPRESENTATION('',(#8039),#8047);
#8039 = ( BOUNDED_CURVE() B_SPLINE_CURVE(2,(#8040,#8041,#8042,#8043,
#8044,#8045,#8046),.UNSPECIFIED.,.T.,.F.) B_SPLINE_CURVE_WITH_KNOTS((1,2
    ,2,2,2,1),(-2.094395102393,0.,2.094395102393,4.188790204786,
6.28318530718,8.377580409573),.UNSPECIFIED.) CURVE() 
GEOMETRIC_REPRESENTATION_ITEM() RATIONAL_B_SPLINE_CURVE((1.,0.5,1.,0.5,
1.,0.5,1.)) REPRESENTATION_ITEM('') );
#8040 = CARTESIAN_POINT('',(-3.,0.));
#8041 = CARTESIAN_POINT('',(-3.,5.196152422707));
#8042 = CARTESIAN_POINT('',(1.5,2.598076211353));
#8043 = CARTESIAN_POINT('',(6.,7.347880794884E-16));
#8044 = CARTESIAN_POINT('',(1.5,-2.598076211353));
#8045 = CARTESIAN_POINT('',(-3.,-5.196152422707));
#8046 = CARTESIAN_POINT('',(-3.,0.));
#8047 = ( GEOMETRIC_REPRESENTATION_CONTEXT(2) 
PARAMETRIC_REPRESENTATION_CONTEXT() REPRESENTATION_CONTEXT('2D SPACE',''
  ) );
#8048 = ORIENTED_EDGE('',*,*,#7995,.F.);
#8049 = ORIENTED_EDGE('',*,*,#2486,.T.);
#8050 = ADVANCED_FACE('',(#8051),#2535,.F.);
#8051 = FACE_BOUND('',#8052,.T.);
#8052 = EDGE_LOOP('',(#8053,#8054,#8077,#8105));
#8053 = ORIENTED_EDGE('',*,*,#2517,.F.);
#8054 = ORIENTED_EDGE('',*,*,#8055,.T.);
#8055 = EDGE_CURVE('',#2518,#8056,#8058,.T.);
#8056 = VERTEX_POINT('',#8057);
#8057 = CARTESIAN_POINT('',(9.35,1.,147.));
#8058 = SURFACE_CURVE('',#8059,(#8063,#8070),.PCURVE_S1.);
#8059 = LINE('',#8060,#8061);
#8060 = CARTESIAN_POINT('',(9.35,-0.5,147.));
#8061 = VECTOR('',#8062,1.);
#8062 = DIRECTION('',(-0.,1.,-0.));
#8063 = PCURVE('',#2535,#8064);
#8064 = DEFINITIONAL_REPRESENTATION('',(#8065),#8069);
#8065 = LINE('',#8066,#8067);
#8066 = CARTESIAN_POINT('',(-0.65,0.));
#8067 = VECTOR('',#8068,1.);
#8068 = DIRECTION('',(-0.,-1.));
#8069 = ( GEOMETRIC_REPRESENTATION_CONTEXT(2) 
PARAMETRIC_REPRESENTATION_CONTEXT() REPRESENTATION_CONTEXT('2D SPACE',''
  ) );
#8070 = PCURVE('',#2564,#8071);
#8071 = DEFINITIONAL_REPRESENTATION('',(#8072),#8076);
#8072 = LINE('',#8073,#8074);
#8073 = CARTESIAN_POINT('',(-0.,0.));
#8074 = VECTOR('',#8075,1.);
#8075 = DIRECTION('',(-0.,1.));
#8076 = ( GEOMETRIC_REPRESENTATION_CONTEXT(2) 
PARAMETRIC_REPRESENTATION_CONTEXT() REPRESENTATION_CONTEXT('2D SPACE',''
  ) );
#8077 = ORIENTED_EDGE('',*,*,#8078,.T.);
#8078 = EDGE_CURVE('',#8056,#8079,#8081,.T.);
#8079 = VERTEX_POINT('',#8080);
#8080 = CARTESIAN_POINT('',(-9.35,1.,147.));
#8081 = SURFACE_CURVE('',#8082,(#8086,#8093),.PCURVE_S1.);
#8082 = LINE('',#8083,#8084);
#8083 = CARTESIAN_POINT('',(10.,1.,147.));
#8084 = VECTOR('',#8085,1.);
#8085 = DIRECTION('',(-1.,-0.,-0.));
#8086 = PCURVE('',#2535,#8087);
#8087 = DEFINITIONAL_REPRESENTATION('',(#8088),#8092);
#8088 = LINE('',#8089,#8090);
#8089 = CARTESIAN_POINT('',(-0.,-1.5));
#8090 = VECTOR('',#8091,1.);
#8091 = DIRECTION('',(-1.,0.));
#8092 = ( GEOMETRIC_REPRESENTATION_CONTEXT(2) 
PARAMETRIC_REPRESENTATION_CONTEXT() REPRESENTATION_CONTEXT('2D SPACE',''
  ) );
#8093 = PCURVE('',#8094,#8099);
#8094 = PLANE('',#8095);
#8095 = AXIS2_PLACEMENT_3D('',#8096,#8097,#8098);
#8096 = CARTESIAN_POINT('',(0.,1.,150.));
#8097 = DIRECTION('',(0.,-1.,-0.));
#8098 = DIRECTION('',(0.,0.,1.));
#8099 = DEFINITIONAL_REPRESENTATION('',(#8100),#8104);
#8100 = LINE('',#8101,#8102);
#8101 = CARTESIAN_POINT('',(-3.,-10.));
#8102 = VECTOR('',#8103,1.);
#8103 = DIRECTION('',(-0.,1.));
#8104 = ( GEOMETRIC_REPRESENTATION_CONTEXT(2) 
PARAMETRIC_REPRESENTATION_CONTEXT() REPRESENTATION_CONTEXT('2D SPACE',''
  ) );
#8105 = ORIENTED_EDGE('',*,*,#8106,.F.);
#8106 = EDGE_CURVE('',#2520,#8079,#8107,.T.);
#8107 = SURFACE_CURVE('',#8108,(#8112,#8119),.PCURVE_S1.);
#8108 = LINE('',#8109,#8110);
#8109 = CARTESIAN_POINT('',(-9.35,-0.5,147.));
#8110 = VECTOR('',#8111,1.);
#8111 = DIRECTION('',(-0.,1.,-0.));
#8112 = PCURVE('',#2535,#8113);
#8113 = DEFINITIONAL_REPRESENTATION('',(#8114),#8118);
#8114 = LINE('',#8115,#8116);
#8115 = CARTESIAN_POINT('',(-19.35,0.));
#8116 = VECTOR('',#8117,1.);
#8117 = DIRECTION('',(-0.,-1.));
#8118 = ( GEOMETRIC_REPRESENTATION_CONTEXT(2) 
PARAMETRIC_REPRESENTATION_CONTEXT() REPRESENTATION_CONTEXT('2D SPACE',''
  ) );
#8119 = PCURVE('',#2733,#8120);
#8120 = DEFINITIONAL_REPRESENTATION('',(#8121),#8125);
#8121 = LINE('',#8122,#8123);
#8122 = CARTESIAN_POINT('',(0.,0.));
#8123 = VECTOR('',#8124,1.);
#8124 = DIRECTION('',(0.,1.));
#8125 = ( GEOMETRIC_REPRESENTATION_CONTEXT(2) 
PARAMETRIC_REPRESENTATION_CONTEXT() REPRESENTATION_CONTEXT('2D SPACE',''
  ) );
#8126 = ADVANCED_FACE('',(#8127),#2564,.F.);
#8127 = FACE_BOUND('',#8128,.T.);
#8128 = EDGE_LOOP('',(#8129,#8130,#8131,#8154));
#8129 = ORIENTED_EDGE('',*,*,#8055,.F.);
#8130 = ORIENTED_EDGE('',*,*,#2547,.T.);
#8131 = ORIENTED_EDGE('',*,*,#8132,.T.);
#8132 = EDGE_CURVE('',#2548,#8133,#8135,.T.);
#8133 = VERTEX_POINT('',#8134);
#8134 = CARTESIAN_POINT('',(10.,1.,147.65));
#8135 = SURFACE_CURVE('',#8136,(#8140,#8147),.PCURVE_S1.);
#8136 = LINE('',#8137,#8138);
#8137 = CARTESIAN_POINT('',(10.,-0.5,147.65));
#8138 = VECTOR('',#8139,1.);
#8139 = DIRECTION('',(-0.,1.,-0.));
#8140 = PCURVE('',#2564,#8141);
#8141 = DEFINITIONAL_REPRESENTATION('',(#8142),#8146);
#8142 = LINE('',#8143,#8144);
#8143 = CARTESIAN_POINT('',(-1.570796326795,0.));
#8144 = VECTOR('',#8145,1.);
#8145 = DIRECTION('',(-0.,1.));
#8146 = ( GEOMETRIC_REPRESENTATION_CONTEXT(2) 
PARAMETRIC_REPRESENTATION_CONTEXT() REPRESENTATION_CONTEXT('2D SPACE',''
  ) );
#8147 = PCURVE('',#2592,#8148);
#8148 = DEFINITIONAL_REPRESENTATION('',(#8149),#8153);
#8149 = LINE('',#8150,#8151);
#8150 = CARTESIAN_POINT('',(-5.35,0.));
#8151 = VECTOR('',#8152,1.);
#8152 = DIRECTION('',(-0.,-1.));
#8153 = ( GEOMETRIC_REPRESENTATION_CONTEXT(2) 
PARAMETRIC_REPRESENTATION_CONTEXT() REPRESENTATION_CONTEXT('2D SPACE',''
  ) );
#8154 = ORIENTED_EDGE('',*,*,#8155,.F.);
#8155 = EDGE_CURVE('',#8056,#8133,#8156,.T.);
#8156 = SURFACE_CURVE('',#8157,(#8162,#8169),.PCURVE_S1.);
#8157 = CIRCLE('',#8158,0.65);
#8158 = AXIS2_PLACEMENT_3D('',#8159,#8160,#8161);
#8159 = CARTESIAN_POINT('',(9.35,1.,147.65));
#8160 = DIRECTION('',(0.,-1.,0.));
#8161 = DIRECTION('',(-0.,-0.,1.));
#8162 = PCURVE('',#2564,#8163);
#8163 = DEFINITIONAL_REPRESENTATION('',(#8164),#8168);
#8164 = LINE('',#8165,#8166);
#8165 = CARTESIAN_POINT('',(3.14159265359,1.5));
#8166 = VECTOR('',#8167,1.);
#8167 = DIRECTION('',(-1.,0.));
#8168 = ( GEOMETRIC_REPRESENTATION_CONTEXT(2) 
PARAMETRIC_REPRESENTATION_CONTEXT() REPRESENTATION_CONTEXT('2D SPACE',''
  ) );
#8169 = PCURVE('',#8094,#8170);
#8170 = DEFINITIONAL_REPRESENTATION('',(#8171),#8175);
#8171 = CIRCLE('',#8172,0.65);
#8172 = AXIS2_PLACEMENT_2D('',#8173,#8174);
#8173 = CARTESIAN_POINT('',(-2.35,-9.35));
#8174 = DIRECTION('',(1.,-0.));
#8175 = ( GEOMETRIC_REPRESENTATION_CONTEXT(2) 
PARAMETRIC_REPRESENTATION_CONTEXT() REPRESENTATION_CONTEXT('2D SPACE',''
  ) );
#8176 = ADVANCED_FACE('',(#8177),#2733,.F.);
#8177 = FACE_BOUND('',#8178,.F.);
#8178 = EDGE_LOOP('',(#8179,#8180,#8181,#8204));
#8179 = ORIENTED_EDGE('',*,*,#8106,.F.);
#8180 = ORIENTED_EDGE('',*,*,#2718,.F.);
#8181 = ORIENTED_EDGE('',*,*,#8182,.T.);
#8182 = EDGE_CURVE('',#2691,#8183,#8185,.T.);
#8183 = VERTEX_POINT('',#8184);
#8184 = CARTESIAN_POINT('',(-10.,1.,147.65));
#8185 = SURFACE_CURVE('',#8186,(#8190,#8197),.PCURVE_S1.);
#8186 = LINE('',#8187,#8188);
#8187 = CARTESIAN_POINT('',(-10.,-0.5,147.65));
#8188 = VECTOR('',#8189,1.);
#8189 = DIRECTION('',(-0.,1.,-0.));
#8190 = PCURVE('',#2733,#8191);
#8191 = DEFINITIONAL_REPRESENTATION('',(#8192),#8196);
#8192 = LINE('',#8193,#8194);
#8193 = CARTESIAN_POINT('',(1.570796326795,0.));
#8194 = VECTOR('',#8195,1.);
#8195 = DIRECTION('',(0.,1.));
#8196 = ( GEOMETRIC_REPRESENTATION_CONTEXT(2) 
PARAMETRIC_REPRESENTATION_CONTEXT() REPRESENTATION_CONTEXT('2D SPACE',''
  ) );
#8197 = PCURVE('',#2706,#8198);
#8198 = DEFINITIONAL_REPRESENTATION('',(#8199),#8203);
#8199 = LINE('',#8200,#8201);
#8200 = CARTESIAN_POINT('',(-0.65,-0.));
#8201 = VECTOR('',#8202,1.);
#8202 = DIRECTION('',(-0.,-1.));
#8203 = ( GEOMETRIC_REPRESENTATION_CONTEXT(2) 
PARAMETRIC_REPRESENTATION_CONTEXT() REPRESENTATION_CONTEXT('2D SPACE',''
  ) );
#8204 = ORIENTED_EDGE('',*,*,#8205,.F.);
#8205 = EDGE_CURVE('',#8079,#8183,#8206,.T.);
#8206 = SURFACE_CURVE('',#8207,(#8212,#8219),.PCURVE_S1.);
#8207 = CIRCLE('',#8208,0.65);
#8208 = AXIS2_PLACEMENT_3D('',#8209,#8210,#8211);
#8209 = CARTESIAN_POINT('',(-9.35,1.,147.65));
#8210 = DIRECTION('',(0.,1.,0.));
#8211 = DIRECTION('',(-0.,-0.,1.));
#8212 = PCURVE('',#2733,#8213);
#8213 = DEFINITIONAL_REPRESENTATION('',(#8214),#8218);
#8214 = LINE('',#8215,#8216);
#8215 = CARTESIAN_POINT('',(-3.14159265359,1.5));
#8216 = VECTOR('',#8217,1.);
#8217 = DIRECTION('',(1.,0.));
#8218 = ( GEOMETRIC_REPRESENTATION_CONTEXT(2) 
PARAMETRIC_REPRESENTATION_CONTEXT() REPRESENTATION_CONTEXT('2D SPACE',''
  ) );
#8219 = PCURVE('',#8094,#8220);
#8220 = DEFINITIONAL_REPRESENTATION('',(#8221),#8229);
#8221 = ( BOUNDED_CURVE() B_SPLINE_CURVE(2,(#8222,#8223,#8224,#8225,
#8226,#8227,#8228),.UNSPECIFIED.,.T.,.F.) B_SPLINE_CURVE_WITH_KNOTS((1,2
    ,2,2,2,1),(-2.094395102393,0.,2.094395102393,4.188790204786,
6.28318530718,8.377580409573),.UNSPECIFIED.) CURVE() 
GEOMETRIC_REPRESENTATION_ITEM() RATIONAL_B_SPLINE_CURVE((1.,0.5,1.,0.5,
1.,0.5,1.)) REPRESENTATION_ITEM('') );
#8222 = CARTESIAN_POINT('',(-1.7,9.35));
#8223 = CARTESIAN_POINT('',(-1.7,8.22416697508));
#8224 = CARTESIAN_POINT('',(-2.675,8.78708348754));
#8225 = CARTESIAN_POINT('',(-3.65,9.35));
#8226 = CARTESIAN_POINT('',(-2.675,9.91291651246));
#8227 = CARTESIAN_POINT('',(-1.7,10.47583302492));
#8228 = CARTESIAN_POINT('',(-1.7,9.35));
#8229 = ( GEOMETRIC_REPRESENTATION_CONTEXT(2) 
PARAMETRIC_REPRESENTATION_CONTEXT() REPRESENTATION_CONTEXT('2D SPACE',''
  ) );
#8230 = ADVANCED_FACE('',(#8231),#2592,.F.);
#8231 = FACE_BOUND('',#8232,.T.);
#8232 = EDGE_LOOP('',(#8233,#8234,#8257,#8278));
#8233 = ORIENTED_EDGE('',*,*,#2576,.F.);
#8234 = ORIENTED_EDGE('',*,*,#8235,.T.);
#8235 = EDGE_CURVE('',#2577,#8236,#8238,.T.);
#8236 = VERTEX_POINT('',#8237);
#8237 = CARTESIAN_POINT('',(10.,1.,152.35));
#8238 = SURFACE_CURVE('',#8239,(#8243,#8250),.PCURVE_S1.);
#8239 = LINE('',#8240,#8241);
#8240 = CARTESIAN_POINT('',(10.,-0.5,152.35));
#8241 = VECTOR('',#8242,1.);
#8242 = DIRECTION('',(-0.,1.,-0.));
#8243 = PCURVE('',#2592,#8244);
#8244 = DEFINITIONAL_REPRESENTATION('',(#8245),#8249);
#8245 = LINE('',#8246,#8247);
#8246 = CARTESIAN_POINT('',(-0.65,0.));
#8247 = VECTOR('',#8248,1.);
#8248 = DIRECTION('',(-0.,-1.));
#8249 = ( GEOMETRIC_REPRESENTATION_CONTEXT(2) 
PARAMETRIC_REPRESENTATION_CONTEXT() REPRESENTATION_CONTEXT('2D SPACE',''
  ) );
#8250 = PCURVE('',#2621,#8251);
#8251 = DEFINITIONAL_REPRESENTATION('',(#8252),#8256);
#8252 = LINE('',#8253,#8254);
#8253 = CARTESIAN_POINT('',(1.570796326795,0.));
#8254 = VECTOR('',#8255,1.);
#8255 = DIRECTION('',(0.,1.));
#8256 = ( GEOMETRIC_REPRESENTATION_CONTEXT(2) 
PARAMETRIC_REPRESENTATION_CONTEXT() REPRESENTATION_CONTEXT('2D SPACE',''
  ) );
#8257 = ORIENTED_EDGE('',*,*,#8258,.T.);
#8258 = EDGE_CURVE('',#8236,#8133,#8259,.T.);
#8259 = SURFACE_CURVE('',#8260,(#8264,#8271),.PCURVE_S1.);
#8260 = LINE('',#8261,#8262);
#8261 = CARTESIAN_POINT('',(10.,1.,153.));
#8262 = VECTOR('',#8263,1.);
#8263 = DIRECTION('',(-0.,-0.,-1.));
#8264 = PCURVE('',#2592,#8265);
#8265 = DEFINITIONAL_REPRESENTATION('',(#8266),#8270);
#8266 = LINE('',#8267,#8268);
#8267 = CARTESIAN_POINT('',(-0.,-1.5));
#8268 = VECTOR('',#8269,1.);
#8269 = DIRECTION('',(-1.,0.));
#8270 = ( GEOMETRIC_REPRESENTATION_CONTEXT(2) 
PARAMETRIC_REPRESENTATION_CONTEXT() REPRESENTATION_CONTEXT('2D SPACE',''
  ) );
#8271 = PCURVE('',#8094,#8272);
#8272 = DEFINITIONAL_REPRESENTATION('',(#8273),#8277);
#8273 = LINE('',#8274,#8275);
#8274 = CARTESIAN_POINT('',(3.,-10.));
#8275 = VECTOR('',#8276,1.);
#8276 = DIRECTION('',(-1.,0.));
#8277 = ( GEOMETRIC_REPRESENTATION_CONTEXT(2) 
PARAMETRIC_REPRESENTATION_CONTEXT() REPRESENTATION_CONTEXT('2D SPACE',''
  ) );
#8278 = ORIENTED_EDGE('',*,*,#8132,.F.);
#8279 = ADVANCED_FACE('',(#8280),#2706,.F.);
#8280 = FACE_BOUND('',#8281,.T.);
#8281 = EDGE_LOOP('',(#8282,#8283,#8284,#8307));
#8282 = ORIENTED_EDGE('',*,*,#2690,.F.);
#8283 = ORIENTED_EDGE('',*,*,#8182,.T.);
#8284 = ORIENTED_EDGE('',*,*,#8285,.T.);
#8285 = EDGE_CURVE('',#8183,#8286,#8288,.T.);
#8286 = VERTEX_POINT('',#8287);
#8287 = CARTESIAN_POINT('',(-10.,1.,152.35));
#8288 = SURFACE_CURVE('',#8289,(#8293,#8300),.PCURVE_S1.);
#8289 = LINE('',#8290,#8291);
#8290 = CARTESIAN_POINT('',(-10.,1.,147.));
#8291 = VECTOR('',#8292,1.);
#8292 = DIRECTION('',(-0.,-0.,1.));
#8293 = PCURVE('',#2706,#8294);
#8294 = DEFINITIONAL_REPRESENTATION('',(#8295),#8299);
#8295 = LINE('',#8296,#8297);
#8296 = CARTESIAN_POINT('',(-0.,-1.5));
#8297 = VECTOR('',#8298,1.);
#8298 = DIRECTION('',(-1.,-0.));
#8299 = ( GEOMETRIC_REPRESENTATION_CONTEXT(2) 
PARAMETRIC_REPRESENTATION_CONTEXT() REPRESENTATION_CONTEXT('2D SPACE',''
  ) );
#8300 = PCURVE('',#8094,#8301);
#8301 = DEFINITIONAL_REPRESENTATION('',(#8302),#8306);
#8302 = LINE('',#8303,#8304);
#8303 = CARTESIAN_POINT('',(-3.,10.));
#8304 = VECTOR('',#8305,1.);
#8305 = DIRECTION('',(1.,-0.));
#8306 = ( GEOMETRIC_REPRESENTATION_CONTEXT(2) 
PARAMETRIC_REPRESENTATION_CONTEXT() REPRESENTATION_CONTEXT('2D SPACE',''
  ) );
#8307 = ORIENTED_EDGE('',*,*,#8308,.F.);
#8308 = EDGE_CURVE('',#2662,#8286,#8309,.T.);
#8309 = SURFACE_CURVE('',#8310,(#8314,#8321),.PCURVE_S1.);
#8310 = LINE('',#8311,#8312);
#8311 = CARTESIAN_POINT('',(-10.,-0.5,152.35));
#8312 = VECTOR('',#8313,1.);
#8313 = DIRECTION('',(-0.,1.,-0.));
#8314 = PCURVE('',#2706,#8315);
#8315 = DEFINITIONAL_REPRESENTATION('',(#8316),#8320);
#8316 = LINE('',#8317,#8318);
#8317 = CARTESIAN_POINT('',(-5.35,-0.));
#8318 = VECTOR('',#8319,1.);
#8319 = DIRECTION('',(-0.,-1.));
#8320 = ( GEOMETRIC_REPRESENTATION_CONTEXT(2) 
PARAMETRIC_REPRESENTATION_CONTEXT() REPRESENTATION_CONTEXT('2D SPACE',''
  ) );
#8321 = PCURVE('',#2678,#8322);
#8322 = DEFINITIONAL_REPRESENTATION('',(#8323),#8327);
#8323 = LINE('',#8324,#8325);
#8324 = CARTESIAN_POINT('',(0.,0.));
#8325 = VECTOR('',#8326,1.);
#8326 = DIRECTION('',(0.,1.));
#8327 = ( GEOMETRIC_REPRESENTATION_CONTEXT(2) 
PARAMETRIC_REPRESENTATION_CONTEXT() REPRESENTATION_CONTEXT('2D SPACE',''
  ) );
#8328 = ADVANCED_FACE('',(#8329),#2621,.F.);
#8329 = FACE_BOUND('',#8330,.F.);
#8330 = EDGE_LOOP('',(#8331,#8354,#8355,#8356));
#8331 = ORIENTED_EDGE('',*,*,#8332,.F.);
#8332 = EDGE_CURVE('',#2605,#8333,#8335,.T.);
#8333 = VERTEX_POINT('',#8334);
#8334 = CARTESIAN_POINT('',(9.35,1.,153.));
#8335 = SURFACE_CURVE('',#8336,(#8340,#8347),.PCURVE_S1.);
#8336 = LINE('',#8337,#8338);
#8337 = CARTESIAN_POINT('',(9.35,-0.5,153.));
#8338 = VECTOR('',#8339,1.);
#8339 = DIRECTION('',(-0.,1.,-0.));
#8340 = PCURVE('',#2621,#8341);
#8341 = DEFINITIONAL_REPRESENTATION('',(#8342),#8346);
#8342 = LINE('',#8343,#8344);
#8343 = CARTESIAN_POINT('',(0.,0.));
#8344 = VECTOR('',#8345,1.);
#8345 = DIRECTION('',(0.,1.));
#8346 = ( GEOMETRIC_REPRESENTATION_CONTEXT(2) 
PARAMETRIC_REPRESENTATION_CONTEXT() REPRESENTATION_CONTEXT('2D SPACE',''
  ) );
#8347 = PCURVE('',#2649,#8348);
#8348 = DEFINITIONAL_REPRESENTATION('',(#8349),#8353);
#8349 = LINE('',#8350,#8351);
#8350 = CARTESIAN_POINT('',(-19.35,-0.));
#8351 = VECTOR('',#8352,1.);
#8352 = DIRECTION('',(-0.,-1.));
#8353 = ( GEOMETRIC_REPRESENTATION_CONTEXT(2) 
PARAMETRIC_REPRESENTATION_CONTEXT() REPRESENTATION_CONTEXT('2D SPACE',''
  ) );
#8354 = ORIENTED_EDGE('',*,*,#2604,.F.);
#8355 = ORIENTED_EDGE('',*,*,#8235,.T.);
#8356 = ORIENTED_EDGE('',*,*,#8357,.F.);
#8357 = EDGE_CURVE('',#8333,#8236,#8358,.T.);
#8358 = SURFACE_CURVE('',#8359,(#8364,#8371),.PCURVE_S1.);
#8359 = CIRCLE('',#8360,0.65);
#8360 = AXIS2_PLACEMENT_3D('',#8361,#8362,#8363);
#8361 = CARTESIAN_POINT('',(9.35,1.,152.35));
#8362 = DIRECTION('',(0.,1.,0.));
#8363 = DIRECTION('',(-0.,-0.,1.));
#8364 = PCURVE('',#2621,#8365);
#8365 = DEFINITIONAL_REPRESENTATION('',(#8366),#8370);
#8366 = LINE('',#8367,#8368);
#8367 = CARTESIAN_POINT('',(0.,1.5));
#8368 = VECTOR('',#8369,1.);
#8369 = DIRECTION('',(1.,0.));
#8370 = ( GEOMETRIC_REPRESENTATION_CONTEXT(2) 
PARAMETRIC_REPRESENTATION_CONTEXT() REPRESENTATION_CONTEXT('2D SPACE',''
  ) );
#8371 = PCURVE('',#8094,#8372);
#8372 = DEFINITIONAL_REPRESENTATION('',(#8373),#8381);
#8373 = ( BOUNDED_CURVE() B_SPLINE_CURVE(2,(#8374,#8375,#8376,#8377,
#8378,#8379,#8380),.UNSPECIFIED.,.T.,.F.) B_SPLINE_CURVE_WITH_KNOTS((1,2
    ,2,2,2,1),(-2.094395102393,0.,2.094395102393,4.188790204786,
6.28318530718,8.377580409573),.UNSPECIFIED.) CURVE() 
GEOMETRIC_REPRESENTATION_ITEM() RATIONAL_B_SPLINE_CURVE((1.,0.5,1.,0.5,
1.,0.5,1.)) REPRESENTATION_ITEM('') );
#8374 = CARTESIAN_POINT('',(3.,-9.35));
#8375 = CARTESIAN_POINT('',(3.,-10.47583302492));
#8376 = CARTESIAN_POINT('',(2.025,-9.91291651246));
#8377 = CARTESIAN_POINT('',(1.05,-9.35));
#8378 = CARTESIAN_POINT('',(2.025,-8.78708348754));
#8379 = CARTESIAN_POINT('',(3.,-8.22416697508));
#8380 = CARTESIAN_POINT('',(3.,-9.35));
#8381 = ( GEOMETRIC_REPRESENTATION_CONTEXT(2) 
PARAMETRIC_REPRESENTATION_CONTEXT() REPRESENTATION_CONTEXT('2D SPACE',''
  ) );
#8382 = ADVANCED_FACE('',(#8383),#2678,.F.);
#8383 = FACE_BOUND('',#8384,.F.);
#8384 = EDGE_LOOP('',(#8385,#8386,#8387,#8410));
#8385 = ORIENTED_EDGE('',*,*,#8308,.F.);
#8386 = ORIENTED_EDGE('',*,*,#2661,.F.);
#8387 = ORIENTED_EDGE('',*,*,#8388,.T.);
#8388 = EDGE_CURVE('',#2634,#8389,#8391,.T.);
#8389 = VERTEX_POINT('',#8390);
#8390 = CARTESIAN_POINT('',(-9.35,1.,153.));
#8391 = SURFACE_CURVE('',#8392,(#8396,#8403),.PCURVE_S1.);
#8392 = LINE('',#8393,#8394);
#8393 = CARTESIAN_POINT('',(-9.35,-0.5,153.));
#8394 = VECTOR('',#8395,1.);
#8395 = DIRECTION('',(-0.,1.,-0.));
#8396 = PCURVE('',#2678,#8397);
#8397 = DEFINITIONAL_REPRESENTATION('',(#8398),#8402);
#8398 = LINE('',#8399,#8400);
#8399 = CARTESIAN_POINT('',(1.570796326795,0.));
#8400 = VECTOR('',#8401,1.);
#8401 = DIRECTION('',(0.,1.));
#8402 = ( GEOMETRIC_REPRESENTATION_CONTEXT(2) 
PARAMETRIC_REPRESENTATION_CONTEXT() REPRESENTATION_CONTEXT('2D SPACE',''
  ) );
#8403 = PCURVE('',#2649,#8404);
#8404 = DEFINITIONAL_REPRESENTATION('',(#8405),#8409);
#8405 = LINE('',#8406,#8407);
#8406 = CARTESIAN_POINT('',(-0.65,-0.));
#8407 = VECTOR('',#8408,1.);
#8408 = DIRECTION('',(-0.,-1.));
#8409 = ( GEOMETRIC_REPRESENTATION_CONTEXT(2) 
PARAMETRIC_REPRESENTATION_CONTEXT() REPRESENTATION_CONTEXT('2D SPACE',''
  ) );
#8410 = ORIENTED_EDGE('',*,*,#8411,.F.);
#8411 = EDGE_CURVE('',#8286,#8389,#8412,.T.);
#8412 = SURFACE_CURVE('',#8413,(#8418,#8425),.PCURVE_S1.);
#8413 = CIRCLE('',#8414,0.65);
#8414 = AXIS2_PLACEMENT_3D('',#8415,#8416,#8417);
#8415 = CARTESIAN_POINT('',(-9.35,1.,152.35));
#8416 = DIRECTION('',(0.,1.,0.));
#8417 = DIRECTION('',(-0.,-0.,1.));
#8418 = PCURVE('',#2678,#8419);
#8419 = DEFINITIONAL_REPRESENTATION('',(#8420),#8424);
#8420 = LINE('',#8421,#8422);
#8421 = CARTESIAN_POINT('',(-4.712388980385,1.5));
#8422 = VECTOR('',#8423,1.);
#8423 = DIRECTION('',(1.,0.));
#8424 = ( GEOMETRIC_REPRESENTATION_CONTEXT(2) 
PARAMETRIC_REPRESENTATION_CONTEXT() REPRESENTATION_CONTEXT('2D SPACE',''
  ) );
#8425 = PCURVE('',#8094,#8426);
#8426 = DEFINITIONAL_REPRESENTATION('',(#8427),#8435);
#8427 = ( BOUNDED_CURVE() B_SPLINE_CURVE(2,(#8428,#8429,#8430,#8431,
#8432,#8433,#8434),.UNSPECIFIED.,.T.,.F.) B_SPLINE_CURVE_WITH_KNOTS((1,2
    ,2,2,2,1),(-2.094395102393,0.,2.094395102393,4.188790204786,
6.28318530718,8.377580409573),.UNSPECIFIED.) CURVE() 
GEOMETRIC_REPRESENTATION_ITEM() RATIONAL_B_SPLINE_CURVE((1.,0.5,1.,0.5,
1.,0.5,1.)) REPRESENTATION_ITEM('') );
#8428 = CARTESIAN_POINT('',(3.,9.35));
#8429 = CARTESIAN_POINT('',(3.,8.22416697508));
#8430 = CARTESIAN_POINT('',(2.025,8.78708348754));
#8431 = CARTESIAN_POINT('',(1.05,9.35));
#8432 = CARTESIAN_POINT('',(2.025,9.91291651246));
#8433 = CARTESIAN_POINT('',(3.,10.47583302492));
#8434 = CARTESIAN_POINT('',(3.,9.35));
#8435 = ( GEOMETRIC_REPRESENTATION_CONTEXT(2) 
PARAMETRIC_REPRESENTATION_CONTEXT() REPRESENTATION_CONTEXT('2D SPACE',''
  ) );
#8436 = ADVANCED_FACE('',(#8437),#2649,.F.);
#8437 = FACE_BOUND('',#8438,.T.);
#8438 = EDGE_LOOP('',(#8439,#8440,#8441,#8462));
#8439 = ORIENTED_EDGE('',*,*,#2633,.F.);
#8440 = ORIENTED_EDGE('',*,*,#8388,.T.);
#8441 = ORIENTED_EDGE('',*,*,#8442,.T.);
#8442 = EDGE_CURVE('',#8389,#8333,#8443,.T.);
#8443 = SURFACE_CURVE('',#8444,(#8448,#8455),.PCURVE_S1.);
#8444 = LINE('',#8445,#8446);
#8445 = CARTESIAN_POINT('',(-10.,1.,153.));
#8446 = VECTOR('',#8447,1.);
#8447 = DIRECTION('',(1.,-0.,-0.));
#8448 = PCURVE('',#2649,#8449);
#8449 = DEFINITIONAL_REPRESENTATION('',(#8450),#8454);
#8450 = LINE('',#8451,#8452);
#8451 = CARTESIAN_POINT('',(-0.,-1.5));
#8452 = VECTOR('',#8453,1.);
#8453 = DIRECTION('',(-1.,0.));
#8454 = ( GEOMETRIC_REPRESENTATION_CONTEXT(2) 
PARAMETRIC_REPRESENTATION_CONTEXT() REPRESENTATION_CONTEXT('2D SPACE',''
  ) );
#8455 = PCURVE('',#8094,#8456);
#8456 = DEFINITIONAL_REPRESENTATION('',(#8457),#8461);
#8457 = LINE('',#8458,#8459);
#8458 = CARTESIAN_POINT('',(3.,10.));
#8459 = VECTOR('',#8460,1.);
#8460 = DIRECTION('',(-0.,-1.));
#8461 = ( GEOMETRIC_REPRESENTATION_CONTEXT(2) 
PARAMETRIC_REPRESENTATION_CONTEXT() REPRESENTATION_CONTEXT('2D SPACE',''
  ) );
#8462 = ORIENTED_EDGE('',*,*,#8332,.F.);
#8463 = ADVANCED_FACE('',(#8464),#2765,.F.);
#8464 = FACE_BOUND('',#8465,.T.);
#8465 = EDGE_LOOP('',(#8466,#8467,#8490,#8518));
#8466 = ORIENTED_EDGE('',*,*,#2747,.F.);
#8467 = ORIENTED_EDGE('',*,*,#8468,.T.);
#8468 = EDGE_CURVE('',#2748,#8469,#8471,.T.);
#8469 = VERTEX_POINT('',#8470);
#8470 = CARTESIAN_POINT('',(13.,1.15,39.));
#8471 = SURFACE_CURVE('',#8472,(#8476,#8483),.PCURVE_S1.);
#8472 = LINE('',#8473,#8474);
#8473 = CARTESIAN_POINT('',(13.,-0.5,39.));
#8474 = VECTOR('',#8475,1.);
#8475 = DIRECTION('',(-0.,1.,-0.));
#8476 = PCURVE('',#2765,#8477);
#8477 = DEFINITIONAL_REPRESENTATION('',(#8478),#8482);
#8478 = LINE('',#8479,#8480);
#8479 = CARTESIAN_POINT('',(-2.,0.));
#8480 = VECTOR('',#8481,1.);
#8481 = DIRECTION('',(-0.,-1.));
#8482 = ( GEOMETRIC_REPRESENTATION_CONTEXT(2) 
PARAMETRIC_REPRESENTATION_CONTEXT() REPRESENTATION_CONTEXT('2D SPACE',''
  ) );
#8483 = PCURVE('',#2794,#8484);
#8484 = DEFINITIONAL_REPRESENTATION('',(#8485),#8489);
#8485 = LINE('',#8486,#8487);
#8486 = CARTESIAN_POINT('',(-0.,0.));
#8487 = VECTOR('',#8488,1.);
#8488 = DIRECTION('',(-0.,1.));
#8489 = ( GEOMETRIC_REPRESENTATION_CONTEXT(2) 
PARAMETRIC_REPRESENTATION_CONTEXT() REPRESENTATION_CONTEXT('2D SPACE',''
  ) );
#8490 = ORIENTED_EDGE('',*,*,#8491,.T.);
#8491 = EDGE_CURVE('',#8469,#8492,#8494,.T.);
#8492 = VERTEX_POINT('',#8493);
#8493 = CARTESIAN_POINT('',(-13.,1.15,39.));
#8494 = SURFACE_CURVE('',#8495,(#8499,#8506),.PCURVE_S1.);
#8495 = LINE('',#8496,#8497);
#8496 = CARTESIAN_POINT('',(15.,1.15,39.));
#8497 = VECTOR('',#8498,1.);
#8498 = DIRECTION('',(-1.,-0.,-0.));
#8499 = PCURVE('',#2765,#8500);
#8500 = DEFINITIONAL_REPRESENTATION('',(#8501),#8505);
#8501 = LINE('',#8502,#8503);
#8502 = CARTESIAN_POINT('',(-0.,-1.65));
#8503 = VECTOR('',#8504,1.);
#8504 = DIRECTION('',(-1.,0.));
#8505 = ( GEOMETRIC_REPRESENTATION_CONTEXT(2) 
PARAMETRIC_REPRESENTATION_CONTEXT() REPRESENTATION_CONTEXT('2D SPACE',''
  ) );
#8506 = PCURVE('',#8507,#8512);
#8507 = PLANE('',#8508);
#8508 = AXIS2_PLACEMENT_3D('',#8509,#8510,#8511);
#8509 = CARTESIAN_POINT('',(0.,1.15,76.));
#8510 = DIRECTION('',(0.,-1.,-0.));
#8511 = DIRECTION('',(0.,0.,1.));
#8512 = DEFINITIONAL_REPRESENTATION('',(#8513),#8517);
#8513 = LINE('',#8514,#8515);
#8514 = CARTESIAN_POINT('',(-37.,-15.));
#8515 = VECTOR('',#8516,1.);
#8516 = DIRECTION('',(-0.,1.));
#8517 = ( GEOMETRIC_REPRESENTATION_CONTEXT(2) 
PARAMETRIC_REPRESENTATION_CONTEXT() REPRESENTATION_CONTEXT('2D SPACE',''
  ) );
#8518 = ORIENTED_EDGE('',*,*,#8519,.F.);
#8519 = EDGE_CURVE('',#2750,#8492,#8520,.T.);
#8520 = SURFACE_CURVE('',#8521,(#8525,#8532),.PCURVE_S1.);
#8521 = LINE('',#8522,#8523);
#8522 = CARTESIAN_POINT('',(-13.,-0.5,39.));
#8523 = VECTOR('',#8524,1.);
#8524 = DIRECTION('',(-0.,1.,-0.));
#8525 = PCURVE('',#2765,#8526);
#8526 = DEFINITIONAL_REPRESENTATION('',(#8527),#8531);
#8527 = LINE('',#8528,#8529);
#8528 = CARTESIAN_POINT('',(-28.,0.));
#8529 = VECTOR('',#8530,1.);
#8530 = DIRECTION('',(-0.,-1.));
#8531 = ( GEOMETRIC_REPRESENTATION_CONTEXT(2) 
PARAMETRIC_REPRESENTATION_CONTEXT() REPRESENTATION_CONTEXT('2D SPACE',''
  ) );
#8532 = PCURVE('',#2963,#8533);
#8533 = DEFINITIONAL_REPRESENTATION('',(#8534),#8538);
#8534 = LINE('',#8535,#8536);
#8535 = CARTESIAN_POINT('',(0.,0.));
#8536 = VECTOR('',#8537,1.);
#8537 = DIRECTION('',(0.,1.));
#8538 = ( GEOMETRIC_REPRESENTATION_CONTEXT(2) 
PARAMETRIC_REPRESENTATION_CONTEXT() REPRESENTATION_CONTEXT('2D SPACE',''
  ) );
#8539 = ADVANCED_FACE('',(#8540),#2794,.F.);
#8540 = FACE_BOUND('',#8541,.T.);
#8541 = EDGE_LOOP('',(#8542,#8543,#8544,#8567));
#8542 = ORIENTED_EDGE('',*,*,#8468,.F.);
#8543 = ORIENTED_EDGE('',*,*,#2777,.T.);
#8544 = ORIENTED_EDGE('',*,*,#8545,.T.);
#8545 = EDGE_CURVE('',#2778,#8546,#8548,.T.);
#8546 = VERTEX_POINT('',#8547);
#8547 = CARTESIAN_POINT('',(15.,1.15,41.));
#8548 = SURFACE_CURVE('',#8549,(#8553,#8560),.PCURVE_S1.);
#8549 = LINE('',#8550,#8551);
#8550 = CARTESIAN_POINT('',(15.,-0.5,41.));
#8551 = VECTOR('',#8552,1.);
#8552 = DIRECTION('',(-0.,1.,-0.));
#8553 = PCURVE('',#2794,#8554);
#8554 = DEFINITIONAL_REPRESENTATION('',(#8555),#8559);
#8555 = LINE('',#8556,#8557);
#8556 = CARTESIAN_POINT('',(-1.570796326795,0.));
#8557 = VECTOR('',#8558,1.);
#8558 = DIRECTION('',(-0.,1.));
#8559 = ( GEOMETRIC_REPRESENTATION_CONTEXT(2) 
PARAMETRIC_REPRESENTATION_CONTEXT() REPRESENTATION_CONTEXT('2D SPACE',''
  ) );
#8560 = PCURVE('',#2822,#8561);
#8561 = DEFINITIONAL_REPRESENTATION('',(#8562),#8566);
#8562 = LINE('',#8563,#8564);
#8563 = CARTESIAN_POINT('',(-72.,0.));
#8564 = VECTOR('',#8565,1.);
#8565 = DIRECTION('',(-0.,-1.));
#8566 = ( GEOMETRIC_REPRESENTATION_CONTEXT(2) 
PARAMETRIC_REPRESENTATION_CONTEXT() REPRESENTATION_CONTEXT('2D SPACE',''
  ) );
#8567 = ORIENTED_EDGE('',*,*,#8568,.F.);
#8568 = EDGE_CURVE('',#8469,#8546,#8569,.T.);
#8569 = SURFACE_CURVE('',#8570,(#8575,#8582),.PCURVE_S1.);
#8570 = CIRCLE('',#8571,2.);
#8571 = AXIS2_PLACEMENT_3D('',#8572,#8573,#8574);
#8572 = CARTESIAN_POINT('',(13.,1.15,41.));
#8573 = DIRECTION('',(0.,-1.,0.));
#8574 = DIRECTION('',(-0.,-0.,1.));
#8575 = PCURVE('',#2794,#8576);
#8576 = DEFINITIONAL_REPRESENTATION('',(#8577),#8581);
#8577 = LINE('',#8578,#8579);
#8578 = CARTESIAN_POINT('',(3.14159265359,1.65));
#8579 = VECTOR('',#8580,1.);
#8580 = DIRECTION('',(-1.,0.));
#8581 = ( GEOMETRIC_REPRESENTATION_CONTEXT(2) 
PARAMETRIC_REPRESENTATION_CONTEXT() REPRESENTATION_CONTEXT('2D SPACE',''
  ) );
#8582 = PCURVE('',#8507,#8583);
#8583 = DEFINITIONAL_REPRESENTATION('',(#8584),#8588);
#8584 = CIRCLE('',#8585,2.);
#8585 = AXIS2_PLACEMENT_2D('',#8586,#8587);
#8586 = CARTESIAN_POINT('',(-35.,-13.));
#8587 = DIRECTION('',(1.,-0.));
#8588 = ( GEOMETRIC_REPRESENTATION_CONTEXT(2) 
PARAMETRIC_REPRESENTATION_CONTEXT() REPRESENTATION_CONTEXT('2D SPACE',''
  ) );
#8589 = ADVANCED_FACE('',(#8590),#2963,.F.);
#8590 = FACE_BOUND('',#8591,.F.);
#8591 = EDGE_LOOP('',(#8592,#8593,#8594,#8617));
#8592 = ORIENTED_EDGE('',*,*,#8519,.F.);
#8593 = ORIENTED_EDGE('',*,*,#2948,.F.);
#8594 = ORIENTED_EDGE('',*,*,#8595,.T.);
#8595 = EDGE_CURVE('',#2921,#8596,#8598,.T.);
#8596 = VERTEX_POINT('',#8597);
#8597 = CARTESIAN_POINT('',(-15.,1.15,41.));
#8598 = SURFACE_CURVE('',#8599,(#8603,#8610),.PCURVE_S1.);
#8599 = LINE('',#8600,#8601);
#8600 = CARTESIAN_POINT('',(-15.,-0.5,41.));
#8601 = VECTOR('',#8602,1.);
#8602 = DIRECTION('',(-0.,1.,-0.));
#8603 = PCURVE('',#2963,#8604);
#8604 = DEFINITIONAL_REPRESENTATION('',(#8605),#8609);
#8605 = LINE('',#8606,#8607);
#8606 = CARTESIAN_POINT('',(1.570796326795,0.));
#8607 = VECTOR('',#8608,1.);
#8608 = DIRECTION('',(0.,1.));
#8609 = ( GEOMETRIC_REPRESENTATION_CONTEXT(2) 
PARAMETRIC_REPRESENTATION_CONTEXT() REPRESENTATION_CONTEXT('2D SPACE',''
  ) );
#8610 = PCURVE('',#2936,#8611);
#8611 = DEFINITIONAL_REPRESENTATION('',(#8612),#8616);
#8612 = LINE('',#8613,#8614);
#8613 = CARTESIAN_POINT('',(-2.,-0.));
#8614 = VECTOR('',#8615,1.);
#8615 = DIRECTION('',(-0.,-1.));
#8616 = ( GEOMETRIC_REPRESENTATION_CONTEXT(2) 
PARAMETRIC_REPRESENTATION_CONTEXT() REPRESENTATION_CONTEXT('2D SPACE',''
  ) );
#8617 = ORIENTED_EDGE('',*,*,#8618,.F.);
#8618 = EDGE_CURVE('',#8492,#8596,#8619,.T.);
#8619 = SURFACE_CURVE('',#8620,(#8625,#8632),.PCURVE_S1.);
#8620 = CIRCLE('',#8621,2.);
#8621 = AXIS2_PLACEMENT_3D('',#8622,#8623,#8624);
#8622 = CARTESIAN_POINT('',(-13.,1.15,41.));
#8623 = DIRECTION('',(0.,1.,0.));
#8624 = DIRECTION('',(-0.,-0.,1.));
#8625 = PCURVE('',#2963,#8626);
#8626 = DEFINITIONAL_REPRESENTATION('',(#8627),#8631);
#8627 = LINE('',#8628,#8629);
#8628 = CARTESIAN_POINT('',(-3.14159265359,1.65));
#8629 = VECTOR('',#8630,1.);
#8630 = DIRECTION('',(1.,0.));
#8631 = ( GEOMETRIC_REPRESENTATION_CONTEXT(2) 
PARAMETRIC_REPRESENTATION_CONTEXT() REPRESENTATION_CONTEXT('2D SPACE',''
  ) );
#8632 = PCURVE('',#8507,#8633);
#8633 = DEFINITIONAL_REPRESENTATION('',(#8634),#8642);
#8634 = ( BOUNDED_CURVE() B_SPLINE_CURVE(2,(#8635,#8636,#8637,#8638,
#8639,#8640,#8641),.UNSPECIFIED.,.T.,.F.) B_SPLINE_CURVE_WITH_KNOTS((1,2
    ,2,2,2,1),(-2.094395102393,0.,2.094395102393,4.188790204786,
6.28318530718,8.377580409573),.UNSPECIFIED.) CURVE() 
GEOMETRIC_REPRESENTATION_ITEM() RATIONAL_B_SPLINE_CURVE((1.,0.5,1.,0.5,
1.,0.5,1.)) REPRESENTATION_ITEM('') );
#8635 = CARTESIAN_POINT('',(-33.,13.));
#8636 = CARTESIAN_POINT('',(-33.,9.535898384862));
#8637 = CARTESIAN_POINT('',(-36.,11.267949192431));
#8638 = CARTESIAN_POINT('',(-39.,13.));
#8639 = CARTESIAN_POINT('',(-36.,14.732050807569));
#8640 = CARTESIAN_POINT('',(-33.,16.464101615138));
#8641 = CARTESIAN_POINT('',(-33.,13.));
#8642 = ( GEOMETRIC_REPRESENTATION_CONTEXT(2) 
PARAMETRIC_REPRESENTATION_CONTEXT() REPRESENTATION_CONTEXT('2D SPACE',''
  ) );
#8643 = ADVANCED_FACE('',(#8644),#2822,.F.);
#8644 = FACE_BOUND('',#8645,.T.);
#8645 = EDGE_LOOP('',(#8646,#8647,#8670,#8691));
#8646 = ORIENTED_EDGE('',*,*,#2806,.F.);
#8647 = ORIENTED_EDGE('',*,*,#8648,.T.);
#8648 = EDGE_CURVE('',#2807,#8649,#8651,.T.);
#8649 = VERTEX_POINT('',#8650);
#8650 = CARTESIAN_POINT('',(15.,1.15,111.));
#8651 = SURFACE_CURVE('',#8652,(#8656,#8663),.PCURVE_S1.);
#8652 = LINE('',#8653,#8654);
#8653 = CARTESIAN_POINT('',(15.,-0.5,111.));
#8654 = VECTOR('',#8655,1.);
#8655 = DIRECTION('',(-0.,1.,-0.));
#8656 = PCURVE('',#2822,#8657);
#8657 = DEFINITIONAL_REPRESENTATION('',(#8658),#8662);
#8658 = LINE('',#8659,#8660);
#8659 = CARTESIAN_POINT('',(-2.,0.));
#8660 = VECTOR('',#8661,1.);
#8661 = DIRECTION('',(-0.,-1.));
#8662 = ( GEOMETRIC_REPRESENTATION_CONTEXT(2) 
PARAMETRIC_REPRESENTATION_CONTEXT() REPRESENTATION_CONTEXT('2D SPACE',''
  ) );
#8663 = PCURVE('',#2851,#8664);
#8664 = DEFINITIONAL_REPRESENTATION('',(#8665),#8669);
#8665 = LINE('',#8666,#8667);
#8666 = CARTESIAN_POINT('',(1.570796326795,0.));
#8667 = VECTOR('',#8668,1.);
#8668 = DIRECTION('',(0.,1.));
#8669 = ( GEOMETRIC_REPRESENTATION_CONTEXT(2) 
PARAMETRIC_REPRESENTATION_CONTEXT() REPRESENTATION_CONTEXT('2D SPACE',''
  ) );
#8670 = ORIENTED_EDGE('',*,*,#8671,.T.);
#8671 = EDGE_CURVE('',#8649,#8546,#8672,.T.);
#8672 = SURFACE_CURVE('',#8673,(#8677,#8684),.PCURVE_S1.);
#8673 = LINE('',#8674,#8675);
#8674 = CARTESIAN_POINT('',(15.,1.15,113.));
#8675 = VECTOR('',#8676,1.);
#8676 = DIRECTION('',(-0.,-0.,-1.));
#8677 = PCURVE('',#2822,#8678);
#8678 = DEFINITIONAL_REPRESENTATION('',(#8679),#8683);
#8679 = LINE('',#8680,#8681);
#8680 = CARTESIAN_POINT('',(-0.,-1.65));
#8681 = VECTOR('',#8682,1.);
#8682 = DIRECTION('',(-1.,0.));
#8683 = ( GEOMETRIC_REPRESENTATION_CONTEXT(2) 
PARAMETRIC_REPRESENTATION_CONTEXT() REPRESENTATION_CONTEXT('2D SPACE',''
  ) );
#8684 = PCURVE('',#8507,#8685);
#8685 = DEFINITIONAL_REPRESENTATION('',(#8686),#8690);
#8686 = LINE('',#8687,#8688);
#8687 = CARTESIAN_POINT('',(37.,-15.));
#8688 = VECTOR('',#8689,1.);
#8689 = DIRECTION('',(-1.,0.));
#8690 = ( GEOMETRIC_REPRESENTATION_CONTEXT(2) 
PARAMETRIC_REPRESENTATION_CONTEXT() REPRESENTATION_CONTEXT('2D SPACE',''
  ) );
#8691 = ORIENTED_EDGE('',*,*,#8545,.F.);
#8692 = ADVANCED_FACE('',(#8693),#2936,.F.);
#8693 = FACE_BOUND('',#8694,.T.);
#8694 = EDGE_LOOP('',(#8695,#8696,#8697,#8720));
#8695 = ORIENTED_EDGE('',*,*,#2920,.F.);
#8696 = ORIENTED_EDGE('',*,*,#8595,.T.);
#8697 = ORIENTED_EDGE('',*,*,#8698,.T.);
#8698 = EDGE_CURVE('',#8596,#8699,#8701,.T.);
#8699 = VERTEX_POINT('',#8700);
#8700 = CARTESIAN_POINT('',(-15.,1.15,111.));
#8701 = SURFACE_CURVE('',#8702,(#8706,#8713),.PCURVE_S1.);
#8702 = LINE('',#8703,#8704);
#8703 = CARTESIAN_POINT('',(-15.,1.15,39.));
#8704 = VECTOR('',#8705,1.);
#8705 = DIRECTION('',(-0.,-0.,1.));
#8706 = PCURVE('',#2936,#8707);
#8707 = DEFINITIONAL_REPRESENTATION('',(#8708),#8712);
#8708 = LINE('',#8709,#8710);
#8709 = CARTESIAN_POINT('',(-0.,-1.65));
#8710 = VECTOR('',#8711,1.);
#8711 = DIRECTION('',(-1.,-0.));
#8712 = ( GEOMETRIC_REPRESENTATION_CONTEXT(2) 
PARAMETRIC_REPRESENTATION_CONTEXT() REPRESENTATION_CONTEXT('2D SPACE',''
  ) );
#8713 = PCURVE('',#8507,#8714);
#8714 = DEFINITIONAL_REPRESENTATION('',(#8715),#8719);
#8715 = LINE('',#8716,#8717);
#8716 = CARTESIAN_POINT('',(-37.,15.));
#8717 = VECTOR('',#8718,1.);
#8718 = DIRECTION('',(1.,-0.));
#8719 = ( GEOMETRIC_REPRESENTATION_CONTEXT(2) 
PARAMETRIC_REPRESENTATION_CONTEXT() REPRESENTATION_CONTEXT('2D SPACE',''
  ) );
#8720 = ORIENTED_EDGE('',*,*,#8721,.F.);
#8721 = EDGE_CURVE('',#2892,#8699,#8722,.T.);
#8722 = SURFACE_CURVE('',#8723,(#8727,#8734),.PCURVE_S1.);
#8723 = LINE('',#8724,#8725);
#8724 = CARTESIAN_POINT('',(-15.,-0.5,111.));
#8725 = VECTOR('',#8726,1.);
#8726 = DIRECTION('',(-0.,1.,-0.));
#8727 = PCURVE('',#2936,#8728);
#8728 = DEFINITIONAL_REPRESENTATION('',(#8729),#8733);
#8729 = LINE('',#8730,#8731);
#8730 = CARTESIAN_POINT('',(-72.,-0.));
#8731 = VECTOR('',#8732,1.);
#8732 = DIRECTION('',(-0.,-1.));
#8733 = ( GEOMETRIC_REPRESENTATION_CONTEXT(2) 
PARAMETRIC_REPRESENTATION_CONTEXT() REPRESENTATION_CONTEXT('2D SPACE',''
  ) );
#8734 = PCURVE('',#2908,#8735);
#8735 = DEFINITIONAL_REPRESENTATION('',(#8736),#8740);
#8736 = LINE('',#8737,#8738);
#8737 = CARTESIAN_POINT('',(0.,0.));
#8738 = VECTOR('',#8739,1.);
#8739 = DIRECTION('',(0.,1.));
#8740 = ( GEOMETRIC_REPRESENTATION_CONTEXT(2) 
PARAMETRIC_REPRESENTATION_CONTEXT() REPRESENTATION_CONTEXT('2D SPACE',''
  ) );
#8741 = ADVANCED_FACE('',(#8742),#2851,.F.);
#8742 = FACE_BOUND('',#8743,.F.);
#8743 = EDGE_LOOP('',(#8744,#8767,#8768,#8769));
#8744 = ORIENTED_EDGE('',*,*,#8745,.F.);
#8745 = EDGE_CURVE('',#2835,#8746,#8748,.T.);
#8746 = VERTEX_POINT('',#8747);
#8747 = CARTESIAN_POINT('',(13.,1.15,113.));
#8748 = SURFACE_CURVE('',#8749,(#8753,#8760),.PCURVE_S1.);
#8749 = LINE('',#8750,#8751);
#8750 = CARTESIAN_POINT('',(13.,-0.5,113.));
#8751 = VECTOR('',#8752,1.);
#8752 = DIRECTION('',(-0.,1.,-0.));
#8753 = PCURVE('',#2851,#8754);
#8754 = DEFINITIONAL_REPRESENTATION('',(#8755),#8759);
#8755 = LINE('',#8756,#8757);
#8756 = CARTESIAN_POINT('',(0.,0.));
#8757 = VECTOR('',#8758,1.);
#8758 = DIRECTION('',(0.,1.));
#8759 = ( GEOMETRIC_REPRESENTATION_CONTEXT(2) 
PARAMETRIC_REPRESENTATION_CONTEXT() REPRESENTATION_CONTEXT('2D SPACE',''
  ) );
#8760 = PCURVE('',#2879,#8761);
#8761 = DEFINITIONAL_REPRESENTATION('',(#8762),#8766);
#8762 = LINE('',#8763,#8764);
#8763 = CARTESIAN_POINT('',(-28.,-0.));
#8764 = VECTOR('',#8765,1.);
#8765 = DIRECTION('',(-0.,-1.));
#8766 = ( GEOMETRIC_REPRESENTATION_CONTEXT(2) 
PARAMETRIC_REPRESENTATION_CONTEXT() REPRESENTATION_CONTEXT('2D SPACE',''
  ) );
#8767 = ORIENTED_EDGE('',*,*,#2834,.F.);
#8768 = ORIENTED_EDGE('',*,*,#8648,.T.);
#8769 = ORIENTED_EDGE('',*,*,#8770,.F.);
#8770 = EDGE_CURVE('',#8746,#8649,#8771,.T.);
#8771 = SURFACE_CURVE('',#8772,(#8777,#8784),.PCURVE_S1.);
#8772 = CIRCLE('',#8773,2.);
#8773 = AXIS2_PLACEMENT_3D('',#8774,#8775,#8776);
#8774 = CARTESIAN_POINT('',(13.,1.15,111.));
#8775 = DIRECTION('',(0.,1.,0.));
#8776 = DIRECTION('',(-0.,-0.,1.));
#8777 = PCURVE('',#2851,#8778);
#8778 = DEFINITIONAL_REPRESENTATION('',(#8779),#8783);
#8779 = LINE('',#8780,#8781);
#8780 = CARTESIAN_POINT('',(0.,1.65));
#8781 = VECTOR('',#8782,1.);
#8782 = DIRECTION('',(1.,0.));
#8783 = ( GEOMETRIC_REPRESENTATION_CONTEXT(2) 
PARAMETRIC_REPRESENTATION_CONTEXT() REPRESENTATION_CONTEXT('2D SPACE',''
  ) );
#8784 = PCURVE('',#8507,#8785);
#8785 = DEFINITIONAL_REPRESENTATION('',(#8786),#8794);
#8786 = ( BOUNDED_CURVE() B_SPLINE_CURVE(2,(#8787,#8788,#8789,#8790,
#8791,#8792,#8793),.UNSPECIFIED.,.T.,.F.) B_SPLINE_CURVE_WITH_KNOTS((1,2
    ,2,2,2,1),(-2.094395102393,0.,2.094395102393,4.188790204786,
6.28318530718,8.377580409573),.UNSPECIFIED.) CURVE() 
GEOMETRIC_REPRESENTATION_ITEM() RATIONAL_B_SPLINE_CURVE((1.,0.5,1.,0.5,
1.,0.5,1.)) REPRESENTATION_ITEM('') );
#8787 = CARTESIAN_POINT('',(37.,-13.));
#8788 = CARTESIAN_POINT('',(37.,-16.46410161513));
#8789 = CARTESIAN_POINT('',(34.,-14.73205080756));
#8790 = CARTESIAN_POINT('',(31.,-13.));
#8791 = CARTESIAN_POINT('',(34.,-11.26794919243));
#8792 = CARTESIAN_POINT('',(37.,-9.535898384862));
#8793 = CARTESIAN_POINT('',(37.,-13.));
#8794 = ( GEOMETRIC_REPRESENTATION_CONTEXT(2) 
PARAMETRIC_REPRESENTATION_CONTEXT() REPRESENTATION_CONTEXT('2D SPACE',''
  ) );
#8795 = ADVANCED_FACE('',(#8796),#2908,.F.);
#8796 = FACE_BOUND('',#8797,.F.);
#8797 = EDGE_LOOP('',(#8798,#8799,#8800,#8823));
#8798 = ORIENTED_EDGE('',*,*,#8721,.F.);
#8799 = ORIENTED_EDGE('',*,*,#2891,.F.);
#8800 = ORIENTED_EDGE('',*,*,#8801,.T.);
#8801 = EDGE_CURVE('',#2864,#8802,#8804,.T.);
#8802 = VERTEX_POINT('',#8803);
#8803 = CARTESIAN_POINT('',(-13.,1.15,113.));
#8804 = SURFACE_CURVE('',#8805,(#8809,#8816),.PCURVE_S1.);
#8805 = LINE('',#8806,#8807);
#8806 = CARTESIAN_POINT('',(-13.,-0.5,113.));
#8807 = VECTOR('',#8808,1.);
#8808 = DIRECTION('',(-0.,1.,-0.));
#8809 = PCURVE('',#2908,#8810);
#8810 = DEFINITIONAL_REPRESENTATION('',(#8811),#8815);
#8811 = LINE('',#8812,#8813);
#8812 = CARTESIAN_POINT('',(1.570796326795,0.));
#8813 = VECTOR('',#8814,1.);
#8814 = DIRECTION('',(0.,1.));
#8815 = ( GEOMETRIC_REPRESENTATION_CONTEXT(2) 
PARAMETRIC_REPRESENTATION_CONTEXT() REPRESENTATION_CONTEXT('2D SPACE',''
  ) );
#8816 = PCURVE('',#2879,#8817);
#8817 = DEFINITIONAL_REPRESENTATION('',(#8818),#8822);
#8818 = LINE('',#8819,#8820);
#8819 = CARTESIAN_POINT('',(-2.,-0.));
#8820 = VECTOR('',#8821,1.);
#8821 = DIRECTION('',(-0.,-1.));
#8822 = ( GEOMETRIC_REPRESENTATION_CONTEXT(2) 
PARAMETRIC_REPRESENTATION_CONTEXT() REPRESENTATION_CONTEXT('2D SPACE',''
  ) );
#8823 = ORIENTED_EDGE('',*,*,#8824,.F.);
#8824 = EDGE_CURVE('',#8699,#8802,#8825,.T.);
#8825 = SURFACE_CURVE('',#8826,(#8831,#8838),.PCURVE_S1.);
#8826 = CIRCLE('',#8827,2.);
#8827 = AXIS2_PLACEMENT_3D('',#8828,#8829,#8830);
#8828 = CARTESIAN_POINT('',(-13.,1.15,111.));
#8829 = DIRECTION('',(0.,1.,0.));
#8830 = DIRECTION('',(-0.,-0.,1.));
#8831 = PCURVE('',#2908,#8832);
#8832 = DEFINITIONAL_REPRESENTATION('',(#8833),#8837);
#8833 = LINE('',#8834,#8835);
#8834 = CARTESIAN_POINT('',(-4.712388980385,1.65));
#8835 = VECTOR('',#8836,1.);
#8836 = DIRECTION('',(1.,0.));
#8837 = ( GEOMETRIC_REPRESENTATION_CONTEXT(2) 
PARAMETRIC_REPRESENTATION_CONTEXT() REPRESENTATION_CONTEXT('2D SPACE',''
  ) );
#8838 = PCURVE('',#8507,#8839);
#8839 = DEFINITIONAL_REPRESENTATION('',(#8840),#8848);
#8840 = ( BOUNDED_CURVE() B_SPLINE_CURVE(2,(#8841,#8842,#8843,#8844,
#8845,#8846,#8847),.UNSPECIFIED.,.T.,.F.) B_SPLINE_CURVE_WITH_KNOTS((1,2
    ,2,2,2,1),(-2.094395102393,0.,2.094395102393,4.188790204786,
6.28318530718,8.377580409573),.UNSPECIFIED.) CURVE() 
GEOMETRIC_REPRESENTATION_ITEM() RATIONAL_B_SPLINE_CURVE((1.,0.5,1.,0.5,
1.,0.5,1.)) REPRESENTATION_ITEM('') );
#8841 = CARTESIAN_POINT('',(37.,13.));
#8842 = CARTESIAN_POINT('',(37.,9.535898384862));
#8843 = CARTESIAN_POINT('',(34.,11.267949192431));
#8844 = CARTESIAN_POINT('',(31.,13.));
#8845 = CARTESIAN_POINT('',(34.,14.732050807569));
#8846 = CARTESIAN_POINT('',(37.,16.464101615138));
#8847 = CARTESIAN_POINT('',(37.,13.));
#8848 = ( GEOMETRIC_REPRESENTATION_CONTEXT(2) 
PARAMETRIC_REPRESENTATION_CONTEXT() REPRESENTATION_CONTEXT('2D SPACE',''
  ) );
#8849 = ADVANCED_FACE('',(#8850),#2879,.F.);
#8850 = FACE_BOUND('',#8851,.T.);
#8851 = EDGE_LOOP('',(#8852,#8853,#8854,#8875));
#8852 = ORIENTED_EDGE('',*,*,#2863,.F.);
#8853 = ORIENTED_EDGE('',*,*,#8801,.T.);
#8854 = ORIENTED_EDGE('',*,*,#8855,.T.);
#8855 = EDGE_CURVE('',#8802,#8746,#8856,.T.);
#8856 = SURFACE_CURVE('',#8857,(#8861,#8868),.PCURVE_S1.);
#8857 = LINE('',#8858,#8859);
#8858 = CARTESIAN_POINT('',(-15.,1.15,113.));
#8859 = VECTOR('',#8860,1.);
#8860 = DIRECTION('',(1.,-0.,-0.));
#8861 = PCURVE('',#2879,#8862);
#8862 = DEFINITIONAL_REPRESENTATION('',(#8863),#8867);
#8863 = LINE('',#8864,#8865);
#8864 = CARTESIAN_POINT('',(-0.,-1.65));
#8865 = VECTOR('',#8866,1.);
#8866 = DIRECTION('',(-1.,0.));
#8867 = ( GEOMETRIC_REPRESENTATION_CONTEXT(2) 
PARAMETRIC_REPRESENTATION_CONTEXT() REPRESENTATION_CONTEXT('2D SPACE',''
  ) );
#8868 = PCURVE('',#8507,#8869);
#8869 = DEFINITIONAL_REPRESENTATION('',(#8870),#8874);
#8870 = LINE('',#8871,#8872);
#8871 = CARTESIAN_POINT('',(37.,15.));
#8872 = VECTOR('',#8873,1.);
#8873 = DIRECTION('',(-0.,-1.));
#8874 = ( GEOMETRIC_REPRESENTATION_CONTEXT(2) 
PARAMETRIC_REPRESENTATION_CONTEXT() REPRESENTATION_CONTEXT('2D SPACE',''
  ) );
#8875 = ORIENTED_EDGE('',*,*,#8745,.F.);
#8876 = ADVANCED_FACE('',(#8877),#2995,.F.);
#8877 = FACE_BOUND('',#8878,.T.);
#8878 = EDGE_LOOP('',(#8879,#8880,#8903,#8931));
#8879 = ORIENTED_EDGE('',*,*,#2977,.F.);
#8880 = ORIENTED_EDGE('',*,*,#8881,.T.);
#8881 = EDGE_CURVE('',#2978,#8882,#8884,.T.);
#8882 = VERTEX_POINT('',#8883);
#8883 = CARTESIAN_POINT('',(3.65,1.1,28.));
#8884 = SURFACE_CURVE('',#8885,(#8889,#8896),.PCURVE_S1.);
#8885 = LINE('',#8886,#8887);
#8886 = CARTESIAN_POINT('',(3.65,-0.5,28.));
#8887 = VECTOR('',#8888,1.);
#8888 = DIRECTION('',(-0.,1.,-0.));
#8889 = PCURVE('',#2995,#8890);
#8890 = DEFINITIONAL_REPRESENTATION('',(#8891),#8895);
#8891 = LINE('',#8892,#8893);
#8892 = CARTESIAN_POINT('',(-0.35,0.));
#8893 = VECTOR('',#8894,1.);
#8894 = DIRECTION('',(-0.,-1.));
#8895 = ( GEOMETRIC_REPRESENTATION_CONTEXT(2) 
PARAMETRIC_REPRESENTATION_CONTEXT() REPRESENTATION_CONTEXT('2D SPACE',''
  ) );
#8896 = PCURVE('',#3024,#8897);
#8897 = DEFINITIONAL_REPRESENTATION('',(#8898),#8902);
#8898 = LINE('',#8899,#8900);
#8899 = CARTESIAN_POINT('',(-0.,0.));
#8900 = VECTOR('',#8901,1.);
#8901 = DIRECTION('',(-0.,1.));
#8902 = ( GEOMETRIC_REPRESENTATION_CONTEXT(2) 
PARAMETRIC_REPRESENTATION_CONTEXT() REPRESENTATION_CONTEXT('2D SPACE',''
  ) );
#8903 = ORIENTED_EDGE('',*,*,#8904,.T.);
#8904 = EDGE_CURVE('',#8882,#8905,#8907,.T.);
#8905 = VERTEX_POINT('',#8906);
#8906 = CARTESIAN_POINT('',(-3.65,1.1,28.));
#8907 = SURFACE_CURVE('',#8908,(#8912,#8919),.PCURVE_S1.);
#8908 = LINE('',#8909,#8910);
#8909 = CARTESIAN_POINT('',(4.,1.1,28.));
#8910 = VECTOR('',#8911,1.);
#8911 = DIRECTION('',(-1.,-0.,-0.));
#8912 = PCURVE('',#2995,#8913);
#8913 = DEFINITIONAL_REPRESENTATION('',(#8914),#8918);
#8914 = LINE('',#8915,#8916);
#8915 = CARTESIAN_POINT('',(-0.,-1.6));
#8916 = VECTOR('',#8917,1.);
#8917 = DIRECTION('',(-1.,0.));
#8918 = ( GEOMETRIC_REPRESENTATION_CONTEXT(2) 
PARAMETRIC_REPRESENTATION_CONTEXT() REPRESENTATION_CONTEXT('2D SPACE',''
  ) );
#8919 = PCURVE('',#8920,#8925);
#8920 = PLANE('',#8921);
#8921 = AXIS2_PLACEMENT_3D('',#8922,#8923,#8924);
#8922 = CARTESIAN_POINT('',(0.,1.1,32.));
#8923 = DIRECTION('',(0.,-1.,-0.));
#8924 = DIRECTION('',(0.,0.,1.));
#8925 = DEFINITIONAL_REPRESENTATION('',(#8926),#8930);
#8926 = LINE('',#8927,#8928);
#8927 = CARTESIAN_POINT('',(-4.,-4.));
#8928 = VECTOR('',#8929,1.);
#8929 = DIRECTION('',(-0.,1.));
#8930 = ( GEOMETRIC_REPRESENTATION_CONTEXT(2) 
PARAMETRIC_REPRESENTATION_CONTEXT() REPRESENTATION_CONTEXT('2D SPACE',''
  ) );
#8931 = ORIENTED_EDGE('',*,*,#8932,.F.);
#8932 = EDGE_CURVE('',#2980,#8905,#8933,.T.);
#8933 = SURFACE_CURVE('',#8934,(#8938,#8945),.PCURVE_S1.);
#8934 = LINE('',#8935,#8936);
#8935 = CARTESIAN_POINT('',(-3.65,-0.5,28.));
#8936 = VECTOR('',#8937,1.);
#8937 = DIRECTION('',(-0.,1.,-0.));
#8938 = PCURVE('',#2995,#8939);
#8939 = DEFINITIONAL_REPRESENTATION('',(#8940),#8944);
#8940 = LINE('',#8941,#8942);
#8941 = CARTESIAN_POINT('',(-7.65,0.));
#8942 = VECTOR('',#8943,1.);
#8943 = DIRECTION('',(-0.,-1.));
#8944 = ( GEOMETRIC_REPRESENTATION_CONTEXT(2) 
PARAMETRIC_REPRESENTATION_CONTEXT() REPRESENTATION_CONTEXT('2D SPACE',''
  ) );
#8945 = PCURVE('',#3193,#8946);
#8946 = DEFINITIONAL_REPRESENTATION('',(#8947),#8951);
#8947 = LINE('',#8948,#8949);
#8948 = CARTESIAN_POINT('',(0.,0.));
#8949 = VECTOR('',#8950,1.);
#8950 = DIRECTION('',(0.,1.));
#8951 = ( GEOMETRIC_REPRESENTATION_CONTEXT(2) 
PARAMETRIC_REPRESENTATION_CONTEXT() REPRESENTATION_CONTEXT('2D SPACE',''
  ) );
#8952 = ADVANCED_FACE('',(#8953),#3024,.F.);
#8953 = FACE_BOUND('',#8954,.T.);
#8954 = EDGE_LOOP('',(#8955,#8956,#8957,#8980));
#8955 = ORIENTED_EDGE('',*,*,#8881,.F.);
#8956 = ORIENTED_EDGE('',*,*,#3007,.T.);
#8957 = ORIENTED_EDGE('',*,*,#8958,.T.);
#8958 = EDGE_CURVE('',#3008,#8959,#8961,.T.);
#8959 = VERTEX_POINT('',#8960);
#8960 = CARTESIAN_POINT('',(4.,1.1,28.35));
#8961 = SURFACE_CURVE('',#8962,(#8966,#8973),.PCURVE_S1.);
#8962 = LINE('',#8963,#8964);
#8963 = CARTESIAN_POINT('',(4.,-0.5,28.35));
#8964 = VECTOR('',#8965,1.);
#8965 = DIRECTION('',(-0.,1.,-0.));
#8966 = PCURVE('',#3024,#8967);
#8967 = DEFINITIONAL_REPRESENTATION('',(#8968),#8972);
#8968 = LINE('',#8969,#8970);
#8969 = CARTESIAN_POINT('',(-1.570796326795,0.));
#8970 = VECTOR('',#8971,1.);
#8971 = DIRECTION('',(-0.,1.));
#8972 = ( GEOMETRIC_REPRESENTATION_CONTEXT(2) 
PARAMETRIC_REPRESENTATION_CONTEXT() REPRESENTATION_CONTEXT('2D SPACE',''
  ) );
#8973 = PCURVE('',#3052,#8974);
#8974 = DEFINITIONAL_REPRESENTATION('',(#8975),#8979);
#8975 = LINE('',#8976,#8977);
#8976 = CARTESIAN_POINT('',(-7.65,0.));
#8977 = VECTOR('',#8978,1.);
#8978 = DIRECTION('',(-0.,-1.));
#8979 = ( GEOMETRIC_REPRESENTATION_CONTEXT(2) 
PARAMETRIC_REPRESENTATION_CONTEXT() REPRESENTATION_CONTEXT('2D SPACE',''
  ) );
#8980 = ORIENTED_EDGE('',*,*,#8981,.F.);
#8981 = EDGE_CURVE('',#8882,#8959,#8982,.T.);
#8982 = SURFACE_CURVE('',#8983,(#8988,#8995),.PCURVE_S1.);
#8983 = CIRCLE('',#8984,0.35);
#8984 = AXIS2_PLACEMENT_3D('',#8985,#8986,#8987);
#8985 = CARTESIAN_POINT('',(3.65,1.1,28.35));
#8986 = DIRECTION('',(0.,-1.,0.));
#8987 = DIRECTION('',(-0.,-0.,1.));
#8988 = PCURVE('',#3024,#8989);
#8989 = DEFINITIONAL_REPRESENTATION('',(#8990),#8994);
#8990 = LINE('',#8991,#8992);
#8991 = CARTESIAN_POINT('',(3.14159265359,1.6));
#8992 = VECTOR('',#8993,1.);
#8993 = DIRECTION('',(-1.,0.));
#8994 = ( GEOMETRIC_REPRESENTATION_CONTEXT(2) 
PARAMETRIC_REPRESENTATION_CONTEXT() REPRESENTATION_CONTEXT('2D SPACE',''
  ) );
#8995 = PCURVE('',#8920,#8996);
#8996 = DEFINITIONAL_REPRESENTATION('',(#8997),#9001);
#8997 = CIRCLE('',#8998,0.35);
#8998 = AXIS2_PLACEMENT_2D('',#8999,#9000);
#8999 = CARTESIAN_POINT('',(-3.65,-3.65));
#9000 = DIRECTION('',(1.,-0.));
#9001 = ( GEOMETRIC_REPRESENTATION_CONTEXT(2) 
PARAMETRIC_REPRESENTATION_CONTEXT() REPRESENTATION_CONTEXT('2D SPACE',''
  ) );
#9002 = ADVANCED_FACE('',(#9003),#3193,.F.);
#9003 = FACE_BOUND('',#9004,.F.);
#9004 = EDGE_LOOP('',(#9005,#9006,#9007,#9030));
#9005 = ORIENTED_EDGE('',*,*,#8932,.F.);
#9006 = ORIENTED_EDGE('',*,*,#3178,.F.);
#9007 = ORIENTED_EDGE('',*,*,#9008,.T.);
#9008 = EDGE_CURVE('',#3151,#9009,#9011,.T.);
#9009 = VERTEX_POINT('',#9010);
#9010 = CARTESIAN_POINT('',(-4.,1.1,28.35));
#9011 = SURFACE_CURVE('',#9012,(#9016,#9023),.PCURVE_S1.);
#9012 = LINE('',#9013,#9014);
#9013 = CARTESIAN_POINT('',(-4.,-0.5,28.35));
#9014 = VECTOR('',#9015,1.);
#9015 = DIRECTION('',(-0.,1.,-0.));
#9016 = PCURVE('',#3193,#9017);
#9017 = DEFINITIONAL_REPRESENTATION('',(#9018),#9022);
#9018 = LINE('',#9019,#9020);
#9019 = CARTESIAN_POINT('',(1.570796326795,0.));
#9020 = VECTOR('',#9021,1.);
#9021 = DIRECTION('',(0.,1.));
#9022 = ( GEOMETRIC_REPRESENTATION_CONTEXT(2) 
PARAMETRIC_REPRESENTATION_CONTEXT() REPRESENTATION_CONTEXT('2D SPACE',''
  ) );
#9023 = PCURVE('',#3166,#9024);
#9024 = DEFINITIONAL_REPRESENTATION('',(#9025),#9029);
#9025 = LINE('',#9026,#9027);
#9026 = CARTESIAN_POINT('',(-0.35,-0.));
#9027 = VECTOR('',#9028,1.);
#9028 = DIRECTION('',(-0.,-1.));
#9029 = ( GEOMETRIC_REPRESENTATION_CONTEXT(2) 
PARAMETRIC_REPRESENTATION_CONTEXT() REPRESENTATION_CONTEXT('2D SPACE',''
  ) );
#9030 = ORIENTED_EDGE('',*,*,#9031,.F.);
#9031 = EDGE_CURVE('',#8905,#9009,#9032,.T.);
#9032 = SURFACE_CURVE('',#9033,(#9038,#9045),.PCURVE_S1.);
#9033 = CIRCLE('',#9034,0.35);
#9034 = AXIS2_PLACEMENT_3D('',#9035,#9036,#9037);
#9035 = CARTESIAN_POINT('',(-3.65,1.1,28.35));
#9036 = DIRECTION('',(0.,1.,0.));
#9037 = DIRECTION('',(-0.,-0.,1.));
#9038 = PCURVE('',#3193,#9039);
#9039 = DEFINITIONAL_REPRESENTATION('',(#9040),#9044);
#9040 = LINE('',#9041,#9042);
#9041 = CARTESIAN_POINT('',(-3.14159265359,1.6));
#9042 = VECTOR('',#9043,1.);
#9043 = DIRECTION('',(1.,0.));
#9044 = ( GEOMETRIC_REPRESENTATION_CONTEXT(2) 
PARAMETRIC_REPRESENTATION_CONTEXT() REPRESENTATION_CONTEXT('2D SPACE',''
  ) );
#9045 = PCURVE('',#8920,#9046);
#9046 = DEFINITIONAL_REPRESENTATION('',(#9047),#9055);
#9047 = ( BOUNDED_CURVE() B_SPLINE_CURVE(2,(#9048,#9049,#9050,#9051,
#9052,#9053,#9054),.UNSPECIFIED.,.T.,.F.) B_SPLINE_CURVE_WITH_KNOTS((1,2
    ,2,2,2,1),(-2.094395102393,0.,2.094395102393,4.188790204786,
6.28318530718,8.377580409573),.UNSPECIFIED.) CURVE() 
GEOMETRIC_REPRESENTATION_ITEM() RATIONAL_B_SPLINE_CURVE((1.,0.5,1.,0.5,
1.,0.5,1.)) REPRESENTATION_ITEM('') );
#9048 = CARTESIAN_POINT('',(-3.3,3.65));
#9049 = CARTESIAN_POINT('',(-3.3,3.043782217351));
#9050 = CARTESIAN_POINT('',(-3.825,3.346891108675));
#9051 = CARTESIAN_POINT('',(-4.35,3.65));
#9052 = CARTESIAN_POINT('',(-3.825,3.953108891325));
#9053 = CARTESIAN_POINT('',(-3.3,4.256217782649));
#9054 = CARTESIAN_POINT('',(-3.3,3.65));
#9055 = ( GEOMETRIC_REPRESENTATION_CONTEXT(2) 
PARAMETRIC_REPRESENTATION_CONTEXT() REPRESENTATION_CONTEXT('2D SPACE',''
  ) );
#9056 = ADVANCED_FACE('',(#9057),#3052,.F.);
#9057 = FACE_BOUND('',#9058,.T.);
#9058 = EDGE_LOOP('',(#9059,#9060,#9083,#9104));
#9059 = ORIENTED_EDGE('',*,*,#3036,.F.);
#9060 = ORIENTED_EDGE('',*,*,#9061,.T.);
#9061 = EDGE_CURVE('',#3037,#9062,#9064,.T.);
#9062 = VERTEX_POINT('',#9063);
#9063 = CARTESIAN_POINT('',(4.,1.1,35.65));
#9064 = SURFACE_CURVE('',#9065,(#9069,#9076),.PCURVE_S1.);
#9065 = LINE('',#9066,#9067);
#9066 = CARTESIAN_POINT('',(4.,-0.5,35.65));
#9067 = VECTOR('',#9068,1.);
#9068 = DIRECTION('',(-0.,1.,-0.));
#9069 = PCURVE('',#3052,#9070);
#9070 = DEFINITIONAL_REPRESENTATION('',(#9071),#9075);
#9071 = LINE('',#9072,#9073);
#9072 = CARTESIAN_POINT('',(-0.35,0.));
#9073 = VECTOR('',#9074,1.);
#9074 = DIRECTION('',(-0.,-1.));
#9075 = ( GEOMETRIC_REPRESENTATION_CONTEXT(2) 
PARAMETRIC_REPRESENTATION_CONTEXT() REPRESENTATION_CONTEXT('2D SPACE',''
  ) );
#9076 = PCURVE('',#3081,#9077);
#9077 = DEFINITIONAL_REPRESENTATION('',(#9078),#9082);
#9078 = LINE('',#9079,#9080);
#9079 = CARTESIAN_POINT('',(1.570796326795,0.));
#9080 = VECTOR('',#9081,1.);
#9081 = DIRECTION('',(0.,1.));
#9082 = ( GEOMETRIC_REPRESENTATION_CONTEXT(2) 
PARAMETRIC_REPRESENTATION_CONTEXT() REPRESENTATION_CONTEXT('2D SPACE',''
  ) );
#9083 = ORIENTED_EDGE('',*,*,#9084,.T.);
#9084 = EDGE_CURVE('',#9062,#8959,#9085,.T.);
#9085 = SURFACE_CURVE('',#9086,(#9090,#9097),.PCURVE_S1.);
#9086 = LINE('',#9087,#9088);
#9087 = CARTESIAN_POINT('',(4.,1.1,36.));
#9088 = VECTOR('',#9089,1.);
#9089 = DIRECTION('',(-0.,-0.,-1.));
#9090 = PCURVE('',#3052,#9091);
#9091 = DEFINITIONAL_REPRESENTATION('',(#9092),#9096);
#9092 = LINE('',#9093,#9094);
#9093 = CARTESIAN_POINT('',(-0.,-1.6));
#9094 = VECTOR('',#9095,1.);
#9095 = DIRECTION('',(-1.,0.));
#9096 = ( GEOMETRIC_REPRESENTATION_CONTEXT(2) 
PARAMETRIC_REPRESENTATION_CONTEXT() REPRESENTATION_CONTEXT('2D SPACE',''
  ) );
#9097 = PCURVE('',#8920,#9098);
#9098 = DEFINITIONAL_REPRESENTATION('',(#9099),#9103);
#9099 = LINE('',#9100,#9101);
#9100 = CARTESIAN_POINT('',(4.,-4.));
#9101 = VECTOR('',#9102,1.);
#9102 = DIRECTION('',(-1.,0.));
#9103 = ( GEOMETRIC_REPRESENTATION_CONTEXT(2) 
PARAMETRIC_REPRESENTATION_CONTEXT() REPRESENTATION_CONTEXT('2D SPACE',''
  ) );
#9104 = ORIENTED_EDGE('',*,*,#8958,.F.);
#9105 = ADVANCED_FACE('',(#9106),#3166,.F.);
#9106 = FACE_BOUND('',#9107,.T.);
#9107 = EDGE_LOOP('',(#9108,#9109,#9110,#9133));
#9108 = ORIENTED_EDGE('',*,*,#3150,.F.);
#9109 = ORIENTED_EDGE('',*,*,#9008,.T.);
#9110 = ORIENTED_EDGE('',*,*,#9111,.T.);
#9111 = EDGE_CURVE('',#9009,#9112,#9114,.T.);
#9112 = VERTEX_POINT('',#9113);
#9113 = CARTESIAN_POINT('',(-4.,1.1,35.65));
#9114 = SURFACE_CURVE('',#9115,(#9119,#9126),.PCURVE_S1.);
#9115 = LINE('',#9116,#9117);
#9116 = CARTESIAN_POINT('',(-4.,1.1,28.));
#9117 = VECTOR('',#9118,1.);
#9118 = DIRECTION('',(-0.,-0.,1.));
#9119 = PCURVE('',#3166,#9120);
#9120 = DEFINITIONAL_REPRESENTATION('',(#9121),#9125);
#9121 = LINE('',#9122,#9123);
#9122 = CARTESIAN_POINT('',(-0.,-1.6));
#9123 = VECTOR('',#9124,1.);
#9124 = DIRECTION('',(-1.,-0.));
#9125 = ( GEOMETRIC_REPRESENTATION_CONTEXT(2) 
PARAMETRIC_REPRESENTATION_CONTEXT() REPRESENTATION_CONTEXT('2D SPACE',''
  ) );
#9126 = PCURVE('',#8920,#9127);
#9127 = DEFINITIONAL_REPRESENTATION('',(#9128),#9132);
#9128 = LINE('',#9129,#9130);
#9129 = CARTESIAN_POINT('',(-4.,4.));
#9130 = VECTOR('',#9131,1.);
#9131 = DIRECTION('',(1.,-0.));
#9132 = ( GEOMETRIC_REPRESENTATION_CONTEXT(2) 
PARAMETRIC_REPRESENTATION_CONTEXT() REPRESENTATION_CONTEXT('2D SPACE',''
  ) );
#9133 = ORIENTED_EDGE('',*,*,#9134,.F.);
#9134 = EDGE_CURVE('',#3122,#9112,#9135,.T.);
#9135 = SURFACE_CURVE('',#9136,(#9140,#9147),.PCURVE_S1.);
#9136 = LINE('',#9137,#9138);
#9137 = CARTESIAN_POINT('',(-4.,-0.5,35.65));
#9138 = VECTOR('',#9139,1.);
#9139 = DIRECTION('',(-0.,1.,-0.));
#9140 = PCURVE('',#3166,#9141);
#9141 = DEFINITIONAL_REPRESENTATION('',(#9142),#9146);
#9142 = LINE('',#9143,#9144);
#9143 = CARTESIAN_POINT('',(-7.65,-0.));
#9144 = VECTOR('',#9145,1.);
#9145 = DIRECTION('',(-0.,-1.));
#9146 = ( GEOMETRIC_REPRESENTATION_CONTEXT(2) 
PARAMETRIC_REPRESENTATION_CONTEXT() REPRESENTATION_CONTEXT('2D SPACE',''
  ) );
#9147 = PCURVE('',#3138,#9148);
#9148 = DEFINITIONAL_REPRESENTATION('',(#9149),#9153);
#9149 = LINE('',#9150,#9151);
#9150 = CARTESIAN_POINT('',(0.,0.));
#9151 = VECTOR('',#9152,1.);
#9152 = DIRECTION('',(0.,1.));
#9153 = ( GEOMETRIC_REPRESENTATION_CONTEXT(2) 
PARAMETRIC_REPRESENTATION_CONTEXT() REPRESENTATION_CONTEXT('2D SPACE',''
  ) );
#9154 = ADVANCED_FACE('',(#9155),#3081,.F.);
#9155 = FACE_BOUND('',#9156,.F.);
#9156 = EDGE_LOOP('',(#9157,#9180,#9181,#9182));
#9157 = ORIENTED_EDGE('',*,*,#9158,.F.);
#9158 = EDGE_CURVE('',#3065,#9159,#9161,.T.);
#9159 = VERTEX_POINT('',#9160);
#9160 = CARTESIAN_POINT('',(3.65,1.1,36.));
#9161 = SURFACE_CURVE('',#9162,(#9166,#9173),.PCURVE_S1.);
#9162 = LINE('',#9163,#9164);
#9163 = CARTESIAN_POINT('',(3.65,-0.5,36.));
#9164 = VECTOR('',#9165,1.);
#9165 = DIRECTION('',(-0.,1.,-0.));
#9166 = PCURVE('',#3081,#9167);
#9167 = DEFINITIONAL_REPRESENTATION('',(#9168),#9172);
#9168 = LINE('',#9169,#9170);
#9169 = CARTESIAN_POINT('',(0.,0.));
#9170 = VECTOR('',#9171,1.);
#9171 = DIRECTION('',(0.,1.));
#9172 = ( GEOMETRIC_REPRESENTATION_CONTEXT(2) 
PARAMETRIC_REPRESENTATION_CONTEXT() REPRESENTATION_CONTEXT('2D SPACE',''
  ) );
#9173 = PCURVE('',#3109,#9174);
#9174 = DEFINITIONAL_REPRESENTATION('',(#9175),#9179);
#9175 = LINE('',#9176,#9177);
#9176 = CARTESIAN_POINT('',(-7.65,-0.));
#9177 = VECTOR('',#9178,1.);
#9178 = DIRECTION('',(-0.,-1.));
#9179 = ( GEOMETRIC_REPRESENTATION_CONTEXT(2) 
PARAMETRIC_REPRESENTATION_CONTEXT() REPRESENTATION_CONTEXT('2D SPACE',''
  ) );
#9180 = ORIENTED_EDGE('',*,*,#3064,.F.);
#9181 = ORIENTED_EDGE('',*,*,#9061,.T.);
#9182 = ORIENTED_EDGE('',*,*,#9183,.F.);
#9183 = EDGE_CURVE('',#9159,#9062,#9184,.T.);
#9184 = SURFACE_CURVE('',#9185,(#9190,#9197),.PCURVE_S1.);
#9185 = CIRCLE('',#9186,0.35);
#9186 = AXIS2_PLACEMENT_3D('',#9187,#9188,#9189);
#9187 = CARTESIAN_POINT('',(3.65,1.1,35.65));
#9188 = DIRECTION('',(0.,1.,0.));
#9189 = DIRECTION('',(-0.,-0.,1.));
#9190 = PCURVE('',#3081,#9191);
#9191 = DEFINITIONAL_REPRESENTATION('',(#9192),#9196);
#9192 = LINE('',#9193,#9194);
#9193 = CARTESIAN_POINT('',(0.,1.6));
#9194 = VECTOR('',#9195,1.);
#9195 = DIRECTION('',(1.,0.));
#9196 = ( GEOMETRIC_REPRESENTATION_CONTEXT(2) 
PARAMETRIC_REPRESENTATION_CONTEXT() REPRESENTATION_CONTEXT('2D SPACE',''
  ) );
#9197 = PCURVE('',#8920,#9198);
#9198 = DEFINITIONAL_REPRESENTATION('',(#9199),#9207);
#9199 = ( BOUNDED_CURVE() B_SPLINE_CURVE(2,(#9200,#9201,#9202,#9203,
#9204,#9205,#9206),.UNSPECIFIED.,.T.,.F.) B_SPLINE_CURVE_WITH_KNOTS((1,2
    ,2,2,2,1),(-2.094395102393,0.,2.094395102393,4.188790204786,
6.28318530718,8.377580409573),.UNSPECIFIED.) CURVE() 
GEOMETRIC_REPRESENTATION_ITEM() RATIONAL_B_SPLINE_CURVE((1.,0.5,1.,0.5,
1.,0.5,1.)) REPRESENTATION_ITEM('') );
#9200 = CARTESIAN_POINT('',(4.,-3.65));
#9201 = CARTESIAN_POINT('',(4.,-4.256217782649));
#9202 = CARTESIAN_POINT('',(3.475,-3.953108891325));
#9203 = CARTESIAN_POINT('',(2.95,-3.65));
#9204 = CARTESIAN_POINT('',(3.475,-3.346891108675));
#9205 = CARTESIAN_POINT('',(4.,-3.043782217351));
#9206 = CARTESIAN_POINT('',(4.,-3.65));
#9207 = ( GEOMETRIC_REPRESENTATION_CONTEXT(2) 
PARAMETRIC_REPRESENTATION_CONTEXT() REPRESENTATION_CONTEXT('2D SPACE',''
  ) );
#9208 = ADVANCED_FACE('',(#9209),#3138,.F.);
#9209 = FACE_BOUND('',#9210,.F.);
#9210 = EDGE_LOOP('',(#9211,#9212,#9213,#9236));
#9211 = ORIENTED_EDGE('',*,*,#9134,.F.);
#9212 = ORIENTED_EDGE('',*,*,#3121,.F.);
#9213 = ORIENTED_EDGE('',*,*,#9214,.T.);
#9214 = EDGE_CURVE('',#3094,#9215,#9217,.T.);
#9215 = VERTEX_POINT('',#9216);
#9216 = CARTESIAN_POINT('',(-3.65,1.1,36.));
#9217 = SURFACE_CURVE('',#9218,(#9222,#9229),.PCURVE_S1.);
#9218 = LINE('',#9219,#9220);
#9219 = CARTESIAN_POINT('',(-3.65,-0.5,36.));
#9220 = VECTOR('',#9221,1.);
#9221 = DIRECTION('',(-0.,1.,-0.));
#9222 = PCURVE('',#3138,#9223);
#9223 = DEFINITIONAL_REPRESENTATION('',(#9224),#9228);
#9224 = LINE('',#9225,#9226);
#9225 = CARTESIAN_POINT('',(1.570796326795,0.));
#9226 = VECTOR('',#9227,1.);
#9227 = DIRECTION('',(0.,1.));
#9228 = ( GEOMETRIC_REPRESENTATION_CONTEXT(2) 
PARAMETRIC_REPRESENTATION_CONTEXT() REPRESENTATION_CONTEXT('2D SPACE',''
  ) );
#9229 = PCURVE('',#3109,#9230);
#9230 = DEFINITIONAL_REPRESENTATION('',(#9231),#9235);
#9231 = LINE('',#9232,#9233);
#9232 = CARTESIAN_POINT('',(-0.35,-0.));
#9233 = VECTOR('',#9234,1.);
#9234 = DIRECTION('',(-0.,-1.));
#9235 = ( GEOMETRIC_REPRESENTATION_CONTEXT(2) 
PARAMETRIC_REPRESENTATION_CONTEXT() REPRESENTATION_CONTEXT('2D SPACE',''
  ) );
#9236 = ORIENTED_EDGE('',*,*,#9237,.F.);
#9237 = EDGE_CURVE('',#9112,#9215,#9238,.T.);
#9238 = SURFACE_CURVE('',#9239,(#9244,#9251),.PCURVE_S1.);
#9239 = CIRCLE('',#9240,0.35);
#9240 = AXIS2_PLACEMENT_3D('',#9241,#9242,#9243);
#9241 = CARTESIAN_POINT('',(-3.65,1.1,35.65));
#9242 = DIRECTION('',(0.,1.,0.));
#9243 = DIRECTION('',(-0.,-0.,1.));
#9244 = PCURVE('',#3138,#9245);
#9245 = DEFINITIONAL_REPRESENTATION('',(#9246),#9250);
#9246 = LINE('',#9247,#9248);
#9247 = CARTESIAN_POINT('',(-4.712388980385,1.6));
#9248 = VECTOR('',#9249,1.);
#9249 = DIRECTION('',(1.,0.));
#9250 = ( GEOMETRIC_REPRESENTATION_CONTEXT(2) 
PARAMETRIC_REPRESENTATION_CONTEXT() REPRESENTATION_CONTEXT('2D SPACE',''
  ) );
#9251 = PCURVE('',#8920,#9252);
#9252 = DEFINITIONAL_REPRESENTATION('',(#9253),#9261);
#9253 = ( BOUNDED_CURVE() B_SPLINE_CURVE(2,(#9254,#9255,#9256,#9257,
#9258,#9259,#9260),.UNSPECIFIED.,.T.,.F.) B_SPLINE_CURVE_WITH_KNOTS((1,2
    ,2,2,2,1),(-2.094395102393,0.,2.094395102393,4.188790204786,
6.28318530718,8.377580409573),.UNSPECIFIED.) CURVE() 
GEOMETRIC_REPRESENTATION_ITEM() RATIONAL_B_SPLINE_CURVE((1.,0.5,1.,0.5,
1.,0.5,1.)) REPRESENTATION_ITEM('') );
#9254 = CARTESIAN_POINT('',(4.,3.65));
#9255 = CARTESIAN_POINT('',(4.,3.043782217351));
#9256 = CARTESIAN_POINT('',(3.475,3.346891108675));
#9257 = CARTESIAN_POINT('',(2.95,3.65));
#9258 = CARTESIAN_POINT('',(3.475,3.953108891325));
#9259 = CARTESIAN_POINT('',(4.,4.256217782649));
#9260 = CARTESIAN_POINT('',(4.,3.65));
#9261 = ( GEOMETRIC_REPRESENTATION_CONTEXT(2) 
PARAMETRIC_REPRESENTATION_CONTEXT() REPRESENTATION_CONTEXT('2D SPACE',''
  ) );
#9262 = ADVANCED_FACE('',(#9263),#3109,.F.);
#9263 = FACE_BOUND('',#9264,.T.);
#9264 = EDGE_LOOP('',(#9265,#9266,#9267,#9288));
#9265 = ORIENTED_EDGE('',*,*,#3093,.F.);
#9266 = ORIENTED_EDGE('',*,*,#9214,.T.);
#9267 = ORIENTED_EDGE('',*,*,#9268,.T.);
#9268 = EDGE_CURVE('',#9215,#9159,#9269,.T.);
#9269 = SURFACE_CURVE('',#9270,(#9274,#9281),.PCURVE_S1.);
#9270 = LINE('',#9271,#9272);
#9271 = CARTESIAN_POINT('',(-4.,1.1,36.));
#9272 = VECTOR('',#9273,1.);
#9273 = DIRECTION('',(1.,-0.,-0.));
#9274 = PCURVE('',#3109,#9275);
#9275 = DEFINITIONAL_REPRESENTATION('',(#9276),#9280);
#9276 = LINE('',#9277,#9278);
#9277 = CARTESIAN_POINT('',(-0.,-1.6));
#9278 = VECTOR('',#9279,1.);
#9279 = DIRECTION('',(-1.,0.));
#9280 = ( GEOMETRIC_REPRESENTATION_CONTEXT(2) 
PARAMETRIC_REPRESENTATION_CONTEXT() REPRESENTATION_CONTEXT('2D SPACE',''
  ) );
#9281 = PCURVE('',#8920,#9282);
#9282 = DEFINITIONAL_REPRESENTATION('',(#9283),#9287);
#9283 = LINE('',#9284,#9285);
#9284 = CARTESIAN_POINT('',(4.,4.));
#9285 = VECTOR('',#9286,1.);
#9286 = DIRECTION('',(-0.,-1.));
#9287 = ( GEOMETRIC_REPRESENTATION_CONTEXT(2) 
PARAMETRIC_REPRESENTATION_CONTEXT() REPRESENTATION_CONTEXT('2D SPACE',''
  ) );
#9288 = ORIENTED_EDGE('',*,*,#9158,.F.);
#9289 = ADVANCED_FACE('',(#9290),#3225,.F.);
#9290 = FACE_BOUND('',#9291,.T.);
#9291 = EDGE_LOOP('',(#9292,#9293,#9316,#9344));
#9292 = ORIENTED_EDGE('',*,*,#3207,.F.);
#9293 = ORIENTED_EDGE('',*,*,#9294,.T.);
#9294 = EDGE_CURVE('',#3208,#9295,#9297,.T.);
#9295 = VERTEX_POINT('',#9296);
#9296 = CARTESIAN_POINT('',(13.4,1.15,7.));
#9297 = SURFACE_CURVE('',#9298,(#9302,#9309),.PCURVE_S1.);
#9298 = LINE('',#9299,#9300);
#9299 = CARTESIAN_POINT('',(13.4,-0.5,7.));
#9300 = VECTOR('',#9301,1.);
#9301 = DIRECTION('',(-0.,1.,-0.));
#9302 = PCURVE('',#3225,#9303);
#9303 = DEFINITIONAL_REPRESENTATION('',(#9304),#9308);
#9304 = LINE('',#9305,#9306);
#9305 = CARTESIAN_POINT('',(-1.6,0.));
#9306 = VECTOR('',#9307,1.);
#9307 = DIRECTION('',(-0.,-1.));
#9308 = ( GEOMETRIC_REPRESENTATION_CONTEXT(2) 
PARAMETRIC_REPRESENTATION_CONTEXT() REPRESENTATION_CONTEXT('2D SPACE',''
  ) );
#9309 = PCURVE('',#3254,#9310);
#9310 = DEFINITIONAL_REPRESENTATION('',(#9311),#9315);
#9311 = LINE('',#9312,#9313);
#9312 = CARTESIAN_POINT('',(-0.,0.));
#9313 = VECTOR('',#9314,1.);
#9314 = DIRECTION('',(-0.,1.));
#9315 = ( GEOMETRIC_REPRESENTATION_CONTEXT(2) 
PARAMETRIC_REPRESENTATION_CONTEXT() REPRESENTATION_CONTEXT('2D SPACE',''
  ) );
#9316 = ORIENTED_EDGE('',*,*,#9317,.T.);
#9317 = EDGE_CURVE('',#9295,#9318,#9320,.T.);
#9318 = VERTEX_POINT('',#9319);
#9319 = CARTESIAN_POINT('',(-13.4,1.15,7.));
#9320 = SURFACE_CURVE('',#9321,(#9325,#9332),.PCURVE_S1.);
#9321 = LINE('',#9322,#9323);
#9322 = CARTESIAN_POINT('',(15.,1.15,7.));
#9323 = VECTOR('',#9324,1.);
#9324 = DIRECTION('',(-1.,-0.,-0.));
#9325 = PCURVE('',#3225,#9326);
#9326 = DEFINITIONAL_REPRESENTATION('',(#9327),#9331);
#9327 = LINE('',#9328,#9329);
#9328 = CARTESIAN_POINT('',(-0.,-1.65));
#9329 = VECTOR('',#9330,1.);
#9330 = DIRECTION('',(-1.,0.));
#9331 = ( GEOMETRIC_REPRESENTATION_CONTEXT(2) 
PARAMETRIC_REPRESENTATION_CONTEXT() REPRESENTATION_CONTEXT('2D SPACE',''
  ) );
#9332 = PCURVE('',#9333,#9338);
#9333 = PLANE('',#9334);
#9334 = AXIS2_PLACEMENT_3D('',#9335,#9336,#9337);
#9335 = CARTESIAN_POINT('',(0.,1.15,16.));
#9336 = DIRECTION('',(0.,-1.,-0.));
#9337 = DIRECTION('',(0.,0.,1.));
#9338 = DEFINITIONAL_REPRESENTATION('',(#9339),#9343);
#9339 = LINE('',#9340,#9341);
#9340 = CARTESIAN_POINT('',(-9.,-15.));
#9341 = VECTOR('',#9342,1.);
#9342 = DIRECTION('',(-0.,1.));
#9343 = ( GEOMETRIC_REPRESENTATION_CONTEXT(2) 
PARAMETRIC_REPRESENTATION_CONTEXT() REPRESENTATION_CONTEXT('2D SPACE',''
  ) );
#9344 = ORIENTED_EDGE('',*,*,#9345,.F.);
#9345 = EDGE_CURVE('',#3210,#9318,#9346,.T.);
#9346 = SURFACE_CURVE('',#9347,(#9351,#9358),.PCURVE_S1.);
#9347 = LINE('',#9348,#9349);
#9348 = CARTESIAN_POINT('',(-13.4,-0.5,7.));
#9349 = VECTOR('',#9350,1.);
#9350 = DIRECTION('',(-0.,1.,-0.));
#9351 = PCURVE('',#3225,#9352);
#9352 = DEFINITIONAL_REPRESENTATION('',(#9353),#9357);
#9353 = LINE('',#9354,#9355);
#9354 = CARTESIAN_POINT('',(-28.4,0.));
#9355 = VECTOR('',#9356,1.);
#9356 = DIRECTION('',(-0.,-1.));
#9357 = ( GEOMETRIC_REPRESENTATION_CONTEXT(2) 
PARAMETRIC_REPRESENTATION_CONTEXT() REPRESENTATION_CONTEXT('2D SPACE',''
  ) );
#9358 = PCURVE('',#3423,#9359);
#9359 = DEFINITIONAL_REPRESENTATION('',(#9360),#9364);
#9360 = LINE('',#9361,#9362);
#9361 = CARTESIAN_POINT('',(0.,0.));
#9362 = VECTOR('',#9363,1.);
#9363 = DIRECTION('',(0.,1.));
#9364 = ( GEOMETRIC_REPRESENTATION_CONTEXT(2) 
PARAMETRIC_REPRESENTATION_CONTEXT() REPRESENTATION_CONTEXT('2D SPACE',''
  ) );
#9365 = ADVANCED_FACE('',(#9366),#3254,.F.);
#9366 = FACE_BOUND('',#9367,.T.);
#9367 = EDGE_LOOP('',(#9368,#9369,#9370,#9393));
#9368 = ORIENTED_EDGE('',*,*,#9294,.F.);
#9369 = ORIENTED_EDGE('',*,*,#3237,.T.);
#9370 = ORIENTED_EDGE('',*,*,#9371,.T.);
#9371 = EDGE_CURVE('',#3238,#9372,#9374,.T.);
#9372 = VERTEX_POINT('',#9373);
#9373 = CARTESIAN_POINT('',(15.,1.15,8.6));
#9374 = SURFACE_CURVE('',#9375,(#9379,#9386),.PCURVE_S1.);
#9375 = LINE('',#9376,#9377);
#9376 = CARTESIAN_POINT('',(15.,-0.5,8.6));
#9377 = VECTOR('',#9378,1.);
#9378 = DIRECTION('',(-0.,1.,-0.));
#9379 = PCURVE('',#3254,#9380);
#9380 = DEFINITIONAL_REPRESENTATION('',(#9381),#9385);
#9381 = LINE('',#9382,#9383);
#9382 = CARTESIAN_POINT('',(-1.570796326795,0.));
#9383 = VECTOR('',#9384,1.);
#9384 = DIRECTION('',(-0.,1.));
#9385 = ( GEOMETRIC_REPRESENTATION_CONTEXT(2) 
PARAMETRIC_REPRESENTATION_CONTEXT() REPRESENTATION_CONTEXT('2D SPACE',''
  ) );
#9386 = PCURVE('',#3282,#9387);
#9387 = DEFINITIONAL_REPRESENTATION('',(#9388),#9392);
#9388 = LINE('',#9389,#9390);
#9389 = CARTESIAN_POINT('',(-16.4,0.));
#9390 = VECTOR('',#9391,1.);
#9391 = DIRECTION('',(-0.,-1.));
#9392 = ( GEOMETRIC_REPRESENTATION_CONTEXT(2) 
PARAMETRIC_REPRESENTATION_CONTEXT() REPRESENTATION_CONTEXT('2D SPACE',''
  ) );
#9393 = ORIENTED_EDGE('',*,*,#9394,.F.);
#9394 = EDGE_CURVE('',#9295,#9372,#9395,.T.);
#9395 = SURFACE_CURVE('',#9396,(#9401,#9408),.PCURVE_S1.);
#9396 = CIRCLE('',#9397,1.6);
#9397 = AXIS2_PLACEMENT_3D('',#9398,#9399,#9400);
#9398 = CARTESIAN_POINT('',(13.4,1.15,8.6));
#9399 = DIRECTION('',(0.,-1.,0.));
#9400 = DIRECTION('',(-0.,-0.,1.));
#9401 = PCURVE('',#3254,#9402);
#9402 = DEFINITIONAL_REPRESENTATION('',(#9403),#9407);
#9403 = LINE('',#9404,#9405);
#9404 = CARTESIAN_POINT('',(3.14159265359,1.65));
#9405 = VECTOR('',#9406,1.);
#9406 = DIRECTION('',(-1.,0.));
#9407 = ( GEOMETRIC_REPRESENTATION_CONTEXT(2) 
PARAMETRIC_REPRESENTATION_CONTEXT() REPRESENTATION_CONTEXT('2D SPACE',''
  ) );
#9408 = PCURVE('',#9333,#9409);
#9409 = DEFINITIONAL_REPRESENTATION('',(#9410),#9414);
#9410 = CIRCLE('',#9411,1.6);
#9411 = AXIS2_PLACEMENT_2D('',#9412,#9413);
#9412 = CARTESIAN_POINT('',(-7.4,-13.4));
#9413 = DIRECTION('',(1.,-0.));
#9414 = ( GEOMETRIC_REPRESENTATION_CONTEXT(2) 
PARAMETRIC_REPRESENTATION_CONTEXT() REPRESENTATION_CONTEXT('2D SPACE',''
  ) );
#9415 = ADVANCED_FACE('',(#9416),#3423,.F.);
#9416 = FACE_BOUND('',#9417,.F.);
#9417 = EDGE_LOOP('',(#9418,#9419,#9420,#9443));
#9418 = ORIENTED_EDGE('',*,*,#9345,.F.);
#9419 = ORIENTED_EDGE('',*,*,#3408,.F.);
#9420 = ORIENTED_EDGE('',*,*,#9421,.T.);
#9421 = EDGE_CURVE('',#3381,#9422,#9424,.T.);
#9422 = VERTEX_POINT('',#9423);
#9423 = CARTESIAN_POINT('',(-15.,1.15,8.6));
#9424 = SURFACE_CURVE('',#9425,(#9429,#9436),.PCURVE_S1.);
#9425 = LINE('',#9426,#9427);
#9426 = CARTESIAN_POINT('',(-15.,-0.5,8.6));
#9427 = VECTOR('',#9428,1.);
#9428 = DIRECTION('',(-0.,1.,-0.));
#9429 = PCURVE('',#3423,#9430);
#9430 = DEFINITIONAL_REPRESENTATION('',(#9431),#9435);
#9431 = LINE('',#9432,#9433);
#9432 = CARTESIAN_POINT('',(1.570796326795,0.));
#9433 = VECTOR('',#9434,1.);
#9434 = DIRECTION('',(0.,1.));
#9435 = ( GEOMETRIC_REPRESENTATION_CONTEXT(2) 
PARAMETRIC_REPRESENTATION_CONTEXT() REPRESENTATION_CONTEXT('2D SPACE',''
  ) );
#9436 = PCURVE('',#3396,#9437);
#9437 = DEFINITIONAL_REPRESENTATION('',(#9438),#9442);
#9438 = LINE('',#9439,#9440);
#9439 = CARTESIAN_POINT('',(-1.6,-0.));
#9440 = VECTOR('',#9441,1.);
#9441 = DIRECTION('',(-0.,-1.));
#9442 = ( GEOMETRIC_REPRESENTATION_CONTEXT(2) 
PARAMETRIC_REPRESENTATION_CONTEXT() REPRESENTATION_CONTEXT('2D SPACE',''
  ) );
#9443 = ORIENTED_EDGE('',*,*,#9444,.F.);
#9444 = EDGE_CURVE('',#9318,#9422,#9445,.T.);
#9445 = SURFACE_CURVE('',#9446,(#9451,#9458),.PCURVE_S1.);
#9446 = CIRCLE('',#9447,1.6);
#9447 = AXIS2_PLACEMENT_3D('',#9448,#9449,#9450);
#9448 = CARTESIAN_POINT('',(-13.4,1.15,8.6));
#9449 = DIRECTION('',(0.,1.,0.));
#9450 = DIRECTION('',(-0.,-0.,1.));
#9451 = PCURVE('',#3423,#9452);
#9452 = DEFINITIONAL_REPRESENTATION('',(#9453),#9457);
#9453 = LINE('',#9454,#9455);
#9454 = CARTESIAN_POINT('',(-3.14159265359,1.65));
#9455 = VECTOR('',#9456,1.);
#9456 = DIRECTION('',(1.,0.));
#9457 = ( GEOMETRIC_REPRESENTATION_CONTEXT(2) 
PARAMETRIC_REPRESENTATION_CONTEXT() REPRESENTATION_CONTEXT('2D SPACE',''
  ) );
#9458 = PCURVE('',#9333,#9459);
#9459 = DEFINITIONAL_REPRESENTATION('',(#9460),#9468);
#9460 = ( BOUNDED_CURVE() B_SPLINE_CURVE(2,(#9461,#9462,#9463,#9464,
#9465,#9466,#9467),.UNSPECIFIED.,.T.,.F.) B_SPLINE_CURVE_WITH_KNOTS((1,2
    ,2,2,2,1),(-2.094395102393,0.,2.094395102393,4.188790204786,
6.28318530718,8.377580409573),.UNSPECIFIED.) CURVE() 
GEOMETRIC_REPRESENTATION_ITEM() RATIONAL_B_SPLINE_CURVE((1.,0.5,1.,0.5,
1.,0.5,1.)) REPRESENTATION_ITEM('') );
#9461 = CARTESIAN_POINT('',(-5.8,13.4));
#9462 = CARTESIAN_POINT('',(-5.8,10.62871870789));
#9463 = CARTESIAN_POINT('',(-8.2,12.014359353945));
#9464 = CARTESIAN_POINT('',(-10.6,13.4));
#9465 = CARTESIAN_POINT('',(-8.2,14.785640646055));
#9466 = CARTESIAN_POINT('',(-5.8,16.17128129211));
#9467 = CARTESIAN_POINT('',(-5.8,13.4));
#9468 = ( GEOMETRIC_REPRESENTATION_CONTEXT(2) 
PARAMETRIC_REPRESENTATION_CONTEXT() REPRESENTATION_CONTEXT('2D SPACE',''
  ) );
#9469 = ADVANCED_FACE('',(#9470),#3282,.F.);
#9470 = FACE_BOUND('',#9471,.T.);
#9471 = EDGE_LOOP('',(#9472,#9473,#9496,#9517));
#9472 = ORIENTED_EDGE('',*,*,#3266,.F.);
#9473 = ORIENTED_EDGE('',*,*,#9474,.T.);
#9474 = EDGE_CURVE('',#3267,#9475,#9477,.T.);
#9475 = VERTEX_POINT('',#9476);
#9476 = CARTESIAN_POINT('',(15.,1.15,23.4));
#9477 = SURFACE_CURVE('',#9478,(#9482,#9489),.PCURVE_S1.);
#9478 = LINE('',#9479,#9480);
#9479 = CARTESIAN_POINT('',(15.,-0.5,23.4));
#9480 = VECTOR('',#9481,1.);
#9481 = DIRECTION('',(-0.,1.,-0.));
#9482 = PCURVE('',#3282,#9483);
#9483 = DEFINITIONAL_REPRESENTATION('',(#9484),#9488);
#9484 = LINE('',#9485,#9486);
#9485 = CARTESIAN_POINT('',(-1.6,0.));
#9486 = VECTOR('',#9487,1.);
#9487 = DIRECTION('',(-0.,-1.));
#9488 = ( GEOMETRIC_REPRESENTATION_CONTEXT(2) 
PARAMETRIC_REPRESENTATION_CONTEXT() REPRESENTATION_CONTEXT('2D SPACE',''
  ) );
#9489 = PCURVE('',#3311,#9490);
#9490 = DEFINITIONAL_REPRESENTATION('',(#9491),#9495);
#9491 = LINE('',#9492,#9493);
#9492 = CARTESIAN_POINT('',(1.570796326795,0.));
#9493 = VECTOR('',#9494,1.);
#9494 = DIRECTION('',(0.,1.));
#9495 = ( GEOMETRIC_REPRESENTATION_CONTEXT(2) 
PARAMETRIC_REPRESENTATION_CONTEXT() REPRESENTATION_CONTEXT('2D SPACE',''
  ) );
#9496 = ORIENTED_EDGE('',*,*,#9497,.T.);
#9497 = EDGE_CURVE('',#9475,#9372,#9498,.T.);
#9498 = SURFACE_CURVE('',#9499,(#9503,#9510),.PCURVE_S1.);
#9499 = LINE('',#9500,#9501);
#9500 = CARTESIAN_POINT('',(15.,1.15,25.));
#9501 = VECTOR('',#9502,1.);
#9502 = DIRECTION('',(-0.,-0.,-1.));
#9503 = PCURVE('',#3282,#9504);
#9504 = DEFINITIONAL_REPRESENTATION('',(#9505),#9509);
#9505 = LINE('',#9506,#9507);
#9506 = CARTESIAN_POINT('',(-0.,-1.65));
#9507 = VECTOR('',#9508,1.);
#9508 = DIRECTION('',(-1.,0.));
#9509 = ( GEOMETRIC_REPRESENTATION_CONTEXT(2) 
PARAMETRIC_REPRESENTATION_CONTEXT() REPRESENTATION_CONTEXT('2D SPACE',''
  ) );
#9510 = PCURVE('',#9333,#9511);
#9511 = DEFINITIONAL_REPRESENTATION('',(#9512),#9516);
#9512 = LINE('',#9513,#9514);
#9513 = CARTESIAN_POINT('',(9.,-15.));
#9514 = VECTOR('',#9515,1.);
#9515 = DIRECTION('',(-1.,0.));
#9516 = ( GEOMETRIC_REPRESENTATION_CONTEXT(2) 
PARAMETRIC_REPRESENTATION_CONTEXT() REPRESENTATION_CONTEXT('2D SPACE',''
  ) );
#9517 = ORIENTED_EDGE('',*,*,#9371,.F.);
#9518 = ADVANCED_FACE('',(#9519),#3396,.F.);
#9519 = FACE_BOUND('',#9520,.T.);
#9520 = EDGE_LOOP('',(#9521,#9522,#9523,#9546));
#9521 = ORIENTED_EDGE('',*,*,#3380,.F.);
#9522 = ORIENTED_EDGE('',*,*,#9421,.T.);
#9523 = ORIENTED_EDGE('',*,*,#9524,.T.);
#9524 = EDGE_CURVE('',#9422,#9525,#9527,.T.);
#9525 = VERTEX_POINT('',#9526);
#9526 = CARTESIAN_POINT('',(-15.,1.15,23.4));
#9527 = SURFACE_CURVE('',#9528,(#9532,#9539),.PCURVE_S1.);
#9528 = LINE('',#9529,#9530);
#9529 = CARTESIAN_POINT('',(-15.,1.15,7.));
#9530 = VECTOR('',#9531,1.);
#9531 = DIRECTION('',(-0.,-0.,1.));
#9532 = PCURVE('',#3396,#9533);
#9533 = DEFINITIONAL_REPRESENTATION('',(#9534),#9538);
#9534 = LINE('',#9535,#9536);
#9535 = CARTESIAN_POINT('',(-0.,-1.65));
#9536 = VECTOR('',#9537,1.);
#9537 = DIRECTION('',(-1.,-0.));
#9538 = ( GEOMETRIC_REPRESENTATION_CONTEXT(2) 
PARAMETRIC_REPRESENTATION_CONTEXT() REPRESENTATION_CONTEXT('2D SPACE',''
  ) );
#9539 = PCURVE('',#9333,#9540);
#9540 = DEFINITIONAL_REPRESENTATION('',(#9541),#9545);
#9541 = LINE('',#9542,#9543);
#9542 = CARTESIAN_POINT('',(-9.,15.));
#9543 = VECTOR('',#9544,1.);
#9544 = DIRECTION('',(1.,-0.));
#9545 = ( GEOMETRIC_REPRESENTATION_CONTEXT(2) 
PARAMETRIC_REPRESENTATION_CONTEXT() REPRESENTATION_CONTEXT('2D SPACE',''
  ) );
#9546 = ORIENTED_EDGE('',*,*,#9547,.F.);
#9547 = EDGE_CURVE('',#3352,#9525,#9548,.T.);
#9548 = SURFACE_CURVE('',#9549,(#9553,#9560),.PCURVE_S1.);
#9549 = LINE('',#9550,#9551);
#9550 = CARTESIAN_POINT('',(-15.,-0.5,23.4));
#9551 = VECTOR('',#9552,1.);
#9552 = DIRECTION('',(-0.,1.,-0.));
#9553 = PCURVE('',#3396,#9554);
#9554 = DEFINITIONAL_REPRESENTATION('',(#9555),#9559);
#9555 = LINE('',#9556,#9557);
#9556 = CARTESIAN_POINT('',(-16.4,-0.));
#9557 = VECTOR('',#9558,1.);
#9558 = DIRECTION('',(-0.,-1.));
#9559 = ( GEOMETRIC_REPRESENTATION_CONTEXT(2) 
PARAMETRIC_REPRESENTATION_CONTEXT() REPRESENTATION_CONTEXT('2D SPACE',''
  ) );
#9560 = PCURVE('',#3368,#9561);
#9561 = DEFINITIONAL_REPRESENTATION('',(#9562),#9566);
#9562 = LINE('',#9563,#9564);
#9563 = CARTESIAN_POINT('',(0.,0.));
#9564 = VECTOR('',#9565,1.);
#9565 = DIRECTION('',(0.,1.));
#9566 = ( GEOMETRIC_REPRESENTATION_CONTEXT(2) 
PARAMETRIC_REPRESENTATION_CONTEXT() REPRESENTATION_CONTEXT('2D SPACE',''
  ) );
#9567 = ADVANCED_FACE('',(#9568),#3311,.F.);
#9568 = FACE_BOUND('',#9569,.F.);
#9569 = EDGE_LOOP('',(#9570,#9593,#9594,#9595));
#9570 = ORIENTED_EDGE('',*,*,#9571,.F.);
#9571 = EDGE_CURVE('',#3295,#9572,#9574,.T.);
#9572 = VERTEX_POINT('',#9573);
#9573 = CARTESIAN_POINT('',(13.4,1.15,25.));
#9574 = SURFACE_CURVE('',#9575,(#9579,#9586),.PCURVE_S1.);
#9575 = LINE('',#9576,#9577);
#9576 = CARTESIAN_POINT('',(13.4,-0.5,25.));
#9577 = VECTOR('',#9578,1.);
#9578 = DIRECTION('',(-0.,1.,-0.));
#9579 = PCURVE('',#3311,#9580);
#9580 = DEFINITIONAL_REPRESENTATION('',(#9581),#9585);
#9581 = LINE('',#9582,#9583);
#9582 = CARTESIAN_POINT('',(0.,0.));
#9583 = VECTOR('',#9584,1.);
#9584 = DIRECTION('',(0.,1.));
#9585 = ( GEOMETRIC_REPRESENTATION_CONTEXT(2) 
PARAMETRIC_REPRESENTATION_CONTEXT() REPRESENTATION_CONTEXT('2D SPACE',''
  ) );
#9586 = PCURVE('',#3339,#9587);
#9587 = DEFINITIONAL_REPRESENTATION('',(#9588),#9592);
#9588 = LINE('',#9589,#9590);
#9589 = CARTESIAN_POINT('',(-28.4,-0.));
#9590 = VECTOR('',#9591,1.);
#9591 = DIRECTION('',(-0.,-1.));
#9592 = ( GEOMETRIC_REPRESENTATION_CONTEXT(2) 
PARAMETRIC_REPRESENTATION_CONTEXT() REPRESENTATION_CONTEXT('2D SPACE',''
  ) );
#9593 = ORIENTED_EDGE('',*,*,#3294,.F.);
#9594 = ORIENTED_EDGE('',*,*,#9474,.T.);
#9595 = ORIENTED_EDGE('',*,*,#9596,.F.);
#9596 = EDGE_CURVE('',#9572,#9475,#9597,.T.);
#9597 = SURFACE_CURVE('',#9598,(#9603,#9610),.PCURVE_S1.);
#9598 = CIRCLE('',#9599,1.6);
#9599 = AXIS2_PLACEMENT_3D('',#9600,#9601,#9602);
#9600 = CARTESIAN_POINT('',(13.4,1.15,23.4));
#9601 = DIRECTION('',(0.,1.,0.));
#9602 = DIRECTION('',(-0.,-0.,1.));
#9603 = PCURVE('',#3311,#9604);
#9604 = DEFINITIONAL_REPRESENTATION('',(#9605),#9609);
#9605 = LINE('',#9606,#9607);
#9606 = CARTESIAN_POINT('',(8.881784197001E-16,1.65));
#9607 = VECTOR('',#9608,1.);
#9608 = DIRECTION('',(1.,0.));
#9609 = ( GEOMETRIC_REPRESENTATION_CONTEXT(2) 
PARAMETRIC_REPRESENTATION_CONTEXT() REPRESENTATION_CONTEXT('2D SPACE',''
  ) );
#9610 = PCURVE('',#9333,#9611);
#9611 = DEFINITIONAL_REPRESENTATION('',(#9612),#9620);
#9612 = ( BOUNDED_CURVE() B_SPLINE_CURVE(2,(#9613,#9614,#9615,#9616,
#9617,#9618,#9619),.UNSPECIFIED.,.T.,.F.) B_SPLINE_CURVE_WITH_KNOTS((1,2
    ,2,2,2,1),(-2.094395102393,0.,2.094395102393,4.188790204786,
6.28318530718,8.377580409573),.UNSPECIFIED.) CURVE() 
GEOMETRIC_REPRESENTATION_ITEM() RATIONAL_B_SPLINE_CURVE((1.,0.5,1.,0.5,
1.,0.5,1.)) REPRESENTATION_ITEM('') );
#9613 = CARTESIAN_POINT('',(9.,-13.4));
#9614 = CARTESIAN_POINT('',(9.,-16.17128129211));
#9615 = CARTESIAN_POINT('',(6.6,-14.78564064605));
#9616 = CARTESIAN_POINT('',(4.2,-13.4));
#9617 = CARTESIAN_POINT('',(6.6,-12.01435935394));
#9618 = CARTESIAN_POINT('',(9.,-10.62871870789));
#9619 = CARTESIAN_POINT('',(9.,-13.4));
#9620 = ( GEOMETRIC_REPRESENTATION_CONTEXT(2) 
PARAMETRIC_REPRESENTATION_CONTEXT() REPRESENTATION_CONTEXT('2D SPACE',''
  ) );
#9621 = ADVANCED_FACE('',(#9622),#3368,.F.);
#9622 = FACE_BOUND('',#9623,.F.);
#9623 = EDGE_LOOP('',(#9624,#9625,#9626,#9649));
#9624 = ORIENTED_EDGE('',*,*,#9547,.F.);
#9625 = ORIENTED_EDGE('',*,*,#3351,.F.);
#9626 = ORIENTED_EDGE('',*,*,#9627,.T.);
#9627 = EDGE_CURVE('',#3324,#9628,#9630,.T.);
#9628 = VERTEX_POINT('',#9629);
#9629 = CARTESIAN_POINT('',(-13.4,1.15,25.));
#9630 = SURFACE_CURVE('',#9631,(#9635,#9642),.PCURVE_S1.);
#9631 = LINE('',#9632,#9633);
#9632 = CARTESIAN_POINT('',(-13.4,-0.5,25.));
#9633 = VECTOR('',#9634,1.);
#9634 = DIRECTION('',(-0.,1.,-0.));
#9635 = PCURVE('',#3368,#9636);
#9636 = DEFINITIONAL_REPRESENTATION('',(#9637),#9641);
#9637 = LINE('',#9638,#9639);
#9638 = CARTESIAN_POINT('',(1.570796326795,0.));
#9639 = VECTOR('',#9640,1.);
#9640 = DIRECTION('',(0.,1.));
#9641 = ( GEOMETRIC_REPRESENTATION_CONTEXT(2) 
PARAMETRIC_REPRESENTATION_CONTEXT() REPRESENTATION_CONTEXT('2D SPACE',''
  ) );
#9642 = PCURVE('',#3339,#9643);
#9643 = DEFINITIONAL_REPRESENTATION('',(#9644),#9648);
#9644 = LINE('',#9645,#9646);
#9645 = CARTESIAN_POINT('',(-1.6,-0.));
#9646 = VECTOR('',#9647,1.);
#9647 = DIRECTION('',(-0.,-1.));
#9648 = ( GEOMETRIC_REPRESENTATION_CONTEXT(2) 
PARAMETRIC_REPRESENTATION_CONTEXT() REPRESENTATION_CONTEXT('2D SPACE',''
  ) );
#9649 = ORIENTED_EDGE('',*,*,#9650,.F.);
#9650 = EDGE_CURVE('',#9525,#9628,#9651,.T.);
#9651 = SURFACE_CURVE('',#9652,(#9657,#9664),.PCURVE_S1.);
#9652 = CIRCLE('',#9653,1.6);
#9653 = AXIS2_PLACEMENT_3D('',#9654,#9655,#9656);
#9654 = CARTESIAN_POINT('',(-13.4,1.15,23.4));
#9655 = DIRECTION('',(0.,1.,0.));
#9656 = DIRECTION('',(-0.,-0.,1.));
#9657 = PCURVE('',#3368,#9658);
#9658 = DEFINITIONAL_REPRESENTATION('',(#9659),#9663);
#9659 = LINE('',#9660,#9661);
#9660 = CARTESIAN_POINT('',(-4.712388980385,1.65));
#9661 = VECTOR('',#9662,1.);
#9662 = DIRECTION('',(1.,0.));
#9663 = ( GEOMETRIC_REPRESENTATION_CONTEXT(2) 
PARAMETRIC_REPRESENTATION_CONTEXT() REPRESENTATION_CONTEXT('2D SPACE',''
  ) );
#9664 = PCURVE('',#9333,#9665);
#9665 = DEFINITIONAL_REPRESENTATION('',(#9666),#9674);
#9666 = ( BOUNDED_CURVE() B_SPLINE_CURVE(2,(#9667,#9668,#9669,#9670,
#9671,#9672,#9673),.UNSPECIFIED.,.T.,.F.) B_SPLINE_CURVE_WITH_KNOTS((1,2
    ,2,2,2,1),(-2.094395102393,0.,2.094395102393,4.188790204786,
6.28318530718,8.377580409573),.UNSPECIFIED.) CURVE() 
GEOMETRIC_REPRESENTATION_ITEM() RATIONAL_B_SPLINE_CURVE((1.,0.5,1.,0.5,
1.,0.5,1.)) REPRESENTATION_ITEM('') );
#9667 = CARTESIAN_POINT('',(9.,13.4));
#9668 = CARTESIAN_POINT('',(9.,10.62871870789));
#9669 = CARTESIAN_POINT('',(6.6,12.014359353945));
#9670 = CARTESIAN_POINT('',(4.2,13.4));
#9671 = CARTESIAN_POINT('',(6.6,14.785640646055));
#9672 = CARTESIAN_POINT('',(9.,16.17128129211));
#9673 = CARTESIAN_POINT('',(9.,13.4));
#9674 = ( GEOMETRIC_REPRESENTATION_CONTEXT(2) 
PARAMETRIC_REPRESENTATION_CONTEXT() REPRESENTATION_CONTEXT('2D SPACE',''
  ) );
#9675 = ADVANCED_FACE('',(#9676),#3339,.F.);
#9676 = FACE_BOUND('',#9677,.T.);
#9677 = EDGE_LOOP('',(#9678,#9679,#9680,#9701));
#9678 = ORIENTED_EDGE('',*,*,#3323,.F.);
#9679 = ORIENTED_EDGE('',*,*,#9627,.T.);
#9680 = ORIENTED_EDGE('',*,*,#9681,.T.);
#9681 = EDGE_CURVE('',#9628,#9572,#9682,.T.);
#9682 = SURFACE_CURVE('',#9683,(#9687,#9694),.PCURVE_S1.);
#9683 = LINE('',#9684,#9685);
#9684 = CARTESIAN_POINT('',(-15.,1.15,25.));
#9685 = VECTOR('',#9686,1.);
#9686 = DIRECTION('',(1.,-0.,-0.));
#9687 = PCURVE('',#3339,#9688);
#9688 = DEFINITIONAL_REPRESENTATION('',(#9689),#9693);
#9689 = LINE('',#9690,#9691);
#9690 = CARTESIAN_POINT('',(-0.,-1.65));
#9691 = VECTOR('',#9692,1.);
#9692 = DIRECTION('',(-1.,0.));
#9693 = ( GEOMETRIC_REPRESENTATION_CONTEXT(2) 
PARAMETRIC_REPRESENTATION_CONTEXT() REPRESENTATION_CONTEXT('2D SPACE',''
  ) );
#9694 = PCURVE('',#9333,#9695);
#9695 = DEFINITIONAL_REPRESENTATION('',(#9696),#9700);
#9696 = LINE('',#9697,#9698);
#9697 = CARTESIAN_POINT('',(9.,15.));
#9698 = VECTOR('',#9699,1.);
#9699 = DIRECTION('',(-0.,-1.));
#9700 = ( GEOMETRIC_REPRESENTATION_CONTEXT(2) 
PARAMETRIC_REPRESENTATION_CONTEXT() REPRESENTATION_CONTEXT('2D SPACE',''
  ) );
#9701 = ORIENTED_EDGE('',*,*,#9571,.F.);
#9702 = ADVANCED_FACE('',(#9703),#3454,.F.);
#9703 = FACE_BOUND('',#9704,.T.);
#9704 = EDGE_LOOP('',(#9705,#9728,#9759,#9760));
#9705 = ORIENTED_EDGE('',*,*,#9706,.T.);
#9706 = EDGE_CURVE('',#3438,#9707,#9709,.T.);
#9707 = VERTEX_POINT('',#9708);
#9708 = CARTESIAN_POINT('',(-12.,1.15,36.));
#9709 = SEAM_CURVE('',#9710,(#9714,#9721),.PCURVE_S1.);
#9710 = LINE('',#9711,#9712);
#9711 = CARTESIAN_POINT('',(-12.,-0.5,36.));
#9712 = VECTOR('',#9713,1.);
#9713 = DIRECTION('',(-0.,1.,-0.));
#9714 = PCURVE('',#3454,#9715);
#9715 = DEFINITIONAL_REPRESENTATION('',(#9716),#9720);
#9716 = LINE('',#9717,#9718);
#9717 = CARTESIAN_POINT('',(-6.28318530718,-0.));
#9718 = VECTOR('',#9719,1.);
#9719 = DIRECTION('',(-0.,1.));
#9720 = ( GEOMETRIC_REPRESENTATION_CONTEXT(2) 
PARAMETRIC_REPRESENTATION_CONTEXT() REPRESENTATION_CONTEXT('2D SPACE',''
  ) );
#9721 = PCURVE('',#3454,#9722);
#9722 = DEFINITIONAL_REPRESENTATION('',(#9723),#9727);
#9723 = LINE('',#9724,#9725);
#9724 = CARTESIAN_POINT('',(-0.,-0.));
#9725 = VECTOR('',#9726,1.);
#9726 = DIRECTION('',(-0.,1.));
#9727 = ( GEOMETRIC_REPRESENTATION_CONTEXT(2) 
PARAMETRIC_REPRESENTATION_CONTEXT() REPRESENTATION_CONTEXT('2D SPACE',''
  ) );
#9728 = ORIENTED_EDGE('',*,*,#9729,.F.);
#9729 = EDGE_CURVE('',#9707,#9707,#9730,.T.);
#9730 = SURFACE_CURVE('',#9731,(#9736,#9743),.PCURVE_S1.);
#9731 = CIRCLE('',#9732,3.);
#9732 = AXIS2_PLACEMENT_3D('',#9733,#9734,#9735);
#9733 = CARTESIAN_POINT('',(-12.,1.15,33.));
#9734 = DIRECTION('',(0.,-1.,0.));
#9735 = DIRECTION('',(-0.,-0.,1.));
#9736 = PCURVE('',#3454,#9737);
#9737 = DEFINITIONAL_REPRESENTATION('',(#9738),#9742);
#9738 = LINE('',#9739,#9740);
#9739 = CARTESIAN_POINT('',(-0.,1.65));
#9740 = VECTOR('',#9741,1.);
#9741 = DIRECTION('',(-1.,0.));
#9742 = ( GEOMETRIC_REPRESENTATION_CONTEXT(2) 
PARAMETRIC_REPRESENTATION_CONTEXT() REPRESENTATION_CONTEXT('2D SPACE',''
  ) );
#9743 = PCURVE('',#9744,#9749);
#9744 = PLANE('',#9745);
#9745 = AXIS2_PLACEMENT_3D('',#9746,#9747,#9748);
#9746 = CARTESIAN_POINT('',(-12.,1.15,33.));
#9747 = DIRECTION('',(-0.,1.,-0.));
#9748 = DIRECTION('',(0.,0.,-1.));
#9749 = DEFINITIONAL_REPRESENTATION('',(#9750),#9758);
#9750 = ( BOUNDED_CURVE() B_SPLINE_CURVE(2,(#9751,#9752,#9753,#9754,
#9755,#9756,#9757),.UNSPECIFIED.,.T.,.F.) B_SPLINE_CURVE_WITH_KNOTS((1,2
    ,2,2,2,1),(-2.094395102393,0.,2.094395102393,4.188790204786,
6.28318530718,8.377580409573),.UNSPECIFIED.) CURVE() 
GEOMETRIC_REPRESENTATION_ITEM() RATIONAL_B_SPLINE_CURVE((1.,0.5,1.,0.5,
1.,0.5,1.)) REPRESENTATION_ITEM('') );
#9751 = CARTESIAN_POINT('',(-3.,0.));
#9752 = CARTESIAN_POINT('',(-3.,5.196152422707));
#9753 = CARTESIAN_POINT('',(1.5,2.598076211353));
#9754 = CARTESIAN_POINT('',(6.,7.347880794884E-16));
#9755 = CARTESIAN_POINT('',(1.5,-2.598076211353));
#9756 = CARTESIAN_POINT('',(-3.,-5.196152422707));
#9757 = CARTESIAN_POINT('',(-3.,0.));
#9758 = ( GEOMETRIC_REPRESENTATION_CONTEXT(2) 
PARAMETRIC_REPRESENTATION_CONTEXT() REPRESENTATION_CONTEXT('2D SPACE',''
  ) );
#9759 = ORIENTED_EDGE('',*,*,#9706,.F.);
#9760 = ORIENTED_EDGE('',*,*,#3437,.T.);
#9761 = ADVANCED_FACE('',(#9762,#9772,#9886,#10000,#10114,#10228,#10342,
    #10456),#3572,.F.);
#9762 = FACE_BOUND('',#9763,.T.);
#9763 = EDGE_LOOP('',(#9764,#9765,#9766,#9767,#9768,#9769,#9770,#9771));
#9764 = ORIENTED_EDGE('',*,*,#3554,.T.);
#9765 = ORIENTED_EDGE('',*,*,#3637,.T.);
#9766 = ORIENTED_EDGE('',*,*,#3690,.T.);
#9767 = ORIENTED_EDGE('',*,*,#3954,.T.);
#9768 = ORIENTED_EDGE('',*,*,#4007,.T.);
#9769 = ORIENTED_EDGE('',*,*,#6167,.T.);
#9770 = ORIENTED_EDGE('',*,*,#6329,.T.);
#9771 = ORIENTED_EDGE('',*,*,#6379,.F.);
#9772 = FACE_BOUND('',#9773,.T.);
#9773 = EDGE_LOOP('',(#9774,#9804,#9832,#9860));
#9774 = ORIENTED_EDGE('',*,*,#9775,.T.);
#9775 = EDGE_CURVE('',#9776,#9778,#9780,.T.);
#9776 = VERTEX_POINT('',#9777);
#9777 = CARTESIAN_POINT('',(9.,3.,120.));
#9778 = VERTEX_POINT('',#9779);
#9779 = CARTESIAN_POINT('',(14.,3.,120.));
#9780 = SURFACE_CURVE('',#9781,(#9785,#9792),.PCURVE_S1.);
#9781 = LINE('',#9782,#9783);
#9782 = CARTESIAN_POINT('',(7.,3.,120.));
#9783 = VECTOR('',#9784,1.);
#9784 = DIRECTION('',(1.,-0.,-0.));
#9785 = PCURVE('',#3572,#9786);
#9786 = DEFINITIONAL_REPRESENTATION('',(#9787),#9791);
#9787 = LINE('',#9788,#9789);
#9788 = CARTESIAN_POINT('',(39.,-7.));
#9789 = VECTOR('',#9790,1.);
#9790 = DIRECTION('',(-0.,-1.));
#9791 = ( GEOMETRIC_REPRESENTATION_CONTEXT(2) 
PARAMETRIC_REPRESENTATION_CONTEXT() REPRESENTATION_CONTEXT('2D SPACE',''
  ) );
#9792 = PCURVE('',#9793,#9798);
#9793 = PLANE('',#9794);
#9794 = AXIS2_PLACEMENT_3D('',#9795,#9796,#9797);
#9795 = CARTESIAN_POINT('',(14.,2.7,120.));
#9796 = DIRECTION('',(-0.,-0.,1.));
#9797 = DIRECTION('',(1.,0.,0.));
#9798 = DEFINITIONAL_REPRESENTATION('',(#9799),#9803);
#9799 = LINE('',#9800,#9801);
#9800 = CARTESIAN_POINT('',(-7.,0.3));
#9801 = VECTOR('',#9802,1.);
#9802 = DIRECTION('',(1.,-0.));
#9803 = ( GEOMETRIC_REPRESENTATION_CONTEXT(2) 
PARAMETRIC_REPRESENTATION_CONTEXT() REPRESENTATION_CONTEXT('2D SPACE',''
  ) );
#9804 = ORIENTED_EDGE('',*,*,#9805,.T.);
#9805 = EDGE_CURVE('',#9778,#9806,#9808,.T.);
#9806 = VERTEX_POINT('',#9807);
#9807 = CARTESIAN_POINT('',(14.,3.,129.));
#9808 = SURFACE_CURVE('',#9809,(#9813,#9820),.PCURVE_S1.);
#9809 = LINE('',#9810,#9811);
#9810 = CARTESIAN_POINT('',(14.,3.,100.5));
#9811 = VECTOR('',#9812,1.);
#9812 = DIRECTION('',(-0.,-0.,1.));
#9813 = PCURVE('',#3572,#9814);
#9814 = DEFINITIONAL_REPRESENTATION('',(#9815),#9819);
#9815 = LINE('',#9816,#9817);
#9816 = CARTESIAN_POINT('',(19.5,-14.));
#9817 = VECTOR('',#9818,1.);
#9818 = DIRECTION('',(1.,-0.));
#9819 = ( GEOMETRIC_REPRESENTATION_CONTEXT(2) 
PARAMETRIC_REPRESENTATION_CONTEXT() REPRESENTATION_CONTEXT('2D SPACE',''
  ) );
#9820 = PCURVE('',#9821,#9826);
#9821 = PLANE('',#9822);
#9822 = AXIS2_PLACEMENT_3D('',#9823,#9824,#9825);
#9823 = CARTESIAN_POINT('',(14.,2.7,120.));
#9824 = DIRECTION('',(-1.,-0.,-0.));
#9825 = DIRECTION('',(0.,0.,-1.));
#9826 = DEFINITIONAL_REPRESENTATION('',(#9827),#9831);
#9827 = LINE('',#9828,#9829);
#9828 = CARTESIAN_POINT('',(19.5,-0.3));
#9829 = VECTOR('',#9830,1.);
#9830 = DIRECTION('',(-1.,-0.));
#9831 = ( GEOMETRIC_REPRESENTATION_CONTEXT(2) 
PARAMETRIC_REPRESENTATION_CONTEXT() REPRESENTATION_CONTEXT('2D SPACE',''
  ) );
#9832 = ORIENTED_EDGE('',*,*,#9833,.F.);
#9833 = EDGE_CURVE('',#9834,#9806,#9836,.T.);
#9834 = VERTEX_POINT('',#9835);
#9835 = CARTESIAN_POINT('',(9.,3.,129.));
#9836 = SURFACE_CURVE('',#9837,(#9841,#9848),.PCURVE_S1.);
#9837 = LINE('',#9838,#9839);
#9838 = CARTESIAN_POINT('',(7.,3.,129.));
#9839 = VECTOR('',#9840,1.);
#9840 = DIRECTION('',(1.,-0.,-0.));
#9841 = PCURVE('',#3572,#9842);
#9842 = DEFINITIONAL_REPRESENTATION('',(#9843),#9847);
#9843 = LINE('',#9844,#9845);
#9844 = CARTESIAN_POINT('',(48.,-7.));
#9845 = VECTOR('',#9846,1.);
#9846 = DIRECTION('',(-0.,-1.));
#9847 = ( GEOMETRIC_REPRESENTATION_CONTEXT(2) 
PARAMETRIC_REPRESENTATION_CONTEXT() REPRESENTATION_CONTEXT('2D SPACE',''
  ) );
#9848 = PCURVE('',#9849,#9854);
#9849 = PLANE('',#9850);
#9850 = AXIS2_PLACEMENT_3D('',#9851,#9852,#9853);
#9851 = CARTESIAN_POINT('',(14.,2.7,129.));
#9852 = DIRECTION('',(-0.,-0.,1.));
#9853 = DIRECTION('',(1.,0.,0.));
#9854 = DEFINITIONAL_REPRESENTATION('',(#9855),#9859);
#9855 = LINE('',#9856,#9857);
#9856 = CARTESIAN_POINT('',(-7.,0.3));
#9857 = VECTOR('',#9858,1.);
#9858 = DIRECTION('',(1.,-0.));
#9859 = ( GEOMETRIC_REPRESENTATION_CONTEXT(2) 
PARAMETRIC_REPRESENTATION_CONTEXT() REPRESENTATION_CONTEXT('2D SPACE',''
  ) );
#9860 = ORIENTED_EDGE('',*,*,#9861,.F.);
#9861 = EDGE_CURVE('',#9776,#9834,#9862,.T.);
#9862 = SURFACE_CURVE('',#9863,(#9867,#9874),.PCURVE_S1.);
#9863 = LINE('',#9864,#9865);
#9864 = CARTESIAN_POINT('',(9.,3.,100.5));
#9865 = VECTOR('',#9866,1.);
#9866 = DIRECTION('',(-0.,-0.,1.));
#9867 = PCURVE('',#3572,#9868);
#9868 = DEFINITIONAL_REPRESENTATION('',(#9869),#9873);
#9869 = LINE('',#9870,#9871);
#9870 = CARTESIAN_POINT('',(19.5,-9.));
#9871 = VECTOR('',#9872,1.);
#9872 = DIRECTION('',(1.,-0.));
#9873 = ( GEOMETRIC_REPRESENTATION_CONTEXT(2) 
PARAMETRIC_REPRESENTATION_CONTEXT() REPRESENTATION_CONTEXT('2D SPACE',''
  ) );
#9874 = PCURVE('',#9875,#9880);
#9875 = PLANE('',#9876);
#9876 = AXIS2_PLACEMENT_3D('',#9877,#9878,#9879);
#9877 = CARTESIAN_POINT('',(9.,2.7,120.));
#9878 = DIRECTION('',(-1.,-0.,-0.));
#9879 = DIRECTION('',(0.,0.,-1.));
#9880 = DEFINITIONAL_REPRESENTATION('',(#9881),#9885);
#9881 = LINE('',#9882,#9883);
#9882 = CARTESIAN_POINT('',(19.5,-0.3));
#9883 = VECTOR('',#9884,1.);
#9884 = DIRECTION('',(-1.,-0.));
#9885 = ( GEOMETRIC_REPRESENTATION_CONTEXT(2) 
PARAMETRIC_REPRESENTATION_CONTEXT() REPRESENTATION_CONTEXT('2D SPACE',''
  ) );
#9886 = FACE_BOUND('',#9887,.T.);
#9887 = EDGE_LOOP('',(#9888,#9918,#9946,#9974));
#9888 = ORIENTED_EDGE('',*,*,#9889,.T.);
#9889 = EDGE_CURVE('',#9890,#9892,#9894,.T.);
#9890 = VERTEX_POINT('',#9891);
#9891 = CARTESIAN_POINT('',(9.,3.,64.));
#9892 = VERTEX_POINT('',#9893);
#9893 = CARTESIAN_POINT('',(14.,3.,64.));
#9894 = SURFACE_CURVE('',#9895,(#9899,#9906),.PCURVE_S1.);
#9895 = LINE('',#9896,#9897);
#9896 = CARTESIAN_POINT('',(7.,3.,64.));
#9897 = VECTOR('',#9898,1.);
#9898 = DIRECTION('',(1.,-0.,-0.));
#9899 = PCURVE('',#3572,#9900);
#9900 = DEFINITIONAL_REPRESENTATION('',(#9901),#9905);
#9901 = LINE('',#9902,#9903);
#9902 = CARTESIAN_POINT('',(-17.,-7.));
#9903 = VECTOR('',#9904,1.);
#9904 = DIRECTION('',(-0.,-1.));
#9905 = ( GEOMETRIC_REPRESENTATION_CONTEXT(2) 
PARAMETRIC_REPRESENTATION_CONTEXT() REPRESENTATION_CONTEXT('2D SPACE',''
  ) );
#9906 = PCURVE('',#9907,#9912);
#9907 = PLANE('',#9908);
#9908 = AXIS2_PLACEMENT_3D('',#9909,#9910,#9911);
#9909 = CARTESIAN_POINT('',(14.,2.7,64.));
#9910 = DIRECTION('',(-0.,-0.,1.));
#9911 = DIRECTION('',(1.,0.,0.));
#9912 = DEFINITIONAL_REPRESENTATION('',(#9913),#9917);
#9913 = LINE('',#9914,#9915);
#9914 = CARTESIAN_POINT('',(-7.,0.3));
#9915 = VECTOR('',#9916,1.);
#9916 = DIRECTION('',(1.,-0.));
#9917 = ( GEOMETRIC_REPRESENTATION_CONTEXT(2) 
PARAMETRIC_REPRESENTATION_CONTEXT() REPRESENTATION_CONTEXT('2D SPACE',''
  ) );
#9918 = ORIENTED_EDGE('',*,*,#9919,.T.);
#9919 = EDGE_CURVE('',#9892,#9920,#9922,.T.);
#9920 = VERTEX_POINT('',#9921);
#9921 = CARTESIAN_POINT('',(14.,3.,73.));
#9922 = SURFACE_CURVE('',#9923,(#9927,#9934),.PCURVE_S1.);
#9923 = LINE('',#9924,#9925);
#9924 = CARTESIAN_POINT('',(14.,3.,72.5));
#9925 = VECTOR('',#9926,1.);
#9926 = DIRECTION('',(-0.,-0.,1.));
#9927 = PCURVE('',#3572,#9928);
#9928 = DEFINITIONAL_REPRESENTATION('',(#9929),#9933);
#9929 = LINE('',#9930,#9931);
#9930 = CARTESIAN_POINT('',(-8.5,-14.));
#9931 = VECTOR('',#9932,1.);
#9932 = DIRECTION('',(1.,-0.));
#9933 = ( GEOMETRIC_REPRESENTATION_CONTEXT(2) 
PARAMETRIC_REPRESENTATION_CONTEXT() REPRESENTATION_CONTEXT('2D SPACE',''
  ) );
#9934 = PCURVE('',#9935,#9940);
#9935 = PLANE('',#9936);
#9936 = AXIS2_PLACEMENT_3D('',#9937,#9938,#9939);
#9937 = CARTESIAN_POINT('',(14.,2.7,64.));
#9938 = DIRECTION('',(-1.,-0.,-0.));
#9939 = DIRECTION('',(0.,0.,-1.));
#9940 = DEFINITIONAL_REPRESENTATION('',(#9941),#9945);
#9941 = LINE('',#9942,#9943);
#9942 = CARTESIAN_POINT('',(-8.5,-0.3));
#9943 = VECTOR('',#9944,1.);
#9944 = DIRECTION('',(-1.,-0.));
#9945 = ( GEOMETRIC_REPRESENTATION_CONTEXT(2) 
PARAMETRIC_REPRESENTATION_CONTEXT() REPRESENTATION_CONTEXT('2D SPACE',''
  ) );
#9946 = ORIENTED_EDGE('',*,*,#9947,.F.);
#9947 = EDGE_CURVE('',#9948,#9920,#9950,.T.);
#9948 = VERTEX_POINT('',#9949);
#9949 = CARTESIAN_POINT('',(9.,3.,73.));
#9950 = SURFACE_CURVE('',#9951,(#9955,#9962),.PCURVE_S1.);
#9951 = LINE('',#9952,#9953);
#9952 = CARTESIAN_POINT('',(7.,3.,73.));
#9953 = VECTOR('',#9954,1.);
#9954 = DIRECTION('',(1.,-0.,-0.));
#9955 = PCURVE('',#3572,#9956);
#9956 = DEFINITIONAL_REPRESENTATION('',(#9957),#9961);
#9957 = LINE('',#9958,#9959);
#9958 = CARTESIAN_POINT('',(-8.,-7.));
#9959 = VECTOR('',#9960,1.);
#9960 = DIRECTION('',(-0.,-1.));
#9961 = ( GEOMETRIC_REPRESENTATION_CONTEXT(2) 
PARAMETRIC_REPRESENTATION_CONTEXT() REPRESENTATION_CONTEXT('2D SPACE',''
  ) );
#9962 = PCURVE('',#9963,#9968);
#9963 = PLANE('',#9964);
#9964 = AXIS2_PLACEMENT_3D('',#9965,#9966,#9967);
#9965 = CARTESIAN_POINT('',(14.,2.7,73.));
#9966 = DIRECTION('',(-0.,-0.,1.));
#9967 = DIRECTION('',(1.,0.,0.));
#9968 = DEFINITIONAL_REPRESENTATION('',(#9969),#9973);
#9969 = LINE('',#9970,#9971);
#9970 = CARTESIAN_POINT('',(-7.,0.3));
#9971 = VECTOR('',#9972,1.);
#9972 = DIRECTION('',(1.,-0.));
#9973 = ( GEOMETRIC_REPRESENTATION_CONTEXT(2) 
PARAMETRIC_REPRESENTATION_CONTEXT() REPRESENTATION_CONTEXT('2D SPACE',''
  ) );
#9974 = ORIENTED_EDGE('',*,*,#9975,.F.);
#9975 = EDGE_CURVE('',#9890,#9948,#9976,.T.);
#9976 = SURFACE_CURVE('',#9977,(#9981,#9988),.PCURVE_S1.);
#9977 = LINE('',#9978,#9979);
#9978 = CARTESIAN_POINT('',(9.,3.,72.5));
#9979 = VECTOR('',#9980,1.);
#9980 = DIRECTION('',(-0.,-0.,1.));
#9981 = PCURVE('',#3572,#9982);
#9982 = DEFINITIONAL_REPRESENTATION('',(#9983),#9987);
#9983 = LINE('',#9984,#9985);
#9984 = CARTESIAN_POINT('',(-8.5,-9.));
#9985 = VECTOR('',#9986,1.);
#9986 = DIRECTION('',(1.,-0.));
#9987 = ( GEOMETRIC_REPRESENTATION_CONTEXT(2) 
PARAMETRIC_REPRESENTATION_CONTEXT() REPRESENTATION_CONTEXT('2D SPACE',''
  ) );
#9988 = PCURVE('',#9989,#9994);
#9989 = PLANE('',#9990);
#9990 = AXIS2_PLACEMENT_3D('',#9991,#9992,#9993);
#9991 = CARTESIAN_POINT('',(9.,2.7,64.));
#9992 = DIRECTION('',(-1.,-0.,-0.));
#9993 = DIRECTION('',(0.,0.,-1.));
#9994 = DEFINITIONAL_REPRESENTATION('',(#9995),#9999);
#9995 = LINE('',#9996,#9997);
#9996 = CARTESIAN_POINT('',(-8.5,-0.3));
#9997 = VECTOR('',#9998,1.);
#9998 = DIRECTION('',(-1.,-0.));
#9999 = ( GEOMETRIC_REPRESENTATION_CONTEXT(2) 
PARAMETRIC_REPRESENTATION_CONTEXT() REPRESENTATION_CONTEXT('2D SPACE',''
  ) );
#10000 = FACE_BOUND('',#10001,.T.);
#10001 = EDGE_LOOP('',(#10002,#10032,#10060,#10088));
#10002 = ORIENTED_EDGE('',*,*,#10003,.T.);
#10003 = EDGE_CURVE('',#10004,#10006,#10008,.T.);
#10004 = VERTEX_POINT('',#10005);
#10005 = CARTESIAN_POINT('',(9.,3.,15.));
#10006 = VERTEX_POINT('',#10007);
#10007 = CARTESIAN_POINT('',(14.,3.,15.));
#10008 = SURFACE_CURVE('',#10009,(#10013,#10020),.PCURVE_S1.);
#10009 = LINE('',#10010,#10011);
#10010 = CARTESIAN_POINT('',(7.,3.,15.));
#10011 = VECTOR('',#10012,1.);
#10012 = DIRECTION('',(1.,-0.,-0.));
#10013 = PCURVE('',#3572,#10014);
#10014 = DEFINITIONAL_REPRESENTATION('',(#10015),#10019);
#10015 = LINE('',#10016,#10017);
#10016 = CARTESIAN_POINT('',(-66.,-7.));
#10017 = VECTOR('',#10018,1.);
#10018 = DIRECTION('',(-0.,-1.));
#10019 = ( GEOMETRIC_REPRESENTATION_CONTEXT(2) 
PARAMETRIC_REPRESENTATION_CONTEXT() REPRESENTATION_CONTEXT('2D SPACE',''
  ) );
#10020 = PCURVE('',#10021,#10026);
#10021 = PLANE('',#10022);
#10022 = AXIS2_PLACEMENT_3D('',#10023,#10024,#10025);
#10023 = CARTESIAN_POINT('',(14.,2.7,15.));
#10024 = DIRECTION('',(-0.,-0.,1.));
#10025 = DIRECTION('',(1.,0.,0.));
#10026 = DEFINITIONAL_REPRESENTATION('',(#10027),#10031);
#10027 = LINE('',#10028,#10029);
#10028 = CARTESIAN_POINT('',(-7.,0.3));
#10029 = VECTOR('',#10030,1.);
#10030 = DIRECTION('',(1.,-0.));
#10031 = ( GEOMETRIC_REPRESENTATION_CONTEXT(2) 
PARAMETRIC_REPRESENTATION_CONTEXT() REPRESENTATION_CONTEXT('2D SPACE',''
  ) );
#10032 = ORIENTED_EDGE('',*,*,#10033,.T.);
#10033 = EDGE_CURVE('',#10006,#10034,#10036,.T.);
#10034 = VERTEX_POINT('',#10035);
#10035 = CARTESIAN_POINT('',(14.,3.,24.));
#10036 = SURFACE_CURVE('',#10037,(#10041,#10048),.PCURVE_S1.);
#10037 = LINE('',#10038,#10039);
#10038 = CARTESIAN_POINT('',(14.,3.,48.));
#10039 = VECTOR('',#10040,1.);
#10040 = DIRECTION('',(-0.,-0.,1.));
#10041 = PCURVE('',#3572,#10042);
#10042 = DEFINITIONAL_REPRESENTATION('',(#10043),#10047);
#10043 = LINE('',#10044,#10045);
#10044 = CARTESIAN_POINT('',(-33.,-14.));
#10045 = VECTOR('',#10046,1.);
#10046 = DIRECTION('',(1.,-0.));
#10047 = ( GEOMETRIC_REPRESENTATION_CONTEXT(2) 
PARAMETRIC_REPRESENTATION_CONTEXT() REPRESENTATION_CONTEXT('2D SPACE',''
  ) );
#10048 = PCURVE('',#10049,#10054);
#10049 = PLANE('',#10050);
#10050 = AXIS2_PLACEMENT_3D('',#10051,#10052,#10053);
#10051 = CARTESIAN_POINT('',(14.,2.7,15.));
#10052 = DIRECTION('',(-1.,-0.,-0.));
#10053 = DIRECTION('',(0.,0.,-1.));
#10054 = DEFINITIONAL_REPRESENTATION('',(#10055),#10059);
#10055 = LINE('',#10056,#10057);
#10056 = CARTESIAN_POINT('',(-33.,-0.3));
#10057 = VECTOR('',#10058,1.);
#10058 = DIRECTION('',(-1.,-0.));
#10059 = ( GEOMETRIC_REPRESENTATION_CONTEXT(2) 
PARAMETRIC_REPRESENTATION_CONTEXT() REPRESENTATION_CONTEXT('2D SPACE',''
  ) );
#10060 = ORIENTED_EDGE('',*,*,#10061,.F.);
#10061 = EDGE_CURVE('',#10062,#10034,#10064,.T.);
#10062 = VERTEX_POINT('',#10063);
#10063 = CARTESIAN_POINT('',(9.,3.,24.));
#10064 = SURFACE_CURVE('',#10065,(#10069,#10076),.PCURVE_S1.);
#10065 = LINE('',#10066,#10067);
#10066 = CARTESIAN_POINT('',(7.,3.,24.));
#10067 = VECTOR('',#10068,1.);
#10068 = DIRECTION('',(1.,-0.,-0.));
#10069 = PCURVE('',#3572,#10070);
#10070 = DEFINITIONAL_REPRESENTATION('',(#10071),#10075);
#10071 = LINE('',#10072,#10073);
#10072 = CARTESIAN_POINT('',(-57.,-7.));
#10073 = VECTOR('',#10074,1.);
#10074 = DIRECTION('',(-0.,-1.));
#10075 = ( GEOMETRIC_REPRESENTATION_CONTEXT(2) 
PARAMETRIC_REPRESENTATION_CONTEXT() REPRESENTATION_CONTEXT('2D SPACE',''
  ) );
#10076 = PCURVE('',#10077,#10082);
#10077 = PLANE('',#10078);
#10078 = AXIS2_PLACEMENT_3D('',#10079,#10080,#10081);
#10079 = CARTESIAN_POINT('',(14.,2.7,24.));
#10080 = DIRECTION('',(-0.,-0.,1.));
#10081 = DIRECTION('',(1.,0.,0.));
#10082 = DEFINITIONAL_REPRESENTATION('',(#10083),#10087);
#10083 = LINE('',#10084,#10085);
#10084 = CARTESIAN_POINT('',(-7.,0.3));
#10085 = VECTOR('',#10086,1.);
#10086 = DIRECTION('',(1.,-0.));
#10087 = ( GEOMETRIC_REPRESENTATION_CONTEXT(2) 
PARAMETRIC_REPRESENTATION_CONTEXT() REPRESENTATION_CONTEXT('2D SPACE',''
  ) );
#10088 = ORIENTED_EDGE('',*,*,#10089,.F.);
#10089 = EDGE_CURVE('',#10004,#10062,#10090,.T.);
#10090 = SURFACE_CURVE('',#10091,(#10095,#10102),.PCURVE_S1.);
#10091 = LINE('',#10092,#10093);
#10092 = CARTESIAN_POINT('',(9.,3.,48.));
#10093 = VECTOR('',#10094,1.);
#10094 = DIRECTION('',(-0.,-0.,1.));
#10095 = PCURVE('',#3572,#10096);
#10096 = DEFINITIONAL_REPRESENTATION('',(#10097),#10101);
#10097 = LINE('',#10098,#10099);
#10098 = CARTESIAN_POINT('',(-33.,-9.));
#10099 = VECTOR('',#10100,1.);
#10100 = DIRECTION('',(1.,-0.));
#10101 = ( GEOMETRIC_REPRESENTATION_CONTEXT(2) 
PARAMETRIC_REPRESENTATION_CONTEXT() REPRESENTATION_CONTEXT('2D SPACE',''
  ) );
#10102 = PCURVE('',#10103,#10108);
#10103 = PLANE('',#10104);
#10104 = AXIS2_PLACEMENT_3D('',#10105,#10106,#10107);
#10105 = CARTESIAN_POINT('',(9.,2.7,15.));
#10106 = DIRECTION('',(-1.,-0.,-0.));
#10107 = DIRECTION('',(0.,0.,-1.));
#10108 = DEFINITIONAL_REPRESENTATION('',(#10109),#10113);
#10109 = LINE('',#10110,#10111);
#10110 = CARTESIAN_POINT('',(-33.,-0.3));
#10111 = VECTOR('',#10112,1.);
#10112 = DIRECTION('',(-1.,-0.));
#10113 = ( GEOMETRIC_REPRESENTATION_CONTEXT(2) 
PARAMETRIC_REPRESENTATION_CONTEXT() REPRESENTATION_CONTEXT('2D SPACE',''
  ) );
#10114 = FACE_BOUND('',#10115,.T.);
#10115 = EDGE_LOOP('',(#10116,#10146,#10174,#10202));
#10116 = ORIENTED_EDGE('',*,*,#10117,.T.);
#10117 = EDGE_CURVE('',#10118,#10120,#10122,.T.);
#10118 = VERTEX_POINT('',#10119);
#10119 = CARTESIAN_POINT('',(-14.,3.,120.));
#10120 = VERTEX_POINT('',#10121);
#10121 = CARTESIAN_POINT('',(-9.,3.,120.));
#10122 = SURFACE_CURVE('',#10123,(#10127,#10134),.PCURVE_S1.);
#10123 = LINE('',#10124,#10125);
#10124 = CARTESIAN_POINT('',(-4.5,3.,120.));
#10125 = VECTOR('',#10126,1.);
#10126 = DIRECTION('',(1.,-0.,-0.));
#10127 = PCURVE('',#3572,#10128);
#10128 = DEFINITIONAL_REPRESENTATION('',(#10129),#10133);
#10129 = LINE('',#10130,#10131);
#10130 = CARTESIAN_POINT('',(39.,4.5));
#10131 = VECTOR('',#10132,1.);
#10132 = DIRECTION('',(-0.,-1.));
#10133 = ( GEOMETRIC_REPRESENTATION_CONTEXT(2) 
PARAMETRIC_REPRESENTATION_CONTEXT() REPRESENTATION_CONTEXT('2D SPACE',''
  ) );
#10134 = PCURVE('',#10135,#10140);
#10135 = PLANE('',#10136);
#10136 = AXIS2_PLACEMENT_3D('',#10137,#10138,#10139);
#10137 = CARTESIAN_POINT('',(-9.,2.7,120.));
#10138 = DIRECTION('',(-0.,-0.,1.));
#10139 = DIRECTION('',(1.,0.,0.));
#10140 = DEFINITIONAL_REPRESENTATION('',(#10141),#10145);
#10141 = LINE('',#10142,#10143);
#10142 = CARTESIAN_POINT('',(4.5,0.3));
#10143 = VECTOR('',#10144,1.);
#10144 = DIRECTION('',(1.,-0.));
#10145 = ( GEOMETRIC_REPRESENTATION_CONTEXT(2) 
PARAMETRIC_REPRESENTATION_CONTEXT() REPRESENTATION_CONTEXT('2D SPACE',''
  ) );
#10146 = ORIENTED_EDGE('',*,*,#10147,.T.);
#10147 = EDGE_CURVE('',#10120,#10148,#10150,.T.);
#10148 = VERTEX_POINT('',#10149);
#10149 = CARTESIAN_POINT('',(-9.,3.,129.));
#10150 = SURFACE_CURVE('',#10151,(#10155,#10162),.PCURVE_S1.);
#10151 = LINE('',#10152,#10153);
#10152 = CARTESIAN_POINT('',(-9.,3.,100.5));
#10153 = VECTOR('',#10154,1.);
#10154 = DIRECTION('',(-0.,-0.,1.));
#10155 = PCURVE('',#3572,#10156);
#10156 = DEFINITIONAL_REPRESENTATION('',(#10157),#10161);
#10157 = LINE('',#10158,#10159);
#10158 = CARTESIAN_POINT('',(19.5,9.));
#10159 = VECTOR('',#10160,1.);
#10160 = DIRECTION('',(1.,-0.));
#10161 = ( GEOMETRIC_REPRESENTATION_CONTEXT(2) 
PARAMETRIC_REPRESENTATION_CONTEXT() REPRESENTATION_CONTEXT('2D SPACE',''
  ) );
#10162 = PCURVE('',#10163,#10168);
#10163 = PLANE('',#10164);
#10164 = AXIS2_PLACEMENT_3D('',#10165,#10166,#10167);
#10165 = CARTESIAN_POINT('',(-9.,2.7,120.));
#10166 = DIRECTION('',(-1.,-0.,-0.));
#10167 = DIRECTION('',(0.,0.,-1.));
#10168 = DEFINITIONAL_REPRESENTATION('',(#10169),#10173);
#10169 = LINE('',#10170,#10171);
#10170 = CARTESIAN_POINT('',(19.5,-0.3));
#10171 = VECTOR('',#10172,1.);
#10172 = DIRECTION('',(-1.,-0.));
#10173 = ( GEOMETRIC_REPRESENTATION_CONTEXT(2) 
PARAMETRIC_REPRESENTATION_CONTEXT() REPRESENTATION_CONTEXT('2D SPACE',''
  ) );
#10174 = ORIENTED_EDGE('',*,*,#10175,.F.);
#10175 = EDGE_CURVE('',#10176,#10148,#10178,.T.);
#10176 = VERTEX_POINT('',#10177);
#10177 = CARTESIAN_POINT('',(-14.,3.,129.));
#10178 = SURFACE_CURVE('',#10179,(#10183,#10190),.PCURVE_S1.);
#10179 = LINE('',#10180,#10181);
#10180 = CARTESIAN_POINT('',(-4.5,3.,129.));
#10181 = VECTOR('',#10182,1.);
#10182 = DIRECTION('',(1.,-0.,-0.));
#10183 = PCURVE('',#3572,#10184);
#10184 = DEFINITIONAL_REPRESENTATION('',(#10185),#10189);
#10185 = LINE('',#10186,#10187);
#10186 = CARTESIAN_POINT('',(48.,4.5));
#10187 = VECTOR('',#10188,1.);
#10188 = DIRECTION('',(-0.,-1.));
#10189 = ( GEOMETRIC_REPRESENTATION_CONTEXT(2) 
PARAMETRIC_REPRESENTATION_CONTEXT() REPRESENTATION_CONTEXT('2D SPACE',''
  ) );
#10190 = PCURVE('',#10191,#10196);
#10191 = PLANE('',#10192);
#10192 = AXIS2_PLACEMENT_3D('',#10193,#10194,#10195);
#10193 = CARTESIAN_POINT('',(-9.,2.7,129.));
#10194 = DIRECTION('',(-0.,-0.,1.));
#10195 = DIRECTION('',(1.,0.,0.));
#10196 = DEFINITIONAL_REPRESENTATION('',(#10197),#10201);
#10197 = LINE('',#10198,#10199);
#10198 = CARTESIAN_POINT('',(4.5,0.3));
#10199 = VECTOR('',#10200,1.);
#10200 = DIRECTION('',(1.,-0.));
#10201 = ( GEOMETRIC_REPRESENTATION_CONTEXT(2) 
PARAMETRIC_REPRESENTATION_CONTEXT() REPRESENTATION_CONTEXT('2D SPACE',''
  ) );
#10202 = ORIENTED_EDGE('',*,*,#10203,.F.);
#10203 = EDGE_CURVE('',#10118,#10176,#10204,.T.);
#10204 = SURFACE_CURVE('',#10205,(#10209,#10216),.PCURVE_S1.);
#10205 = LINE('',#10206,#10207);
#10206 = CARTESIAN_POINT('',(-14.,3.,100.5));
#10207 = VECTOR('',#10208,1.);
#10208 = DIRECTION('',(-0.,-0.,1.));
#10209 = PCURVE('',#3572,#10210);
#10210 = DEFINITIONAL_REPRESENTATION('',(#10211),#10215);
#10211 = LINE('',#10212,#10213);
#10212 = CARTESIAN_POINT('',(19.5,14.));
#10213 = VECTOR('',#10214,1.);
#10214 = DIRECTION('',(1.,-0.));
#10215 = ( GEOMETRIC_REPRESENTATION_CONTEXT(2) 
PARAMETRIC_REPRESENTATION_CONTEXT() REPRESENTATION_CONTEXT('2D SPACE',''
  ) );
#10216 = PCURVE('',#10217,#10222);
#10217 = PLANE('',#10218);
#10218 = AXIS2_PLACEMENT_3D('',#10219,#10220,#10221);
#10219 = CARTESIAN_POINT('',(-14.,2.7,120.));
#10220 = DIRECTION('',(-1.,-0.,-0.));
#10221 = DIRECTION('',(0.,0.,-1.));
#10222 = DEFINITIONAL_REPRESENTATION('',(#10223),#10227);
#10223 = LINE('',#10224,#10225);
#10224 = CARTESIAN_POINT('',(19.5,-0.3));
#10225 = VECTOR('',#10226,1.);
#10226 = DIRECTION('',(-1.,-0.));
#10227 = ( GEOMETRIC_REPRESENTATION_CONTEXT(2) 
PARAMETRIC_REPRESENTATION_CONTEXT() REPRESENTATION_CONTEXT('2D SPACE',''
  ) );
#10228 = FACE_BOUND('',#10229,.T.);
#10229 = EDGE_LOOP('',(#10230,#10260,#10288,#10316));
#10230 = ORIENTED_EDGE('',*,*,#10231,.T.);
#10231 = EDGE_CURVE('',#10232,#10234,#10236,.T.);
#10232 = VERTEX_POINT('',#10233);
#10233 = CARTESIAN_POINT('',(-14.,3.,64.));
#10234 = VERTEX_POINT('',#10235);
#10235 = CARTESIAN_POINT('',(-9.,3.,64.));
#10236 = SURFACE_CURVE('',#10237,(#10241,#10248),.PCURVE_S1.);
#10237 = LINE('',#10238,#10239);
#10238 = CARTESIAN_POINT('',(-4.5,3.,64.));
#10239 = VECTOR('',#10240,1.);
#10240 = DIRECTION('',(1.,-0.,-0.));
#10241 = PCURVE('',#3572,#10242);
#10242 = DEFINITIONAL_REPRESENTATION('',(#10243),#10247);
#10243 = LINE('',#10244,#10245);
#10244 = CARTESIAN_POINT('',(-17.,4.5));
#10245 = VECTOR('',#10246,1.);
#10246 = DIRECTION('',(-0.,-1.));
#10247 = ( GEOMETRIC_REPRESENTATION_CONTEXT(2) 
PARAMETRIC_REPRESENTATION_CONTEXT() REPRESENTATION_CONTEXT('2D SPACE',''
  ) );
#10248 = PCURVE('',#10249,#10254);
#10249 = PLANE('',#10250);
#10250 = AXIS2_PLACEMENT_3D('',#10251,#10252,#10253);
#10251 = CARTESIAN_POINT('',(-9.,2.7,64.));
#10252 = DIRECTION('',(-0.,-0.,1.));
#10253 = DIRECTION('',(1.,0.,0.));
#10254 = DEFINITIONAL_REPRESENTATION('',(#10255),#10259);
#10255 = LINE('',#10256,#10257);
#10256 = CARTESIAN_POINT('',(4.5,0.3));
#10257 = VECTOR('',#10258,1.);
#10258 = DIRECTION('',(1.,-0.));
#10259 = ( GEOMETRIC_REPRESENTATION_CONTEXT(2) 
PARAMETRIC_REPRESENTATION_CONTEXT() REPRESENTATION_CONTEXT('2D SPACE',''
  ) );
#10260 = ORIENTED_EDGE('',*,*,#10261,.T.);
#10261 = EDGE_CURVE('',#10234,#10262,#10264,.T.);
#10262 = VERTEX_POINT('',#10263);
#10263 = CARTESIAN_POINT('',(-9.,3.,73.));
#10264 = SURFACE_CURVE('',#10265,(#10269,#10276),.PCURVE_S1.);
#10265 = LINE('',#10266,#10267);
#10266 = CARTESIAN_POINT('',(-9.,3.,72.5));
#10267 = VECTOR('',#10268,1.);
#10268 = DIRECTION('',(-0.,-0.,1.));
#10269 = PCURVE('',#3572,#10270);
#10270 = DEFINITIONAL_REPRESENTATION('',(#10271),#10275);
#10271 = LINE('',#10272,#10273);
#10272 = CARTESIAN_POINT('',(-8.5,9.));
#10273 = VECTOR('',#10274,1.);
#10274 = DIRECTION('',(1.,-0.));
#10275 = ( GEOMETRIC_REPRESENTATION_CONTEXT(2) 
PARAMETRIC_REPRESENTATION_CONTEXT() REPRESENTATION_CONTEXT('2D SPACE',''
  ) );
#10276 = PCURVE('',#10277,#10282);
#10277 = PLANE('',#10278);
#10278 = AXIS2_PLACEMENT_3D('',#10279,#10280,#10281);
#10279 = CARTESIAN_POINT('',(-9.,2.7,64.));
#10280 = DIRECTION('',(-1.,-0.,-0.));
#10281 = DIRECTION('',(0.,0.,-1.));
#10282 = DEFINITIONAL_REPRESENTATION('',(#10283),#10287);
#10283 = LINE('',#10284,#10285);
#10284 = CARTESIAN_POINT('',(-8.5,-0.3));
#10285 = VECTOR('',#10286,1.);
#10286 = DIRECTION('',(-1.,-0.));
#10287 = ( GEOMETRIC_REPRESENTATION_CONTEXT(2) 
PARAMETRIC_REPRESENTATION_CONTEXT() REPRESENTATION_CONTEXT('2D SPACE',''
  ) );
#10288 = ORIENTED_EDGE('',*,*,#10289,.F.);
#10289 = EDGE_CURVE('',#10290,#10262,#10292,.T.);
#10290 = VERTEX_POINT('',#10291);
#10291 = CARTESIAN_POINT('',(-14.,3.,73.));
#10292 = SURFACE_CURVE('',#10293,(#10297,#10304),.PCURVE_S1.);
#10293 = LINE('',#10294,#10295);
#10294 = CARTESIAN_POINT('',(-4.5,3.,73.));
#10295 = VECTOR('',#10296,1.);
#10296 = DIRECTION('',(1.,-0.,-0.));
#10297 = PCURVE('',#3572,#10298);
#10298 = DEFINITIONAL_REPRESENTATION('',(#10299),#10303);
#10299 = LINE('',#10300,#10301);
#10300 = CARTESIAN_POINT('',(-8.,4.5));
#10301 = VECTOR('',#10302,1.);
#10302 = DIRECTION('',(-0.,-1.));
#10303 = ( GEOMETRIC_REPRESENTATION_CONTEXT(2) 
PARAMETRIC_REPRESENTATION_CONTEXT() REPRESENTATION_CONTEXT('2D SPACE',''
  ) );
#10304 = PCURVE('',#10305,#10310);
#10305 = PLANE('',#10306);
#10306 = AXIS2_PLACEMENT_3D('',#10307,#10308,#10309);
#10307 = CARTESIAN_POINT('',(-9.,2.7,73.));
#10308 = DIRECTION('',(-0.,-0.,1.));
#10309 = DIRECTION('',(1.,0.,0.));
#10310 = DEFINITIONAL_REPRESENTATION('',(#10311),#10315);
#10311 = LINE('',#10312,#10313);
#10312 = CARTESIAN_POINT('',(4.5,0.3));
#10313 = VECTOR('',#10314,1.);
#10314 = DIRECTION('',(1.,-0.));
#10315 = ( GEOMETRIC_REPRESENTATION_CONTEXT(2) 
PARAMETRIC_REPRESENTATION_CONTEXT() REPRESENTATION_CONTEXT('2D SPACE',''
  ) );
#10316 = ORIENTED_EDGE('',*,*,#10317,.F.);
#10317 = EDGE_CURVE('',#10232,#10290,#10318,.T.);
#10318 = SURFACE_CURVE('',#10319,(#10323,#10330),.PCURVE_S1.);
#10319 = LINE('',#10320,#10321);
#10320 = CARTESIAN_POINT('',(-14.,3.,72.5));
#10321 = VECTOR('',#10322,1.);
#10322 = DIRECTION('',(-0.,-0.,1.));
#10323 = PCURVE('',#3572,#10324);
#10324 = DEFINITIONAL_REPRESENTATION('',(#10325),#10329);
#10325 = LINE('',#10326,#10327);
#10326 = CARTESIAN_POINT('',(-8.5,14.));
#10327 = VECTOR('',#10328,1.);
#10328 = DIRECTION('',(1.,-0.));
#10329 = ( GEOMETRIC_REPRESENTATION_CONTEXT(2) 
PARAMETRIC_REPRESENTATION_CONTEXT() REPRESENTATION_CONTEXT('2D SPACE',''
  ) );
#10330 = PCURVE('',#10331,#10336);
#10331 = PLANE('',#10332);
#10332 = AXIS2_PLACEMENT_3D('',#10333,#10334,#10335);
#10333 = CARTESIAN_POINT('',(-14.,2.7,64.));
#10334 = DIRECTION('',(-1.,-0.,-0.));
#10335 = DIRECTION('',(0.,0.,-1.));
#10336 = DEFINITIONAL_REPRESENTATION('',(#10337),#10341);
#10337 = LINE('',#10338,#10339);
#10338 = CARTESIAN_POINT('',(-8.5,-0.3));
#10339 = VECTOR('',#10340,1.);
#10340 = DIRECTION('',(-1.,-0.));
#10341 = ( GEOMETRIC_REPRESENTATION_CONTEXT(2) 
PARAMETRIC_REPRESENTATION_CONTEXT() REPRESENTATION_CONTEXT('2D SPACE',''
  ) );
#10342 = FACE_BOUND('',#10343,.T.);
#10343 = EDGE_LOOP('',(#10344,#10374,#10402,#10430));
#10344 = ORIENTED_EDGE('',*,*,#10345,.T.);
#10345 = EDGE_CURVE('',#10346,#10348,#10350,.T.);
#10346 = VERTEX_POINT('',#10347);
#10347 = CARTESIAN_POINT('',(-15.5,3.,5.5));
#10348 = VERTEX_POINT('',#10349);
#10349 = CARTESIAN_POINT('',(15.5,3.,5.5));
#10350 = SURFACE_CURVE('',#10351,(#10355,#10362),.PCURVE_S1.);
#10351 = LINE('',#10352,#10353);
#10352 = CARTESIAN_POINT('',(7.75,3.,5.5));
#10353 = VECTOR('',#10354,1.);
#10354 = DIRECTION('',(1.,-0.,-0.));
#10355 = PCURVE('',#3572,#10356);
#10356 = DEFINITIONAL_REPRESENTATION('',(#10357),#10361);
#10357 = LINE('',#10358,#10359);
#10358 = CARTESIAN_POINT('',(-75.5,-7.75));
#10359 = VECTOR('',#10360,1.);
#10360 = DIRECTION('',(-0.,-1.));
#10361 = ( GEOMETRIC_REPRESENTATION_CONTEXT(2) 
PARAMETRIC_REPRESENTATION_CONTEXT() REPRESENTATION_CONTEXT('2D SPACE',''
  ) );
#10362 = PCURVE('',#10363,#10368);
#10363 = PLANE('',#10364);
#10364 = AXIS2_PLACEMENT_3D('',#10365,#10366,#10367);
#10365 = CARTESIAN_POINT('',(15.5,2.7,5.5));
#10366 = DIRECTION('',(-0.,-0.,1.));
#10367 = DIRECTION('',(1.,0.,0.));
#10368 = DEFINITIONAL_REPRESENTATION('',(#10369),#10373);
#10369 = LINE('',#10370,#10371);
#10370 = CARTESIAN_POINT('',(-7.75,0.3));
#10371 = VECTOR('',#10372,1.);
#10372 = DIRECTION('',(1.,-0.));
#10373 = ( GEOMETRIC_REPRESENTATION_CONTEXT(2) 
PARAMETRIC_REPRESENTATION_CONTEXT() REPRESENTATION_CONTEXT('2D SPACE',''
  ) );
#10374 = ORIENTED_EDGE('',*,*,#10375,.T.);
#10375 = EDGE_CURVE('',#10348,#10376,#10378,.T.);
#10376 = VERTEX_POINT('',#10377);
#10377 = CARTESIAN_POINT('',(15.5,3.,7.75));
#10378 = SURFACE_CURVE('',#10379,(#10383,#10390),.PCURVE_S1.);
#10379 = LINE('',#10380,#10381);
#10380 = CARTESIAN_POINT('',(15.5,3.,43.25));
#10381 = VECTOR('',#10382,1.);
#10382 = DIRECTION('',(-0.,-0.,1.));
#10383 = PCURVE('',#3572,#10384);
#10384 = DEFINITIONAL_REPRESENTATION('',(#10385),#10389);
#10385 = LINE('',#10386,#10387);
#10386 = CARTESIAN_POINT('',(-37.75,-15.5));
#10387 = VECTOR('',#10388,1.);
#10388 = DIRECTION('',(1.,-0.));
#10389 = ( GEOMETRIC_REPRESENTATION_CONTEXT(2) 
PARAMETRIC_REPRESENTATION_CONTEXT() REPRESENTATION_CONTEXT('2D SPACE',''
  ) );
#10390 = PCURVE('',#10391,#10396);
#10391 = PLANE('',#10392);
#10392 = AXIS2_PLACEMENT_3D('',#10393,#10394,#10395);
#10393 = CARTESIAN_POINT('',(15.5,2.7,5.5));
#10394 = DIRECTION('',(-1.,-0.,-0.));
#10395 = DIRECTION('',(0.,0.,-1.));
#10396 = DEFINITIONAL_REPRESENTATION('',(#10397),#10401);
#10397 = LINE('',#10398,#10399);
#10398 = CARTESIAN_POINT('',(-37.75,-0.3));
#10399 = VECTOR('',#10400,1.);
#10400 = DIRECTION('',(-1.,-0.));
#10401 = ( GEOMETRIC_REPRESENTATION_CONTEXT(2) 
PARAMETRIC_REPRESENTATION_CONTEXT() REPRESENTATION_CONTEXT('2D SPACE',''
  ) );
#10402 = ORIENTED_EDGE('',*,*,#10403,.F.);
#10403 = EDGE_CURVE('',#10404,#10376,#10406,.T.);
#10404 = VERTEX_POINT('',#10405);
#10405 = CARTESIAN_POINT('',(-15.5,3.,7.75));
#10406 = SURFACE_CURVE('',#10407,(#10411,#10418),.PCURVE_S1.);
#10407 = LINE('',#10408,#10409);
#10408 = CARTESIAN_POINT('',(7.75,3.,7.75));
#10409 = VECTOR('',#10410,1.);
#10410 = DIRECTION('',(1.,-0.,-0.));
#10411 = PCURVE('',#3572,#10412);
#10412 = DEFINITIONAL_REPRESENTATION('',(#10413),#10417);
#10413 = LINE('',#10414,#10415);
#10414 = CARTESIAN_POINT('',(-73.25,-7.75));
#10415 = VECTOR('',#10416,1.);
#10416 = DIRECTION('',(-0.,-1.));
#10417 = ( GEOMETRIC_REPRESENTATION_CONTEXT(2) 
PARAMETRIC_REPRESENTATION_CONTEXT() REPRESENTATION_CONTEXT('2D SPACE',''
  ) );
#10418 = PCURVE('',#10419,#10424);
#10419 = PLANE('',#10420);
#10420 = AXIS2_PLACEMENT_3D('',#10421,#10422,#10423);
#10421 = CARTESIAN_POINT('',(15.5,2.7,7.75));
#10422 = DIRECTION('',(-0.,-0.,1.));
#10423 = DIRECTION('',(1.,0.,0.));
#10424 = DEFINITIONAL_REPRESENTATION('',(#10425),#10429);
#10425 = LINE('',#10426,#10427);
#10426 = CARTESIAN_POINT('',(-7.75,0.3));
#10427 = VECTOR('',#10428,1.);
#10428 = DIRECTION('',(1.,-0.));
#10429 = ( GEOMETRIC_REPRESENTATION_CONTEXT(2) 
PARAMETRIC_REPRESENTATION_CONTEXT() REPRESENTATION_CONTEXT('2D SPACE',''
  ) );
#10430 = ORIENTED_EDGE('',*,*,#10431,.F.);
#10431 = EDGE_CURVE('',#10346,#10404,#10432,.T.);
#10432 = SURFACE_CURVE('',#10433,(#10437,#10444),.PCURVE_S1.);
#10433 = LINE('',#10434,#10435);
#10434 = CARTESIAN_POINT('',(-15.5,3.,43.25));
#10435 = VECTOR('',#10436,1.);
#10436 = DIRECTION('',(-0.,-0.,1.));
#10437 = PCURVE('',#3572,#10438);
#10438 = DEFINITIONAL_REPRESENTATION('',(#10439),#10443);
#10439 = LINE('',#10440,#10441);
#10440 = CARTESIAN_POINT('',(-37.75,15.5));
#10441 = VECTOR('',#10442,1.);
#10442 = DIRECTION('',(1.,-0.));
#10443 = ( GEOMETRIC_REPRESENTATION_CONTEXT(2) 
PARAMETRIC_REPRESENTATION_CONTEXT() REPRESENTATION_CONTEXT('2D SPACE',''
  ) );
#10444 = PCURVE('',#10445,#10450);
#10445 = PLANE('',#10446);
#10446 = AXIS2_PLACEMENT_3D('',#10447,#10448,#10449);
#10447 = CARTESIAN_POINT('',(-15.5,2.7,5.5));
#10448 = DIRECTION('',(-1.,-0.,-0.));
#10449 = DIRECTION('',(0.,0.,-1.));
#10450 = DEFINITIONAL_REPRESENTATION('',(#10451),#10455);
#10451 = LINE('',#10452,#10453);
#10452 = CARTESIAN_POINT('',(-37.75,-0.3));
#10453 = VECTOR('',#10454,1.);
#10454 = DIRECTION('',(-1.,-0.));
#10455 = ( GEOMETRIC_REPRESENTATION_CONTEXT(2) 
PARAMETRIC_REPRESENTATION_CONTEXT() REPRESENTATION_CONTEXT('2D SPACE',''
  ) );
#10456 = FACE_BOUND('',#10457,.T.);
#10457 = EDGE_LOOP('',(#10458,#10488,#10516,#10544));
#10458 = ORIENTED_EDGE('',*,*,#10459,.T.);
#10459 = EDGE_CURVE('',#10460,#10462,#10464,.T.);
#10460 = VERTEX_POINT('',#10461);
#10461 = CARTESIAN_POINT('',(-14.,3.,15.));
#10462 = VERTEX_POINT('',#10463);
#10463 = CARTESIAN_POINT('',(-9.,3.,15.));
#10464 = SURFACE_CURVE('',#10465,(#10469,#10476),.PCURVE_S1.);
#10465 = LINE('',#10466,#10467);
#10466 = CARTESIAN_POINT('',(-4.5,3.,15.));
#10467 = VECTOR('',#10468,1.);
#10468 = DIRECTION('',(1.,-0.,-0.));
#10469 = PCURVE('',#3572,#10470);
#10470 = DEFINITIONAL_REPRESENTATION('',(#10471),#10475);
#10471 = LINE('',#10472,#10473);
#10472 = CARTESIAN_POINT('',(-66.,4.5));
#10473 = VECTOR('',#10474,1.);
#10474 = DIRECTION('',(-0.,-1.));
#10475 = ( GEOMETRIC_REPRESENTATION_CONTEXT(2) 
PARAMETRIC_REPRESENTATION_CONTEXT() REPRESENTATION_CONTEXT('2D SPACE',''
  ) );
#10476 = PCURVE('',#10477,#10482);
#10477 = PLANE('',#10478);
#10478 = AXIS2_PLACEMENT_3D('',#10479,#10480,#10481);
#10479 = CARTESIAN_POINT('',(-9.,2.7,15.));
#10480 = DIRECTION('',(-0.,-0.,1.));
#10481 = DIRECTION('',(1.,0.,0.));
#10482 = DEFINITIONAL_REPRESENTATION('',(#10483),#10487);
#10483 = LINE('',#10484,#10485);
#10484 = CARTESIAN_POINT('',(4.5,0.3));
#10485 = VECTOR('',#10486,1.);
#10486 = DIRECTION('',(1.,-0.));
#10487 = ( GEOMETRIC_REPRESENTATION_CONTEXT(2) 
PARAMETRIC_REPRESENTATION_CONTEXT() REPRESENTATION_CONTEXT('2D SPACE',''
  ) );
#10488 = ORIENTED_EDGE('',*,*,#10489,.T.);
#10489 = EDGE_CURVE('',#10462,#10490,#10492,.T.);
#10490 = VERTEX_POINT('',#10491);
#10491 = CARTESIAN_POINT('',(-9.,3.,24.));
#10492 = SURFACE_CURVE('',#10493,(#10497,#10504),.PCURVE_S1.);
#10493 = LINE('',#10494,#10495);
#10494 = CARTESIAN_POINT('',(-9.,3.,48.));
#10495 = VECTOR('',#10496,1.);
#10496 = DIRECTION('',(-0.,-0.,1.));
#10497 = PCURVE('',#3572,#10498);
#10498 = DEFINITIONAL_REPRESENTATION('',(#10499),#10503);
#10499 = LINE('',#10500,#10501);
#10500 = CARTESIAN_POINT('',(-33.,9.));
#10501 = VECTOR('',#10502,1.);
#10502 = DIRECTION('',(1.,-0.));
#10503 = ( GEOMETRIC_REPRESENTATION_CONTEXT(2) 
PARAMETRIC_REPRESENTATION_CONTEXT() REPRESENTATION_CONTEXT('2D SPACE',''
  ) );
#10504 = PCURVE('',#10505,#10510);
#10505 = PLANE('',#10506);
#10506 = AXIS2_PLACEMENT_3D('',#10507,#10508,#10509);
#10507 = CARTESIAN_POINT('',(-9.,2.7,15.));
#10508 = DIRECTION('',(-1.,-0.,-0.));
#10509 = DIRECTION('',(0.,0.,-1.));
#10510 = DEFINITIONAL_REPRESENTATION('',(#10511),#10515);
#10511 = LINE('',#10512,#10513);
#10512 = CARTESIAN_POINT('',(-33.,-0.3));
#10513 = VECTOR('',#10514,1.);
#10514 = DIRECTION('',(-1.,-0.));
#10515 = ( GEOMETRIC_REPRESENTATION_CONTEXT(2) 
PARAMETRIC_REPRESENTATION_CONTEXT() REPRESENTATION_CONTEXT('2D SPACE',''
  ) );
#10516 = ORIENTED_EDGE('',*,*,#10517,.F.);
#10517 = EDGE_CURVE('',#10518,#10490,#10520,.T.);
#10518 = VERTEX_POINT('',#10519);
#10519 = CARTESIAN_POINT('',(-14.,3.,24.));
#10520 = SURFACE_CURVE('',#10521,(#10525,#10532),.PCURVE_S1.);
#10521 = LINE('',#10522,#10523);
#10522 = CARTESIAN_POINT('',(-4.5,3.,24.));
#10523 = VECTOR('',#10524,1.);
#10524 = DIRECTION('',(1.,-0.,-0.));
#10525 = PCURVE('',#3572,#10526);
#10526 = DEFINITIONAL_REPRESENTATION('',(#10527),#10531);
#10527 = LINE('',#10528,#10529);
#10528 = CARTESIAN_POINT('',(-57.,4.5));
#10529 = VECTOR('',#10530,1.);
#10530 = DIRECTION('',(-0.,-1.));
#10531 = ( GEOMETRIC_REPRESENTATION_CONTEXT(2) 
PARAMETRIC_REPRESENTATION_CONTEXT() REPRESENTATION_CONTEXT('2D SPACE',''
  ) );
#10532 = PCURVE('',#10533,#10538);
#10533 = PLANE('',#10534);
#10534 = AXIS2_PLACEMENT_3D('',#10535,#10536,#10537);
#10535 = CARTESIAN_POINT('',(-9.,2.7,24.));
#10536 = DIRECTION('',(-0.,-0.,1.));
#10537 = DIRECTION('',(1.,0.,0.));
#10538 = DEFINITIONAL_REPRESENTATION('',(#10539),#10543);
#10539 = LINE('',#10540,#10541);
#10540 = CARTESIAN_POINT('',(4.5,0.3));
#10541 = VECTOR('',#10542,1.);
#10542 = DIRECTION('',(1.,-0.));
#10543 = ( GEOMETRIC_REPRESENTATION_CONTEXT(2) 
PARAMETRIC_REPRESENTATION_CONTEXT() REPRESENTATION_CONTEXT('2D SPACE',''
  ) );
#10544 = ORIENTED_EDGE('',*,*,#10545,.F.);
#10545 = EDGE_CURVE('',#10460,#10518,#10546,.T.);
#10546 = SURFACE_CURVE('',#10547,(#10551,#10558),.PCURVE_S1.);
#10547 = LINE('',#10548,#10549);
#10548 = CARTESIAN_POINT('',(-14.,3.,48.));
#10549 = VECTOR('',#10550,1.);
#10550 = DIRECTION('',(-0.,-0.,1.));
#10551 = PCURVE('',#3572,#10552);
#10552 = DEFINITIONAL_REPRESENTATION('',(#10553),#10557);
#10553 = LINE('',#10554,#10555);
#10554 = CARTESIAN_POINT('',(-33.,14.));
#10555 = VECTOR('',#10556,1.);
#10556 = DIRECTION('',(1.,-0.));
#10557 = ( GEOMETRIC_REPRESENTATION_CONTEXT(2) 
PARAMETRIC_REPRESENTATION_CONTEXT() REPRESENTATION_CONTEXT('2D SPACE',''
  ) );
#10558 = PCURVE('',#10559,#10564);
#10559 = PLANE('',#10560);
#10560 = AXIS2_PLACEMENT_3D('',#10561,#10562,#10563);
#10561 = CARTESIAN_POINT('',(-14.,2.7,15.));
#10562 = DIRECTION('',(-1.,-0.,-0.));
#10563 = DIRECTION('',(0.,0.,-1.));
#10564 = DEFINITIONAL_REPRESENTATION('',(#10565),#10569);
#10565 = LINE('',#10566,#10567);
#10566 = CARTESIAN_POINT('',(-33.,-0.3));
#10567 = VECTOR('',#10568,1.);
#10568 = DIRECTION('',(-1.,-0.));
#10569 = ( GEOMETRIC_REPRESENTATION_CONTEXT(2) 
PARAMETRIC_REPRESENTATION_CONTEXT() REPRESENTATION_CONTEXT('2D SPACE',''
  ) );
#10570 = ADVANCED_FACE('',(#10571),#3759,.T.);
#10571 = FACE_BOUND('',#10572,.F.);
#10572 = EDGE_LOOP('',(#10573,#10574,#10575,#10576));
#10573 = ORIENTED_EDGE('',*,*,#3743,.T.);
#10574 = ORIENTED_EDGE('',*,*,#3927,.T.);
#10575 = ORIENTED_EDGE('',*,*,#3902,.T.);
#10576 = ORIENTED_EDGE('',*,*,#3823,.F.);
#10577 = ADVANCED_FACE('',(#10578),#4215,.T.);
#10578 = FACE_BOUND('',#10579,.F.);
#10579 = EDGE_LOOP('',(#10580,#10581,#10604,#10635,#10636,#10637));
#10580 = ORIENTED_EDGE('',*,*,#4194,.F.);
#10581 = ORIENTED_EDGE('',*,*,#10582,.F.);
#10582 = EDGE_CURVE('',#10583,#4195,#10585,.T.);
#10583 = VERTEX_POINT('',#10584);
#10584 = CARTESIAN_POINT('',(6.,10.,155.));
#10585 = SEAM_CURVE('',#10586,(#10590,#10597),.PCURVE_S1.);
#10586 = LINE('',#10587,#10588);
#10587 = CARTESIAN_POINT('',(6.,10.,155.));
#10588 = VECTOR('',#10589,1.);
#10589 = DIRECTION('',(-0.,-0.,1.));
#10590 = PCURVE('',#4215,#10591);
#10591 = DEFINITIONAL_REPRESENTATION('',(#10592),#10596);
#10592 = LINE('',#10593,#10594);
#10593 = CARTESIAN_POINT('',(-6.28318530718,-0.));
#10594 = VECTOR('',#10595,1.);
#10595 = DIRECTION('',(-0.,1.));
#10596 = ( GEOMETRIC_REPRESENTATION_CONTEXT(2) 
PARAMETRIC_REPRESENTATION_CONTEXT() REPRESENTATION_CONTEXT('2D SPACE',''
  ) );
#10597 = PCURVE('',#4215,#10598);
#10598 = DEFINITIONAL_REPRESENTATION('',(#10599),#10603);
#10599 = LINE('',#10600,#10601);
#10600 = CARTESIAN_POINT('',(-0.,-0.));
#10601 = VECTOR('',#10602,1.);
#10602 = DIRECTION('',(-0.,1.));
#10603 = ( GEOMETRIC_REPRESENTATION_CONTEXT(2) 
PARAMETRIC_REPRESENTATION_CONTEXT() REPRESENTATION_CONTEXT('2D SPACE',''
  ) );
#10604 = ORIENTED_EDGE('',*,*,#10605,.T.);
#10605 = EDGE_CURVE('',#10583,#10583,#10606,.T.);
#10606 = SURFACE_CURVE('',#10607,(#10612,#10619),.PCURVE_S1.);
#10607 = CIRCLE('',#10608,5.);
#10608 = AXIS2_PLACEMENT_3D('',#10609,#10610,#10611);
#10609 = CARTESIAN_POINT('',(11.,10.,155.));
#10610 = DIRECTION('',(0.,0.,-1.));
#10611 = DIRECTION('',(-1.,-0.,-0.));
#10612 = PCURVE('',#4215,#10613);
#10613 = DEFINITIONAL_REPRESENTATION('',(#10614),#10618);
#10614 = LINE('',#10615,#10616);
#10615 = CARTESIAN_POINT('',(-0.,0.));
#10616 = VECTOR('',#10617,1.);
#10617 = DIRECTION('',(-1.,0.));
#10618 = ( GEOMETRIC_REPRESENTATION_CONTEXT(2) 
PARAMETRIC_REPRESENTATION_CONTEXT() REPRESENTATION_CONTEXT('2D SPACE',''
  ) );
#10619 = PCURVE('',#10620,#10625);
#10620 = PLANE('',#10621);
#10621 = AXIS2_PLACEMENT_3D('',#10622,#10623,#10624);
#10622 = CARTESIAN_POINT('',(11.,10.,155.));
#10623 = DIRECTION('',(-0.,-0.,1.));
#10624 = DIRECTION('',(1.,0.,0.));
#10625 = DEFINITIONAL_REPRESENTATION('',(#10626),#10634);
#10626 = ( BOUNDED_CURVE() B_SPLINE_CURVE(2,(#10627,#10628,#10629,#10630
    ,#10631,#10632,#10633),.UNSPECIFIED.,.T.,.F.) 
B_SPLINE_CURVE_WITH_KNOTS((1,2,2,2,2,1),(-2.094395102393,0.,
    2.094395102393,4.188790204786,6.28318530718,8.377580409573),
.UNSPECIFIED.) CURVE() GEOMETRIC_REPRESENTATION_ITEM() 
RATIONAL_B_SPLINE_CURVE((1.,0.5,1.,0.5,1.,0.5,1.)) REPRESENTATION_ITEM(
  '') );
#10627 = CARTESIAN_POINT('',(-5.,0.));
#10628 = CARTESIAN_POINT('',(-5.,8.660254037844));
#10629 = CARTESIAN_POINT('',(2.5,4.330127018922));
#10630 = CARTESIAN_POINT('',(10.,1.224646799147E-15));
#10631 = CARTESIAN_POINT('',(2.5,-4.330127018922));
#10632 = CARTESIAN_POINT('',(-5.,-8.660254037844));
#10633 = CARTESIAN_POINT('',(-5.,0.));
#10634 = ( GEOMETRIC_REPRESENTATION_CONTEXT(2) 
PARAMETRIC_REPRESENTATION_CONTEXT() REPRESENTATION_CONTEXT('2D SPACE',''
  ) );
#10635 = ORIENTED_EDGE('',*,*,#10582,.T.);
#10636 = ORIENTED_EDGE('',*,*,#4227,.F.);
#10637 = ORIENTED_EDGE('',*,*,#6218,.F.);
#10638 = ADVANCED_FACE('',(#10639),#4137,.F.);
#10639 = FACE_BOUND('',#10640,.F.);
#10640 = EDGE_LOOP('',(#10641,#10662,#10663,#10664));
#10641 = ORIENTED_EDGE('',*,*,#10642,.F.);
#10642 = EDGE_CURVE('',#4089,#4405,#10643,.T.);
#10643 = SURFACE_CURVE('',#10644,(#10648,#10655),.PCURVE_S1.);
#10644 = LINE('',#10645,#10646);
#10645 = CARTESIAN_POINT('',(12.3,15.3,155.2));
#10646 = VECTOR('',#10647,1.);
#10647 = DIRECTION('',(-0.,-0.,1.));
#10648 = PCURVE('',#4137,#10649);
#10649 = DEFINITIONAL_REPRESENTATION('',(#10650),#10654);
#10650 = LINE('',#10651,#10652);
#10651 = CARTESIAN_POINT('',(0.,0.));
#10652 = VECTOR('',#10653,1.);
#10653 = DIRECTION('',(0.,1.));
#10654 = ( GEOMETRIC_REPRESENTATION_CONTEXT(2) 
PARAMETRIC_REPRESENTATION_CONTEXT() REPRESENTATION_CONTEXT('2D SPACE',''
  ) );
#10655 = PCURVE('',#4104,#10656);
#10656 = DEFINITIONAL_REPRESENTATION('',(#10657),#10661);
#10657 = LINE('',#10658,#10659);
#10658 = CARTESIAN_POINT('',(-0.7,0.));
#10659 = VECTOR('',#10660,1.);
#10660 = DIRECTION('',(-0.,-1.));
#10661 = ( GEOMETRIC_REPRESENTATION_CONTEXT(2) 
PARAMETRIC_REPRESENTATION_CONTEXT() REPRESENTATION_CONTEXT('2D SPACE',''
  ) );
#10662 = ORIENTED_EDGE('',*,*,#4116,.F.);
#10663 = ORIENTED_EDGE('',*,*,#6139,.T.);
#10664 = ORIENTED_EDGE('',*,*,#4427,.T.);
#10665 = ADVANCED_FACE('',(#10666),#4104,.T.);
#10666 = FACE_BOUND('',#10667,.F.);
#10667 = EDGE_LOOP('',(#10668,#10669,#10670,#10671));
#10668 = ORIENTED_EDGE('',*,*,#4088,.T.);
#10669 = ORIENTED_EDGE('',*,*,#10642,.T.);
#10670 = ORIENTED_EDGE('',*,*,#4404,.F.);
#10671 = ORIENTED_EDGE('',*,*,#10672,.F.);
#10672 = EDGE_CURVE('',#4056,#4377,#10673,.T.);
#10673 = SURFACE_CURVE('',#10674,(#10678,#10685),.PCURVE_S1.);
#10674 = LINE('',#10675,#10676);
#10675 = CARTESIAN_POINT('',(-12.3,15.3,155.2));
#10676 = VECTOR('',#10677,1.);
#10677 = DIRECTION('',(-0.,-0.,1.));
#10678 = PCURVE('',#4104,#10679);
#10679 = DEFINITIONAL_REPRESENTATION('',(#10680),#10684);
#10680 = LINE('',#10681,#10682);
#10681 = CARTESIAN_POINT('',(-25.3,0.));
#10682 = VECTOR('',#10683,1.);
#10683 = DIRECTION('',(-0.,-1.));
#10684 = ( GEOMETRIC_REPRESENTATION_CONTEXT(2) 
PARAMETRIC_REPRESENTATION_CONTEXT() REPRESENTATION_CONTEXT('2D SPACE',''
  ) );
#10685 = PCURVE('',#4076,#10686);
#10686 = DEFINITIONAL_REPRESENTATION('',(#10687),#10691);
#10687 = LINE('',#10688,#10689);
#10688 = CARTESIAN_POINT('',(-0.,0.));
#10689 = VECTOR('',#10690,1.);
#10690 = DIRECTION('',(-0.,1.));
#10691 = ( GEOMETRIC_REPRESENTATION_CONTEXT(2) 
PARAMETRIC_REPRESENTATION_CONTEXT() REPRESENTATION_CONTEXT('2D SPACE',''
  ) );
#10692 = ADVANCED_FACE('',(#10693),#4076,.F.);
#10693 = FACE_BOUND('',#10694,.T.);
#10694 = EDGE_LOOP('',(#10695,#10696,#10697,#10698));
#10695 = ORIENTED_EDGE('',*,*,#10672,.F.);
#10696 = ORIENTED_EDGE('',*,*,#4055,.T.);
#10697 = ORIENTED_EDGE('',*,*,#4280,.T.);
#10698 = ORIENTED_EDGE('',*,*,#4376,.F.);
#10699 = ADVANCED_FACE('',(#10700),#4631,.T.);
#10700 = FACE_BOUND('',#10701,.T.);
#10701 = EDGE_LOOP('',(#10702));
#10702 = ORIENTED_EDGE('',*,*,#4616,.F.);
#10703 = ADVANCED_FACE('',(#10704),#4712,.T.);
#10704 = FACE_BOUND('',#10705,.F.);
#10705 = EDGE_LOOP('',(#10706,#10707,#10708,#10709));
#10706 = ORIENTED_EDGE('',*,*,#4752,.F.);
#10707 = ORIENTED_EDGE('',*,*,#4698,.F.);
#10708 = ORIENTED_EDGE('',*,*,#4857,.T.);
#10709 = ORIENTED_EDGE('',*,*,#10710,.T.);
#10710 = EDGE_CURVE('',#4858,#4753,#10711,.T.);
#10711 = SURFACE_CURVE('',#10712,(#10716,#10723),.PCURVE_S1.);
#10712 = LINE('',#10713,#10714);
#10713 = CARTESIAN_POINT('',(-19.75,18.8,138.5));
#10714 = VECTOR('',#10715,1.);
#10715 = DIRECTION('',(-1.,-0.,-0.));
#10716 = PCURVE('',#4712,#10717);
#10717 = DEFINITIONAL_REPRESENTATION('',(#10718),#10722);
#10718 = LINE('',#10719,#10720);
#10719 = CARTESIAN_POINT('',(-3.5,-0.5));
#10720 = VECTOR('',#10721,1.);
#10721 = DIRECTION('',(-0.,1.));
#10722 = ( GEOMETRIC_REPRESENTATION_CONTEXT(2) 
PARAMETRIC_REPRESENTATION_CONTEXT() REPRESENTATION_CONTEXT('2D SPACE',''
  ) );
#10723 = PCURVE('',#10724,#10729);
#10724 = PLANE('',#10725);
#10725 = AXIS2_PLACEMENT_3D('',#10726,#10727,#10728);
#10726 = CARTESIAN_POINT('',(-19.75,18.8,138.5));
#10727 = DIRECTION('',(-0.,-0.,1.));
#10728 = DIRECTION('',(1.,0.,0.));
#10729 = DEFINITIONAL_REPRESENTATION('',(#10730),#10734);
#10730 = LINE('',#10731,#10732);
#10731 = CARTESIAN_POINT('',(0.,-0.));
#10732 = VECTOR('',#10733,1.);
#10733 = DIRECTION('',(-1.,0.));
#10734 = ( GEOMETRIC_REPRESENTATION_CONTEXT(2) 
PARAMETRIC_REPRESENTATION_CONTEXT() REPRESENTATION_CONTEXT('2D SPACE',''
  ) );
#10735 = ADVANCED_FACE('',(#10736),#4791,.F.);
#10736 = FACE_BOUND('',#10737,.T.);
#10737 = EDGE_LOOP('',(#10738,#10761,#10762,#10790));
#10738 = ORIENTED_EDGE('',*,*,#10739,.F.);
#10739 = EDGE_CURVE('',#4753,#10740,#10742,.T.);
#10740 = VERTEX_POINT('',#10741);
#10741 = CARTESIAN_POINT('',(-21.75,18.8,138.5));
#10742 = SURFACE_CURVE('',#10743,(#10747,#10754),.PCURVE_S1.);
#10743 = LINE('',#10744,#10745);
#10744 = CARTESIAN_POINT('',(-19.75,18.8,138.5));
#10745 = VECTOR('',#10746,1.);
#10746 = DIRECTION('',(-1.,-0.,-0.));
#10747 = PCURVE('',#4791,#10748);
#10748 = DEFINITIONAL_REPRESENTATION('',(#10749),#10753);
#10749 = LINE('',#10750,#10751);
#10750 = CARTESIAN_POINT('',(-0.,-0.));
#10751 = VECTOR('',#10752,1.);
#10752 = DIRECTION('',(-0.,1.));
#10753 = ( GEOMETRIC_REPRESENTATION_CONTEXT(2) 
PARAMETRIC_REPRESENTATION_CONTEXT() REPRESENTATION_CONTEXT('2D SPACE',''
  ) );
#10754 = PCURVE('',#10724,#10755);
#10755 = DEFINITIONAL_REPRESENTATION('',(#10756),#10760);
#10756 = LINE('',#10757,#10758);
#10757 = CARTESIAN_POINT('',(0.,-0.));
#10758 = VECTOR('',#10759,1.);
#10759 = DIRECTION('',(-1.,0.));
#10760 = ( GEOMETRIC_REPRESENTATION_CONTEXT(2) 
PARAMETRIC_REPRESENTATION_CONTEXT() REPRESENTATION_CONTEXT('2D SPACE',''
  ) );
#10761 = ORIENTED_EDGE('',*,*,#4775,.T.);
#10762 = ORIENTED_EDGE('',*,*,#10763,.T.);
#10763 = EDGE_CURVE('',#4776,#10764,#10766,.T.);
#10764 = VERTEX_POINT('',#10765);
#10765 = CARTESIAN_POINT('',(-21.75,18.8,141.5));
#10766 = SURFACE_CURVE('',#10767,(#10771,#10778),.PCURVE_S1.);
#10767 = LINE('',#10768,#10769);
#10768 = CARTESIAN_POINT('',(-19.75,18.8,141.5));
#10769 = VECTOR('',#10770,1.);
#10770 = DIRECTION('',(-1.,-0.,-0.));
#10771 = PCURVE('',#4791,#10772);
#10772 = DEFINITIONAL_REPRESENTATION('',(#10773),#10777);
#10773 = LINE('',#10774,#10775);
#10774 = CARTESIAN_POINT('',(-3.,-0.));
#10775 = VECTOR('',#10776,1.);
#10776 = DIRECTION('',(-0.,1.));
#10777 = ( GEOMETRIC_REPRESENTATION_CONTEXT(2) 
PARAMETRIC_REPRESENTATION_CONTEXT() REPRESENTATION_CONTEXT('2D SPACE',''
  ) );
#10778 = PCURVE('',#10779,#10784);
#10779 = PLANE('',#10780);
#10780 = AXIS2_PLACEMENT_3D('',#10781,#10782,#10783);
#10781 = CARTESIAN_POINT('',(-19.75,18.8,141.5));
#10782 = DIRECTION('',(-0.,-0.,1.));
#10783 = DIRECTION('',(1.,0.,0.));
#10784 = DEFINITIONAL_REPRESENTATION('',(#10785),#10789);
#10785 = LINE('',#10786,#10787);
#10786 = CARTESIAN_POINT('',(0.,-0.));
#10787 = VECTOR('',#10788,1.);
#10788 = DIRECTION('',(-1.,0.));
#10789 = ( GEOMETRIC_REPRESENTATION_CONTEXT(2) 
PARAMETRIC_REPRESENTATION_CONTEXT() REPRESENTATION_CONTEXT('2D SPACE',''
  ) );
#10790 = ORIENTED_EDGE('',*,*,#10791,.F.);
#10791 = EDGE_CURVE('',#10740,#10764,#10792,.T.);
#10792 = SURFACE_CURVE('',#10793,(#10797,#10804),.PCURVE_S1.);
#10793 = LINE('',#10794,#10795);
#10794 = CARTESIAN_POINT('',(-21.75,18.8,138.5));
#10795 = VECTOR('',#10796,1.);
#10796 = DIRECTION('',(-0.,-0.,1.));
#10797 = PCURVE('',#4791,#10798);
#10798 = DEFINITIONAL_REPRESENTATION('',(#10799),#10803);
#10799 = LINE('',#10800,#10801);
#10800 = CARTESIAN_POINT('',(-0.,2.));
#10801 = VECTOR('',#10802,1.);
#10802 = DIRECTION('',(-1.,0.));
#10803 = ( GEOMETRIC_REPRESENTATION_CONTEXT(2) 
PARAMETRIC_REPRESENTATION_CONTEXT() REPRESENTATION_CONTEXT('2D SPACE',''
  ) );
#10804 = PCURVE('',#10805,#10810);
#10805 = PLANE('',#10806);
#10806 = AXIS2_PLACEMENT_3D('',#10807,#10808,#10809);
#10807 = CARTESIAN_POINT('',(-21.75,18.8,138.5));
#10808 = DIRECTION('',(-1.,-0.,-0.));
#10809 = DIRECTION('',(0.,0.,-1.));
#10810 = DEFINITIONAL_REPRESENTATION('',(#10811),#10815);
#10811 = LINE('',#10812,#10813);
#10812 = CARTESIAN_POINT('',(-0.,-0.));
#10813 = VECTOR('',#10814,1.);
#10814 = DIRECTION('',(-1.,-0.));
#10815 = ( GEOMETRIC_REPRESENTATION_CONTEXT(2) 
PARAMETRIC_REPRESENTATION_CONTEXT() REPRESENTATION_CONTEXT('2D SPACE',''
  ) );
#10816 = ADVANCED_FACE('',(#10817),#4817,.T.);
#10817 = FACE_BOUND('',#10818,.F.);
#10818 = EDGE_LOOP('',(#10819,#10820,#10841,#10842));
#10819 = ORIENTED_EDGE('',*,*,#4803,.F.);
#10820 = ORIENTED_EDGE('',*,*,#10821,.F.);
#10821 = EDGE_CURVE('',#4881,#4776,#10822,.T.);
#10822 = SURFACE_CURVE('',#10823,(#10827,#10834),.PCURVE_S1.);
#10823 = LINE('',#10824,#10825);
#10824 = CARTESIAN_POINT('',(-19.75,18.8,141.5));
#10825 = VECTOR('',#10826,1.);
#10826 = DIRECTION('',(-1.,-0.,-0.));
#10827 = PCURVE('',#4817,#10828);
#10828 = DEFINITIONAL_REPRESENTATION('',(#10829),#10833);
#10829 = LINE('',#10830,#10831);
#10830 = CARTESIAN_POINT('',(-6.5,-0.5));
#10831 = VECTOR('',#10832,1.);
#10832 = DIRECTION('',(-0.,1.));
#10833 = ( GEOMETRIC_REPRESENTATION_CONTEXT(2) 
PARAMETRIC_REPRESENTATION_CONTEXT() REPRESENTATION_CONTEXT('2D SPACE',''
  ) );
#10834 = PCURVE('',#10779,#10835);
#10835 = DEFINITIONAL_REPRESENTATION('',(#10836),#10840);
#10836 = LINE('',#10837,#10838);
#10837 = CARTESIAN_POINT('',(0.,-0.));
#10838 = VECTOR('',#10839,1.);
#10839 = DIRECTION('',(-1.,0.));
#10840 = ( GEOMETRIC_REPRESENTATION_CONTEXT(2) 
PARAMETRIC_REPRESENTATION_CONTEXT() REPRESENTATION_CONTEXT('2D SPACE',''
  ) );
#10841 = ORIENTED_EDGE('',*,*,#4908,.T.);
#10842 = ORIENTED_EDGE('',*,*,#4935,.T.);
#10843 = ADVANCED_FACE('',(#10844),#4896,.F.);
#10844 = FACE_BOUND('',#10845,.T.);
#10845 = EDGE_LOOP('',(#10846,#10869,#10897,#10918));
#10846 = ORIENTED_EDGE('',*,*,#10847,.F.);
#10847 = EDGE_CURVE('',#10848,#4858,#10850,.T.);
#10848 = VERTEX_POINT('',#10849);
#10849 = CARTESIAN_POINT('',(-19.75,18.8,138.5));
#10850 = SURFACE_CURVE('',#10851,(#10855,#10862),.PCURVE_S1.);
#10851 = LINE('',#10852,#10853);
#10852 = CARTESIAN_POINT('',(-19.75,18.8,138.5));
#10853 = VECTOR('',#10854,1.);
#10854 = DIRECTION('',(-1.,-0.,-0.));
#10855 = PCURVE('',#4896,#10856);
#10856 = DEFINITIONAL_REPRESENTATION('',(#10857),#10861);
#10857 = LINE('',#10858,#10859);
#10858 = CARTESIAN_POINT('',(-0.,-0.));
#10859 = VECTOR('',#10860,1.);
#10860 = DIRECTION('',(-0.,1.));
#10861 = ( GEOMETRIC_REPRESENTATION_CONTEXT(2) 
PARAMETRIC_REPRESENTATION_CONTEXT() REPRESENTATION_CONTEXT('2D SPACE',''
  ) );
#10862 = PCURVE('',#10724,#10863);
#10863 = DEFINITIONAL_REPRESENTATION('',(#10864),#10868);
#10864 = LINE('',#10865,#10866);
#10865 = CARTESIAN_POINT('',(0.,-0.));
#10866 = VECTOR('',#10867,1.);
#10867 = DIRECTION('',(-1.,0.));
#10868 = ( GEOMETRIC_REPRESENTATION_CONTEXT(2) 
PARAMETRIC_REPRESENTATION_CONTEXT() REPRESENTATION_CONTEXT('2D SPACE',''
  ) );
#10869 = ORIENTED_EDGE('',*,*,#10870,.T.);
#10870 = EDGE_CURVE('',#10848,#10871,#10873,.T.);
#10871 = VERTEX_POINT('',#10872);
#10872 = CARTESIAN_POINT('',(-19.75,18.8,141.5));
#10873 = SURFACE_CURVE('',#10874,(#10878,#10885),.PCURVE_S1.);
#10874 = LINE('',#10875,#10876);
#10875 = CARTESIAN_POINT('',(-19.75,18.8,138.5));
#10876 = VECTOR('',#10877,1.);
#10877 = DIRECTION('',(-0.,-0.,1.));
#10878 = PCURVE('',#4896,#10879);
#10879 = DEFINITIONAL_REPRESENTATION('',(#10880),#10884);
#10880 = LINE('',#10881,#10882);
#10881 = CARTESIAN_POINT('',(-0.,-0.));
#10882 = VECTOR('',#10883,1.);
#10883 = DIRECTION('',(-1.,0.));
#10884 = ( GEOMETRIC_REPRESENTATION_CONTEXT(2) 
PARAMETRIC_REPRESENTATION_CONTEXT() REPRESENTATION_CONTEXT('2D SPACE',''
  ) );
#10885 = PCURVE('',#10886,#10891);
#10886 = PLANE('',#10887);
#10887 = AXIS2_PLACEMENT_3D('',#10888,#10889,#10890);
#10888 = CARTESIAN_POINT('',(-19.75,18.8,138.5));
#10889 = DIRECTION('',(-1.,-0.,-0.));
#10890 = DIRECTION('',(0.,0.,-1.));
#10891 = DEFINITIONAL_REPRESENTATION('',(#10892),#10896);
#10892 = LINE('',#10893,#10894);
#10893 = CARTESIAN_POINT('',(-0.,-0.));
#10894 = VECTOR('',#10895,1.);
#10895 = DIRECTION('',(-1.,-0.));
#10896 = ( GEOMETRIC_REPRESENTATION_CONTEXT(2) 
PARAMETRIC_REPRESENTATION_CONTEXT() REPRESENTATION_CONTEXT('2D SPACE',''
  ) );
#10897 = ORIENTED_EDGE('',*,*,#10898,.T.);
#10898 = EDGE_CURVE('',#10871,#4881,#10899,.T.);
#10899 = SURFACE_CURVE('',#10900,(#10904,#10911),.PCURVE_S1.);
#10900 = LINE('',#10901,#10902);
#10901 = CARTESIAN_POINT('',(-19.75,18.8,141.5));
#10902 = VECTOR('',#10903,1.);
#10903 = DIRECTION('',(-1.,-0.,-0.));
#10904 = PCURVE('',#4896,#10905);
#10905 = DEFINITIONAL_REPRESENTATION('',(#10906),#10910);
#10906 = LINE('',#10907,#10908);
#10907 = CARTESIAN_POINT('',(-3.,-0.));
#10908 = VECTOR('',#10909,1.);
#10909 = DIRECTION('',(-0.,1.));
#10910 = ( GEOMETRIC_REPRESENTATION_CONTEXT(2) 
PARAMETRIC_REPRESENTATION_CONTEXT() REPRESENTATION_CONTEXT('2D SPACE',''
  ) );
#10911 = PCURVE('',#10779,#10912);
#10912 = DEFINITIONAL_REPRESENTATION('',(#10913),#10917);
#10913 = LINE('',#10914,#10915);
#10914 = CARTESIAN_POINT('',(0.,-0.));
#10915 = VECTOR('',#10916,1.);
#10916 = DIRECTION('',(-1.,0.));
#10917 = ( GEOMETRIC_REPRESENTATION_CONTEXT(2) 
PARAMETRIC_REPRESENTATION_CONTEXT() REPRESENTATION_CONTEXT('2D SPACE',''
  ) );
#10918 = ORIENTED_EDGE('',*,*,#4880,.F.);
#10919 = ADVANCED_FACE('',(#10920),#5020,.T.);
#10920 = FACE_BOUND('',#10921,.F.);
#10921 = EDGE_LOOP('',(#10922,#10923,#10924,#10925));
#10922 = ORIENTED_EDGE('',*,*,#5060,.F.);
#10923 = ORIENTED_EDGE('',*,*,#5006,.F.);
#10924 = ORIENTED_EDGE('',*,*,#5277,.T.);
#10925 = ORIENTED_EDGE('',*,*,#10926,.T.);
#10926 = EDGE_CURVE('',#5278,#5061,#10927,.T.);
#10927 = SURFACE_CURVE('',#10928,(#10932,#10939),.PCURVE_S1.);
#10928 = LINE('',#10929,#10930);
#10929 = CARTESIAN_POINT('',(-19.75,18.8,78.5));
#10930 = VECTOR('',#10931,1.);
#10931 = DIRECTION('',(-1.,-0.,-0.));
#10932 = PCURVE('',#5020,#10933);
#10933 = DEFINITIONAL_REPRESENTATION('',(#10934),#10938);
#10934 = LINE('',#10935,#10936);
#10935 = CARTESIAN_POINT('',(-3.5,-0.5));
#10936 = VECTOR('',#10937,1.);
#10937 = DIRECTION('',(-0.,1.));
#10938 = ( GEOMETRIC_REPRESENTATION_CONTEXT(2) 
PARAMETRIC_REPRESENTATION_CONTEXT() REPRESENTATION_CONTEXT('2D SPACE',''
  ) );
#10939 = PCURVE('',#10940,#10945);
#10940 = PLANE('',#10941);
#10941 = AXIS2_PLACEMENT_3D('',#10942,#10943,#10944);
#10942 = CARTESIAN_POINT('',(-19.75,18.8,78.5));
#10943 = DIRECTION('',(-0.,-0.,1.));
#10944 = DIRECTION('',(1.,0.,0.));
#10945 = DEFINITIONAL_REPRESENTATION('',(#10946),#10950);
#10946 = LINE('',#10947,#10948);
#10947 = CARTESIAN_POINT('',(0.,-0.));
#10948 = VECTOR('',#10949,1.);
#10949 = DIRECTION('',(-1.,0.));
#10950 = ( GEOMETRIC_REPRESENTATION_CONTEXT(2) 
PARAMETRIC_REPRESENTATION_CONTEXT() REPRESENTATION_CONTEXT('2D SPACE',''
  ) );
#10951 = ADVANCED_FACE('',(#10952),#5099,.F.);
#10952 = FACE_BOUND('',#10953,.T.);
#10953 = EDGE_LOOP('',(#10954,#10977,#10978,#11006));
#10954 = ORIENTED_EDGE('',*,*,#10955,.F.);
#10955 = EDGE_CURVE('',#5061,#10956,#10958,.T.);
#10956 = VERTEX_POINT('',#10957);
#10957 = CARTESIAN_POINT('',(-21.75,18.8,78.5));
#10958 = SURFACE_CURVE('',#10959,(#10963,#10970),.PCURVE_S1.);
#10959 = LINE('',#10960,#10961);
#10960 = CARTESIAN_POINT('',(-19.75,18.8,78.5));
#10961 = VECTOR('',#10962,1.);
#10962 = DIRECTION('',(-1.,-0.,-0.));
#10963 = PCURVE('',#5099,#10964);
#10964 = DEFINITIONAL_REPRESENTATION('',(#10965),#10969);
#10965 = LINE('',#10966,#10967);
#10966 = CARTESIAN_POINT('',(-0.,-0.));
#10967 = VECTOR('',#10968,1.);
#10968 = DIRECTION('',(-0.,1.));
#10969 = ( GEOMETRIC_REPRESENTATION_CONTEXT(2) 
PARAMETRIC_REPRESENTATION_CONTEXT() REPRESENTATION_CONTEXT('2D SPACE',''
  ) );
#10970 = PCURVE('',#10940,#10971);
#10971 = DEFINITIONAL_REPRESENTATION('',(#10972),#10976);
#10972 = LINE('',#10973,#10974);
#10973 = CARTESIAN_POINT('',(0.,-0.));
#10974 = VECTOR('',#10975,1.);
#10975 = DIRECTION('',(-1.,0.));
#10976 = ( GEOMETRIC_REPRESENTATION_CONTEXT(2) 
PARAMETRIC_REPRESENTATION_CONTEXT() REPRESENTATION_CONTEXT('2D SPACE',''
  ) );
#10977 = ORIENTED_EDGE('',*,*,#5083,.T.);
#10978 = ORIENTED_EDGE('',*,*,#10979,.T.);
#10979 = EDGE_CURVE('',#5084,#10980,#10982,.T.);
#10980 = VERTEX_POINT('',#10981);
#10981 = CARTESIAN_POINT('',(-21.75,18.8,81.5));
#10982 = SURFACE_CURVE('',#10983,(#10987,#10994),.PCURVE_S1.);
#10983 = LINE('',#10984,#10985);
#10984 = CARTESIAN_POINT('',(-19.75,18.8,81.5));
#10985 = VECTOR('',#10986,1.);
#10986 = DIRECTION('',(-1.,-0.,-0.));
#10987 = PCURVE('',#5099,#10988);
#10988 = DEFINITIONAL_REPRESENTATION('',(#10989),#10993);
#10989 = LINE('',#10990,#10991);
#10990 = CARTESIAN_POINT('',(-3.,-0.));
#10991 = VECTOR('',#10992,1.);
#10992 = DIRECTION('',(-0.,1.));
#10993 = ( GEOMETRIC_REPRESENTATION_CONTEXT(2) 
PARAMETRIC_REPRESENTATION_CONTEXT() REPRESENTATION_CONTEXT('2D SPACE',''
  ) );
#10994 = PCURVE('',#10995,#11000);
#10995 = PLANE('',#10996);
#10996 = AXIS2_PLACEMENT_3D('',#10997,#10998,#10999);
#10997 = CARTESIAN_POINT('',(-19.75,18.8,81.5));
#10998 = DIRECTION('',(-0.,-0.,1.));
#10999 = DIRECTION('',(1.,0.,0.));
#11000 = DEFINITIONAL_REPRESENTATION('',(#11001),#11005);
#11001 = LINE('',#11002,#11003);
#11002 = CARTESIAN_POINT('',(0.,-0.));
#11003 = VECTOR('',#11004,1.);
#11004 = DIRECTION('',(-1.,0.));
#11005 = ( GEOMETRIC_REPRESENTATION_CONTEXT(2) 
PARAMETRIC_REPRESENTATION_CONTEXT() REPRESENTATION_CONTEXT('2D SPACE',''
  ) );
#11006 = ORIENTED_EDGE('',*,*,#11007,.F.);
#11007 = EDGE_CURVE('',#10956,#10980,#11008,.T.);
#11008 = SURFACE_CURVE('',#11009,(#11013,#11020),.PCURVE_S1.);
#11009 = LINE('',#11010,#11011);
#11010 = CARTESIAN_POINT('',(-21.75,18.8,78.5));
#11011 = VECTOR('',#11012,1.);
#11012 = DIRECTION('',(-0.,-0.,1.));
#11013 = PCURVE('',#5099,#11014);
#11014 = DEFINITIONAL_REPRESENTATION('',(#11015),#11019);
#11015 = LINE('',#11016,#11017);
#11016 = CARTESIAN_POINT('',(-0.,2.));
#11017 = VECTOR('',#11018,1.);
#11018 = DIRECTION('',(-1.,0.));
#11019 = ( GEOMETRIC_REPRESENTATION_CONTEXT(2) 
PARAMETRIC_REPRESENTATION_CONTEXT() REPRESENTATION_CONTEXT('2D SPACE',''
  ) );
#11020 = PCURVE('',#11021,#11026);
#11021 = PLANE('',#11022);
#11022 = AXIS2_PLACEMENT_3D('',#11023,#11024,#11025);
#11023 = CARTESIAN_POINT('',(-21.75,18.8,78.5));
#11024 = DIRECTION('',(-1.,-0.,-0.));
#11025 = DIRECTION('',(0.,0.,-1.));
#11026 = DEFINITIONAL_REPRESENTATION('',(#11027),#11031);
#11027 = LINE('',#11028,#11029);
#11028 = CARTESIAN_POINT('',(-0.,-0.));
#11029 = VECTOR('',#11030,1.);
#11030 = DIRECTION('',(-1.,-0.));
#11031 = ( GEOMETRIC_REPRESENTATION_CONTEXT(2) 
PARAMETRIC_REPRESENTATION_CONTEXT() REPRESENTATION_CONTEXT('2D SPACE',''
  ) );
#11032 = ADVANCED_FACE('',(#11033),#5127,.T.);
#11033 = FACE_BOUND('',#11034,.F.);
#11034 = EDGE_LOOP('',(#11035,#11036,#11057,#11058));
#11035 = ORIENTED_EDGE('',*,*,#5111,.F.);
#11036 = ORIENTED_EDGE('',*,*,#11037,.F.);
#11037 = EDGE_CURVE('',#5301,#5084,#11038,.T.);
#11038 = SURFACE_CURVE('',#11039,(#11043,#11050),.PCURVE_S1.);
#11039 = LINE('',#11040,#11041);
#11040 = CARTESIAN_POINT('',(-19.75,18.8,81.5));
#11041 = VECTOR('',#11042,1.);
#11042 = DIRECTION('',(-1.,-0.,-0.));
#11043 = PCURVE('',#5127,#11044);
#11044 = DEFINITIONAL_REPRESENTATION('',(#11045),#11049);
#11045 = LINE('',#11046,#11047);
#11046 = CARTESIAN_POINT('',(-6.5,-0.5));
#11047 = VECTOR('',#11048,1.);
#11048 = DIRECTION('',(-0.,1.));
#11049 = ( GEOMETRIC_REPRESENTATION_CONTEXT(2) 
PARAMETRIC_REPRESENTATION_CONTEXT() REPRESENTATION_CONTEXT('2D SPACE',''
  ) );
#11050 = PCURVE('',#10995,#11051);
#11051 = DEFINITIONAL_REPRESENTATION('',(#11052),#11056);
#11052 = LINE('',#11053,#11054);
#11053 = CARTESIAN_POINT('',(0.,-0.));
#11054 = VECTOR('',#11055,1.);
#11055 = DIRECTION('',(-1.,0.));
#11056 = ( GEOMETRIC_REPRESENTATION_CONTEXT(2) 
PARAMETRIC_REPRESENTATION_CONTEXT() REPRESENTATION_CONTEXT('2D SPACE',''
  ) );
#11057 = ORIENTED_EDGE('',*,*,#5328,.T.);
#11058 = ORIENTED_EDGE('',*,*,#11059,.T.);
#11059 = EDGE_CURVE('',#5329,#5112,#11060,.T.);
#11060 = SURFACE_CURVE('',#11061,(#11065,#11072),.PCURVE_S1.);
#11061 = LINE('',#11062,#11063);
#11062 = CARTESIAN_POINT('',(-19.75,18.8,88.5));
#11063 = VECTOR('',#11064,1.);
#11064 = DIRECTION('',(-1.,-0.,-0.));
#11065 = PCURVE('',#5127,#11066);
#11066 = DEFINITIONAL_REPRESENTATION('',(#11067),#11071);
#11067 = LINE('',#11068,#11069);
#11068 = CARTESIAN_POINT('',(-13.5,-0.5));
#11069 = VECTOR('',#11070,1.);
#11070 = DIRECTION('',(-0.,1.));
#11071 = ( GEOMETRIC_REPRESENTATION_CONTEXT(2) 
PARAMETRIC_REPRESENTATION_CONTEXT() REPRESENTATION_CONTEXT('2D SPACE',''
  ) );
#11072 = PCURVE('',#11073,#11078);
#11073 = PLANE('',#11074);
#11074 = AXIS2_PLACEMENT_3D('',#11075,#11076,#11077);
#11075 = CARTESIAN_POINT('',(-19.75,18.8,88.5));
#11076 = DIRECTION('',(-0.,-0.,1.));
#11077 = DIRECTION('',(1.,0.,0.));
#11078 = DEFINITIONAL_REPRESENTATION('',(#11079),#11083);
#11079 = LINE('',#11080,#11081);
#11080 = CARTESIAN_POINT('',(0.,-0.));
#11081 = VECTOR('',#11082,1.);
#11082 = DIRECTION('',(-1.,0.));
#11083 = ( GEOMETRIC_REPRESENTATION_CONTEXT(2) 
PARAMETRIC_REPRESENTATION_CONTEXT() REPRESENTATION_CONTEXT('2D SPACE',''
  ) );
#11084 = ADVANCED_FACE('',(#11085),#5155,.F.);
#11085 = FACE_BOUND('',#11086,.T.);
#11086 = EDGE_LOOP('',(#11087,#11110,#11111,#11139));
#11087 = ORIENTED_EDGE('',*,*,#11088,.F.);
#11088 = EDGE_CURVE('',#5112,#11089,#11091,.T.);
#11089 = VERTEX_POINT('',#11090);
#11090 = CARTESIAN_POINT('',(-21.75,18.8,88.5));
#11091 = SURFACE_CURVE('',#11092,(#11096,#11103),.PCURVE_S1.);
#11092 = LINE('',#11093,#11094);
#11093 = CARTESIAN_POINT('',(-19.75,18.8,88.5));
#11094 = VECTOR('',#11095,1.);
#11095 = DIRECTION('',(-1.,-0.,-0.));
#11096 = PCURVE('',#5155,#11097);
#11097 = DEFINITIONAL_REPRESENTATION('',(#11098),#11102);
#11098 = LINE('',#11099,#11100);
#11099 = CARTESIAN_POINT('',(-0.,-0.));
#11100 = VECTOR('',#11101,1.);
#11101 = DIRECTION('',(-0.,1.));
#11102 = ( GEOMETRIC_REPRESENTATION_CONTEXT(2) 
PARAMETRIC_REPRESENTATION_CONTEXT() REPRESENTATION_CONTEXT('2D SPACE',''
  ) );
#11103 = PCURVE('',#11073,#11104);
#11104 = DEFINITIONAL_REPRESENTATION('',(#11105),#11109);
#11105 = LINE('',#11106,#11107);
#11106 = CARTESIAN_POINT('',(0.,-0.));
#11107 = VECTOR('',#11108,1.);
#11108 = DIRECTION('',(-1.,0.));
#11109 = ( GEOMETRIC_REPRESENTATION_CONTEXT(2) 
PARAMETRIC_REPRESENTATION_CONTEXT() REPRESENTATION_CONTEXT('2D SPACE',''
  ) );
#11110 = ORIENTED_EDGE('',*,*,#5139,.T.);
#11111 = ORIENTED_EDGE('',*,*,#11112,.T.);
#11112 = EDGE_CURVE('',#5140,#11113,#11115,.T.);
#11113 = VERTEX_POINT('',#11114);
#11114 = CARTESIAN_POINT('',(-21.75,18.8,91.5));
#11115 = SURFACE_CURVE('',#11116,(#11120,#11127),.PCURVE_S1.);
#11116 = LINE('',#11117,#11118);
#11117 = CARTESIAN_POINT('',(-19.75,18.8,91.5));
#11118 = VECTOR('',#11119,1.);
#11119 = DIRECTION('',(-1.,-0.,-0.));
#11120 = PCURVE('',#5155,#11121);
#11121 = DEFINITIONAL_REPRESENTATION('',(#11122),#11126);
#11122 = LINE('',#11123,#11124);
#11123 = CARTESIAN_POINT('',(-3.,-0.));
#11124 = VECTOR('',#11125,1.);
#11125 = DIRECTION('',(-0.,1.));
#11126 = ( GEOMETRIC_REPRESENTATION_CONTEXT(2) 
PARAMETRIC_REPRESENTATION_CONTEXT() REPRESENTATION_CONTEXT('2D SPACE',''
  ) );
#11127 = PCURVE('',#11128,#11133);
#11128 = PLANE('',#11129);
#11129 = AXIS2_PLACEMENT_3D('',#11130,#11131,#11132);
#11130 = CARTESIAN_POINT('',(-19.75,18.8,91.5));
#11131 = DIRECTION('',(-0.,-0.,1.));
#11132 = DIRECTION('',(1.,0.,0.));
#11133 = DEFINITIONAL_REPRESENTATION('',(#11134),#11138);
#11134 = LINE('',#11135,#11136);
#11135 = CARTESIAN_POINT('',(0.,-0.));
#11136 = VECTOR('',#11137,1.);
#11137 = DIRECTION('',(-1.,0.));
#11138 = ( GEOMETRIC_REPRESENTATION_CONTEXT(2) 
PARAMETRIC_REPRESENTATION_CONTEXT() REPRESENTATION_CONTEXT('2D SPACE',''
  ) );
#11139 = ORIENTED_EDGE('',*,*,#11140,.F.);
#11140 = EDGE_CURVE('',#11089,#11113,#11141,.T.);
#11141 = SURFACE_CURVE('',#11142,(#11146,#11153),.PCURVE_S1.);
#11142 = LINE('',#11143,#11144);
#11143 = CARTESIAN_POINT('',(-21.75,18.8,88.5));
#11144 = VECTOR('',#11145,1.);
#11145 = DIRECTION('',(-0.,-0.,1.));
#11146 = PCURVE('',#5155,#11147);
#11147 = DEFINITIONAL_REPRESENTATION('',(#11148),#11152);
#11148 = LINE('',#11149,#11150);
#11149 = CARTESIAN_POINT('',(-0.,2.));
#11150 = VECTOR('',#11151,1.);
#11151 = DIRECTION('',(-1.,0.));
#11152 = ( GEOMETRIC_REPRESENTATION_CONTEXT(2) 
PARAMETRIC_REPRESENTATION_CONTEXT() REPRESENTATION_CONTEXT('2D SPACE',''
  ) );
#11153 = PCURVE('',#11154,#11159);
#11154 = PLANE('',#11155);
#11155 = AXIS2_PLACEMENT_3D('',#11156,#11157,#11158);
#11156 = CARTESIAN_POINT('',(-21.75,18.8,88.5));
#11157 = DIRECTION('',(-1.,-0.,-0.));
#11158 = DIRECTION('',(0.,0.,-1.));
#11159 = DEFINITIONAL_REPRESENTATION('',(#11160),#11164);
#11160 = LINE('',#11161,#11162);
#11161 = CARTESIAN_POINT('',(-0.,-0.));
#11162 = VECTOR('',#11163,1.);
#11163 = DIRECTION('',(-1.,-0.));
#11164 = ( GEOMETRIC_REPRESENTATION_CONTEXT(2) 
PARAMETRIC_REPRESENTATION_CONTEXT() REPRESENTATION_CONTEXT('2D SPACE',''
  ) );
#11165 = ADVANCED_FACE('',(#11166),#5183,.T.);
#11166 = FACE_BOUND('',#11167,.F.);
#11167 = EDGE_LOOP('',(#11168,#11169,#11190,#11191));
#11168 = ORIENTED_EDGE('',*,*,#5167,.F.);
#11169 = ORIENTED_EDGE('',*,*,#11170,.F.);
#11170 = EDGE_CURVE('',#5352,#5140,#11171,.T.);
#11171 = SURFACE_CURVE('',#11172,(#11176,#11183),.PCURVE_S1.);
#11172 = LINE('',#11173,#11174);
#11173 = CARTESIAN_POINT('',(-19.75,18.8,91.5));
#11174 = VECTOR('',#11175,1.);
#11175 = DIRECTION('',(-1.,-0.,-0.));
#11176 = PCURVE('',#5183,#11177);
#11177 = DEFINITIONAL_REPRESENTATION('',(#11178),#11182);
#11178 = LINE('',#11179,#11180);
#11179 = CARTESIAN_POINT('',(-16.5,-0.5));
#11180 = VECTOR('',#11181,1.);
#11181 = DIRECTION('',(-0.,1.));
#11182 = ( GEOMETRIC_REPRESENTATION_CONTEXT(2) 
PARAMETRIC_REPRESENTATION_CONTEXT() REPRESENTATION_CONTEXT('2D SPACE',''
  ) );
#11183 = PCURVE('',#11128,#11184);
#11184 = DEFINITIONAL_REPRESENTATION('',(#11185),#11189);
#11185 = LINE('',#11186,#11187);
#11186 = CARTESIAN_POINT('',(0.,-0.));
#11187 = VECTOR('',#11188,1.);
#11188 = DIRECTION('',(-1.,0.));
#11189 = ( GEOMETRIC_REPRESENTATION_CONTEXT(2) 
PARAMETRIC_REPRESENTATION_CONTEXT() REPRESENTATION_CONTEXT('2D SPACE',''
  ) );
#11190 = ORIENTED_EDGE('',*,*,#5379,.T.);
#11191 = ORIENTED_EDGE('',*,*,#11192,.T.);
#11192 = EDGE_CURVE('',#5380,#5168,#11193,.T.);
#11193 = SURFACE_CURVE('',#11194,(#11198,#11205),.PCURVE_S1.);
#11194 = LINE('',#11195,#11196);
#11195 = CARTESIAN_POINT('',(-19.75,18.8,98.5));
#11196 = VECTOR('',#11197,1.);
#11197 = DIRECTION('',(-1.,-0.,-0.));
#11198 = PCURVE('',#5183,#11199);
#11199 = DEFINITIONAL_REPRESENTATION('',(#11200),#11204);
#11200 = LINE('',#11201,#11202);
#11201 = CARTESIAN_POINT('',(-23.5,-0.5));
#11202 = VECTOR('',#11203,1.);
#11203 = DIRECTION('',(-0.,1.));
#11204 = ( GEOMETRIC_REPRESENTATION_CONTEXT(2) 
PARAMETRIC_REPRESENTATION_CONTEXT() REPRESENTATION_CONTEXT('2D SPACE',''
  ) );
#11205 = PCURVE('',#11206,#11211);
#11206 = PLANE('',#11207);
#11207 = AXIS2_PLACEMENT_3D('',#11208,#11209,#11210);
#11208 = CARTESIAN_POINT('',(-19.75,18.8,98.5));
#11209 = DIRECTION('',(-0.,-0.,1.));
#11210 = DIRECTION('',(1.,0.,0.));
#11211 = DEFINITIONAL_REPRESENTATION('',(#11212),#11216);
#11212 = LINE('',#11213,#11214);
#11213 = CARTESIAN_POINT('',(0.,-0.));
#11214 = VECTOR('',#11215,1.);
#11215 = DIRECTION('',(-1.,0.));
#11216 = ( GEOMETRIC_REPRESENTATION_CONTEXT(2) 
PARAMETRIC_REPRESENTATION_CONTEXT() REPRESENTATION_CONTEXT('2D SPACE',''
  ) );
#11217 = ADVANCED_FACE('',(#11218),#5211,.F.);
#11218 = FACE_BOUND('',#11219,.T.);
#11219 = EDGE_LOOP('',(#11220,#11243,#11244,#11272));
#11220 = ORIENTED_EDGE('',*,*,#11221,.F.);
#11221 = EDGE_CURVE('',#5168,#11222,#11224,.T.);
#11222 = VERTEX_POINT('',#11223);
#11223 = CARTESIAN_POINT('',(-21.75,18.8,98.5));
#11224 = SURFACE_CURVE('',#11225,(#11229,#11236),.PCURVE_S1.);
#11225 = LINE('',#11226,#11227);
#11226 = CARTESIAN_POINT('',(-19.75,18.8,98.5));
#11227 = VECTOR('',#11228,1.);
#11228 = DIRECTION('',(-1.,-0.,-0.));
#11229 = PCURVE('',#5211,#11230);
#11230 = DEFINITIONAL_REPRESENTATION('',(#11231),#11235);
#11231 = LINE('',#11232,#11233);
#11232 = CARTESIAN_POINT('',(-0.,-0.));
#11233 = VECTOR('',#11234,1.);
#11234 = DIRECTION('',(-0.,1.));
#11235 = ( GEOMETRIC_REPRESENTATION_CONTEXT(2) 
PARAMETRIC_REPRESENTATION_CONTEXT() REPRESENTATION_CONTEXT('2D SPACE',''
  ) );
#11236 = PCURVE('',#11206,#11237);
#11237 = DEFINITIONAL_REPRESENTATION('',(#11238),#11242);
#11238 = LINE('',#11239,#11240);
#11239 = CARTESIAN_POINT('',(0.,-0.));
#11240 = VECTOR('',#11241,1.);
#11241 = DIRECTION('',(-1.,0.));
#11242 = ( GEOMETRIC_REPRESENTATION_CONTEXT(2) 
PARAMETRIC_REPRESENTATION_CONTEXT() REPRESENTATION_CONTEXT('2D SPACE',''
  ) );
#11243 = ORIENTED_EDGE('',*,*,#5195,.T.);
#11244 = ORIENTED_EDGE('',*,*,#11245,.T.);
#11245 = EDGE_CURVE('',#5196,#11246,#11248,.T.);
#11246 = VERTEX_POINT('',#11247);
#11247 = CARTESIAN_POINT('',(-21.75,18.8,101.5));
#11248 = SURFACE_CURVE('',#11249,(#11253,#11260),.PCURVE_S1.);
#11249 = LINE('',#11250,#11251);
#11250 = CARTESIAN_POINT('',(-19.75,18.8,101.5));
#11251 = VECTOR('',#11252,1.);
#11252 = DIRECTION('',(-1.,-0.,-0.));
#11253 = PCURVE('',#5211,#11254);
#11254 = DEFINITIONAL_REPRESENTATION('',(#11255),#11259);
#11255 = LINE('',#11256,#11257);
#11256 = CARTESIAN_POINT('',(-3.,-0.));
#11257 = VECTOR('',#11258,1.);
#11258 = DIRECTION('',(-0.,1.));
#11259 = ( GEOMETRIC_REPRESENTATION_CONTEXT(2) 
PARAMETRIC_REPRESENTATION_CONTEXT() REPRESENTATION_CONTEXT('2D SPACE',''
  ) );
#11260 = PCURVE('',#11261,#11266);
#11261 = PLANE('',#11262);
#11262 = AXIS2_PLACEMENT_3D('',#11263,#11264,#11265);
#11263 = CARTESIAN_POINT('',(-19.75,18.8,101.5));
#11264 = DIRECTION('',(-0.,-0.,1.));
#11265 = DIRECTION('',(1.,0.,0.));
#11266 = DEFINITIONAL_REPRESENTATION('',(#11267),#11271);
#11267 = LINE('',#11268,#11269);
#11268 = CARTESIAN_POINT('',(0.,-0.));
#11269 = VECTOR('',#11270,1.);
#11270 = DIRECTION('',(-1.,0.));
#11271 = ( GEOMETRIC_REPRESENTATION_CONTEXT(2) 
PARAMETRIC_REPRESENTATION_CONTEXT() REPRESENTATION_CONTEXT('2D SPACE',''
  ) );
#11272 = ORIENTED_EDGE('',*,*,#11273,.F.);
#11273 = EDGE_CURVE('',#11222,#11246,#11274,.T.);
#11274 = SURFACE_CURVE('',#11275,(#11279,#11286),.PCURVE_S1.);
#11275 = LINE('',#11276,#11277);
#11276 = CARTESIAN_POINT('',(-21.75,18.8,98.5));
#11277 = VECTOR('',#11278,1.);
#11278 = DIRECTION('',(-0.,-0.,1.));
#11279 = PCURVE('',#5211,#11280);
#11280 = DEFINITIONAL_REPRESENTATION('',(#11281),#11285);
#11281 = LINE('',#11282,#11283);
#11282 = CARTESIAN_POINT('',(-0.,2.));
#11283 = VECTOR('',#11284,1.);
#11284 = DIRECTION('',(-1.,0.));
#11285 = ( GEOMETRIC_REPRESENTATION_CONTEXT(2) 
PARAMETRIC_REPRESENTATION_CONTEXT() REPRESENTATION_CONTEXT('2D SPACE',''
  ) );
#11286 = PCURVE('',#11287,#11292);
#11287 = PLANE('',#11288);
#11288 = AXIS2_PLACEMENT_3D('',#11289,#11290,#11291);
#11289 = CARTESIAN_POINT('',(-21.75,18.8,98.5));
#11290 = DIRECTION('',(-1.,-0.,-0.));
#11291 = DIRECTION('',(0.,0.,-1.));
#11292 = DEFINITIONAL_REPRESENTATION('',(#11293),#11297);
#11293 = LINE('',#11294,#11295);
#11294 = CARTESIAN_POINT('',(-0.,-0.));
#11295 = VECTOR('',#11296,1.);
#11296 = DIRECTION('',(-1.,-0.));
#11297 = ( GEOMETRIC_REPRESENTATION_CONTEXT(2) 
PARAMETRIC_REPRESENTATION_CONTEXT() REPRESENTATION_CONTEXT('2D SPACE',''
  ) );
#11298 = ADVANCED_FACE('',(#11299),#5237,.T.);
#11299 = FACE_BOUND('',#11300,.F.);
#11300 = EDGE_LOOP('',(#11301,#11302,#11323,#11324));
#11301 = ORIENTED_EDGE('',*,*,#5223,.F.);
#11302 = ORIENTED_EDGE('',*,*,#11303,.F.);
#11303 = EDGE_CURVE('',#5403,#5196,#11304,.T.);
#11304 = SURFACE_CURVE('',#11305,(#11309,#11316),.PCURVE_S1.);
#11305 = LINE('',#11306,#11307);
#11306 = CARTESIAN_POINT('',(-19.75,18.8,101.5));
#11307 = VECTOR('',#11308,1.);
#11308 = DIRECTION('',(-1.,-0.,-0.));
#11309 = PCURVE('',#5237,#11310);
#11310 = DEFINITIONAL_REPRESENTATION('',(#11311),#11315);
#11311 = LINE('',#11312,#11313);
#11312 = CARTESIAN_POINT('',(-26.5,-0.5));
#11313 = VECTOR('',#11314,1.);
#11314 = DIRECTION('',(-0.,1.));
#11315 = ( GEOMETRIC_REPRESENTATION_CONTEXT(2) 
PARAMETRIC_REPRESENTATION_CONTEXT() REPRESENTATION_CONTEXT('2D SPACE',''
  ) );
#11316 = PCURVE('',#11261,#11317);
#11317 = DEFINITIONAL_REPRESENTATION('',(#11318),#11322);
#11318 = LINE('',#11319,#11320);
#11319 = CARTESIAN_POINT('',(0.,-0.));
#11320 = VECTOR('',#11321,1.);
#11321 = DIRECTION('',(-1.,0.));
#11322 = ( GEOMETRIC_REPRESENTATION_CONTEXT(2) 
PARAMETRIC_REPRESENTATION_CONTEXT() REPRESENTATION_CONTEXT('2D SPACE',''
  ) );
#11323 = ORIENTED_EDGE('',*,*,#5430,.T.);
#11324 = ORIENTED_EDGE('',*,*,#5457,.T.);
#11325 = ADVANCED_FACE('',(#11326),#5316,.F.);
#11326 = FACE_BOUND('',#11327,.T.);
#11327 = EDGE_LOOP('',(#11328,#11351,#11379,#11400));
#11328 = ORIENTED_EDGE('',*,*,#11329,.F.);
#11329 = EDGE_CURVE('',#11330,#5278,#11332,.T.);
#11330 = VERTEX_POINT('',#11331);
#11331 = CARTESIAN_POINT('',(-19.75,18.8,78.5));
#11332 = SURFACE_CURVE('',#11333,(#11337,#11344),.PCURVE_S1.);
#11333 = LINE('',#11334,#11335);
#11334 = CARTESIAN_POINT('',(-19.75,18.8,78.5));
#11335 = VECTOR('',#11336,1.);
#11336 = DIRECTION('',(-1.,-0.,-0.));
#11337 = PCURVE('',#5316,#11338);
#11338 = DEFINITIONAL_REPRESENTATION('',(#11339),#11343);
#11339 = LINE('',#11340,#11341);
#11340 = CARTESIAN_POINT('',(-0.,-0.));
#11341 = VECTOR('',#11342,1.);
#11342 = DIRECTION('',(-0.,1.));
#11343 = ( GEOMETRIC_REPRESENTATION_CONTEXT(2) 
PARAMETRIC_REPRESENTATION_CONTEXT() REPRESENTATION_CONTEXT('2D SPACE',''
  ) );
#11344 = PCURVE('',#10940,#11345);
#11345 = DEFINITIONAL_REPRESENTATION('',(#11346),#11350);
#11346 = LINE('',#11347,#11348);
#11347 = CARTESIAN_POINT('',(0.,-0.));
#11348 = VECTOR('',#11349,1.);
#11349 = DIRECTION('',(-1.,0.));
#11350 = ( GEOMETRIC_REPRESENTATION_CONTEXT(2) 
PARAMETRIC_REPRESENTATION_CONTEXT() REPRESENTATION_CONTEXT('2D SPACE',''
  ) );
#11351 = ORIENTED_EDGE('',*,*,#11352,.T.);
#11352 = EDGE_CURVE('',#11330,#11353,#11355,.T.);
#11353 = VERTEX_POINT('',#11354);
#11354 = CARTESIAN_POINT('',(-19.75,18.8,81.5));
#11355 = SURFACE_CURVE('',#11356,(#11360,#11367),.PCURVE_S1.);
#11356 = LINE('',#11357,#11358);
#11357 = CARTESIAN_POINT('',(-19.75,18.8,78.5));
#11358 = VECTOR('',#11359,1.);
#11359 = DIRECTION('',(-0.,-0.,1.));
#11360 = PCURVE('',#5316,#11361);
#11361 = DEFINITIONAL_REPRESENTATION('',(#11362),#11366);
#11362 = LINE('',#11363,#11364);
#11363 = CARTESIAN_POINT('',(-0.,-0.));
#11364 = VECTOR('',#11365,1.);
#11365 = DIRECTION('',(-1.,0.));
#11366 = ( GEOMETRIC_REPRESENTATION_CONTEXT(2) 
PARAMETRIC_REPRESENTATION_CONTEXT() REPRESENTATION_CONTEXT('2D SPACE',''
  ) );
#11367 = PCURVE('',#11368,#11373);
#11368 = PLANE('',#11369);
#11369 = AXIS2_PLACEMENT_3D('',#11370,#11371,#11372);
#11370 = CARTESIAN_POINT('',(-19.75,18.8,78.5));
#11371 = DIRECTION('',(-1.,-0.,-0.));
#11372 = DIRECTION('',(0.,0.,-1.));
#11373 = DEFINITIONAL_REPRESENTATION('',(#11374),#11378);
#11374 = LINE('',#11375,#11376);
#11375 = CARTESIAN_POINT('',(-0.,-0.));
#11376 = VECTOR('',#11377,1.);
#11377 = DIRECTION('',(-1.,-0.));
#11378 = ( GEOMETRIC_REPRESENTATION_CONTEXT(2) 
PARAMETRIC_REPRESENTATION_CONTEXT() REPRESENTATION_CONTEXT('2D SPACE',''
  ) );
#11379 = ORIENTED_EDGE('',*,*,#11380,.T.);
#11380 = EDGE_CURVE('',#11353,#5301,#11381,.T.);
#11381 = SURFACE_CURVE('',#11382,(#11386,#11393),.PCURVE_S1.);
#11382 = LINE('',#11383,#11384);
#11383 = CARTESIAN_POINT('',(-19.75,18.8,81.5));
#11384 = VECTOR('',#11385,1.);
#11385 = DIRECTION('',(-1.,-0.,-0.));
#11386 = PCURVE('',#5316,#11387);
#11387 = DEFINITIONAL_REPRESENTATION('',(#11388),#11392);
#11388 = LINE('',#11389,#11390);
#11389 = CARTESIAN_POINT('',(-3.,-0.));
#11390 = VECTOR('',#11391,1.);
#11391 = DIRECTION('',(-0.,1.));
#11392 = ( GEOMETRIC_REPRESENTATION_CONTEXT(2) 
PARAMETRIC_REPRESENTATION_CONTEXT() REPRESENTATION_CONTEXT('2D SPACE',''
  ) );
#11393 = PCURVE('',#10995,#11394);
#11394 = DEFINITIONAL_REPRESENTATION('',(#11395),#11399);
#11395 = LINE('',#11396,#11397);
#11396 = CARTESIAN_POINT('',(0.,-0.));
#11397 = VECTOR('',#11398,1.);
#11398 = DIRECTION('',(-1.,0.));
#11399 = ( GEOMETRIC_REPRESENTATION_CONTEXT(2) 
PARAMETRIC_REPRESENTATION_CONTEXT() REPRESENTATION_CONTEXT('2D SPACE',''
  ) );
#11400 = ORIENTED_EDGE('',*,*,#5300,.F.);
#11401 = ADVANCED_FACE('',(#11402),#5367,.F.);
#11402 = FACE_BOUND('',#11403,.T.);
#11403 = EDGE_LOOP('',(#11404,#11427,#11455,#11476));
#11404 = ORIENTED_EDGE('',*,*,#11405,.F.);
#11405 = EDGE_CURVE('',#11406,#5329,#11408,.T.);
#11406 = VERTEX_POINT('',#11407);
#11407 = CARTESIAN_POINT('',(-19.75,18.8,88.5));
#11408 = SURFACE_CURVE('',#11409,(#11413,#11420),.PCURVE_S1.);
#11409 = LINE('',#11410,#11411);
#11410 = CARTESIAN_POINT('',(-19.75,18.8,88.5));
#11411 = VECTOR('',#11412,1.);
#11412 = DIRECTION('',(-1.,-0.,-0.));
#11413 = PCURVE('',#5367,#11414);
#11414 = DEFINITIONAL_REPRESENTATION('',(#11415),#11419);
#11415 = LINE('',#11416,#11417);
#11416 = CARTESIAN_POINT('',(-0.,-0.));
#11417 = VECTOR('',#11418,1.);
#11418 = DIRECTION('',(-0.,1.));
#11419 = ( GEOMETRIC_REPRESENTATION_CONTEXT(2) 
PARAMETRIC_REPRESENTATION_CONTEXT() REPRESENTATION_CONTEXT('2D SPACE',''
  ) );
#11420 = PCURVE('',#11073,#11421);
#11421 = DEFINITIONAL_REPRESENTATION('',(#11422),#11426);
#11422 = LINE('',#11423,#11424);
#11423 = CARTESIAN_POINT('',(0.,-0.));
#11424 = VECTOR('',#11425,1.);
#11425 = DIRECTION('',(-1.,0.));
#11426 = ( GEOMETRIC_REPRESENTATION_CONTEXT(2) 
PARAMETRIC_REPRESENTATION_CONTEXT() REPRESENTATION_CONTEXT('2D SPACE',''
  ) );
#11427 = ORIENTED_EDGE('',*,*,#11428,.T.);
#11428 = EDGE_CURVE('',#11406,#11429,#11431,.T.);
#11429 = VERTEX_POINT('',#11430);
#11430 = CARTESIAN_POINT('',(-19.75,18.8,91.5));
#11431 = SURFACE_CURVE('',#11432,(#11436,#11443),.PCURVE_S1.);
#11432 = LINE('',#11433,#11434);
#11433 = CARTESIAN_POINT('',(-19.75,18.8,88.5));
#11434 = VECTOR('',#11435,1.);
#11435 = DIRECTION('',(-0.,-0.,1.));
#11436 = PCURVE('',#5367,#11437);
#11437 = DEFINITIONAL_REPRESENTATION('',(#11438),#11442);
#11438 = LINE('',#11439,#11440);
#11439 = CARTESIAN_POINT('',(-0.,-0.));
#11440 = VECTOR('',#11441,1.);
#11441 = DIRECTION('',(-1.,0.));
#11442 = ( GEOMETRIC_REPRESENTATION_CONTEXT(2) 
PARAMETRIC_REPRESENTATION_CONTEXT() REPRESENTATION_CONTEXT('2D SPACE',''
  ) );
#11443 = PCURVE('',#11444,#11449);
#11444 = PLANE('',#11445);
#11445 = AXIS2_PLACEMENT_3D('',#11446,#11447,#11448);
#11446 = CARTESIAN_POINT('',(-19.75,18.8,88.5));
#11447 = DIRECTION('',(-1.,-0.,-0.));
#11448 = DIRECTION('',(0.,0.,-1.));
#11449 = DEFINITIONAL_REPRESENTATION('',(#11450),#11454);
#11450 = LINE('',#11451,#11452);
#11451 = CARTESIAN_POINT('',(-0.,-0.));
#11452 = VECTOR('',#11453,1.);
#11453 = DIRECTION('',(-1.,-0.));
#11454 = ( GEOMETRIC_REPRESENTATION_CONTEXT(2) 
PARAMETRIC_REPRESENTATION_CONTEXT() REPRESENTATION_CONTEXT('2D SPACE',''
  ) );
#11455 = ORIENTED_EDGE('',*,*,#11456,.T.);
#11456 = EDGE_CURVE('',#11429,#5352,#11457,.T.);
#11457 = SURFACE_CURVE('',#11458,(#11462,#11469),.PCURVE_S1.);
#11458 = LINE('',#11459,#11460);
#11459 = CARTESIAN_POINT('',(-19.75,18.8,91.5));
#11460 = VECTOR('',#11461,1.);
#11461 = DIRECTION('',(-1.,-0.,-0.));
#11462 = PCURVE('',#5367,#11463);
#11463 = DEFINITIONAL_REPRESENTATION('',(#11464),#11468);
#11464 = LINE('',#11465,#11466);
#11465 = CARTESIAN_POINT('',(-3.,-0.));
#11466 = VECTOR('',#11467,1.);
#11467 = DIRECTION('',(-0.,1.));
#11468 = ( GEOMETRIC_REPRESENTATION_CONTEXT(2) 
PARAMETRIC_REPRESENTATION_CONTEXT() REPRESENTATION_CONTEXT('2D SPACE',''
  ) );
#11469 = PCURVE('',#11128,#11470);
#11470 = DEFINITIONAL_REPRESENTATION('',(#11471),#11475);
#11471 = LINE('',#11472,#11473);
#11472 = CARTESIAN_POINT('',(0.,-0.));
#11473 = VECTOR('',#11474,1.);
#11474 = DIRECTION('',(-1.,0.));
#11475 = ( GEOMETRIC_REPRESENTATION_CONTEXT(2) 
PARAMETRIC_REPRESENTATION_CONTEXT() REPRESENTATION_CONTEXT('2D SPACE',''
  ) );
#11476 = ORIENTED_EDGE('',*,*,#5351,.F.);
#11477 = ADVANCED_FACE('',(#11478),#5418,.F.);
#11478 = FACE_BOUND('',#11479,.T.);
#11479 = EDGE_LOOP('',(#11480,#11503,#11531,#11552));
#11480 = ORIENTED_EDGE('',*,*,#11481,.F.);
#11481 = EDGE_CURVE('',#11482,#5380,#11484,.T.);
#11482 = VERTEX_POINT('',#11483);
#11483 = CARTESIAN_POINT('',(-19.75,18.8,98.5));
#11484 = SURFACE_CURVE('',#11485,(#11489,#11496),.PCURVE_S1.);
#11485 = LINE('',#11486,#11487);
#11486 = CARTESIAN_POINT('',(-19.75,18.8,98.5));
#11487 = VECTOR('',#11488,1.);
#11488 = DIRECTION('',(-1.,-0.,-0.));
#11489 = PCURVE('',#5418,#11490);
#11490 = DEFINITIONAL_REPRESENTATION('',(#11491),#11495);
#11491 = LINE('',#11492,#11493);
#11492 = CARTESIAN_POINT('',(-0.,-0.));
#11493 = VECTOR('',#11494,1.);
#11494 = DIRECTION('',(-0.,1.));
#11495 = ( GEOMETRIC_REPRESENTATION_CONTEXT(2) 
PARAMETRIC_REPRESENTATION_CONTEXT() REPRESENTATION_CONTEXT('2D SPACE',''
  ) );
#11496 = PCURVE('',#11206,#11497);
#11497 = DEFINITIONAL_REPRESENTATION('',(#11498),#11502);
#11498 = LINE('',#11499,#11500);
#11499 = CARTESIAN_POINT('',(0.,-0.));
#11500 = VECTOR('',#11501,1.);
#11501 = DIRECTION('',(-1.,0.));
#11502 = ( GEOMETRIC_REPRESENTATION_CONTEXT(2) 
PARAMETRIC_REPRESENTATION_CONTEXT() REPRESENTATION_CONTEXT('2D SPACE',''
  ) );
#11503 = ORIENTED_EDGE('',*,*,#11504,.T.);
#11504 = EDGE_CURVE('',#11482,#11505,#11507,.T.);
#11505 = VERTEX_POINT('',#11506);
#11506 = CARTESIAN_POINT('',(-19.75,18.8,101.5));
#11507 = SURFACE_CURVE('',#11508,(#11512,#11519),.PCURVE_S1.);
#11508 = LINE('',#11509,#11510);
#11509 = CARTESIAN_POINT('',(-19.75,18.8,98.5));
#11510 = VECTOR('',#11511,1.);
#11511 = DIRECTION('',(-0.,-0.,1.));
#11512 = PCURVE('',#5418,#11513);
#11513 = DEFINITIONAL_REPRESENTATION('',(#11514),#11518);
#11514 = LINE('',#11515,#11516);
#11515 = CARTESIAN_POINT('',(-0.,-0.));
#11516 = VECTOR('',#11517,1.);
#11517 = DIRECTION('',(-1.,0.));
#11518 = ( GEOMETRIC_REPRESENTATION_CONTEXT(2) 
PARAMETRIC_REPRESENTATION_CONTEXT() REPRESENTATION_CONTEXT('2D SPACE',''
  ) );
#11519 = PCURVE('',#11520,#11525);
#11520 = PLANE('',#11521);
#11521 = AXIS2_PLACEMENT_3D('',#11522,#11523,#11524);
#11522 = CARTESIAN_POINT('',(-19.75,18.8,98.5));
#11523 = DIRECTION('',(-1.,-0.,-0.));
#11524 = DIRECTION('',(0.,0.,-1.));
#11525 = DEFINITIONAL_REPRESENTATION('',(#11526),#11530);
#11526 = LINE('',#11527,#11528);
#11527 = CARTESIAN_POINT('',(-0.,-0.));
#11528 = VECTOR('',#11529,1.);
#11529 = DIRECTION('',(-1.,-0.));
#11530 = ( GEOMETRIC_REPRESENTATION_CONTEXT(2) 
PARAMETRIC_REPRESENTATION_CONTEXT() REPRESENTATION_CONTEXT('2D SPACE',''
  ) );
#11531 = ORIENTED_EDGE('',*,*,#11532,.T.);
#11532 = EDGE_CURVE('',#11505,#5403,#11533,.T.);
#11533 = SURFACE_CURVE('',#11534,(#11538,#11545),.PCURVE_S1.);
#11534 = LINE('',#11535,#11536);
#11535 = CARTESIAN_POINT('',(-19.75,18.8,101.5));
#11536 = VECTOR('',#11537,1.);
#11537 = DIRECTION('',(-1.,-0.,-0.));
#11538 = PCURVE('',#5418,#11539);
#11539 = DEFINITIONAL_REPRESENTATION('',(#11540),#11544);
#11540 = LINE('',#11541,#11542);
#11541 = CARTESIAN_POINT('',(-3.,-0.));
#11542 = VECTOR('',#11543,1.);
#11543 = DIRECTION('',(-0.,1.));
#11544 = ( GEOMETRIC_REPRESENTATION_CONTEXT(2) 
PARAMETRIC_REPRESENTATION_CONTEXT() REPRESENTATION_CONTEXT('2D SPACE',''
  ) );
#11545 = PCURVE('',#11261,#11546);
#11546 = DEFINITIONAL_REPRESENTATION('',(#11547),#11551);
#11547 = LINE('',#11548,#11549);
#11548 = CARTESIAN_POINT('',(0.,-0.));
#11549 = VECTOR('',#11550,1.);
#11550 = DIRECTION('',(-1.,0.));
#11551 = ( GEOMETRIC_REPRESENTATION_CONTEXT(2) 
PARAMETRIC_REPRESENTATION_CONTEXT() REPRESENTATION_CONTEXT('2D SPACE',''
  ) );
#11552 = ORIENTED_EDGE('',*,*,#5402,.F.);
#11553 = ADVANCED_FACE('',(#11554),#5542,.T.);
#11554 = FACE_BOUND('',#11555,.F.);
#11555 = EDGE_LOOP('',(#11556,#11557,#11558,#11559));
#11556 = ORIENTED_EDGE('',*,*,#5582,.F.);
#11557 = ORIENTED_EDGE('',*,*,#5528,.F.);
#11558 = ORIENTED_EDGE('',*,*,#5799,.T.);
#11559 = ORIENTED_EDGE('',*,*,#11560,.T.);
#11560 = EDGE_CURVE('',#5800,#5583,#11561,.T.);
#11561 = SURFACE_CURVE('',#11562,(#11566,#11573),.PCURVE_S1.);
#11562 = LINE('',#11563,#11564);
#11563 = CARTESIAN_POINT('',(-19.75,18.8,28.5));
#11564 = VECTOR('',#11565,1.);
#11565 = DIRECTION('',(-1.,-0.,-0.));
#11566 = PCURVE('',#5542,#11567);
#11567 = DEFINITIONAL_REPRESENTATION('',(#11568),#11572);
#11568 = LINE('',#11569,#11570);
#11569 = CARTESIAN_POINT('',(-3.5,-0.5));
#11570 = VECTOR('',#11571,1.);
#11571 = DIRECTION('',(-0.,1.));
#11572 = ( GEOMETRIC_REPRESENTATION_CONTEXT(2) 
PARAMETRIC_REPRESENTATION_CONTEXT() REPRESENTATION_CONTEXT('2D SPACE',''
  ) );
#11573 = PCURVE('',#11574,#11579);
#11574 = PLANE('',#11575);
#11575 = AXIS2_PLACEMENT_3D('',#11576,#11577,#11578);
#11576 = CARTESIAN_POINT('',(-19.75,18.8,28.5));
#11577 = DIRECTION('',(-0.,-0.,1.));
#11578 = DIRECTION('',(1.,0.,0.));
#11579 = DEFINITIONAL_REPRESENTATION('',(#11580),#11584);
#11580 = LINE('',#11581,#11582);
#11581 = CARTESIAN_POINT('',(0.,-0.));
#11582 = VECTOR('',#11583,1.);
#11583 = DIRECTION('',(-1.,0.));
#11584 = ( GEOMETRIC_REPRESENTATION_CONTEXT(2) 
PARAMETRIC_REPRESENTATION_CONTEXT() REPRESENTATION_CONTEXT('2D SPACE',''
  ) );
#11585 = ADVANCED_FACE('',(#11586),#5621,.F.);
#11586 = FACE_BOUND('',#11587,.T.);
#11587 = EDGE_LOOP('',(#11588,#11611,#11612,#11640));
#11588 = ORIENTED_EDGE('',*,*,#11589,.F.);
#11589 = EDGE_CURVE('',#5583,#11590,#11592,.T.);
#11590 = VERTEX_POINT('',#11591);
#11591 = CARTESIAN_POINT('',(-21.75,18.8,28.5));
#11592 = SURFACE_CURVE('',#11593,(#11597,#11604),.PCURVE_S1.);
#11593 = LINE('',#11594,#11595);
#11594 = CARTESIAN_POINT('',(-19.75,18.8,28.5));
#11595 = VECTOR('',#11596,1.);
#11596 = DIRECTION('',(-1.,-0.,-0.));
#11597 = PCURVE('',#5621,#11598);
#11598 = DEFINITIONAL_REPRESENTATION('',(#11599),#11603);
#11599 = LINE('',#11600,#11601);
#11600 = CARTESIAN_POINT('',(-0.,-0.));
#11601 = VECTOR('',#11602,1.);
#11602 = DIRECTION('',(-0.,1.));
#11603 = ( GEOMETRIC_REPRESENTATION_CONTEXT(2) 
PARAMETRIC_REPRESENTATION_CONTEXT() REPRESENTATION_CONTEXT('2D SPACE',''
  ) );
#11604 = PCURVE('',#11574,#11605);
#11605 = DEFINITIONAL_REPRESENTATION('',(#11606),#11610);
#11606 = LINE('',#11607,#11608);
#11607 = CARTESIAN_POINT('',(0.,-0.));
#11608 = VECTOR('',#11609,1.);
#11609 = DIRECTION('',(-1.,0.));
#11610 = ( GEOMETRIC_REPRESENTATION_CONTEXT(2) 
PARAMETRIC_REPRESENTATION_CONTEXT() REPRESENTATION_CONTEXT('2D SPACE',''
  ) );
#11611 = ORIENTED_EDGE('',*,*,#5605,.T.);
#11612 = ORIENTED_EDGE('',*,*,#11613,.T.);
#11613 = EDGE_CURVE('',#5606,#11614,#11616,.T.);
#11614 = VERTEX_POINT('',#11615);
#11615 = CARTESIAN_POINT('',(-21.75,18.8,31.5));
#11616 = SURFACE_CURVE('',#11617,(#11621,#11628),.PCURVE_S1.);
#11617 = LINE('',#11618,#11619);
#11618 = CARTESIAN_POINT('',(-19.75,18.8,31.5));
#11619 = VECTOR('',#11620,1.);
#11620 = DIRECTION('',(-1.,-0.,-0.));
#11621 = PCURVE('',#5621,#11622);
#11622 = DEFINITIONAL_REPRESENTATION('',(#11623),#11627);
#11623 = LINE('',#11624,#11625);
#11624 = CARTESIAN_POINT('',(-3.,-0.));
#11625 = VECTOR('',#11626,1.);
#11626 = DIRECTION('',(-0.,1.));
#11627 = ( GEOMETRIC_REPRESENTATION_CONTEXT(2) 
PARAMETRIC_REPRESENTATION_CONTEXT() REPRESENTATION_CONTEXT('2D SPACE',''
  ) );
#11628 = PCURVE('',#11629,#11634);
#11629 = PLANE('',#11630);
#11630 = AXIS2_PLACEMENT_3D('',#11631,#11632,#11633);
#11631 = CARTESIAN_POINT('',(-19.75,18.8,31.5));
#11632 = DIRECTION('',(-0.,-0.,1.));
#11633 = DIRECTION('',(1.,0.,0.));
#11634 = DEFINITIONAL_REPRESENTATION('',(#11635),#11639);
#11635 = LINE('',#11636,#11637);
#11636 = CARTESIAN_POINT('',(0.,-0.));
#11637 = VECTOR('',#11638,1.);
#11638 = DIRECTION('',(-1.,0.));
#11639 = ( GEOMETRIC_REPRESENTATION_CONTEXT(2) 
PARAMETRIC_REPRESENTATION_CONTEXT() REPRESENTATION_CONTEXT('2D SPACE',''
  ) );
#11640 = ORIENTED_EDGE('',*,*,#11641,.F.);
#11641 = EDGE_CURVE('',#11590,#11614,#11642,.T.);
#11642 = SURFACE_CURVE('',#11643,(#11647,#11654),.PCURVE_S1.);
#11643 = LINE('',#11644,#11645);
#11644 = CARTESIAN_POINT('',(-21.75,18.8,28.5));
#11645 = VECTOR('',#11646,1.);
#11646 = DIRECTION('',(-0.,-0.,1.));
#11647 = PCURVE('',#5621,#11648);
#11648 = DEFINITIONAL_REPRESENTATION('',(#11649),#11653);
#11649 = LINE('',#11650,#11651);
#11650 = CARTESIAN_POINT('',(-0.,2.));
#11651 = VECTOR('',#11652,1.);
#11652 = DIRECTION('',(-1.,0.));
#11653 = ( GEOMETRIC_REPRESENTATION_CONTEXT(2) 
PARAMETRIC_REPRESENTATION_CONTEXT() REPRESENTATION_CONTEXT('2D SPACE',''
  ) );
#11654 = PCURVE('',#11655,#11660);
#11655 = PLANE('',#11656);
#11656 = AXIS2_PLACEMENT_3D('',#11657,#11658,#11659);
#11657 = CARTESIAN_POINT('',(-21.75,18.8,28.5));
#11658 = DIRECTION('',(-1.,-0.,-0.));
#11659 = DIRECTION('',(0.,0.,-1.));
#11660 = DEFINITIONAL_REPRESENTATION('',(#11661),#11665);
#11661 = LINE('',#11662,#11663);
#11662 = CARTESIAN_POINT('',(-0.,-0.));
#11663 = VECTOR('',#11664,1.);
#11664 = DIRECTION('',(-1.,-0.));
#11665 = ( GEOMETRIC_REPRESENTATION_CONTEXT(2) 
PARAMETRIC_REPRESENTATION_CONTEXT() REPRESENTATION_CONTEXT('2D SPACE',''
  ) );
#11666 = ADVANCED_FACE('',(#11667),#5649,.T.);
#11667 = FACE_BOUND('',#11668,.F.);
#11668 = EDGE_LOOP('',(#11669,#11670,#11691,#11692));
#11669 = ORIENTED_EDGE('',*,*,#5633,.F.);
#11670 = ORIENTED_EDGE('',*,*,#11671,.F.);
#11671 = EDGE_CURVE('',#5823,#5606,#11672,.T.);
#11672 = SURFACE_CURVE('',#11673,(#11677,#11684),.PCURVE_S1.);
#11673 = LINE('',#11674,#11675);
#11674 = CARTESIAN_POINT('',(-19.75,18.8,31.5));
#11675 = VECTOR('',#11676,1.);
#11676 = DIRECTION('',(-1.,-0.,-0.));
#11677 = PCURVE('',#5649,#11678);
#11678 = DEFINITIONAL_REPRESENTATION('',(#11679),#11683);
#11679 = LINE('',#11680,#11681);
#11680 = CARTESIAN_POINT('',(-6.5,-0.5));
#11681 = VECTOR('',#11682,1.);
#11682 = DIRECTION('',(-0.,1.));
#11683 = ( GEOMETRIC_REPRESENTATION_CONTEXT(2) 
PARAMETRIC_REPRESENTATION_CONTEXT() REPRESENTATION_CONTEXT('2D SPACE',''
  ) );
#11684 = PCURVE('',#11629,#11685);
#11685 = DEFINITIONAL_REPRESENTATION('',(#11686),#11690);
#11686 = LINE('',#11687,#11688);
#11687 = CARTESIAN_POINT('',(0.,-0.));
#11688 = VECTOR('',#11689,1.);
#11689 = DIRECTION('',(-1.,0.));
#11690 = ( GEOMETRIC_REPRESENTATION_CONTEXT(2) 
PARAMETRIC_REPRESENTATION_CONTEXT() REPRESENTATION_CONTEXT('2D SPACE',''
  ) );
#11691 = ORIENTED_EDGE('',*,*,#5850,.T.);
#11692 = ORIENTED_EDGE('',*,*,#11693,.T.);
#11693 = EDGE_CURVE('',#5851,#5634,#11694,.T.);
#11694 = SURFACE_CURVE('',#11695,(#11699,#11706),.PCURVE_S1.);
#11695 = LINE('',#11696,#11697);
#11696 = CARTESIAN_POINT('',(-19.75,18.8,38.5));
#11697 = VECTOR('',#11698,1.);
#11698 = DIRECTION('',(-1.,-0.,-0.));
#11699 = PCURVE('',#5649,#11700);
#11700 = DEFINITIONAL_REPRESENTATION('',(#11701),#11705);
#11701 = LINE('',#11702,#11703);
#11702 = CARTESIAN_POINT('',(-13.5,-0.5));
#11703 = VECTOR('',#11704,1.);
#11704 = DIRECTION('',(-0.,1.));
#11705 = ( GEOMETRIC_REPRESENTATION_CONTEXT(2) 
PARAMETRIC_REPRESENTATION_CONTEXT() REPRESENTATION_CONTEXT('2D SPACE',''
  ) );
#11706 = PCURVE('',#11707,#11712);
#11707 = PLANE('',#11708);
#11708 = AXIS2_PLACEMENT_3D('',#11709,#11710,#11711);
#11709 = CARTESIAN_POINT('',(-19.75,18.8,38.5));
#11710 = DIRECTION('',(-0.,-0.,1.));
#11711 = DIRECTION('',(1.,0.,0.));
#11712 = DEFINITIONAL_REPRESENTATION('',(#11713),#11717);
#11713 = LINE('',#11714,#11715);
#11714 = CARTESIAN_POINT('',(0.,-0.));
#11715 = VECTOR('',#11716,1.);
#11716 = DIRECTION('',(-1.,0.));
#11717 = ( GEOMETRIC_REPRESENTATION_CONTEXT(2) 
PARAMETRIC_REPRESENTATION_CONTEXT() REPRESENTATION_CONTEXT('2D SPACE',''
  ) );
#11718 = ADVANCED_FACE('',(#11719),#5677,.F.);
#11719 = FACE_BOUND('',#11720,.T.);
#11720 = EDGE_LOOP('',(#11721,#11744,#11745,#11773));
#11721 = ORIENTED_EDGE('',*,*,#11722,.F.);
#11722 = EDGE_CURVE('',#5634,#11723,#11725,.T.);
#11723 = VERTEX_POINT('',#11724);
#11724 = CARTESIAN_POINT('',(-21.75,18.8,38.5));
#11725 = SURFACE_CURVE('',#11726,(#11730,#11737),.PCURVE_S1.);
#11726 = LINE('',#11727,#11728);
#11727 = CARTESIAN_POINT('',(-19.75,18.8,38.5));
#11728 = VECTOR('',#11729,1.);
#11729 = DIRECTION('',(-1.,-0.,-0.));
#11730 = PCURVE('',#5677,#11731);
#11731 = DEFINITIONAL_REPRESENTATION('',(#11732),#11736);
#11732 = LINE('',#11733,#11734);
#11733 = CARTESIAN_POINT('',(-0.,-0.));
#11734 = VECTOR('',#11735,1.);
#11735 = DIRECTION('',(-0.,1.));
#11736 = ( GEOMETRIC_REPRESENTATION_CONTEXT(2) 
PARAMETRIC_REPRESENTATION_CONTEXT() REPRESENTATION_CONTEXT('2D SPACE',''
  ) );
#11737 = PCURVE('',#11707,#11738);
#11738 = DEFINITIONAL_REPRESENTATION('',(#11739),#11743);
#11739 = LINE('',#11740,#11741);
#11740 = CARTESIAN_POINT('',(0.,-0.));
#11741 = VECTOR('',#11742,1.);
#11742 = DIRECTION('',(-1.,0.));
#11743 = ( GEOMETRIC_REPRESENTATION_CONTEXT(2) 
PARAMETRIC_REPRESENTATION_CONTEXT() REPRESENTATION_CONTEXT('2D SPACE',''
  ) );
#11744 = ORIENTED_EDGE('',*,*,#5661,.T.);
#11745 = ORIENTED_EDGE('',*,*,#11746,.T.);
#11746 = EDGE_CURVE('',#5662,#11747,#11749,.T.);
#11747 = VERTEX_POINT('',#11748);
#11748 = CARTESIAN_POINT('',(-21.75,18.8,41.5));
#11749 = SURFACE_CURVE('',#11750,(#11754,#11761),.PCURVE_S1.);
#11750 = LINE('',#11751,#11752);
#11751 = CARTESIAN_POINT('',(-19.75,18.8,41.5));
#11752 = VECTOR('',#11753,1.);
#11753 = DIRECTION('',(-1.,-0.,-0.));
#11754 = PCURVE('',#5677,#11755);
#11755 = DEFINITIONAL_REPRESENTATION('',(#11756),#11760);
#11756 = LINE('',#11757,#11758);
#11757 = CARTESIAN_POINT('',(-3.,-0.));
#11758 = VECTOR('',#11759,1.);
#11759 = DIRECTION('',(-0.,1.));
#11760 = ( GEOMETRIC_REPRESENTATION_CONTEXT(2) 
PARAMETRIC_REPRESENTATION_CONTEXT() REPRESENTATION_CONTEXT('2D SPACE',''
  ) );
#11761 = PCURVE('',#11762,#11767);
#11762 = PLANE('',#11763);
#11763 = AXIS2_PLACEMENT_3D('',#11764,#11765,#11766);
#11764 = CARTESIAN_POINT('',(-19.75,18.8,41.5));
#11765 = DIRECTION('',(-0.,-0.,1.));
#11766 = DIRECTION('',(1.,0.,0.));
#11767 = DEFINITIONAL_REPRESENTATION('',(#11768),#11772);
#11768 = LINE('',#11769,#11770);
#11769 = CARTESIAN_POINT('',(0.,-0.));
#11770 = VECTOR('',#11771,1.);
#11771 = DIRECTION('',(-1.,0.));
#11772 = ( GEOMETRIC_REPRESENTATION_CONTEXT(2) 
PARAMETRIC_REPRESENTATION_CONTEXT() REPRESENTATION_CONTEXT('2D SPACE',''
  ) );
#11773 = ORIENTED_EDGE('',*,*,#11774,.F.);
#11774 = EDGE_CURVE('',#11723,#11747,#11775,.T.);
#11775 = SURFACE_CURVE('',#11776,(#11780,#11787),.PCURVE_S1.);
#11776 = LINE('',#11777,#11778);
#11777 = CARTESIAN_POINT('',(-21.75,18.8,38.5));
#11778 = VECTOR('',#11779,1.);
#11779 = DIRECTION('',(-0.,-0.,1.));
#11780 = PCURVE('',#5677,#11781);
#11781 = DEFINITIONAL_REPRESENTATION('',(#11782),#11786);
#11782 = LINE('',#11783,#11784);
#11783 = CARTESIAN_POINT('',(-0.,2.));
#11784 = VECTOR('',#11785,1.);
#11785 = DIRECTION('',(-1.,0.));
#11786 = ( GEOMETRIC_REPRESENTATION_CONTEXT(2) 
PARAMETRIC_REPRESENTATION_CONTEXT() REPRESENTATION_CONTEXT('2D SPACE',''
  ) );
#11787 = PCURVE('',#11788,#11793);
#11788 = PLANE('',#11789);
#11789 = AXIS2_PLACEMENT_3D('',#11790,#11791,#11792);
#11790 = CARTESIAN_POINT('',(-21.75,18.8,38.5));
#11791 = DIRECTION('',(-1.,-0.,-0.));
#11792 = DIRECTION('',(0.,0.,-1.));
#11793 = DEFINITIONAL_REPRESENTATION('',(#11794),#11798);
#11794 = LINE('',#11795,#11796);
#11795 = CARTESIAN_POINT('',(-0.,-0.));
#11796 = VECTOR('',#11797,1.);
#11797 = DIRECTION('',(-1.,-0.));
#11798 = ( GEOMETRIC_REPRESENTATION_CONTEXT(2) 
PARAMETRIC_REPRESENTATION_CONTEXT() REPRESENTATION_CONTEXT('2D SPACE',''
  ) );
#11799 = ADVANCED_FACE('',(#11800),#5705,.T.);
#11800 = FACE_BOUND('',#11801,.F.);
#11801 = EDGE_LOOP('',(#11802,#11803,#11824,#11825));
#11802 = ORIENTED_EDGE('',*,*,#5689,.F.);
#11803 = ORIENTED_EDGE('',*,*,#11804,.F.);
#11804 = EDGE_CURVE('',#5874,#5662,#11805,.T.);
#11805 = SURFACE_CURVE('',#11806,(#11810,#11817),.PCURVE_S1.);
#11806 = LINE('',#11807,#11808);
#11807 = CARTESIAN_POINT('',(-19.75,18.8,41.5));
#11808 = VECTOR('',#11809,1.);
#11809 = DIRECTION('',(-1.,-0.,-0.));
#11810 = PCURVE('',#5705,#11811);
#11811 = DEFINITIONAL_REPRESENTATION('',(#11812),#11816);
#11812 = LINE('',#11813,#11814);
#11813 = CARTESIAN_POINT('',(-16.5,-0.5));
#11814 = VECTOR('',#11815,1.);
#11815 = DIRECTION('',(-0.,1.));
#11816 = ( GEOMETRIC_REPRESENTATION_CONTEXT(2) 
PARAMETRIC_REPRESENTATION_CONTEXT() REPRESENTATION_CONTEXT('2D SPACE',''
  ) );
#11817 = PCURVE('',#11762,#11818);
#11818 = DEFINITIONAL_REPRESENTATION('',(#11819),#11823);
#11819 = LINE('',#11820,#11821);
#11820 = CARTESIAN_POINT('',(0.,-0.));
#11821 = VECTOR('',#11822,1.);
#11822 = DIRECTION('',(-1.,0.));
#11823 = ( GEOMETRIC_REPRESENTATION_CONTEXT(2) 
PARAMETRIC_REPRESENTATION_CONTEXT() REPRESENTATION_CONTEXT('2D SPACE',''
  ) );
#11824 = ORIENTED_EDGE('',*,*,#5901,.T.);
#11825 = ORIENTED_EDGE('',*,*,#11826,.T.);
#11826 = EDGE_CURVE('',#5902,#5690,#11827,.T.);
#11827 = SURFACE_CURVE('',#11828,(#11832,#11839),.PCURVE_S1.);
#11828 = LINE('',#11829,#11830);
#11829 = CARTESIAN_POINT('',(-19.75,18.8,48.5));
#11830 = VECTOR('',#11831,1.);
#11831 = DIRECTION('',(-1.,-0.,-0.));
#11832 = PCURVE('',#5705,#11833);
#11833 = DEFINITIONAL_REPRESENTATION('',(#11834),#11838);
#11834 = LINE('',#11835,#11836);
#11835 = CARTESIAN_POINT('',(-23.5,-0.5));
#11836 = VECTOR('',#11837,1.);
#11837 = DIRECTION('',(-0.,1.));
#11838 = ( GEOMETRIC_REPRESENTATION_CONTEXT(2) 
PARAMETRIC_REPRESENTATION_CONTEXT() REPRESENTATION_CONTEXT('2D SPACE',''
  ) );
#11839 = PCURVE('',#11840,#11845);
#11840 = PLANE('',#11841);
#11841 = AXIS2_PLACEMENT_3D('',#11842,#11843,#11844);
#11842 = CARTESIAN_POINT('',(-19.75,18.8,48.5));
#11843 = DIRECTION('',(-0.,-0.,1.));
#11844 = DIRECTION('',(1.,0.,0.));
#11845 = DEFINITIONAL_REPRESENTATION('',(#11846),#11850);
#11846 = LINE('',#11847,#11848);
#11847 = CARTESIAN_POINT('',(0.,-0.));
#11848 = VECTOR('',#11849,1.);
#11849 = DIRECTION('',(-1.,0.));
#11850 = ( GEOMETRIC_REPRESENTATION_CONTEXT(2) 
PARAMETRIC_REPRESENTATION_CONTEXT() REPRESENTATION_CONTEXT('2D SPACE',''
  ) );
#11851 = ADVANCED_FACE('',(#11852),#5733,.F.);
#11852 = FACE_BOUND('',#11853,.T.);
#11853 = EDGE_LOOP('',(#11854,#11877,#11878,#11906));
#11854 = ORIENTED_EDGE('',*,*,#11855,.F.);
#11855 = EDGE_CURVE('',#5690,#11856,#11858,.T.);
#11856 = VERTEX_POINT('',#11857);
#11857 = CARTESIAN_POINT('',(-21.75,18.8,48.5));
#11858 = SURFACE_CURVE('',#11859,(#11863,#11870),.PCURVE_S1.);
#11859 = LINE('',#11860,#11861);
#11860 = CARTESIAN_POINT('',(-19.75,18.8,48.5));
#11861 = VECTOR('',#11862,1.);
#11862 = DIRECTION('',(-1.,-0.,-0.));
#11863 = PCURVE('',#5733,#11864);
#11864 = DEFINITIONAL_REPRESENTATION('',(#11865),#11869);
#11865 = LINE('',#11866,#11867);
#11866 = CARTESIAN_POINT('',(-0.,-0.));
#11867 = VECTOR('',#11868,1.);
#11868 = DIRECTION('',(-0.,1.));
#11869 = ( GEOMETRIC_REPRESENTATION_CONTEXT(2) 
PARAMETRIC_REPRESENTATION_CONTEXT() REPRESENTATION_CONTEXT('2D SPACE',''
  ) );
#11870 = PCURVE('',#11840,#11871);
#11871 = DEFINITIONAL_REPRESENTATION('',(#11872),#11876);
#11872 = LINE('',#11873,#11874);
#11873 = CARTESIAN_POINT('',(0.,-0.));
#11874 = VECTOR('',#11875,1.);
#11875 = DIRECTION('',(-1.,0.));
#11876 = ( GEOMETRIC_REPRESENTATION_CONTEXT(2) 
PARAMETRIC_REPRESENTATION_CONTEXT() REPRESENTATION_CONTEXT('2D SPACE',''
  ) );
#11877 = ORIENTED_EDGE('',*,*,#5717,.T.);
#11878 = ORIENTED_EDGE('',*,*,#11879,.T.);
#11879 = EDGE_CURVE('',#5718,#11880,#11882,.T.);
#11880 = VERTEX_POINT('',#11881);
#11881 = CARTESIAN_POINT('',(-21.75,18.8,51.5));
#11882 = SURFACE_CURVE('',#11883,(#11887,#11894),.PCURVE_S1.);
#11883 = LINE('',#11884,#11885);
#11884 = CARTESIAN_POINT('',(-19.75,18.8,51.5));
#11885 = VECTOR('',#11886,1.);
#11886 = DIRECTION('',(-1.,-0.,-0.));
#11887 = PCURVE('',#5733,#11888);
#11888 = DEFINITIONAL_REPRESENTATION('',(#11889),#11893);
#11889 = LINE('',#11890,#11891);
#11890 = CARTESIAN_POINT('',(-3.,-0.));
#11891 = VECTOR('',#11892,1.);
#11892 = DIRECTION('',(-0.,1.));
#11893 = ( GEOMETRIC_REPRESENTATION_CONTEXT(2) 
PARAMETRIC_REPRESENTATION_CONTEXT() REPRESENTATION_CONTEXT('2D SPACE',''
  ) );
#11894 = PCURVE('',#11895,#11900);
#11895 = PLANE('',#11896);
#11896 = AXIS2_PLACEMENT_3D('',#11897,#11898,#11899);
#11897 = CARTESIAN_POINT('',(-19.75,18.8,51.5));
#11898 = DIRECTION('',(-0.,-0.,1.));
#11899 = DIRECTION('',(1.,0.,0.));
#11900 = DEFINITIONAL_REPRESENTATION('',(#11901),#11905);
#11901 = LINE('',#11902,#11903);
#11902 = CARTESIAN_POINT('',(0.,-0.));
#11903 = VECTOR('',#11904,1.);
#11904 = DIRECTION('',(-1.,0.));
#11905 = ( GEOMETRIC_REPRESENTATION_CONTEXT(2) 
PARAMETRIC_REPRESENTATION_CONTEXT() REPRESENTATION_CONTEXT('2D SPACE',''
  ) );
#11906 = ORIENTED_EDGE('',*,*,#11907,.F.);
#11907 = EDGE_CURVE('',#11856,#11880,#11908,.T.);
#11908 = SURFACE_CURVE('',#11909,(#11913,#11920),.PCURVE_S1.);
#11909 = LINE('',#11910,#11911);
#11910 = CARTESIAN_POINT('',(-21.75,18.8,48.5));
#11911 = VECTOR('',#11912,1.);
#11912 = DIRECTION('',(-0.,-0.,1.));
#11913 = PCURVE('',#5733,#11914);
#11914 = DEFINITIONAL_REPRESENTATION('',(#11915),#11919);
#11915 = LINE('',#11916,#11917);
#11916 = CARTESIAN_POINT('',(-0.,2.));
#11917 = VECTOR('',#11918,1.);
#11918 = DIRECTION('',(-1.,0.));
#11919 = ( GEOMETRIC_REPRESENTATION_CONTEXT(2) 
PARAMETRIC_REPRESENTATION_CONTEXT() REPRESENTATION_CONTEXT('2D SPACE',''
  ) );
#11920 = PCURVE('',#11921,#11926);
#11921 = PLANE('',#11922);
#11922 = AXIS2_PLACEMENT_3D('',#11923,#11924,#11925);
#11923 = CARTESIAN_POINT('',(-21.75,18.8,48.5));
#11924 = DIRECTION('',(-1.,-0.,-0.));
#11925 = DIRECTION('',(0.,0.,-1.));
#11926 = DEFINITIONAL_REPRESENTATION('',(#11927),#11931);
#11927 = LINE('',#11928,#11929);
#11928 = CARTESIAN_POINT('',(-0.,-0.));
#11929 = VECTOR('',#11930,1.);
#11930 = DIRECTION('',(-1.,-0.));
#11931 = ( GEOMETRIC_REPRESENTATION_CONTEXT(2) 
PARAMETRIC_REPRESENTATION_CONTEXT() REPRESENTATION_CONTEXT('2D SPACE',''
  ) );
#11932 = ADVANCED_FACE('',(#11933),#5759,.T.);
#11933 = FACE_BOUND('',#11934,.F.);
#11934 = EDGE_LOOP('',(#11935,#11936,#11957,#11958));
#11935 = ORIENTED_EDGE('',*,*,#5745,.F.);
#11936 = ORIENTED_EDGE('',*,*,#11937,.F.);
#11937 = EDGE_CURVE('',#5925,#5718,#11938,.T.);
#11938 = SURFACE_CURVE('',#11939,(#11943,#11950),.PCURVE_S1.);
#11939 = LINE('',#11940,#11941);
#11940 = CARTESIAN_POINT('',(-19.75,18.8,51.5));
#11941 = VECTOR('',#11942,1.);
#11942 = DIRECTION('',(-1.,-0.,-0.));
#11943 = PCURVE('',#5759,#11944);
#11944 = DEFINITIONAL_REPRESENTATION('',(#11945),#11949);
#11945 = LINE('',#11946,#11947);
#11946 = CARTESIAN_POINT('',(-26.5,-0.5));
#11947 = VECTOR('',#11948,1.);
#11948 = DIRECTION('',(-0.,1.));
#11949 = ( GEOMETRIC_REPRESENTATION_CONTEXT(2) 
PARAMETRIC_REPRESENTATION_CONTEXT() REPRESENTATION_CONTEXT('2D SPACE',''
  ) );
#11950 = PCURVE('',#11895,#11951);
#11951 = DEFINITIONAL_REPRESENTATION('',(#11952),#11956);
#11952 = LINE('',#11953,#11954);
#11953 = CARTESIAN_POINT('',(0.,-0.));
#11954 = VECTOR('',#11955,1.);
#11955 = DIRECTION('',(-1.,0.));
#11956 = ( GEOMETRIC_REPRESENTATION_CONTEXT(2) 
PARAMETRIC_REPRESENTATION_CONTEXT() REPRESENTATION_CONTEXT('2D SPACE',''
  ) );
#11957 = ORIENTED_EDGE('',*,*,#5952,.T.);
#11958 = ORIENTED_EDGE('',*,*,#5979,.T.);
#11959 = ADVANCED_FACE('',(#11960),#5838,.F.);
#11960 = FACE_BOUND('',#11961,.T.);
#11961 = EDGE_LOOP('',(#11962,#11985,#12013,#12034));
#11962 = ORIENTED_EDGE('',*,*,#11963,.F.);
#11963 = EDGE_CURVE('',#11964,#5800,#11966,.T.);
#11964 = VERTEX_POINT('',#11965);
#11965 = CARTESIAN_POINT('',(-19.75,18.8,28.5));
#11966 = SURFACE_CURVE('',#11967,(#11971,#11978),.PCURVE_S1.);
#11967 = LINE('',#11968,#11969);
#11968 = CARTESIAN_POINT('',(-19.75,18.8,28.5));
#11969 = VECTOR('',#11970,1.);
#11970 = DIRECTION('',(-1.,-0.,-0.));
#11971 = PCURVE('',#5838,#11972);
#11972 = DEFINITIONAL_REPRESENTATION('',(#11973),#11977);
#11973 = LINE('',#11974,#11975);
#11974 = CARTESIAN_POINT('',(-0.,-0.));
#11975 = VECTOR('',#11976,1.);
#11976 = DIRECTION('',(-0.,1.));
#11977 = ( GEOMETRIC_REPRESENTATION_CONTEXT(2) 
PARAMETRIC_REPRESENTATION_CONTEXT() REPRESENTATION_CONTEXT('2D SPACE',''
  ) );
#11978 = PCURVE('',#11574,#11979);
#11979 = DEFINITIONAL_REPRESENTATION('',(#11980),#11984);
#11980 = LINE('',#11981,#11982);
#11981 = CARTESIAN_POINT('',(0.,-0.));
#11982 = VECTOR('',#11983,1.);
#11983 = DIRECTION('',(-1.,0.));
#11984 = ( GEOMETRIC_REPRESENTATION_CONTEXT(2) 
PARAMETRIC_REPRESENTATION_CONTEXT() REPRESENTATION_CONTEXT('2D SPACE',''
  ) );
#11985 = ORIENTED_EDGE('',*,*,#11986,.T.);
#11986 = EDGE_CURVE('',#11964,#11987,#11989,.T.);
#11987 = VERTEX_POINT('',#11988);
#11988 = CARTESIAN_POINT('',(-19.75,18.8,31.5));
#11989 = SURFACE_CURVE('',#11990,(#11994,#12001),.PCURVE_S1.);
#11990 = LINE('',#11991,#11992);
#11991 = CARTESIAN_POINT('',(-19.75,18.8,28.5));
#11992 = VECTOR('',#11993,1.);
#11993 = DIRECTION('',(-0.,-0.,1.));
#11994 = PCURVE('',#5838,#11995);
#11995 = DEFINITIONAL_REPRESENTATION('',(#11996),#12000);
#11996 = LINE('',#11997,#11998);
#11997 = CARTESIAN_POINT('',(-0.,-0.));
#11998 = VECTOR('',#11999,1.);
#11999 = DIRECTION('',(-1.,0.));
#12000 = ( GEOMETRIC_REPRESENTATION_CONTEXT(2) 
PARAMETRIC_REPRESENTATION_CONTEXT() REPRESENTATION_CONTEXT('2D SPACE',''
  ) );
#12001 = PCURVE('',#12002,#12007);
#12002 = PLANE('',#12003);
#12003 = AXIS2_PLACEMENT_3D('',#12004,#12005,#12006);
#12004 = CARTESIAN_POINT('',(-19.75,18.8,28.5));
#12005 = DIRECTION('',(-1.,-0.,-0.));
#12006 = DIRECTION('',(0.,0.,-1.));
#12007 = DEFINITIONAL_REPRESENTATION('',(#12008),#12012);
#12008 = LINE('',#12009,#12010);
#12009 = CARTESIAN_POINT('',(-0.,-0.));
#12010 = VECTOR('',#12011,1.);
#12011 = DIRECTION('',(-1.,-0.));
#12012 = ( GEOMETRIC_REPRESENTATION_CONTEXT(2) 
PARAMETRIC_REPRESENTATION_CONTEXT() REPRESENTATION_CONTEXT('2D SPACE',''
  ) );
#12013 = ORIENTED_EDGE('',*,*,#12014,.T.);
#12014 = EDGE_CURVE('',#11987,#5823,#12015,.T.);
#12015 = SURFACE_CURVE('',#12016,(#12020,#12027),.PCURVE_S1.);
#12016 = LINE('',#12017,#12018);
#12017 = CARTESIAN_POINT('',(-19.75,18.8,31.5));
#12018 = VECTOR('',#12019,1.);
#12019 = DIRECTION('',(-1.,-0.,-0.));
#12020 = PCURVE('',#5838,#12021);
#12021 = DEFINITIONAL_REPRESENTATION('',(#12022),#12026);
#12022 = LINE('',#12023,#12024);
#12023 = CARTESIAN_POINT('',(-3.,-0.));
#12024 = VECTOR('',#12025,1.);
#12025 = DIRECTION('',(-0.,1.));
#12026 = ( GEOMETRIC_REPRESENTATION_CONTEXT(2) 
PARAMETRIC_REPRESENTATION_CONTEXT() REPRESENTATION_CONTEXT('2D SPACE',''
  ) );
#12027 = PCURVE('',#11629,#12028);
#12028 = DEFINITIONAL_REPRESENTATION('',(#12029),#12033);
#12029 = LINE('',#12030,#12031);
#12030 = CARTESIAN_POINT('',(0.,-0.));
#12031 = VECTOR('',#12032,1.);
#12032 = DIRECTION('',(-1.,0.));
#12033 = ( GEOMETRIC_REPRESENTATION_CONTEXT(2) 
PARAMETRIC_REPRESENTATION_CONTEXT() REPRESENTATION_CONTEXT('2D SPACE',''
  ) );
#12034 = ORIENTED_EDGE('',*,*,#5822,.F.);
#12035 = ADVANCED_FACE('',(#12036),#5889,.F.);
#12036 = FACE_BOUND('',#12037,.T.);
#12037 = EDGE_LOOP('',(#12038,#12061,#12089,#12110));
#12038 = ORIENTED_EDGE('',*,*,#12039,.F.);
#12039 = EDGE_CURVE('',#12040,#5851,#12042,.T.);
#12040 = VERTEX_POINT('',#12041);
#12041 = CARTESIAN_POINT('',(-19.75,18.8,38.5));
#12042 = SURFACE_CURVE('',#12043,(#12047,#12054),.PCURVE_S1.);
#12043 = LINE('',#12044,#12045);
#12044 = CARTESIAN_POINT('',(-19.75,18.8,38.5));
#12045 = VECTOR('',#12046,1.);
#12046 = DIRECTION('',(-1.,-0.,-0.));
#12047 = PCURVE('',#5889,#12048);
#12048 = DEFINITIONAL_REPRESENTATION('',(#12049),#12053);
#12049 = LINE('',#12050,#12051);
#12050 = CARTESIAN_POINT('',(-0.,-0.));
#12051 = VECTOR('',#12052,1.);
#12052 = DIRECTION('',(-0.,1.));
#12053 = ( GEOMETRIC_REPRESENTATION_CONTEXT(2) 
PARAMETRIC_REPRESENTATION_CONTEXT() REPRESENTATION_CONTEXT('2D SPACE',''
  ) );
#12054 = PCURVE('',#11707,#12055);
#12055 = DEFINITIONAL_REPRESENTATION('',(#12056),#12060);
#12056 = LINE('',#12057,#12058);
#12057 = CARTESIAN_POINT('',(0.,-0.));
#12058 = VECTOR('',#12059,1.);
#12059 = DIRECTION('',(-1.,0.));
#12060 = ( GEOMETRIC_REPRESENTATION_CONTEXT(2) 
PARAMETRIC_REPRESENTATION_CONTEXT() REPRESENTATION_CONTEXT('2D SPACE',''
  ) );
#12061 = ORIENTED_EDGE('',*,*,#12062,.T.);
#12062 = EDGE_CURVE('',#12040,#12063,#12065,.T.);
#12063 = VERTEX_POINT('',#12064);
#12064 = CARTESIAN_POINT('',(-19.75,18.8,41.5));
#12065 = SURFACE_CURVE('',#12066,(#12070,#12077),.PCURVE_S1.);
#12066 = LINE('',#12067,#12068);
#12067 = CARTESIAN_POINT('',(-19.75,18.8,38.5));
#12068 = VECTOR('',#12069,1.);
#12069 = DIRECTION('',(-0.,-0.,1.));
#12070 = PCURVE('',#5889,#12071);
#12071 = DEFINITIONAL_REPRESENTATION('',(#12072),#12076);
#12072 = LINE('',#12073,#12074);
#12073 = CARTESIAN_POINT('',(-0.,-0.));
#12074 = VECTOR('',#12075,1.);
#12075 = DIRECTION('',(-1.,0.));
#12076 = ( GEOMETRIC_REPRESENTATION_CONTEXT(2) 
PARAMETRIC_REPRESENTATION_CONTEXT() REPRESENTATION_CONTEXT('2D SPACE',''
  ) );
#12077 = PCURVE('',#12078,#12083);
#12078 = PLANE('',#12079);
#12079 = AXIS2_PLACEMENT_3D('',#12080,#12081,#12082);
#12080 = CARTESIAN_POINT('',(-19.75,18.8,38.5));
#12081 = DIRECTION('',(-1.,-0.,-0.));
#12082 = DIRECTION('',(0.,0.,-1.));
#12083 = DEFINITIONAL_REPRESENTATION('',(#12084),#12088);
#12084 = LINE('',#12085,#12086);
#12085 = CARTESIAN_POINT('',(-0.,-0.));
#12086 = VECTOR('',#12087,1.);
#12087 = DIRECTION('',(-1.,-0.));
#12088 = ( GEOMETRIC_REPRESENTATION_CONTEXT(2) 
PARAMETRIC_REPRESENTATION_CONTEXT() REPRESENTATION_CONTEXT('2D SPACE',''
  ) );
#12089 = ORIENTED_EDGE('',*,*,#12090,.T.);
#12090 = EDGE_CURVE('',#12063,#5874,#12091,.T.);
#12091 = SURFACE_CURVE('',#12092,(#12096,#12103),.PCURVE_S1.);
#12092 = LINE('',#12093,#12094);
#12093 = CARTESIAN_POINT('',(-19.75,18.8,41.5));
#12094 = VECTOR('',#12095,1.);
#12095 = DIRECTION('',(-1.,-0.,-0.));
#12096 = PCURVE('',#5889,#12097);
#12097 = DEFINITIONAL_REPRESENTATION('',(#12098),#12102);
#12098 = LINE('',#12099,#12100);
#12099 = CARTESIAN_POINT('',(-3.,-0.));
#12100 = VECTOR('',#12101,1.);
#12101 = DIRECTION('',(-0.,1.));
#12102 = ( GEOMETRIC_REPRESENTATION_CONTEXT(2) 
PARAMETRIC_REPRESENTATION_CONTEXT() REPRESENTATION_CONTEXT('2D SPACE',''
  ) );
#12103 = PCURVE('',#11762,#12104);
#12104 = DEFINITIONAL_REPRESENTATION('',(#12105),#12109);
#12105 = LINE('',#12106,#12107);
#12106 = CARTESIAN_POINT('',(0.,-0.));
#12107 = VECTOR('',#12108,1.);
#12108 = DIRECTION('',(-1.,0.));
#12109 = ( GEOMETRIC_REPRESENTATION_CONTEXT(2) 
PARAMETRIC_REPRESENTATION_CONTEXT() REPRESENTATION_CONTEXT('2D SPACE',''
  ) );
#12110 = ORIENTED_EDGE('',*,*,#5873,.F.);
#12111 = ADVANCED_FACE('',(#12112),#5940,.F.);
#12112 = FACE_BOUND('',#12113,.T.);
#12113 = EDGE_LOOP('',(#12114,#12137,#12165,#12186));
#12114 = ORIENTED_EDGE('',*,*,#12115,.F.);
#12115 = EDGE_CURVE('',#12116,#5902,#12118,.T.);
#12116 = VERTEX_POINT('',#12117);
#12117 = CARTESIAN_POINT('',(-19.75,18.8,48.5));
#12118 = SURFACE_CURVE('',#12119,(#12123,#12130),.PCURVE_S1.);
#12119 = LINE('',#12120,#12121);
#12120 = CARTESIAN_POINT('',(-19.75,18.8,48.5));
#12121 = VECTOR('',#12122,1.);
#12122 = DIRECTION('',(-1.,-0.,-0.));
#12123 = PCURVE('',#5940,#12124);
#12124 = DEFINITIONAL_REPRESENTATION('',(#12125),#12129);
#12125 = LINE('',#12126,#12127);
#12126 = CARTESIAN_POINT('',(-0.,-0.));
#12127 = VECTOR('',#12128,1.);
#12128 = DIRECTION('',(-0.,1.));
#12129 = ( GEOMETRIC_REPRESENTATION_CONTEXT(2) 
PARAMETRIC_REPRESENTATION_CONTEXT() REPRESENTATION_CONTEXT('2D SPACE',''
  ) );
#12130 = PCURVE('',#11840,#12131);
#12131 = DEFINITIONAL_REPRESENTATION('',(#12132),#12136);
#12132 = LINE('',#12133,#12134);
#12133 = CARTESIAN_POINT('',(0.,-0.));
#12134 = VECTOR('',#12135,1.);
#12135 = DIRECTION('',(-1.,0.));
#12136 = ( GEOMETRIC_REPRESENTATION_CONTEXT(2) 
PARAMETRIC_REPRESENTATION_CONTEXT() REPRESENTATION_CONTEXT('2D SPACE',''
  ) );
#12137 = ORIENTED_EDGE('',*,*,#12138,.T.);
#12138 = EDGE_CURVE('',#12116,#12139,#12141,.T.);
#12139 = VERTEX_POINT('',#12140);
#12140 = CARTESIAN_POINT('',(-19.75,18.8,51.5));
#12141 = SURFACE_CURVE('',#12142,(#12146,#12153),.PCURVE_S1.);
#12142 = LINE('',#12143,#12144);
#12143 = CARTESIAN_POINT('',(-19.75,18.8,48.5));
#12144 = VECTOR('',#12145,1.);
#12145 = DIRECTION('',(-0.,-0.,1.));
#12146 = PCURVE('',#5940,#12147);
#12147 = DEFINITIONAL_REPRESENTATION('',(#12148),#12152);
#12148 = LINE('',#12149,#12150);
#12149 = CARTESIAN_POINT('',(-0.,-0.));
#12150 = VECTOR('',#12151,1.);
#12151 = DIRECTION('',(-1.,0.));
#12152 = ( GEOMETRIC_REPRESENTATION_CONTEXT(2) 
PARAMETRIC_REPRESENTATION_CONTEXT() REPRESENTATION_CONTEXT('2D SPACE',''
  ) );
#12153 = PCURVE('',#12154,#12159);
#12154 = PLANE('',#12155);
#12155 = AXIS2_PLACEMENT_3D('',#12156,#12157,#12158);
#12156 = CARTESIAN_POINT('',(-19.75,18.8,48.5));
#12157 = DIRECTION('',(-1.,-0.,-0.));
#12158 = DIRECTION('',(0.,0.,-1.));
#12159 = DEFINITIONAL_REPRESENTATION('',(#12160),#12164);
#12160 = LINE('',#12161,#12162);
#12161 = CARTESIAN_POINT('',(-0.,-0.));
#12162 = VECTOR('',#12163,1.);
#12163 = DIRECTION('',(-1.,-0.));
#12164 = ( GEOMETRIC_REPRESENTATION_CONTEXT(2) 
PARAMETRIC_REPRESENTATION_CONTEXT() REPRESENTATION_CONTEXT('2D SPACE',''
  ) );
#12165 = ORIENTED_EDGE('',*,*,#12166,.T.);
#12166 = EDGE_CURVE('',#12139,#5925,#12167,.T.);
#12167 = SURFACE_CURVE('',#12168,(#12172,#12179),.PCURVE_S1.);
#12168 = LINE('',#12169,#12170);
#12169 = CARTESIAN_POINT('',(-19.75,18.8,51.5));
#12170 = VECTOR('',#12171,1.);
#12171 = DIRECTION('',(-1.,-0.,-0.));
#12172 = PCURVE('',#5940,#12173);
#12173 = DEFINITIONAL_REPRESENTATION('',(#12174),#12178);
#12174 = LINE('',#12175,#12176);
#12175 = CARTESIAN_POINT('',(-3.,-0.));
#12176 = VECTOR('',#12177,1.);
#12177 = DIRECTION('',(-0.,1.));
#12178 = ( GEOMETRIC_REPRESENTATION_CONTEXT(2) 
PARAMETRIC_REPRESENTATION_CONTEXT() REPRESENTATION_CONTEXT('2D SPACE',''
  ) );
#12179 = PCURVE('',#11895,#12180);
#12180 = DEFINITIONAL_REPRESENTATION('',(#12181),#12185);
#12181 = LINE('',#12182,#12183);
#12182 = CARTESIAN_POINT('',(0.,-0.));
#12183 = VECTOR('',#12184,1.);
#12184 = DIRECTION('',(-1.,0.));
#12185 = ( GEOMETRIC_REPRESENTATION_CONTEXT(2) 
PARAMETRIC_REPRESENTATION_CONTEXT() REPRESENTATION_CONTEXT('2D SPACE',''
  ) );
#12186 = ORIENTED_EDGE('',*,*,#5924,.F.);
#12187 = ADVANCED_FACE('',(#12188),#6042,.T.);
#12188 = FACE_BOUND('',#12189,.T.);
#12189 = EDGE_LOOP('',(#12190));
#12190 = ORIENTED_EDGE('',*,*,#6027,.F.);
#12191 = ADVANCED_FACE('',(#12192),#6445,.T.);
#12192 = FACE_BOUND('',#12193,.T.);
#12193 = EDGE_LOOP('',(#12194));
#12194 = ORIENTED_EDGE('',*,*,#6430,.F.);
#12195 = ADVANCED_FACE('',(#12196),#6526,.T.);
#12196 = FACE_BOUND('',#12197,.F.);
#12197 = EDGE_LOOP('',(#12198,#12199,#12200,#12201));
#12198 = ORIENTED_EDGE('',*,*,#6566,.F.);
#12199 = ORIENTED_EDGE('',*,*,#6512,.F.);
#12200 = ORIENTED_EDGE('',*,*,#6671,.T.);
#12201 = ORIENTED_EDGE('',*,*,#12202,.T.);
#12202 = EDGE_CURVE('',#6672,#6567,#12203,.T.);
#12203 = SURFACE_CURVE('',#12204,(#12208,#12215),.PCURVE_S1.);
#12204 = LINE('',#12205,#12206);
#12205 = CARTESIAN_POINT('',(21.75,18.8,138.5));
#12206 = VECTOR('',#12207,1.);
#12207 = DIRECTION('',(-1.,-0.,-0.));
#12208 = PCURVE('',#6526,#12209);
#12209 = DEFINITIONAL_REPRESENTATION('',(#12210),#12214);
#12210 = LINE('',#12211,#12212);
#12211 = CARTESIAN_POINT('',(-3.5,-0.5));
#12212 = VECTOR('',#12213,1.);
#12213 = DIRECTION('',(-0.,1.));
#12214 = ( GEOMETRIC_REPRESENTATION_CONTEXT(2) 
PARAMETRIC_REPRESENTATION_CONTEXT() REPRESENTATION_CONTEXT('2D SPACE',''
  ) );
#12215 = PCURVE('',#12216,#12221);
#12216 = PLANE('',#12217);
#12217 = AXIS2_PLACEMENT_3D('',#12218,#12219,#12220);
#12218 = CARTESIAN_POINT('',(21.75,18.8,138.5));
#12219 = DIRECTION('',(-0.,-0.,1.));
#12220 = DIRECTION('',(1.,0.,0.));
#12221 = DEFINITIONAL_REPRESENTATION('',(#12222),#12226);
#12222 = LINE('',#12223,#12224);
#12223 = CARTESIAN_POINT('',(0.,-0.));
#12224 = VECTOR('',#12225,1.);
#12225 = DIRECTION('',(-1.,0.));
#12226 = ( GEOMETRIC_REPRESENTATION_CONTEXT(2) 
PARAMETRIC_REPRESENTATION_CONTEXT() REPRESENTATION_CONTEXT('2D SPACE',''
  ) );
#12227 = ADVANCED_FACE('',(#12228),#6605,.F.);
#12228 = FACE_BOUND('',#12229,.T.);
#12229 = EDGE_LOOP('',(#12230,#12253,#12254,#12282));
#12230 = ORIENTED_EDGE('',*,*,#12231,.F.);
#12231 = EDGE_CURVE('',#6567,#12232,#12234,.T.);
#12232 = VERTEX_POINT('',#12233);
#12233 = CARTESIAN_POINT('',(19.75,18.8,138.5));
#12234 = SURFACE_CURVE('',#12235,(#12239,#12246),.PCURVE_S1.);
#12235 = LINE('',#12236,#12237);
#12236 = CARTESIAN_POINT('',(21.75,18.8,138.5));
#12237 = VECTOR('',#12238,1.);
#12238 = DIRECTION('',(-1.,-0.,-0.));
#12239 = PCURVE('',#6605,#12240);
#12240 = DEFINITIONAL_REPRESENTATION('',(#12241),#12245);
#12241 = LINE('',#12242,#12243);
#12242 = CARTESIAN_POINT('',(-0.,-0.));
#12243 = VECTOR('',#12244,1.);
#12244 = DIRECTION('',(-0.,1.));
#12245 = ( GEOMETRIC_REPRESENTATION_CONTEXT(2) 
PARAMETRIC_REPRESENTATION_CONTEXT() REPRESENTATION_CONTEXT('2D SPACE',''
  ) );
#12246 = PCURVE('',#12216,#12247);
#12247 = DEFINITIONAL_REPRESENTATION('',(#12248),#12252);
#12248 = LINE('',#12249,#12250);
#12249 = CARTESIAN_POINT('',(0.,-0.));
#12250 = VECTOR('',#12251,1.);
#12251 = DIRECTION('',(-1.,0.));
#12252 = ( GEOMETRIC_REPRESENTATION_CONTEXT(2) 
PARAMETRIC_REPRESENTATION_CONTEXT() REPRESENTATION_CONTEXT('2D SPACE',''
  ) );
#12253 = ORIENTED_EDGE('',*,*,#6589,.T.);
#12254 = ORIENTED_EDGE('',*,*,#12255,.T.);
#12255 = EDGE_CURVE('',#6590,#12256,#12258,.T.);
#12256 = VERTEX_POINT('',#12257);
#12257 = CARTESIAN_POINT('',(19.75,18.8,141.5));
#12258 = SURFACE_CURVE('',#12259,(#12263,#12270),.PCURVE_S1.);
#12259 = LINE('',#12260,#12261);
#12260 = CARTESIAN_POINT('',(21.75,18.8,141.5));
#12261 = VECTOR('',#12262,1.);
#12262 = DIRECTION('',(-1.,-0.,-0.));
#12263 = PCURVE('',#6605,#12264);
#12264 = DEFINITIONAL_REPRESENTATION('',(#12265),#12269);
#12265 = LINE('',#12266,#12267);
#12266 = CARTESIAN_POINT('',(-3.,-0.));
#12267 = VECTOR('',#12268,1.);
#12268 = DIRECTION('',(-0.,1.));
#12269 = ( GEOMETRIC_REPRESENTATION_CONTEXT(2) 
PARAMETRIC_REPRESENTATION_CONTEXT() REPRESENTATION_CONTEXT('2D SPACE',''
  ) );
#12270 = PCURVE('',#12271,#12276);
#12271 = PLANE('',#12272);
#12272 = AXIS2_PLACEMENT_3D('',#12273,#12274,#12275);
#12273 = CARTESIAN_POINT('',(21.75,18.8,141.5));
#12274 = DIRECTION('',(-0.,-0.,1.));
#12275 = DIRECTION('',(1.,0.,0.));
#12276 = DEFINITIONAL_REPRESENTATION('',(#12277),#12281);
#12277 = LINE('',#12278,#12279);
#12278 = CARTESIAN_POINT('',(0.,-0.));
#12279 = VECTOR('',#12280,1.);
#12280 = DIRECTION('',(-1.,0.));
#12281 = ( GEOMETRIC_REPRESENTATION_CONTEXT(2) 
PARAMETRIC_REPRESENTATION_CONTEXT() REPRESENTATION_CONTEXT('2D SPACE',''
  ) );
#12282 = ORIENTED_EDGE('',*,*,#12283,.F.);
#12283 = EDGE_CURVE('',#12232,#12256,#12284,.T.);
#12284 = SURFACE_CURVE('',#12285,(#12289,#12296),.PCURVE_S1.);
#12285 = LINE('',#12286,#12287);
#12286 = CARTESIAN_POINT('',(19.75,18.8,138.5));
#12287 = VECTOR('',#12288,1.);
#12288 = DIRECTION('',(-0.,-0.,1.));
#12289 = PCURVE('',#6605,#12290);
#12290 = DEFINITIONAL_REPRESENTATION('',(#12291),#12295);
#12291 = LINE('',#12292,#12293);
#12292 = CARTESIAN_POINT('',(-0.,2.));
#12293 = VECTOR('',#12294,1.);
#12294 = DIRECTION('',(-1.,0.));
#12295 = ( GEOMETRIC_REPRESENTATION_CONTEXT(2) 
PARAMETRIC_REPRESENTATION_CONTEXT() REPRESENTATION_CONTEXT('2D SPACE',''
  ) );
#12296 = PCURVE('',#12297,#12302);
#12297 = PLANE('',#12298);
#12298 = AXIS2_PLACEMENT_3D('',#12299,#12300,#12301);
#12299 = CARTESIAN_POINT('',(19.75,18.8,138.5));
#12300 = DIRECTION('',(-1.,-0.,-0.));
#12301 = DIRECTION('',(0.,0.,-1.));
#12302 = DEFINITIONAL_REPRESENTATION('',(#12303),#12307);
#12303 = LINE('',#12304,#12305);
#12304 = CARTESIAN_POINT('',(-0.,-0.));
#12305 = VECTOR('',#12306,1.);
#12306 = DIRECTION('',(-1.,-0.));
#12307 = ( GEOMETRIC_REPRESENTATION_CONTEXT(2) 
PARAMETRIC_REPRESENTATION_CONTEXT() REPRESENTATION_CONTEXT('2D SPACE',''
  ) );
#12308 = ADVANCED_FACE('',(#12309),#6631,.T.);
#12309 = FACE_BOUND('',#12310,.F.);
#12310 = EDGE_LOOP('',(#12311,#12312,#12333,#12334));
#12311 = ORIENTED_EDGE('',*,*,#6617,.F.);
#12312 = ORIENTED_EDGE('',*,*,#12313,.F.);
#12313 = EDGE_CURVE('',#6695,#6590,#12314,.T.);
#12314 = SURFACE_CURVE('',#12315,(#12319,#12326),.PCURVE_S1.);
#12315 = LINE('',#12316,#12317);
#12316 = CARTESIAN_POINT('',(21.75,18.8,141.5));
#12317 = VECTOR('',#12318,1.);
#12318 = DIRECTION('',(-1.,-0.,-0.));
#12319 = PCURVE('',#6631,#12320);
#12320 = DEFINITIONAL_REPRESENTATION('',(#12321),#12325);
#12321 = LINE('',#12322,#12323);
#12322 = CARTESIAN_POINT('',(-6.5,-0.5));
#12323 = VECTOR('',#12324,1.);
#12324 = DIRECTION('',(-0.,1.));
#12325 = ( GEOMETRIC_REPRESENTATION_CONTEXT(2) 
PARAMETRIC_REPRESENTATION_CONTEXT() REPRESENTATION_CONTEXT('2D SPACE',''
  ) );
#12326 = PCURVE('',#12271,#12327);
#12327 = DEFINITIONAL_REPRESENTATION('',(#12328),#12332);
#12328 = LINE('',#12329,#12330);
#12329 = CARTESIAN_POINT('',(0.,-0.));
#12330 = VECTOR('',#12331,1.);
#12331 = DIRECTION('',(-1.,0.));
#12332 = ( GEOMETRIC_REPRESENTATION_CONTEXT(2) 
PARAMETRIC_REPRESENTATION_CONTEXT() REPRESENTATION_CONTEXT('2D SPACE',''
  ) );
#12333 = ORIENTED_EDGE('',*,*,#6722,.T.);
#12334 = ORIENTED_EDGE('',*,*,#6749,.T.);
#12335 = ADVANCED_FACE('',(#12336),#6710,.F.);
#12336 = FACE_BOUND('',#12337,.T.);
#12337 = EDGE_LOOP('',(#12338,#12361,#12389,#12410));
#12338 = ORIENTED_EDGE('',*,*,#12339,.F.);
#12339 = EDGE_CURVE('',#12340,#6672,#12342,.T.);
#12340 = VERTEX_POINT('',#12341);
#12341 = CARTESIAN_POINT('',(21.75,18.8,138.5));
#12342 = SURFACE_CURVE('',#12343,(#12347,#12354),.PCURVE_S1.);
#12343 = LINE('',#12344,#12345);
#12344 = CARTESIAN_POINT('',(21.75,18.8,138.5));
#12345 = VECTOR('',#12346,1.);
#12346 = DIRECTION('',(-1.,-0.,-0.));
#12347 = PCURVE('',#6710,#12348);
#12348 = DEFINITIONAL_REPRESENTATION('',(#12349),#12353);
#12349 = LINE('',#12350,#12351);
#12350 = CARTESIAN_POINT('',(-0.,-0.));
#12351 = VECTOR('',#12352,1.);
#12352 = DIRECTION('',(-0.,1.));
#12353 = ( GEOMETRIC_REPRESENTATION_CONTEXT(2) 
PARAMETRIC_REPRESENTATION_CONTEXT() REPRESENTATION_CONTEXT('2D SPACE',''
  ) );
#12354 = PCURVE('',#12216,#12355);
#12355 = DEFINITIONAL_REPRESENTATION('',(#12356),#12360);
#12356 = LINE('',#12357,#12358);
#12357 = CARTESIAN_POINT('',(0.,-0.));
#12358 = VECTOR('',#12359,1.);
#12359 = DIRECTION('',(-1.,0.));
#12360 = ( GEOMETRIC_REPRESENTATION_CONTEXT(2) 
PARAMETRIC_REPRESENTATION_CONTEXT() REPRESENTATION_CONTEXT('2D SPACE',''
  ) );
#12361 = ORIENTED_EDGE('',*,*,#12362,.T.);
#12362 = EDGE_CURVE('',#12340,#12363,#12365,.T.);
#12363 = VERTEX_POINT('',#12364);
#12364 = CARTESIAN_POINT('',(21.75,18.8,141.5));
#12365 = SURFACE_CURVE('',#12366,(#12370,#12377),.PCURVE_S1.);
#12366 = LINE('',#12367,#12368);
#12367 = CARTESIAN_POINT('',(21.75,18.8,138.5));
#12368 = VECTOR('',#12369,1.);
#12369 = DIRECTION('',(-0.,-0.,1.));
#12370 = PCURVE('',#6710,#12371);
#12371 = DEFINITIONAL_REPRESENTATION('',(#12372),#12376);
#12372 = LINE('',#12373,#12374);
#12373 = CARTESIAN_POINT('',(-0.,-0.));
#12374 = VECTOR('',#12375,1.);
#12375 = DIRECTION('',(-1.,0.));
#12376 = ( GEOMETRIC_REPRESENTATION_CONTEXT(2) 
PARAMETRIC_REPRESENTATION_CONTEXT() REPRESENTATION_CONTEXT('2D SPACE',''
  ) );
#12377 = PCURVE('',#12378,#12383);
#12378 = PLANE('',#12379);
#12379 = AXIS2_PLACEMENT_3D('',#12380,#12381,#12382);
#12380 = CARTESIAN_POINT('',(21.75,18.8,138.5));
#12381 = DIRECTION('',(-1.,-0.,-0.));
#12382 = DIRECTION('',(0.,0.,-1.));
#12383 = DEFINITIONAL_REPRESENTATION('',(#12384),#12388);
#12384 = LINE('',#12385,#12386);
#12385 = CARTESIAN_POINT('',(-0.,-0.));
#12386 = VECTOR('',#12387,1.);
#12387 = DIRECTION('',(-1.,-0.));
#12388 = ( GEOMETRIC_REPRESENTATION_CONTEXT(2) 
PARAMETRIC_REPRESENTATION_CONTEXT() REPRESENTATION_CONTEXT('2D SPACE',''
  ) );
#12389 = ORIENTED_EDGE('',*,*,#12390,.T.);
#12390 = EDGE_CURVE('',#12363,#6695,#12391,.T.);
#12391 = SURFACE_CURVE('',#12392,(#12396,#12403),.PCURVE_S1.);
#12392 = LINE('',#12393,#12394);
#12393 = CARTESIAN_POINT('',(21.75,18.8,141.5));
#12394 = VECTOR('',#12395,1.);
#12395 = DIRECTION('',(-1.,-0.,-0.));
#12396 = PCURVE('',#6710,#12397);
#12397 = DEFINITIONAL_REPRESENTATION('',(#12398),#12402);
#12398 = LINE('',#12399,#12400);
#12399 = CARTESIAN_POINT('',(-3.,-0.));
#12400 = VECTOR('',#12401,1.);
#12401 = DIRECTION('',(-0.,1.));
#12402 = ( GEOMETRIC_REPRESENTATION_CONTEXT(2) 
PARAMETRIC_REPRESENTATION_CONTEXT() REPRESENTATION_CONTEXT('2D SPACE',''
  ) );
#12403 = PCURVE('',#12271,#12404);
#12404 = DEFINITIONAL_REPRESENTATION('',(#12405),#12409);
#12405 = LINE('',#12406,#12407);
#12406 = CARTESIAN_POINT('',(0.,-0.));
#12407 = VECTOR('',#12408,1.);
#12408 = DIRECTION('',(-1.,0.));
#12409 = ( GEOMETRIC_REPRESENTATION_CONTEXT(2) 
PARAMETRIC_REPRESENTATION_CONTEXT() REPRESENTATION_CONTEXT('2D SPACE',''
  ) );
#12410 = ORIENTED_EDGE('',*,*,#6694,.F.);
#12411 = ADVANCED_FACE('',(#12412),#6834,.T.);
#12412 = FACE_BOUND('',#12413,.F.);
#12413 = EDGE_LOOP('',(#12414,#12415,#12416,#12417));
#12414 = ORIENTED_EDGE('',*,*,#6874,.F.);
#12415 = ORIENTED_EDGE('',*,*,#6820,.F.);
#12416 = ORIENTED_EDGE('',*,*,#7091,.T.);
#12417 = ORIENTED_EDGE('',*,*,#12418,.T.);
#12418 = EDGE_CURVE('',#7092,#6875,#12419,.T.);
#12419 = SURFACE_CURVE('',#12420,(#12424,#12431),.PCURVE_S1.);
#12420 = LINE('',#12421,#12422);
#12421 = CARTESIAN_POINT('',(21.75,18.8,78.5));
#12422 = VECTOR('',#12423,1.);
#12423 = DIRECTION('',(-1.,-0.,-0.));
#12424 = PCURVE('',#6834,#12425);
#12425 = DEFINITIONAL_REPRESENTATION('',(#12426),#12430);
#12426 = LINE('',#12427,#12428);
#12427 = CARTESIAN_POINT('',(-3.5,-0.5));
#12428 = VECTOR('',#12429,1.);
#12429 = DIRECTION('',(-0.,1.));
#12430 = ( GEOMETRIC_REPRESENTATION_CONTEXT(2) 
PARAMETRIC_REPRESENTATION_CONTEXT() REPRESENTATION_CONTEXT('2D SPACE',''
  ) );
#12431 = PCURVE('',#12432,#12437);
#12432 = PLANE('',#12433);
#12433 = AXIS2_PLACEMENT_3D('',#12434,#12435,#12436);
#12434 = CARTESIAN_POINT('',(21.75,18.8,78.5));
#12435 = DIRECTION('',(-0.,-0.,1.));
#12436 = DIRECTION('',(1.,0.,0.));
#12437 = DEFINITIONAL_REPRESENTATION('',(#12438),#12442);
#12438 = LINE('',#12439,#12440);
#12439 = CARTESIAN_POINT('',(0.,-0.));
#12440 = VECTOR('',#12441,1.);
#12441 = DIRECTION('',(-1.,0.));
#12442 = ( GEOMETRIC_REPRESENTATION_CONTEXT(2) 
PARAMETRIC_REPRESENTATION_CONTEXT() REPRESENTATION_CONTEXT('2D SPACE',''
  ) );
#12443 = ADVANCED_FACE('',(#12444),#6913,.F.);
#12444 = FACE_BOUND('',#12445,.T.);
#12445 = EDGE_LOOP('',(#12446,#12469,#12470,#12498));
#12446 = ORIENTED_EDGE('',*,*,#12447,.F.);
#12447 = EDGE_CURVE('',#6875,#12448,#12450,.T.);
#12448 = VERTEX_POINT('',#12449);
#12449 = CARTESIAN_POINT('',(19.75,18.8,78.5));
#12450 = SURFACE_CURVE('',#12451,(#12455,#12462),.PCURVE_S1.);
#12451 = LINE('',#12452,#12453);
#12452 = CARTESIAN_POINT('',(21.75,18.8,78.5));
#12453 = VECTOR('',#12454,1.);
#12454 = DIRECTION('',(-1.,-0.,-0.));
#12455 = PCURVE('',#6913,#12456);
#12456 = DEFINITIONAL_REPRESENTATION('',(#12457),#12461);
#12457 = LINE('',#12458,#12459);
#12458 = CARTESIAN_POINT('',(-0.,-0.));
#12459 = VECTOR('',#12460,1.);
#12460 = DIRECTION('',(-0.,1.));
#12461 = ( GEOMETRIC_REPRESENTATION_CONTEXT(2) 
PARAMETRIC_REPRESENTATION_CONTEXT() REPRESENTATION_CONTEXT('2D SPACE',''
  ) );
#12462 = PCURVE('',#12432,#12463);
#12463 = DEFINITIONAL_REPRESENTATION('',(#12464),#12468);
#12464 = LINE('',#12465,#12466);
#12465 = CARTESIAN_POINT('',(0.,-0.));
#12466 = VECTOR('',#12467,1.);
#12467 = DIRECTION('',(-1.,0.));
#12468 = ( GEOMETRIC_REPRESENTATION_CONTEXT(2) 
PARAMETRIC_REPRESENTATION_CONTEXT() REPRESENTATION_CONTEXT('2D SPACE',''
  ) );
#12469 = ORIENTED_EDGE('',*,*,#6897,.T.);
#12470 = ORIENTED_EDGE('',*,*,#12471,.T.);
#12471 = EDGE_CURVE('',#6898,#12472,#12474,.T.);
#12472 = VERTEX_POINT('',#12473);
#12473 = CARTESIAN_POINT('',(19.75,18.8,81.5));
#12474 = SURFACE_CURVE('',#12475,(#12479,#12486),.PCURVE_S1.);
#12475 = LINE('',#12476,#12477);
#12476 = CARTESIAN_POINT('',(21.75,18.8,81.5));
#12477 = VECTOR('',#12478,1.);
#12478 = DIRECTION('',(-1.,-0.,-0.));
#12479 = PCURVE('',#6913,#12480);
#12480 = DEFINITIONAL_REPRESENTATION('',(#12481),#12485);
#12481 = LINE('',#12482,#12483);
#12482 = CARTESIAN_POINT('',(-3.,-0.));
#12483 = VECTOR('',#12484,1.);
#12484 = DIRECTION('',(-0.,1.));
#12485 = ( GEOMETRIC_REPRESENTATION_CONTEXT(2) 
PARAMETRIC_REPRESENTATION_CONTEXT() REPRESENTATION_CONTEXT('2D SPACE',''
  ) );
#12486 = PCURVE('',#12487,#12492);
#12487 = PLANE('',#12488);
#12488 = AXIS2_PLACEMENT_3D('',#12489,#12490,#12491);
#12489 = CARTESIAN_POINT('',(21.75,18.8,81.5));
#12490 = DIRECTION('',(-0.,-0.,1.));
#12491 = DIRECTION('',(1.,0.,0.));
#12492 = DEFINITIONAL_REPRESENTATION('',(#12493),#12497);
#12493 = LINE('',#12494,#12495);
#12494 = CARTESIAN_POINT('',(0.,-0.));
#12495 = VECTOR('',#12496,1.);
#12496 = DIRECTION('',(-1.,0.));
#12497 = ( GEOMETRIC_REPRESENTATION_CONTEXT(2) 
PARAMETRIC_REPRESENTATION_CONTEXT() REPRESENTATION_CONTEXT('2D SPACE',''
  ) );
#12498 = ORIENTED_EDGE('',*,*,#12499,.F.);
#12499 = EDGE_CURVE('',#12448,#12472,#12500,.T.);
#12500 = SURFACE_CURVE('',#12501,(#12505,#12512),.PCURVE_S1.);
#12501 = LINE('',#12502,#12503);
#12502 = CARTESIAN_POINT('',(19.75,18.8,78.5));
#12503 = VECTOR('',#12504,1.);
#12504 = DIRECTION('',(-0.,-0.,1.));
#12505 = PCURVE('',#6913,#12506);
#12506 = DEFINITIONAL_REPRESENTATION('',(#12507),#12511);
#12507 = LINE('',#12508,#12509);
#12508 = CARTESIAN_POINT('',(-0.,2.));
#12509 = VECTOR('',#12510,1.);
#12510 = DIRECTION('',(-1.,0.));
#12511 = ( GEOMETRIC_REPRESENTATION_CONTEXT(2) 
PARAMETRIC_REPRESENTATION_CONTEXT() REPRESENTATION_CONTEXT('2D SPACE',''
  ) );
#12512 = PCURVE('',#12513,#12518);
#12513 = PLANE('',#12514);
#12514 = AXIS2_PLACEMENT_3D('',#12515,#12516,#12517);
#12515 = CARTESIAN_POINT('',(19.75,18.8,78.5));
#12516 = DIRECTION('',(-1.,-0.,-0.));
#12517 = DIRECTION('',(0.,0.,-1.));
#12518 = DEFINITIONAL_REPRESENTATION('',(#12519),#12523);
#12519 = LINE('',#12520,#12521);
#12520 = CARTESIAN_POINT('',(-0.,-0.));
#12521 = VECTOR('',#12522,1.);
#12522 = DIRECTION('',(-1.,-0.));
#12523 = ( GEOMETRIC_REPRESENTATION_CONTEXT(2) 
PARAMETRIC_REPRESENTATION_CONTEXT() REPRESENTATION_CONTEXT('2D SPACE',''
  ) );
#12524 = ADVANCED_FACE('',(#12525),#6941,.T.);
#12525 = FACE_BOUND('',#12526,.F.);
#12526 = EDGE_LOOP('',(#12527,#12528,#12549,#12550));
#12527 = ORIENTED_EDGE('',*,*,#6925,.F.);
#12528 = ORIENTED_EDGE('',*,*,#12529,.F.);
#12529 = EDGE_CURVE('',#7115,#6898,#12530,.T.);
#12530 = SURFACE_CURVE('',#12531,(#12535,#12542),.PCURVE_S1.);
#12531 = LINE('',#12532,#12533);
#12532 = CARTESIAN_POINT('',(21.75,18.8,81.5));
#12533 = VECTOR('',#12534,1.);
#12534 = DIRECTION('',(-1.,-0.,-0.));
#12535 = PCURVE('',#6941,#12536);
#12536 = DEFINITIONAL_REPRESENTATION('',(#12537),#12541);
#12537 = LINE('',#12538,#12539);
#12538 = CARTESIAN_POINT('',(-6.5,-0.5));
#12539 = VECTOR('',#12540,1.);
#12540 = DIRECTION('',(-0.,1.));
#12541 = ( GEOMETRIC_REPRESENTATION_CONTEXT(2) 
PARAMETRIC_REPRESENTATION_CONTEXT() REPRESENTATION_CONTEXT('2D SPACE',''
  ) );
#12542 = PCURVE('',#12487,#12543);
#12543 = DEFINITIONAL_REPRESENTATION('',(#12544),#12548);
#12544 = LINE('',#12545,#12546);
#12545 = CARTESIAN_POINT('',(0.,-0.));
#12546 = VECTOR('',#12547,1.);
#12547 = DIRECTION('',(-1.,0.));
#12548 = ( GEOMETRIC_REPRESENTATION_CONTEXT(2) 
PARAMETRIC_REPRESENTATION_CONTEXT() REPRESENTATION_CONTEXT('2D SPACE',''
  ) );
#12549 = ORIENTED_EDGE('',*,*,#7142,.T.);
#12550 = ORIENTED_EDGE('',*,*,#12551,.T.);
#12551 = EDGE_CURVE('',#7143,#6926,#12552,.T.);
#12552 = SURFACE_CURVE('',#12553,(#12557,#12564),.PCURVE_S1.);
#12553 = LINE('',#12554,#12555);
#12554 = CARTESIAN_POINT('',(21.75,18.8,88.5));
#12555 = VECTOR('',#12556,1.);
#12556 = DIRECTION('',(-1.,-0.,-0.));
#12557 = PCURVE('',#6941,#12558);
#12558 = DEFINITIONAL_REPRESENTATION('',(#12559),#12563);
#12559 = LINE('',#12560,#12561);
#12560 = CARTESIAN_POINT('',(-13.5,-0.5));
#12561 = VECTOR('',#12562,1.);
#12562 = DIRECTION('',(-0.,1.));
#12563 = ( GEOMETRIC_REPRESENTATION_CONTEXT(2) 
PARAMETRIC_REPRESENTATION_CONTEXT() REPRESENTATION_CONTEXT('2D SPACE',''
  ) );
#12564 = PCURVE('',#12565,#12570);
#12565 = PLANE('',#12566);
#12566 = AXIS2_PLACEMENT_3D('',#12567,#12568,#12569);
#12567 = CARTESIAN_POINT('',(21.75,18.8,88.5));
#12568 = DIRECTION('',(-0.,-0.,1.));
#12569 = DIRECTION('',(1.,0.,0.));
#12570 = DEFINITIONAL_REPRESENTATION('',(#12571),#12575);
#12571 = LINE('',#12572,#12573);
#12572 = CARTESIAN_POINT('',(0.,-0.));
#12573 = VECTOR('',#12574,1.);
#12574 = DIRECTION('',(-1.,0.));
#12575 = ( GEOMETRIC_REPRESENTATION_CONTEXT(2) 
PARAMETRIC_REPRESENTATION_CONTEXT() REPRESENTATION_CONTEXT('2D SPACE',''
  ) );
#12576 = ADVANCED_FACE('',(#12577),#6969,.F.);
#12577 = FACE_BOUND('',#12578,.T.);
#12578 = EDGE_LOOP('',(#12579,#12602,#12603,#12631));
#12579 = ORIENTED_EDGE('',*,*,#12580,.F.);
#12580 = EDGE_CURVE('',#6926,#12581,#12583,.T.);
#12581 = VERTEX_POINT('',#12582);
#12582 = CARTESIAN_POINT('',(19.75,18.8,88.5));
#12583 = SURFACE_CURVE('',#12584,(#12588,#12595),.PCURVE_S1.);
#12584 = LINE('',#12585,#12586);
#12585 = CARTESIAN_POINT('',(21.75,18.8,88.5));
#12586 = VECTOR('',#12587,1.);
#12587 = DIRECTION('',(-1.,-0.,-0.));
#12588 = PCURVE('',#6969,#12589);
#12589 = DEFINITIONAL_REPRESENTATION('',(#12590),#12594);
#12590 = LINE('',#12591,#12592);
#12591 = CARTESIAN_POINT('',(-0.,-0.));
#12592 = VECTOR('',#12593,1.);
#12593 = DIRECTION('',(-0.,1.));
#12594 = ( GEOMETRIC_REPRESENTATION_CONTEXT(2) 
PARAMETRIC_REPRESENTATION_CONTEXT() REPRESENTATION_CONTEXT('2D SPACE',''
  ) );
#12595 = PCURVE('',#12565,#12596);
#12596 = DEFINITIONAL_REPRESENTATION('',(#12597),#12601);
#12597 = LINE('',#12598,#12599);
#12598 = CARTESIAN_POINT('',(0.,-0.));
#12599 = VECTOR('',#12600,1.);
#12600 = DIRECTION('',(-1.,0.));
#12601 = ( GEOMETRIC_REPRESENTATION_CONTEXT(2) 
PARAMETRIC_REPRESENTATION_CONTEXT() REPRESENTATION_CONTEXT('2D SPACE',''
  ) );
#12602 = ORIENTED_EDGE('',*,*,#6953,.T.);
#12603 = ORIENTED_EDGE('',*,*,#12604,.T.);
#12604 = EDGE_CURVE('',#6954,#12605,#12607,.T.);
#12605 = VERTEX_POINT('',#12606);
#12606 = CARTESIAN_POINT('',(19.75,18.8,91.5));
#12607 = SURFACE_CURVE('',#12608,(#12612,#12619),.PCURVE_S1.);
#12608 = LINE('',#12609,#12610);
#12609 = CARTESIAN_POINT('',(21.75,18.8,91.5));
#12610 = VECTOR('',#12611,1.);
#12611 = DIRECTION('',(-1.,-0.,-0.));
#12612 = PCURVE('',#6969,#12613);
#12613 = DEFINITIONAL_REPRESENTATION('',(#12614),#12618);
#12614 = LINE('',#12615,#12616);
#12615 = CARTESIAN_POINT('',(-3.,-0.));
#12616 = VECTOR('',#12617,1.);
#12617 = DIRECTION('',(-0.,1.));
#12618 = ( GEOMETRIC_REPRESENTATION_CONTEXT(2) 
PARAMETRIC_REPRESENTATION_CONTEXT() REPRESENTATION_CONTEXT('2D SPACE',''
  ) );
#12619 = PCURVE('',#12620,#12625);
#12620 = PLANE('',#12621);
#12621 = AXIS2_PLACEMENT_3D('',#12622,#12623,#12624);
#12622 = CARTESIAN_POINT('',(21.75,18.8,91.5));
#12623 = DIRECTION('',(-0.,-0.,1.));
#12624 = DIRECTION('',(1.,0.,0.));
#12625 = DEFINITIONAL_REPRESENTATION('',(#12626),#12630);
#12626 = LINE('',#12627,#12628);
#12627 = CARTESIAN_POINT('',(0.,-0.));
#12628 = VECTOR('',#12629,1.);
#12629 = DIRECTION('',(-1.,0.));
#12630 = ( GEOMETRIC_REPRESENTATION_CONTEXT(2) 
PARAMETRIC_REPRESENTATION_CONTEXT() REPRESENTATION_CONTEXT('2D SPACE',''
  ) );
#12631 = ORIENTED_EDGE('',*,*,#12632,.F.);
#12632 = EDGE_CURVE('',#12581,#12605,#12633,.T.);
#12633 = SURFACE_CURVE('',#12634,(#12638,#12645),.PCURVE_S1.);
#12634 = LINE('',#12635,#12636);
#12635 = CARTESIAN_POINT('',(19.75,18.8,88.5));
#12636 = VECTOR('',#12637,1.);
#12637 = DIRECTION('',(-0.,-0.,1.));
#12638 = PCURVE('',#6969,#12639);
#12639 = DEFINITIONAL_REPRESENTATION('',(#12640),#12644);
#12640 = LINE('',#12641,#12642);
#12641 = CARTESIAN_POINT('',(-0.,2.));
#12642 = VECTOR('',#12643,1.);
#12643 = DIRECTION('',(-1.,0.));
#12644 = ( GEOMETRIC_REPRESENTATION_CONTEXT(2) 
PARAMETRIC_REPRESENTATION_CONTEXT() REPRESENTATION_CONTEXT('2D SPACE',''
  ) );
#12645 = PCURVE('',#12646,#12651);
#12646 = PLANE('',#12647);
#12647 = AXIS2_PLACEMENT_3D('',#12648,#12649,#12650);
#12648 = CARTESIAN_POINT('',(19.75,18.8,88.5));
#12649 = DIRECTION('',(-1.,-0.,-0.));
#12650 = DIRECTION('',(0.,0.,-1.));
#12651 = DEFINITIONAL_REPRESENTATION('',(#12652),#12656);
#12652 = LINE('',#12653,#12654);
#12653 = CARTESIAN_POINT('',(-0.,-0.));
#12654 = VECTOR('',#12655,1.);
#12655 = DIRECTION('',(-1.,-0.));
#12656 = ( GEOMETRIC_REPRESENTATION_CONTEXT(2) 
PARAMETRIC_REPRESENTATION_CONTEXT() REPRESENTATION_CONTEXT('2D SPACE',''
  ) );
#12657 = ADVANCED_FACE('',(#12658),#6997,.T.);
#12658 = FACE_BOUND('',#12659,.F.);
#12659 = EDGE_LOOP('',(#12660,#12661,#12682,#12683));
#12660 = ORIENTED_EDGE('',*,*,#6981,.F.);
#12661 = ORIENTED_EDGE('',*,*,#12662,.F.);
#12662 = EDGE_CURVE('',#7166,#6954,#12663,.T.);
#12663 = SURFACE_CURVE('',#12664,(#12668,#12675),.PCURVE_S1.);
#12664 = LINE('',#12665,#12666);
#12665 = CARTESIAN_POINT('',(21.75,18.8,91.5));
#12666 = VECTOR('',#12667,1.);
#12667 = DIRECTION('',(-1.,-0.,-0.));
#12668 = PCURVE('',#6997,#12669);
#12669 = DEFINITIONAL_REPRESENTATION('',(#12670),#12674);
#12670 = LINE('',#12671,#12672);
#12671 = CARTESIAN_POINT('',(-16.5,-0.5));
#12672 = VECTOR('',#12673,1.);
#12673 = DIRECTION('',(-0.,1.));
#12674 = ( GEOMETRIC_REPRESENTATION_CONTEXT(2) 
PARAMETRIC_REPRESENTATION_CONTEXT() REPRESENTATION_CONTEXT('2D SPACE',''
  ) );
#12675 = PCURVE('',#12620,#12676);
#12676 = DEFINITIONAL_REPRESENTATION('',(#12677),#12681);
#12677 = LINE('',#12678,#12679);
#12678 = CARTESIAN_POINT('',(0.,-0.));
#12679 = VECTOR('',#12680,1.);
#12680 = DIRECTION('',(-1.,0.));
#12681 = ( GEOMETRIC_REPRESENTATION_CONTEXT(2) 
PARAMETRIC_REPRESENTATION_CONTEXT() REPRESENTATION_CONTEXT('2D SPACE',''
  ) );
#12682 = ORIENTED_EDGE('',*,*,#7193,.T.);
#12683 = ORIENTED_EDGE('',*,*,#12684,.T.);
#12684 = EDGE_CURVE('',#7194,#6982,#12685,.T.);
#12685 = SURFACE_CURVE('',#12686,(#12690,#12697),.PCURVE_S1.);
#12686 = LINE('',#12687,#12688);
#12687 = CARTESIAN_POINT('',(21.75,18.8,98.5));
#12688 = VECTOR('',#12689,1.);
#12689 = DIRECTION('',(-1.,-0.,-0.));
#12690 = PCURVE('',#6997,#12691);
#12691 = DEFINITIONAL_REPRESENTATION('',(#12692),#12696);
#12692 = LINE('',#12693,#12694);
#12693 = CARTESIAN_POINT('',(-23.5,-0.5));
#12694 = VECTOR('',#12695,1.);
#12695 = DIRECTION('',(-0.,1.));
#12696 = ( GEOMETRIC_REPRESENTATION_CONTEXT(2) 
PARAMETRIC_REPRESENTATION_CONTEXT() REPRESENTATION_CONTEXT('2D SPACE',''
  ) );
#12697 = PCURVE('',#12698,#12703);
#12698 = PLANE('',#12699);
#12699 = AXIS2_PLACEMENT_3D('',#12700,#12701,#12702);
#12700 = CARTESIAN_POINT('',(21.75,18.8,98.5));
#12701 = DIRECTION('',(-0.,-0.,1.));
#12702 = DIRECTION('',(1.,0.,0.));
#12703 = DEFINITIONAL_REPRESENTATION('',(#12704),#12708);
#12704 = LINE('',#12705,#12706);
#12705 = CARTESIAN_POINT('',(0.,-0.));
#12706 = VECTOR('',#12707,1.);
#12707 = DIRECTION('',(-1.,0.));
#12708 = ( GEOMETRIC_REPRESENTATION_CONTEXT(2) 
PARAMETRIC_REPRESENTATION_CONTEXT() REPRESENTATION_CONTEXT('2D SPACE',''
  ) );
#12709 = ADVANCED_FACE('',(#12710),#7025,.F.);
#12710 = FACE_BOUND('',#12711,.T.);
#12711 = EDGE_LOOP('',(#12712,#12735,#12736,#12764));
#12712 = ORIENTED_EDGE('',*,*,#12713,.F.);
#12713 = EDGE_CURVE('',#6982,#12714,#12716,.T.);
#12714 = VERTEX_POINT('',#12715);
#12715 = CARTESIAN_POINT('',(19.75,18.8,98.5));
#12716 = SURFACE_CURVE('',#12717,(#12721,#12728),.PCURVE_S1.);
#12717 = LINE('',#12718,#12719);
#12718 = CARTESIAN_POINT('',(21.75,18.8,98.5));
#12719 = VECTOR('',#12720,1.);
#12720 = DIRECTION('',(-1.,-0.,-0.));
#12721 = PCURVE('',#7025,#12722);
#12722 = DEFINITIONAL_REPRESENTATION('',(#12723),#12727);
#12723 = LINE('',#12724,#12725);
#12724 = CARTESIAN_POINT('',(-0.,-0.));
#12725 = VECTOR('',#12726,1.);
#12726 = DIRECTION('',(-0.,1.));
#12727 = ( GEOMETRIC_REPRESENTATION_CONTEXT(2) 
PARAMETRIC_REPRESENTATION_CONTEXT() REPRESENTATION_CONTEXT('2D SPACE',''
  ) );
#12728 = PCURVE('',#12698,#12729);
#12729 = DEFINITIONAL_REPRESENTATION('',(#12730),#12734);
#12730 = LINE('',#12731,#12732);
#12731 = CARTESIAN_POINT('',(0.,-0.));
#12732 = VECTOR('',#12733,1.);
#12733 = DIRECTION('',(-1.,0.));
#12734 = ( GEOMETRIC_REPRESENTATION_CONTEXT(2) 
PARAMETRIC_REPRESENTATION_CONTEXT() REPRESENTATION_CONTEXT('2D SPACE',''
  ) );
#12735 = ORIENTED_EDGE('',*,*,#7009,.T.);
#12736 = ORIENTED_EDGE('',*,*,#12737,.T.);
#12737 = EDGE_CURVE('',#7010,#12738,#12740,.T.);
#12738 = VERTEX_POINT('',#12739);
#12739 = CARTESIAN_POINT('',(19.75,18.8,101.5));
#12740 = SURFACE_CURVE('',#12741,(#12745,#12752),.PCURVE_S1.);
#12741 = LINE('',#12742,#12743);
#12742 = CARTESIAN_POINT('',(21.75,18.8,101.5));
#12743 = VECTOR('',#12744,1.);
#12744 = DIRECTION('',(-1.,-0.,-0.));
#12745 = PCURVE('',#7025,#12746);
#12746 = DEFINITIONAL_REPRESENTATION('',(#12747),#12751);
#12747 = LINE('',#12748,#12749);
#12748 = CARTESIAN_POINT('',(-3.,-0.));
#12749 = VECTOR('',#12750,1.);
#12750 = DIRECTION('',(-0.,1.));
#12751 = ( GEOMETRIC_REPRESENTATION_CONTEXT(2) 
PARAMETRIC_REPRESENTATION_CONTEXT() REPRESENTATION_CONTEXT('2D SPACE',''
  ) );
#12752 = PCURVE('',#12753,#12758);
#12753 = PLANE('',#12754);
#12754 = AXIS2_PLACEMENT_3D('',#12755,#12756,#12757);
#12755 = CARTESIAN_POINT('',(21.75,18.8,101.5));
#12756 = DIRECTION('',(-0.,-0.,1.));
#12757 = DIRECTION('',(1.,0.,0.));
#12758 = DEFINITIONAL_REPRESENTATION('',(#12759),#12763);
#12759 = LINE('',#12760,#12761);
#12760 = CARTESIAN_POINT('',(0.,-0.));
#12761 = VECTOR('',#12762,1.);
#12762 = DIRECTION('',(-1.,0.));
#12763 = ( GEOMETRIC_REPRESENTATION_CONTEXT(2) 
PARAMETRIC_REPRESENTATION_CONTEXT() REPRESENTATION_CONTEXT('2D SPACE',''
  ) );
#12764 = ORIENTED_EDGE('',*,*,#12765,.F.);
#12765 = EDGE_CURVE('',#12714,#12738,#12766,.T.);
#12766 = SURFACE_CURVE('',#12767,(#12771,#12778),.PCURVE_S1.);
#12767 = LINE('',#12768,#12769);
#12768 = CARTESIAN_POINT('',(19.75,18.8,98.5));
#12769 = VECTOR('',#12770,1.);
#12770 = DIRECTION('',(-0.,-0.,1.));
#12771 = PCURVE('',#7025,#12772);
#12772 = DEFINITIONAL_REPRESENTATION('',(#12773),#12777);
#12773 = LINE('',#12774,#12775);
#12774 = CARTESIAN_POINT('',(-0.,2.));
#12775 = VECTOR('',#12776,1.);
#12776 = DIRECTION('',(-1.,0.));
#12777 = ( GEOMETRIC_REPRESENTATION_CONTEXT(2) 
PARAMETRIC_REPRESENTATION_CONTEXT() REPRESENTATION_CONTEXT('2D SPACE',''
  ) );
#12778 = PCURVE('',#12779,#12784);
#12779 = PLANE('',#12780);
#12780 = AXIS2_PLACEMENT_3D('',#12781,#12782,#12783);
#12781 = CARTESIAN_POINT('',(19.75,18.8,98.5));
#12782 = DIRECTION('',(-1.,-0.,-0.));
#12783 = DIRECTION('',(0.,0.,-1.));
#12784 = DEFINITIONAL_REPRESENTATION('',(#12785),#12789);
#12785 = LINE('',#12786,#12787);
#12786 = CARTESIAN_POINT('',(-0.,-0.));
#12787 = VECTOR('',#12788,1.);
#12788 = DIRECTION('',(-1.,-0.));
#12789 = ( GEOMETRIC_REPRESENTATION_CONTEXT(2) 
PARAMETRIC_REPRESENTATION_CONTEXT() REPRESENTATION_CONTEXT('2D SPACE',''
  ) );
#12790 = ADVANCED_FACE('',(#12791),#7051,.T.);
#12791 = FACE_BOUND('',#12792,.F.);
#12792 = EDGE_LOOP('',(#12793,#12794,#12815,#12816));
#12793 = ORIENTED_EDGE('',*,*,#7037,.F.);
#12794 = ORIENTED_EDGE('',*,*,#12795,.F.);
#12795 = EDGE_CURVE('',#7217,#7010,#12796,.T.);
#12796 = SURFACE_CURVE('',#12797,(#12801,#12808),.PCURVE_S1.);
#12797 = LINE('',#12798,#12799);
#12798 = CARTESIAN_POINT('',(21.75,18.8,101.5));
#12799 = VECTOR('',#12800,1.);
#12800 = DIRECTION('',(-1.,-0.,-0.));
#12801 = PCURVE('',#7051,#12802);
#12802 = DEFINITIONAL_REPRESENTATION('',(#12803),#12807);
#12803 = LINE('',#12804,#12805);
#12804 = CARTESIAN_POINT('',(-26.5,-0.5));
#12805 = VECTOR('',#12806,1.);
#12806 = DIRECTION('',(-0.,1.));
#12807 = ( GEOMETRIC_REPRESENTATION_CONTEXT(2) 
PARAMETRIC_REPRESENTATION_CONTEXT() REPRESENTATION_CONTEXT('2D SPACE',''
  ) );
#12808 = PCURVE('',#12753,#12809);
#12809 = DEFINITIONAL_REPRESENTATION('',(#12810),#12814);
#12810 = LINE('',#12811,#12812);
#12811 = CARTESIAN_POINT('',(0.,-0.));
#12812 = VECTOR('',#12813,1.);
#12813 = DIRECTION('',(-1.,0.));
#12814 = ( GEOMETRIC_REPRESENTATION_CONTEXT(2) 
PARAMETRIC_REPRESENTATION_CONTEXT() REPRESENTATION_CONTEXT('2D SPACE',''
  ) );
#12815 = ORIENTED_EDGE('',*,*,#7244,.T.);
#12816 = ORIENTED_EDGE('',*,*,#7271,.T.);
#12817 = ADVANCED_FACE('',(#12818),#7130,.F.);
#12818 = FACE_BOUND('',#12819,.T.);
#12819 = EDGE_LOOP('',(#12820,#12843,#12871,#12892));
#12820 = ORIENTED_EDGE('',*,*,#12821,.F.);
#12821 = EDGE_CURVE('',#12822,#7092,#12824,.T.);
#12822 = VERTEX_POINT('',#12823);
#12823 = CARTESIAN_POINT('',(21.75,18.8,78.5));
#12824 = SURFACE_CURVE('',#12825,(#12829,#12836),.PCURVE_S1.);
#12825 = LINE('',#12826,#12827);
#12826 = CARTESIAN_POINT('',(21.75,18.8,78.5));
#12827 = VECTOR('',#12828,1.);
#12828 = DIRECTION('',(-1.,-0.,-0.));
#12829 = PCURVE('',#7130,#12830);
#12830 = DEFINITIONAL_REPRESENTATION('',(#12831),#12835);
#12831 = LINE('',#12832,#12833);
#12832 = CARTESIAN_POINT('',(-0.,-0.));
#12833 = VECTOR('',#12834,1.);
#12834 = DIRECTION('',(-0.,1.));
#12835 = ( GEOMETRIC_REPRESENTATION_CONTEXT(2) 
PARAMETRIC_REPRESENTATION_CONTEXT() REPRESENTATION_CONTEXT('2D SPACE',''
  ) );
#12836 = PCURVE('',#12432,#12837);
#12837 = DEFINITIONAL_REPRESENTATION('',(#12838),#12842);
#12838 = LINE('',#12839,#12840);
#12839 = CARTESIAN_POINT('',(0.,-0.));
#12840 = VECTOR('',#12841,1.);
#12841 = DIRECTION('',(-1.,0.));
#12842 = ( GEOMETRIC_REPRESENTATION_CONTEXT(2) 
PARAMETRIC_REPRESENTATION_CONTEXT() REPRESENTATION_CONTEXT('2D SPACE',''
  ) );
#12843 = ORIENTED_EDGE('',*,*,#12844,.T.);
#12844 = EDGE_CURVE('',#12822,#12845,#12847,.T.);
#12845 = VERTEX_POINT('',#12846);
#12846 = CARTESIAN_POINT('',(21.75,18.8,81.5));
#12847 = SURFACE_CURVE('',#12848,(#12852,#12859),.PCURVE_S1.);
#12848 = LINE('',#12849,#12850);
#12849 = CARTESIAN_POINT('',(21.75,18.8,78.5));
#12850 = VECTOR('',#12851,1.);
#12851 = DIRECTION('',(-0.,-0.,1.));
#12852 = PCURVE('',#7130,#12853);
#12853 = DEFINITIONAL_REPRESENTATION('',(#12854),#12858);
#12854 = LINE('',#12855,#12856);
#12855 = CARTESIAN_POINT('',(-0.,-0.));
#12856 = VECTOR('',#12857,1.);
#12857 = DIRECTION('',(-1.,0.));
#12858 = ( GEOMETRIC_REPRESENTATION_CONTEXT(2) 
PARAMETRIC_REPRESENTATION_CONTEXT() REPRESENTATION_CONTEXT('2D SPACE',''
  ) );
#12859 = PCURVE('',#12860,#12865);
#12860 = PLANE('',#12861);
#12861 = AXIS2_PLACEMENT_3D('',#12862,#12863,#12864);
#12862 = CARTESIAN_POINT('',(21.75,18.8,78.5));
#12863 = DIRECTION('',(-1.,-0.,-0.));
#12864 = DIRECTION('',(0.,0.,-1.));
#12865 = DEFINITIONAL_REPRESENTATION('',(#12866),#12870);
#12866 = LINE('',#12867,#12868);
#12867 = CARTESIAN_POINT('',(-0.,-0.));
#12868 = VECTOR('',#12869,1.);
#12869 = DIRECTION('',(-1.,-0.));
#12870 = ( GEOMETRIC_REPRESENTATION_CONTEXT(2) 
PARAMETRIC_REPRESENTATION_CONTEXT() REPRESENTATION_CONTEXT('2D SPACE',''
  ) );
#12871 = ORIENTED_EDGE('',*,*,#12872,.T.);
#12872 = EDGE_CURVE('',#12845,#7115,#12873,.T.);
#12873 = SURFACE_CURVE('',#12874,(#12878,#12885),.PCURVE_S1.);
#12874 = LINE('',#12875,#12876);
#12875 = CARTESIAN_POINT('',(21.75,18.8,81.5));
#12876 = VECTOR('',#12877,1.);
#12877 = DIRECTION('',(-1.,-0.,-0.));
#12878 = PCURVE('',#7130,#12879);
#12879 = DEFINITIONAL_REPRESENTATION('',(#12880),#12884);
#12880 = LINE('',#12881,#12882);
#12881 = CARTESIAN_POINT('',(-3.,-0.));
#12882 = VECTOR('',#12883,1.);
#12883 = DIRECTION('',(-0.,1.));
#12884 = ( GEOMETRIC_REPRESENTATION_CONTEXT(2) 
PARAMETRIC_REPRESENTATION_CONTEXT() REPRESENTATION_CONTEXT('2D SPACE',''
  ) );
#12885 = PCURVE('',#12487,#12886);
#12886 = DEFINITIONAL_REPRESENTATION('',(#12887),#12891);
#12887 = LINE('',#12888,#12889);
#12888 = CARTESIAN_POINT('',(0.,-0.));
#12889 = VECTOR('',#12890,1.);
#12890 = DIRECTION('',(-1.,0.));
#12891 = ( GEOMETRIC_REPRESENTATION_CONTEXT(2) 
PARAMETRIC_REPRESENTATION_CONTEXT() REPRESENTATION_CONTEXT('2D SPACE',''
  ) );
#12892 = ORIENTED_EDGE('',*,*,#7114,.F.);
#12893 = ADVANCED_FACE('',(#12894),#7181,.F.);
#12894 = FACE_BOUND('',#12895,.T.);
#12895 = EDGE_LOOP('',(#12896,#12919,#12947,#12968));
#12896 = ORIENTED_EDGE('',*,*,#12897,.F.);
#12897 = EDGE_CURVE('',#12898,#7143,#12900,.T.);
#12898 = VERTEX_POINT('',#12899);
#12899 = CARTESIAN_POINT('',(21.75,18.8,88.5));
#12900 = SURFACE_CURVE('',#12901,(#12905,#12912),.PCURVE_S1.);
#12901 = LINE('',#12902,#12903);
#12902 = CARTESIAN_POINT('',(21.75,18.8,88.5));
#12903 = VECTOR('',#12904,1.);
#12904 = DIRECTION('',(-1.,-0.,-0.));
#12905 = PCURVE('',#7181,#12906);
#12906 = DEFINITIONAL_REPRESENTATION('',(#12907),#12911);
#12907 = LINE('',#12908,#12909);
#12908 = CARTESIAN_POINT('',(-0.,-0.));
#12909 = VECTOR('',#12910,1.);
#12910 = DIRECTION('',(-0.,1.));
#12911 = ( GEOMETRIC_REPRESENTATION_CONTEXT(2) 
PARAMETRIC_REPRESENTATION_CONTEXT() REPRESENTATION_CONTEXT('2D SPACE',''
  ) );
#12912 = PCURVE('',#12565,#12913);
#12913 = DEFINITIONAL_REPRESENTATION('',(#12914),#12918);
#12914 = LINE('',#12915,#12916);
#12915 = CARTESIAN_POINT('',(0.,-0.));
#12916 = VECTOR('',#12917,1.);
#12917 = DIRECTION('',(-1.,0.));
#12918 = ( GEOMETRIC_REPRESENTATION_CONTEXT(2) 
PARAMETRIC_REPRESENTATION_CONTEXT() REPRESENTATION_CONTEXT('2D SPACE',''
  ) );
#12919 = ORIENTED_EDGE('',*,*,#12920,.T.);
#12920 = EDGE_CURVE('',#12898,#12921,#12923,.T.);
#12921 = VERTEX_POINT('',#12922);
#12922 = CARTESIAN_POINT('',(21.75,18.8,91.5));
#12923 = SURFACE_CURVE('',#12924,(#12928,#12935),.PCURVE_S1.);
#12924 = LINE('',#12925,#12926);
#12925 = CARTESIAN_POINT('',(21.75,18.8,88.5));
#12926 = VECTOR('',#12927,1.);
#12927 = DIRECTION('',(-0.,-0.,1.));
#12928 = PCURVE('',#7181,#12929);
#12929 = DEFINITIONAL_REPRESENTATION('',(#12930),#12934);
#12930 = LINE('',#12931,#12932);
#12931 = CARTESIAN_POINT('',(-0.,-0.));
#12932 = VECTOR('',#12933,1.);
#12933 = DIRECTION('',(-1.,0.));
#12934 = ( GEOMETRIC_REPRESENTATION_CONTEXT(2) 
PARAMETRIC_REPRESENTATION_CONTEXT() REPRESENTATION_CONTEXT('2D SPACE',''
  ) );
#12935 = PCURVE('',#12936,#12941);
#12936 = PLANE('',#12937);
#12937 = AXIS2_PLACEMENT_3D('',#12938,#12939,#12940);
#12938 = CARTESIAN_POINT('',(21.75,18.8,88.5));
#12939 = DIRECTION('',(-1.,-0.,-0.));
#12940 = DIRECTION('',(0.,0.,-1.));
#12941 = DEFINITIONAL_REPRESENTATION('',(#12942),#12946);
#12942 = LINE('',#12943,#12944);
#12943 = CARTESIAN_POINT('',(-0.,-0.));
#12944 = VECTOR('',#12945,1.);
#12945 = DIRECTION('',(-1.,-0.));
#12946 = ( GEOMETRIC_REPRESENTATION_CONTEXT(2) 
PARAMETRIC_REPRESENTATION_CONTEXT() REPRESENTATION_CONTEXT('2D SPACE',''
  ) );
#12947 = ORIENTED_EDGE('',*,*,#12948,.T.);
#12948 = EDGE_CURVE('',#12921,#7166,#12949,.T.);
#12949 = SURFACE_CURVE('',#12950,(#12954,#12961),.PCURVE_S1.);
#12950 = LINE('',#12951,#12952);
#12951 = CARTESIAN_POINT('',(21.75,18.8,91.5));
#12952 = VECTOR('',#12953,1.);
#12953 = DIRECTION('',(-1.,-0.,-0.));
#12954 = PCURVE('',#7181,#12955);
#12955 = DEFINITIONAL_REPRESENTATION('',(#12956),#12960);
#12956 = LINE('',#12957,#12958);
#12957 = CARTESIAN_POINT('',(-3.,-0.));
#12958 = VECTOR('',#12959,1.);
#12959 = DIRECTION('',(-0.,1.));
#12960 = ( GEOMETRIC_REPRESENTATION_CONTEXT(2) 
PARAMETRIC_REPRESENTATION_CONTEXT() REPRESENTATION_CONTEXT('2D SPACE',''
  ) );
#12961 = PCURVE('',#12620,#12962);
#12962 = DEFINITIONAL_REPRESENTATION('',(#12963),#12967);
#12963 = LINE('',#12964,#12965);
#12964 = CARTESIAN_POINT('',(0.,-0.));
#12965 = VECTOR('',#12966,1.);
#12966 = DIRECTION('',(-1.,0.));
#12967 = ( GEOMETRIC_REPRESENTATION_CONTEXT(2) 
PARAMETRIC_REPRESENTATION_CONTEXT() REPRESENTATION_CONTEXT('2D SPACE',''
  ) );
#12968 = ORIENTED_EDGE('',*,*,#7165,.F.);
#12969 = ADVANCED_FACE('',(#12970),#7232,.F.);
#12970 = FACE_BOUND('',#12971,.T.);
#12971 = EDGE_LOOP('',(#12972,#12995,#13023,#13044));
#12972 = ORIENTED_EDGE('',*,*,#12973,.F.);
#12973 = EDGE_CURVE('',#12974,#7194,#12976,.T.);
#12974 = VERTEX_POINT('',#12975);
#12975 = CARTESIAN_POINT('',(21.75,18.8,98.5));
#12976 = SURFACE_CURVE('',#12977,(#12981,#12988),.PCURVE_S1.);
#12977 = LINE('',#12978,#12979);
#12978 = CARTESIAN_POINT('',(21.75,18.8,98.5));
#12979 = VECTOR('',#12980,1.);
#12980 = DIRECTION('',(-1.,-0.,-0.));
#12981 = PCURVE('',#7232,#12982);
#12982 = DEFINITIONAL_REPRESENTATION('',(#12983),#12987);
#12983 = LINE('',#12984,#12985);
#12984 = CARTESIAN_POINT('',(-0.,-0.));
#12985 = VECTOR('',#12986,1.);
#12986 = DIRECTION('',(-0.,1.));
#12987 = ( GEOMETRIC_REPRESENTATION_CONTEXT(2) 
PARAMETRIC_REPRESENTATION_CONTEXT() REPRESENTATION_CONTEXT('2D SPACE',''
  ) );
#12988 = PCURVE('',#12698,#12989);
#12989 = DEFINITIONAL_REPRESENTATION('',(#12990),#12994);
#12990 = LINE('',#12991,#12992);
#12991 = CARTESIAN_POINT('',(0.,-0.));
#12992 = VECTOR('',#12993,1.);
#12993 = DIRECTION('',(-1.,0.));
#12994 = ( GEOMETRIC_REPRESENTATION_CONTEXT(2) 
PARAMETRIC_REPRESENTATION_CONTEXT() REPRESENTATION_CONTEXT('2D SPACE',''
  ) );
#12995 = ORIENTED_EDGE('',*,*,#12996,.T.);
#12996 = EDGE_CURVE('',#12974,#12997,#12999,.T.);
#12997 = VERTEX_POINT('',#12998);
#12998 = CARTESIAN_POINT('',(21.75,18.8,101.5));
#12999 = SURFACE_CURVE('',#13000,(#13004,#13011),.PCURVE_S1.);
#13000 = LINE('',#13001,#13002);
#13001 = CARTESIAN_POINT('',(21.75,18.8,98.5));
#13002 = VECTOR('',#13003,1.);
#13003 = DIRECTION('',(-0.,-0.,1.));
#13004 = PCURVE('',#7232,#13005);
#13005 = DEFINITIONAL_REPRESENTATION('',(#13006),#13010);
#13006 = LINE('',#13007,#13008);
#13007 = CARTESIAN_POINT('',(-0.,-0.));
#13008 = VECTOR('',#13009,1.);
#13009 = DIRECTION('',(-1.,0.));
#13010 = ( GEOMETRIC_REPRESENTATION_CONTEXT(2) 
PARAMETRIC_REPRESENTATION_CONTEXT() REPRESENTATION_CONTEXT('2D SPACE',''
  ) );
#13011 = PCURVE('',#13012,#13017);
#13012 = PLANE('',#13013);
#13013 = AXIS2_PLACEMENT_3D('',#13014,#13015,#13016);
#13014 = CARTESIAN_POINT('',(21.75,18.8,98.5));
#13015 = DIRECTION('',(-1.,-0.,-0.));
#13016 = DIRECTION('',(0.,0.,-1.));
#13017 = DEFINITIONAL_REPRESENTATION('',(#13018),#13022);
#13018 = LINE('',#13019,#13020);
#13019 = CARTESIAN_POINT('',(-0.,-0.));
#13020 = VECTOR('',#13021,1.);
#13021 = DIRECTION('',(-1.,-0.));
#13022 = ( GEOMETRIC_REPRESENTATION_CONTEXT(2) 
PARAMETRIC_REPRESENTATION_CONTEXT() REPRESENTATION_CONTEXT('2D SPACE',''
  ) );
#13023 = ORIENTED_EDGE('',*,*,#13024,.T.);
#13024 = EDGE_CURVE('',#12997,#7217,#13025,.T.);
#13025 = SURFACE_CURVE('',#13026,(#13030,#13037),.PCURVE_S1.);
#13026 = LINE('',#13027,#13028);
#13027 = CARTESIAN_POINT('',(21.75,18.8,101.5));
#13028 = VECTOR('',#13029,1.);
#13029 = DIRECTION('',(-1.,-0.,-0.));
#13030 = PCURVE('',#7232,#13031);
#13031 = DEFINITIONAL_REPRESENTATION('',(#13032),#13036);
#13032 = LINE('',#13033,#13034);
#13033 = CARTESIAN_POINT('',(-3.,-0.));
#13034 = VECTOR('',#13035,1.);
#13035 = DIRECTION('',(-0.,1.));
#13036 = ( GEOMETRIC_REPRESENTATION_CONTEXT(2) 
PARAMETRIC_REPRESENTATION_CONTEXT() REPRESENTATION_CONTEXT('2D SPACE',''
  ) );
#13037 = PCURVE('',#12753,#13038);
#13038 = DEFINITIONAL_REPRESENTATION('',(#13039),#13043);
#13039 = LINE('',#13040,#13041);
#13040 = CARTESIAN_POINT('',(0.,-0.));
#13041 = VECTOR('',#13042,1.);
#13042 = DIRECTION('',(-1.,0.));
#13043 = ( GEOMETRIC_REPRESENTATION_CONTEXT(2) 
PARAMETRIC_REPRESENTATION_CONTEXT() REPRESENTATION_CONTEXT('2D SPACE',''
  ) );
#13044 = ORIENTED_EDGE('',*,*,#7216,.F.);
#13045 = ADVANCED_FACE('',(#13046),#7356,.T.);
#13046 = FACE_BOUND('',#13047,.F.);
#13047 = EDGE_LOOP('',(#13048,#13049,#13050,#13051));
#13048 = ORIENTED_EDGE('',*,*,#7396,.F.);
#13049 = ORIENTED_EDGE('',*,*,#7342,.F.);
#13050 = ORIENTED_EDGE('',*,*,#7613,.T.);
#13051 = ORIENTED_EDGE('',*,*,#13052,.T.);
#13052 = EDGE_CURVE('',#7614,#7397,#13053,.T.);
#13053 = SURFACE_CURVE('',#13054,(#13058,#13065),.PCURVE_S1.);
#13054 = LINE('',#13055,#13056);
#13055 = CARTESIAN_POINT('',(21.75,18.8,28.5));
#13056 = VECTOR('',#13057,1.);
#13057 = DIRECTION('',(-1.,-0.,-0.));
#13058 = PCURVE('',#7356,#13059);
#13059 = DEFINITIONAL_REPRESENTATION('',(#13060),#13064);
#13060 = LINE('',#13061,#13062);
#13061 = CARTESIAN_POINT('',(-3.5,-0.5));
#13062 = VECTOR('',#13063,1.);
#13063 = DIRECTION('',(-0.,1.));
#13064 = ( GEOMETRIC_REPRESENTATION_CONTEXT(2) 
PARAMETRIC_REPRESENTATION_CONTEXT() REPRESENTATION_CONTEXT('2D SPACE',''
  ) );
#13065 = PCURVE('',#13066,#13071);
#13066 = PLANE('',#13067);
#13067 = AXIS2_PLACEMENT_3D('',#13068,#13069,#13070);
#13068 = CARTESIAN_POINT('',(21.75,18.8,28.5));
#13069 = DIRECTION('',(-0.,-0.,1.));
#13070 = DIRECTION('',(1.,0.,0.));
#13071 = DEFINITIONAL_REPRESENTATION('',(#13072),#13076);
#13072 = LINE('',#13073,#13074);
#13073 = CARTESIAN_POINT('',(0.,-0.));
#13074 = VECTOR('',#13075,1.);
#13075 = DIRECTION('',(-1.,0.));
#13076 = ( GEOMETRIC_REPRESENTATION_CONTEXT(2) 
PARAMETRIC_REPRESENTATION_CONTEXT() REPRESENTATION_CONTEXT('2D SPACE',''
  ) );
#13077 = ADVANCED_FACE('',(#13078),#7435,.F.);
#13078 = FACE_BOUND('',#13079,.T.);
#13079 = EDGE_LOOP('',(#13080,#13103,#13104,#13132));
#13080 = ORIENTED_EDGE('',*,*,#13081,.F.);
#13081 = EDGE_CURVE('',#7397,#13082,#13084,.T.);
#13082 = VERTEX_POINT('',#13083);
#13083 = CARTESIAN_POINT('',(19.75,18.8,28.5));
#13084 = SURFACE_CURVE('',#13085,(#13089,#13096),.PCURVE_S1.);
#13085 = LINE('',#13086,#13087);
#13086 = CARTESIAN_POINT('',(21.75,18.8,28.5));
#13087 = VECTOR('',#13088,1.);
#13088 = DIRECTION('',(-1.,-0.,-0.));
#13089 = PCURVE('',#7435,#13090);
#13090 = DEFINITIONAL_REPRESENTATION('',(#13091),#13095);
#13091 = LINE('',#13092,#13093);
#13092 = CARTESIAN_POINT('',(-0.,-0.));
#13093 = VECTOR('',#13094,1.);
#13094 = DIRECTION('',(-0.,1.));
#13095 = ( GEOMETRIC_REPRESENTATION_CONTEXT(2) 
PARAMETRIC_REPRESENTATION_CONTEXT() REPRESENTATION_CONTEXT('2D SPACE',''
  ) );
#13096 = PCURVE('',#13066,#13097);
#13097 = DEFINITIONAL_REPRESENTATION('',(#13098),#13102);
#13098 = LINE('',#13099,#13100);
#13099 = CARTESIAN_POINT('',(0.,-0.));
#13100 = VECTOR('',#13101,1.);
#13101 = DIRECTION('',(-1.,0.));
#13102 = ( GEOMETRIC_REPRESENTATION_CONTEXT(2) 
PARAMETRIC_REPRESENTATION_CONTEXT() REPRESENTATION_CONTEXT('2D SPACE',''
  ) );
#13103 = ORIENTED_EDGE('',*,*,#7419,.T.);
#13104 = ORIENTED_EDGE('',*,*,#13105,.T.);
#13105 = EDGE_CURVE('',#7420,#13106,#13108,.T.);
#13106 = VERTEX_POINT('',#13107);
#13107 = CARTESIAN_POINT('',(19.75,18.8,31.5));
#13108 = SURFACE_CURVE('',#13109,(#13113,#13120),.PCURVE_S1.);
#13109 = LINE('',#13110,#13111);
#13110 = CARTESIAN_POINT('',(21.75,18.8,31.5));
#13111 = VECTOR('',#13112,1.);
#13112 = DIRECTION('',(-1.,-0.,-0.));
#13113 = PCURVE('',#7435,#13114);
#13114 = DEFINITIONAL_REPRESENTATION('',(#13115),#13119);
#13115 = LINE('',#13116,#13117);
#13116 = CARTESIAN_POINT('',(-3.,-0.));
#13117 = VECTOR('',#13118,1.);
#13118 = DIRECTION('',(-0.,1.));
#13119 = ( GEOMETRIC_REPRESENTATION_CONTEXT(2) 
PARAMETRIC_REPRESENTATION_CONTEXT() REPRESENTATION_CONTEXT('2D SPACE',''
  ) );
#13120 = PCURVE('',#13121,#13126);
#13121 = PLANE('',#13122);
#13122 = AXIS2_PLACEMENT_3D('',#13123,#13124,#13125);
#13123 = CARTESIAN_POINT('',(21.75,18.8,31.5));
#13124 = DIRECTION('',(-0.,-0.,1.));
#13125 = DIRECTION('',(1.,0.,0.));
#13126 = DEFINITIONAL_REPRESENTATION('',(#13127),#13131);
#13127 = LINE('',#13128,#13129);
#13128 = CARTESIAN_POINT('',(0.,-0.));
#13129 = VECTOR('',#13130,1.);
#13130 = DIRECTION('',(-1.,0.));
#13131 = ( GEOMETRIC_REPRESENTATION_CONTEXT(2) 
PARAMETRIC_REPRESENTATION_CONTEXT() REPRESENTATION_CONTEXT('2D SPACE',''
  ) );
#13132 = ORIENTED_EDGE('',*,*,#13133,.F.);
#13133 = EDGE_CURVE('',#13082,#13106,#13134,.T.);
#13134 = SURFACE_CURVE('',#13135,(#13139,#13146),.PCURVE_S1.);
#13135 = LINE('',#13136,#13137);
#13136 = CARTESIAN_POINT('',(19.75,18.8,28.5));
#13137 = VECTOR('',#13138,1.);
#13138 = DIRECTION('',(-0.,-0.,1.));
#13139 = PCURVE('',#7435,#13140);
#13140 = DEFINITIONAL_REPRESENTATION('',(#13141),#13145);
#13141 = LINE('',#13142,#13143);
#13142 = CARTESIAN_POINT('',(-0.,2.));
#13143 = VECTOR('',#13144,1.);
#13144 = DIRECTION('',(-1.,0.));
#13145 = ( GEOMETRIC_REPRESENTATION_CONTEXT(2) 
PARAMETRIC_REPRESENTATION_CONTEXT() REPRESENTATION_CONTEXT('2D SPACE',''
  ) );
#13146 = PCURVE('',#13147,#13152);
#13147 = PLANE('',#13148);
#13148 = AXIS2_PLACEMENT_3D('',#13149,#13150,#13151);
#13149 = CARTESIAN_POINT('',(19.75,18.8,28.5));
#13150 = DIRECTION('',(-1.,-0.,-0.));
#13151 = DIRECTION('',(0.,0.,-1.));
#13152 = DEFINITIONAL_REPRESENTATION('',(#13153),#13157);
#13153 = LINE('',#13154,#13155);
#13154 = CARTESIAN_POINT('',(-0.,-0.));
#13155 = VECTOR('',#13156,1.);
#13156 = DIRECTION('',(-1.,-0.));
#13157 = ( GEOMETRIC_REPRESENTATION_CONTEXT(2) 
PARAMETRIC_REPRESENTATION_CONTEXT() REPRESENTATION_CONTEXT('2D SPACE',''
  ) );
#13158 = ADVANCED_FACE('',(#13159),#7463,.T.);
#13159 = FACE_BOUND('',#13160,.F.);
#13160 = EDGE_LOOP('',(#13161,#13162,#13183,#13184));
#13161 = ORIENTED_EDGE('',*,*,#7447,.F.);
#13162 = ORIENTED_EDGE('',*,*,#13163,.F.);
#13163 = EDGE_CURVE('',#7637,#7420,#13164,.T.);
#13164 = SURFACE_CURVE('',#13165,(#13169,#13176),.PCURVE_S1.);
#13165 = LINE('',#13166,#13167);
#13166 = CARTESIAN_POINT('',(21.75,18.8,31.5));
#13167 = VECTOR('',#13168,1.);
#13168 = DIRECTION('',(-1.,-0.,-0.));
#13169 = PCURVE('',#7463,#13170);
#13170 = DEFINITIONAL_REPRESENTATION('',(#13171),#13175);
#13171 = LINE('',#13172,#13173);
#13172 = CARTESIAN_POINT('',(-6.5,-0.5));
#13173 = VECTOR('',#13174,1.);
#13174 = DIRECTION('',(-0.,1.));
#13175 = ( GEOMETRIC_REPRESENTATION_CONTEXT(2) 
PARAMETRIC_REPRESENTATION_CONTEXT() REPRESENTATION_CONTEXT('2D SPACE',''
  ) );
#13176 = PCURVE('',#13121,#13177);
#13177 = DEFINITIONAL_REPRESENTATION('',(#13178),#13182);
#13178 = LINE('',#13179,#13180);
#13179 = CARTESIAN_POINT('',(0.,-0.));
#13180 = VECTOR('',#13181,1.);
#13181 = DIRECTION('',(-1.,0.));
#13182 = ( GEOMETRIC_REPRESENTATION_CONTEXT(2) 
PARAMETRIC_REPRESENTATION_CONTEXT() REPRESENTATION_CONTEXT('2D SPACE',''
  ) );
#13183 = ORIENTED_EDGE('',*,*,#7664,.T.);
#13184 = ORIENTED_EDGE('',*,*,#13185,.T.);
#13185 = EDGE_CURVE('',#7665,#7448,#13186,.T.);
#13186 = SURFACE_CURVE('',#13187,(#13191,#13198),.PCURVE_S1.);
#13187 = LINE('',#13188,#13189);
#13188 = CARTESIAN_POINT('',(21.75,18.8,38.5));
#13189 = VECTOR('',#13190,1.);
#13190 = DIRECTION('',(-1.,-0.,-0.));
#13191 = PCURVE('',#7463,#13192);
#13192 = DEFINITIONAL_REPRESENTATION('',(#13193),#13197);
#13193 = LINE('',#13194,#13195);
#13194 = CARTESIAN_POINT('',(-13.5,-0.5));
#13195 = VECTOR('',#13196,1.);
#13196 = DIRECTION('',(-0.,1.));
#13197 = ( GEOMETRIC_REPRESENTATION_CONTEXT(2) 
PARAMETRIC_REPRESENTATION_CONTEXT() REPRESENTATION_CONTEXT('2D SPACE',''
  ) );
#13198 = PCURVE('',#13199,#13204);
#13199 = PLANE('',#13200);
#13200 = AXIS2_PLACEMENT_3D('',#13201,#13202,#13203);
#13201 = CARTESIAN_POINT('',(21.75,18.8,38.5));
#13202 = DIRECTION('',(-0.,-0.,1.));
#13203 = DIRECTION('',(1.,0.,0.));
#13204 = DEFINITIONAL_REPRESENTATION('',(#13205),#13209);
#13205 = LINE('',#13206,#13207);
#13206 = CARTESIAN_POINT('',(0.,-0.));
#13207 = VECTOR('',#13208,1.);
#13208 = DIRECTION('',(-1.,0.));
#13209 = ( GEOMETRIC_REPRESENTATION_CONTEXT(2) 
PARAMETRIC_REPRESENTATION_CONTEXT() REPRESENTATION_CONTEXT('2D SPACE',''
  ) );
#13210 = ADVANCED_FACE('',(#13211),#7491,.F.);
#13211 = FACE_BOUND('',#13212,.T.);
#13212 = EDGE_LOOP('',(#13213,#13236,#13237,#13265));
#13213 = ORIENTED_EDGE('',*,*,#13214,.F.);
#13214 = EDGE_CURVE('',#7448,#13215,#13217,.T.);
#13215 = VERTEX_POINT('',#13216);
#13216 = CARTESIAN_POINT('',(19.75,18.8,38.5));
#13217 = SURFACE_CURVE('',#13218,(#13222,#13229),.PCURVE_S1.);
#13218 = LINE('',#13219,#13220);
#13219 = CARTESIAN_POINT('',(21.75,18.8,38.5));
#13220 = VECTOR('',#13221,1.);
#13221 = DIRECTION('',(-1.,-0.,-0.));
#13222 = PCURVE('',#7491,#13223);
#13223 = DEFINITIONAL_REPRESENTATION('',(#13224),#13228);
#13224 = LINE('',#13225,#13226);
#13225 = CARTESIAN_POINT('',(-0.,-0.));
#13226 = VECTOR('',#13227,1.);
#13227 = DIRECTION('',(-0.,1.));
#13228 = ( GEOMETRIC_REPRESENTATION_CONTEXT(2) 
PARAMETRIC_REPRESENTATION_CONTEXT() REPRESENTATION_CONTEXT('2D SPACE',''
  ) );
#13229 = PCURVE('',#13199,#13230);
#13230 = DEFINITIONAL_REPRESENTATION('',(#13231),#13235);
#13231 = LINE('',#13232,#13233);
#13232 = CARTESIAN_POINT('',(0.,-0.));
#13233 = VECTOR('',#13234,1.);
#13234 = DIRECTION('',(-1.,0.));
#13235 = ( GEOMETRIC_REPRESENTATION_CONTEXT(2) 
PARAMETRIC_REPRESENTATION_CONTEXT() REPRESENTATION_CONTEXT('2D SPACE',''
  ) );
#13236 = ORIENTED_EDGE('',*,*,#7475,.T.);
#13237 = ORIENTED_EDGE('',*,*,#13238,.T.);
#13238 = EDGE_CURVE('',#7476,#13239,#13241,.T.);
#13239 = VERTEX_POINT('',#13240);
#13240 = CARTESIAN_POINT('',(19.75,18.8,41.5));
#13241 = SURFACE_CURVE('',#13242,(#13246,#13253),.PCURVE_S1.);
#13242 = LINE('',#13243,#13244);
#13243 = CARTESIAN_POINT('',(21.75,18.8,41.5));
#13244 = VECTOR('',#13245,1.);
#13245 = DIRECTION('',(-1.,-0.,-0.));
#13246 = PCURVE('',#7491,#13247);
#13247 = DEFINITIONAL_REPRESENTATION('',(#13248),#13252);
#13248 = LINE('',#13249,#13250);
#13249 = CARTESIAN_POINT('',(-3.,-0.));
#13250 = VECTOR('',#13251,1.);
#13251 = DIRECTION('',(-0.,1.));
#13252 = ( GEOMETRIC_REPRESENTATION_CONTEXT(2) 
PARAMETRIC_REPRESENTATION_CONTEXT() REPRESENTATION_CONTEXT('2D SPACE',''
  ) );
#13253 = PCURVE('',#13254,#13259);
#13254 = PLANE('',#13255);
#13255 = AXIS2_PLACEMENT_3D('',#13256,#13257,#13258);
#13256 = CARTESIAN_POINT('',(21.75,18.8,41.5));
#13257 = DIRECTION('',(-0.,-0.,1.));
#13258 = DIRECTION('',(1.,0.,0.));
#13259 = DEFINITIONAL_REPRESENTATION('',(#13260),#13264);
#13260 = LINE('',#13261,#13262);
#13261 = CARTESIAN_POINT('',(0.,-0.));
#13262 = VECTOR('',#13263,1.);
#13263 = DIRECTION('',(-1.,0.));
#13264 = ( GEOMETRIC_REPRESENTATION_CONTEXT(2) 
PARAMETRIC_REPRESENTATION_CONTEXT() REPRESENTATION_CONTEXT('2D SPACE',''
  ) );
#13265 = ORIENTED_EDGE('',*,*,#13266,.F.);
#13266 = EDGE_CURVE('',#13215,#13239,#13267,.T.);
#13267 = SURFACE_CURVE('',#13268,(#13272,#13279),.PCURVE_S1.);
#13268 = LINE('',#13269,#13270);
#13269 = CARTESIAN_POINT('',(19.75,18.8,38.5));
#13270 = VECTOR('',#13271,1.);
#13271 = DIRECTION('',(-0.,-0.,1.));
#13272 = PCURVE('',#7491,#13273);
#13273 = DEFINITIONAL_REPRESENTATION('',(#13274),#13278);
#13274 = LINE('',#13275,#13276);
#13275 = CARTESIAN_POINT('',(-0.,2.));
#13276 = VECTOR('',#13277,1.);
#13277 = DIRECTION('',(-1.,0.));
#13278 = ( GEOMETRIC_REPRESENTATION_CONTEXT(2) 
PARAMETRIC_REPRESENTATION_CONTEXT() REPRESENTATION_CONTEXT('2D SPACE',''
  ) );
#13279 = PCURVE('',#13280,#13285);
#13280 = PLANE('',#13281);
#13281 = AXIS2_PLACEMENT_3D('',#13282,#13283,#13284);
#13282 = CARTESIAN_POINT('',(19.75,18.8,38.5));
#13283 = DIRECTION('',(-1.,-0.,-0.));
#13284 = DIRECTION('',(0.,0.,-1.));
#13285 = DEFINITIONAL_REPRESENTATION('',(#13286),#13290);
#13286 = LINE('',#13287,#13288);
#13287 = CARTESIAN_POINT('',(-0.,-0.));
#13288 = VECTOR('',#13289,1.);
#13289 = DIRECTION('',(-1.,-0.));
#13290 = ( GEOMETRIC_REPRESENTATION_CONTEXT(2) 
PARAMETRIC_REPRESENTATION_CONTEXT() REPRESENTATION_CONTEXT('2D SPACE',''
  ) );
#13291 = ADVANCED_FACE('',(#13292),#7519,.T.);
#13292 = FACE_BOUND('',#13293,.F.);
#13293 = EDGE_LOOP('',(#13294,#13295,#13316,#13317));
#13294 = ORIENTED_EDGE('',*,*,#7503,.F.);
#13295 = ORIENTED_EDGE('',*,*,#13296,.F.);
#13296 = EDGE_CURVE('',#7688,#7476,#13297,.T.);
#13297 = SURFACE_CURVE('',#13298,(#13302,#13309),.PCURVE_S1.);
#13298 = LINE('',#13299,#13300);
#13299 = CARTESIAN_POINT('',(21.75,18.8,41.5));
#13300 = VECTOR('',#13301,1.);
#13301 = DIRECTION('',(-1.,-0.,-0.));
#13302 = PCURVE('',#7519,#13303);
#13303 = DEFINITIONAL_REPRESENTATION('',(#13304),#13308);
#13304 = LINE('',#13305,#13306);
#13305 = CARTESIAN_POINT('',(-16.5,-0.5));
#13306 = VECTOR('',#13307,1.);
#13307 = DIRECTION('',(-0.,1.));
#13308 = ( GEOMETRIC_REPRESENTATION_CONTEXT(2) 
PARAMETRIC_REPRESENTATION_CONTEXT() REPRESENTATION_CONTEXT('2D SPACE',''
  ) );
#13309 = PCURVE('',#13254,#13310);
#13310 = DEFINITIONAL_REPRESENTATION('',(#13311),#13315);
#13311 = LINE('',#13312,#13313);
#13312 = CARTESIAN_POINT('',(0.,-0.));
#13313 = VECTOR('',#13314,1.);
#13314 = DIRECTION('',(-1.,0.));
#13315 = ( GEOMETRIC_REPRESENTATION_CONTEXT(2) 
PARAMETRIC_REPRESENTATION_CONTEXT() REPRESENTATION_CONTEXT('2D SPACE',''
  ) );
#13316 = ORIENTED_EDGE('',*,*,#7715,.T.);
#13317 = ORIENTED_EDGE('',*,*,#13318,.T.);
#13318 = EDGE_CURVE('',#7716,#7504,#13319,.T.);
#13319 = SURFACE_CURVE('',#13320,(#13324,#13331),.PCURVE_S1.);
#13320 = LINE('',#13321,#13322);
#13321 = CARTESIAN_POINT('',(21.75,18.8,48.5));
#13322 = VECTOR('',#13323,1.);
#13323 = DIRECTION('',(-1.,-0.,-0.));
#13324 = PCURVE('',#7519,#13325);
#13325 = DEFINITIONAL_REPRESENTATION('',(#13326),#13330);
#13326 = LINE('',#13327,#13328);
#13327 = CARTESIAN_POINT('',(-23.5,-0.5));
#13328 = VECTOR('',#13329,1.);
#13329 = DIRECTION('',(-0.,1.));
#13330 = ( GEOMETRIC_REPRESENTATION_CONTEXT(2) 
PARAMETRIC_REPRESENTATION_CONTEXT() REPRESENTATION_CONTEXT('2D SPACE',''
  ) );
#13331 = PCURVE('',#13332,#13337);
#13332 = PLANE('',#13333);
#13333 = AXIS2_PLACEMENT_3D('',#13334,#13335,#13336);
#13334 = CARTESIAN_POINT('',(21.75,18.8,48.5));
#13335 = DIRECTION('',(-0.,-0.,1.));
#13336 = DIRECTION('',(1.,0.,0.));
#13337 = DEFINITIONAL_REPRESENTATION('',(#13338),#13342);
#13338 = LINE('',#13339,#13340);
#13339 = CARTESIAN_POINT('',(0.,-0.));
#13340 = VECTOR('',#13341,1.);
#13341 = DIRECTION('',(-1.,0.));
#13342 = ( GEOMETRIC_REPRESENTATION_CONTEXT(2) 
PARAMETRIC_REPRESENTATION_CONTEXT() REPRESENTATION_CONTEXT('2D SPACE',''
  ) );
#13343 = ADVANCED_FACE('',(#13344),#7547,.F.);
#13344 = FACE_BOUND('',#13345,.T.);
#13345 = EDGE_LOOP('',(#13346,#13369,#13370,#13398));
#13346 = ORIENTED_EDGE('',*,*,#13347,.F.);
#13347 = EDGE_CURVE('',#7504,#13348,#13350,.T.);
#13348 = VERTEX_POINT('',#13349);
#13349 = CARTESIAN_POINT('',(19.75,18.8,48.5));
#13350 = SURFACE_CURVE('',#13351,(#13355,#13362),.PCURVE_S1.);
#13351 = LINE('',#13352,#13353);
#13352 = CARTESIAN_POINT('',(21.75,18.8,48.5));
#13353 = VECTOR('',#13354,1.);
#13354 = DIRECTION('',(-1.,-0.,-0.));
#13355 = PCURVE('',#7547,#13356);
#13356 = DEFINITIONAL_REPRESENTATION('',(#13357),#13361);
#13357 = LINE('',#13358,#13359);
#13358 = CARTESIAN_POINT('',(-0.,-0.));
#13359 = VECTOR('',#13360,1.);
#13360 = DIRECTION('',(-0.,1.));
#13361 = ( GEOMETRIC_REPRESENTATION_CONTEXT(2) 
PARAMETRIC_REPRESENTATION_CONTEXT() REPRESENTATION_CONTEXT('2D SPACE',''
  ) );
#13362 = PCURVE('',#13332,#13363);
#13363 = DEFINITIONAL_REPRESENTATION('',(#13364),#13368);
#13364 = LINE('',#13365,#13366);
#13365 = CARTESIAN_POINT('',(0.,-0.));
#13366 = VECTOR('',#13367,1.);
#13367 = DIRECTION('',(-1.,0.));
#13368 = ( GEOMETRIC_REPRESENTATION_CONTEXT(2) 
PARAMETRIC_REPRESENTATION_CONTEXT() REPRESENTATION_CONTEXT('2D SPACE',''
  ) );
#13369 = ORIENTED_EDGE('',*,*,#7531,.T.);
#13370 = ORIENTED_EDGE('',*,*,#13371,.T.);
#13371 = EDGE_CURVE('',#7532,#13372,#13374,.T.);
#13372 = VERTEX_POINT('',#13373);
#13373 = CARTESIAN_POINT('',(19.75,18.8,51.5));
#13374 = SURFACE_CURVE('',#13375,(#13379,#13386),.PCURVE_S1.);
#13375 = LINE('',#13376,#13377);
#13376 = CARTESIAN_POINT('',(21.75,18.8,51.5));
#13377 = VECTOR('',#13378,1.);
#13378 = DIRECTION('',(-1.,-0.,-0.));
#13379 = PCURVE('',#7547,#13380);
#13380 = DEFINITIONAL_REPRESENTATION('',(#13381),#13385);
#13381 = LINE('',#13382,#13383);
#13382 = CARTESIAN_POINT('',(-3.,-0.));
#13383 = VECTOR('',#13384,1.);
#13384 = DIRECTION('',(-0.,1.));
#13385 = ( GEOMETRIC_REPRESENTATION_CONTEXT(2) 
PARAMETRIC_REPRESENTATION_CONTEXT() REPRESENTATION_CONTEXT('2D SPACE',''
  ) );
#13386 = PCURVE('',#13387,#13392);
#13387 = PLANE('',#13388);
#13388 = AXIS2_PLACEMENT_3D('',#13389,#13390,#13391);
#13389 = CARTESIAN_POINT('',(21.75,18.8,51.5));
#13390 = DIRECTION('',(-0.,-0.,1.));
#13391 = DIRECTION('',(1.,0.,0.));
#13392 = DEFINITIONAL_REPRESENTATION('',(#13393),#13397);
#13393 = LINE('',#13394,#13395);
#13394 = CARTESIAN_POINT('',(0.,-0.));
#13395 = VECTOR('',#13396,1.);
#13396 = DIRECTION('',(-1.,0.));
#13397 = ( GEOMETRIC_REPRESENTATION_CONTEXT(2) 
PARAMETRIC_REPRESENTATION_CONTEXT() REPRESENTATION_CONTEXT('2D SPACE',''
  ) );
#13398 = ORIENTED_EDGE('',*,*,#13399,.F.);
#13399 = EDGE_CURVE('',#13348,#13372,#13400,.T.);
#13400 = SURFACE_CURVE('',#13401,(#13405,#13412),.PCURVE_S1.);
#13401 = LINE('',#13402,#13403);
#13402 = CARTESIAN_POINT('',(19.75,18.8,48.5));
#13403 = VECTOR('',#13404,1.);
#13404 = DIRECTION('',(-0.,-0.,1.));
#13405 = PCURVE('',#7547,#13406);
#13406 = DEFINITIONAL_REPRESENTATION('',(#13407),#13411);
#13407 = LINE('',#13408,#13409);
#13408 = CARTESIAN_POINT('',(-0.,2.));
#13409 = VECTOR('',#13410,1.);
#13410 = DIRECTION('',(-1.,0.));
#13411 = ( GEOMETRIC_REPRESENTATION_CONTEXT(2) 
PARAMETRIC_REPRESENTATION_CONTEXT() REPRESENTATION_CONTEXT('2D SPACE',''
  ) );
#13412 = PCURVE('',#13413,#13418);
#13413 = PLANE('',#13414);
#13414 = AXIS2_PLACEMENT_3D('',#13415,#13416,#13417);
#13415 = CARTESIAN_POINT('',(19.75,18.8,48.5));
#13416 = DIRECTION('',(-1.,-0.,-0.));
#13417 = DIRECTION('',(0.,0.,-1.));
#13418 = DEFINITIONAL_REPRESENTATION('',(#13419),#13423);
#13419 = LINE('',#13420,#13421);
#13420 = CARTESIAN_POINT('',(-0.,-0.));
#13421 = VECTOR('',#13422,1.);
#13422 = DIRECTION('',(-1.,-0.));
#13423 = ( GEOMETRIC_REPRESENTATION_CONTEXT(2) 
PARAMETRIC_REPRESENTATION_CONTEXT() REPRESENTATION_CONTEXT('2D SPACE',''
  ) );
#13424 = ADVANCED_FACE('',(#13425),#7573,.T.);
#13425 = FACE_BOUND('',#13426,.F.);
#13426 = EDGE_LOOP('',(#13427,#13428,#13449,#13450));
#13427 = ORIENTED_EDGE('',*,*,#7559,.F.);
#13428 = ORIENTED_EDGE('',*,*,#13429,.F.);
#13429 = EDGE_CURVE('',#7739,#7532,#13430,.T.);
#13430 = SURFACE_CURVE('',#13431,(#13435,#13442),.PCURVE_S1.);
#13431 = LINE('',#13432,#13433);
#13432 = CARTESIAN_POINT('',(21.75,18.8,51.5));
#13433 = VECTOR('',#13434,1.);
#13434 = DIRECTION('',(-1.,-0.,-0.));
#13435 = PCURVE('',#7573,#13436);
#13436 = DEFINITIONAL_REPRESENTATION('',(#13437),#13441);
#13437 = LINE('',#13438,#13439);
#13438 = CARTESIAN_POINT('',(-26.5,-0.5));
#13439 = VECTOR('',#13440,1.);
#13440 = DIRECTION('',(-0.,1.));
#13441 = ( GEOMETRIC_REPRESENTATION_CONTEXT(2) 
PARAMETRIC_REPRESENTATION_CONTEXT() REPRESENTATION_CONTEXT('2D SPACE',''
  ) );
#13442 = PCURVE('',#13387,#13443);
#13443 = DEFINITIONAL_REPRESENTATION('',(#13444),#13448);
#13444 = LINE('',#13445,#13446);
#13445 = CARTESIAN_POINT('',(0.,-0.));
#13446 = VECTOR('',#13447,1.);
#13447 = DIRECTION('',(-1.,0.));
#13448 = ( GEOMETRIC_REPRESENTATION_CONTEXT(2) 
PARAMETRIC_REPRESENTATION_CONTEXT() REPRESENTATION_CONTEXT('2D SPACE',''
  ) );
#13449 = ORIENTED_EDGE('',*,*,#7766,.T.);
#13450 = ORIENTED_EDGE('',*,*,#7793,.T.);
#13451 = ADVANCED_FACE('',(#13452),#7652,.F.);
#13452 = FACE_BOUND('',#13453,.T.);
#13453 = EDGE_LOOP('',(#13454,#13477,#13505,#13526));
#13454 = ORIENTED_EDGE('',*,*,#13455,.F.);
#13455 = EDGE_CURVE('',#13456,#7614,#13458,.T.);
#13456 = VERTEX_POINT('',#13457);
#13457 = CARTESIAN_POINT('',(21.75,18.8,28.5));
#13458 = SURFACE_CURVE('',#13459,(#13463,#13470),.PCURVE_S1.);
#13459 = LINE('',#13460,#13461);
#13460 = CARTESIAN_POINT('',(21.75,18.8,28.5));
#13461 = VECTOR('',#13462,1.);
#13462 = DIRECTION('',(-1.,-0.,-0.));
#13463 = PCURVE('',#7652,#13464);
#13464 = DEFINITIONAL_REPRESENTATION('',(#13465),#13469);
#13465 = LINE('',#13466,#13467);
#13466 = CARTESIAN_POINT('',(-0.,-0.));
#13467 = VECTOR('',#13468,1.);
#13468 = DIRECTION('',(-0.,1.));
#13469 = ( GEOMETRIC_REPRESENTATION_CONTEXT(2) 
PARAMETRIC_REPRESENTATION_CONTEXT() REPRESENTATION_CONTEXT('2D SPACE',''
  ) );
#13470 = PCURVE('',#13066,#13471);
#13471 = DEFINITIONAL_REPRESENTATION('',(#13472),#13476);
#13472 = LINE('',#13473,#13474);
#13473 = CARTESIAN_POINT('',(0.,-0.));
#13474 = VECTOR('',#13475,1.);
#13475 = DIRECTION('',(-1.,0.));
#13476 = ( GEOMETRIC_REPRESENTATION_CONTEXT(2) 
PARAMETRIC_REPRESENTATION_CONTEXT() REPRESENTATION_CONTEXT('2D SPACE',''
  ) );
#13477 = ORIENTED_EDGE('',*,*,#13478,.T.);
#13478 = EDGE_CURVE('',#13456,#13479,#13481,.T.);
#13479 = VERTEX_POINT('',#13480);
#13480 = CARTESIAN_POINT('',(21.75,18.8,31.5));
#13481 = SURFACE_CURVE('',#13482,(#13486,#13493),.PCURVE_S1.);
#13482 = LINE('',#13483,#13484);
#13483 = CARTESIAN_POINT('',(21.75,18.8,28.5));
#13484 = VECTOR('',#13485,1.);
#13485 = DIRECTION('',(-0.,-0.,1.));
#13486 = PCURVE('',#7652,#13487);
#13487 = DEFINITIONAL_REPRESENTATION('',(#13488),#13492);
#13488 = LINE('',#13489,#13490);
#13489 = CARTESIAN_POINT('',(-0.,-0.));
#13490 = VECTOR('',#13491,1.);
#13491 = DIRECTION('',(-1.,0.));
#13492 = ( GEOMETRIC_REPRESENTATION_CONTEXT(2) 
PARAMETRIC_REPRESENTATION_CONTEXT() REPRESENTATION_CONTEXT('2D SPACE',''
  ) );
#13493 = PCURVE('',#13494,#13499);
#13494 = PLANE('',#13495);
#13495 = AXIS2_PLACEMENT_3D('',#13496,#13497,#13498);
#13496 = CARTESIAN_POINT('',(21.75,18.8,28.5));
#13497 = DIRECTION('',(-1.,-0.,-0.));
#13498 = DIRECTION('',(0.,0.,-1.));
#13499 = DEFINITIONAL_REPRESENTATION('',(#13500),#13504);
#13500 = LINE('',#13501,#13502);
#13501 = CARTESIAN_POINT('',(-0.,-0.));
#13502 = VECTOR('',#13503,1.);
#13503 = DIRECTION('',(-1.,-0.));
#13504 = ( GEOMETRIC_REPRESENTATION_CONTEXT(2) 
PARAMETRIC_REPRESENTATION_CONTEXT() REPRESENTATION_CONTEXT('2D SPACE',''
  ) );
#13505 = ORIENTED_EDGE('',*,*,#13506,.T.);
#13506 = EDGE_CURVE('',#13479,#7637,#13507,.T.);
#13507 = SURFACE_CURVE('',#13508,(#13512,#13519),.PCURVE_S1.);
#13508 = LINE('',#13509,#13510);
#13509 = CARTESIAN_POINT('',(21.75,18.8,31.5));
#13510 = VECTOR('',#13511,1.);
#13511 = DIRECTION('',(-1.,-0.,-0.));
#13512 = PCURVE('',#7652,#13513);
#13513 = DEFINITIONAL_REPRESENTATION('',(#13514),#13518);
#13514 = LINE('',#13515,#13516);
#13515 = CARTESIAN_POINT('',(-3.,-0.));
#13516 = VECTOR('',#13517,1.);
#13517 = DIRECTION('',(-0.,1.));
#13518 = ( GEOMETRIC_REPRESENTATION_CONTEXT(2) 
PARAMETRIC_REPRESENTATION_CONTEXT() REPRESENTATION_CONTEXT('2D SPACE',''
  ) );
#13519 = PCURVE('',#13121,#13520);
#13520 = DEFINITIONAL_REPRESENTATION('',(#13521),#13525);
#13521 = LINE('',#13522,#13523);
#13522 = CARTESIAN_POINT('',(0.,-0.));
#13523 = VECTOR('',#13524,1.);
#13524 = DIRECTION('',(-1.,0.));
#13525 = ( GEOMETRIC_REPRESENTATION_CONTEXT(2) 
PARAMETRIC_REPRESENTATION_CONTEXT() REPRESENTATION_CONTEXT('2D SPACE',''
  ) );
#13526 = ORIENTED_EDGE('',*,*,#7636,.F.);
#13527 = ADVANCED_FACE('',(#13528),#7703,.F.);
#13528 = FACE_BOUND('',#13529,.T.);
#13529 = EDGE_LOOP('',(#13530,#13553,#13581,#13602));
#13530 = ORIENTED_EDGE('',*,*,#13531,.F.);
#13531 = EDGE_CURVE('',#13532,#7665,#13534,.T.);
#13532 = VERTEX_POINT('',#13533);
#13533 = CARTESIAN_POINT('',(21.75,18.8,38.5));
#13534 = SURFACE_CURVE('',#13535,(#13539,#13546),.PCURVE_S1.);
#13535 = LINE('',#13536,#13537);
#13536 = CARTESIAN_POINT('',(21.75,18.8,38.5));
#13537 = VECTOR('',#13538,1.);
#13538 = DIRECTION('',(-1.,-0.,-0.));
#13539 = PCURVE('',#7703,#13540);
#13540 = DEFINITIONAL_REPRESENTATION('',(#13541),#13545);
#13541 = LINE('',#13542,#13543);
#13542 = CARTESIAN_POINT('',(-0.,-0.));
#13543 = VECTOR('',#13544,1.);
#13544 = DIRECTION('',(-0.,1.));
#13545 = ( GEOMETRIC_REPRESENTATION_CONTEXT(2) 
PARAMETRIC_REPRESENTATION_CONTEXT() REPRESENTATION_CONTEXT('2D SPACE',''
  ) );
#13546 = PCURVE('',#13199,#13547);
#13547 = DEFINITIONAL_REPRESENTATION('',(#13548),#13552);
#13548 = LINE('',#13549,#13550);
#13549 = CARTESIAN_POINT('',(0.,-0.));
#13550 = VECTOR('',#13551,1.);
#13551 = DIRECTION('',(-1.,0.));
#13552 = ( GEOMETRIC_REPRESENTATION_CONTEXT(2) 
PARAMETRIC_REPRESENTATION_CONTEXT() REPRESENTATION_CONTEXT('2D SPACE',''
  ) );
#13553 = ORIENTED_EDGE('',*,*,#13554,.T.);
#13554 = EDGE_CURVE('',#13532,#13555,#13557,.T.);
#13555 = VERTEX_POINT('',#13556);
#13556 = CARTESIAN_POINT('',(21.75,18.8,41.5));
#13557 = SURFACE_CURVE('',#13558,(#13562,#13569),.PCURVE_S1.);
#13558 = LINE('',#13559,#13560);
#13559 = CARTESIAN_POINT('',(21.75,18.8,38.5));
#13560 = VECTOR('',#13561,1.);
#13561 = DIRECTION('',(-0.,-0.,1.));
#13562 = PCURVE('',#7703,#13563);
#13563 = DEFINITIONAL_REPRESENTATION('',(#13564),#13568);
#13564 = LINE('',#13565,#13566);
#13565 = CARTESIAN_POINT('',(-0.,-0.));
#13566 = VECTOR('',#13567,1.);
#13567 = DIRECTION('',(-1.,0.));
#13568 = ( GEOMETRIC_REPRESENTATION_CONTEXT(2) 
PARAMETRIC_REPRESENTATION_CONTEXT() REPRESENTATION_CONTEXT('2D SPACE',''
  ) );
#13569 = PCURVE('',#13570,#13575);
#13570 = PLANE('',#13571);
#13571 = AXIS2_PLACEMENT_3D('',#13572,#13573,#13574);
#13572 = CARTESIAN_POINT('',(21.75,18.8,38.5));
#13573 = DIRECTION('',(-1.,-0.,-0.));
#13574 = DIRECTION('',(0.,0.,-1.));
#13575 = DEFINITIONAL_REPRESENTATION('',(#13576),#13580);
#13576 = LINE('',#13577,#13578);
#13577 = CARTESIAN_POINT('',(-0.,-0.));
#13578 = VECTOR('',#13579,1.);
#13579 = DIRECTION('',(-1.,-0.));
#13580 = ( GEOMETRIC_REPRESENTATION_CONTEXT(2) 
PARAMETRIC_REPRESENTATION_CONTEXT() REPRESENTATION_CONTEXT('2D SPACE',''
  ) );
#13581 = ORIENTED_EDGE('',*,*,#13582,.T.);
#13582 = EDGE_CURVE('',#13555,#7688,#13583,.T.);
#13583 = SURFACE_CURVE('',#13584,(#13588,#13595),.PCURVE_S1.);
#13584 = LINE('',#13585,#13586);
#13585 = CARTESIAN_POINT('',(21.75,18.8,41.5));
#13586 = VECTOR('',#13587,1.);
#13587 = DIRECTION('',(-1.,-0.,-0.));
#13588 = PCURVE('',#7703,#13589);
#13589 = DEFINITIONAL_REPRESENTATION('',(#13590),#13594);
#13590 = LINE('',#13591,#13592);
#13591 = CARTESIAN_POINT('',(-3.,-0.));
#13592 = VECTOR('',#13593,1.);
#13593 = DIRECTION('',(-0.,1.));
#13594 = ( GEOMETRIC_REPRESENTATION_CONTEXT(2) 
PARAMETRIC_REPRESENTATION_CONTEXT() REPRESENTATION_CONTEXT('2D SPACE',''
  ) );
#13595 = PCURVE('',#13254,#13596);
#13596 = DEFINITIONAL_REPRESENTATION('',(#13597),#13601);
#13597 = LINE('',#13598,#13599);
#13598 = CARTESIAN_POINT('',(0.,-0.));
#13599 = VECTOR('',#13600,1.);
#13600 = DIRECTION('',(-1.,0.));
#13601 = ( GEOMETRIC_REPRESENTATION_CONTEXT(2) 
PARAMETRIC_REPRESENTATION_CONTEXT() REPRESENTATION_CONTEXT('2D SPACE',''
  ) );
#13602 = ORIENTED_EDGE('',*,*,#7687,.F.);
#13603 = ADVANCED_FACE('',(#13604),#7754,.F.);
#13604 = FACE_BOUND('',#13605,.T.);
#13605 = EDGE_LOOP('',(#13606,#13629,#13657,#13678));
#13606 = ORIENTED_EDGE('',*,*,#13607,.F.);
#13607 = EDGE_CURVE('',#13608,#7716,#13610,.T.);
#13608 = VERTEX_POINT('',#13609);
#13609 = CARTESIAN_POINT('',(21.75,18.8,48.5));
#13610 = SURFACE_CURVE('',#13611,(#13615,#13622),.PCURVE_S1.);
#13611 = LINE('',#13612,#13613);
#13612 = CARTESIAN_POINT('',(21.75,18.8,48.5));
#13613 = VECTOR('',#13614,1.);
#13614 = DIRECTION('',(-1.,-0.,-0.));
#13615 = PCURVE('',#7754,#13616);
#13616 = DEFINITIONAL_REPRESENTATION('',(#13617),#13621);
#13617 = LINE('',#13618,#13619);
#13618 = CARTESIAN_POINT('',(-0.,-0.));
#13619 = VECTOR('',#13620,1.);
#13620 = DIRECTION('',(-0.,1.));
#13621 = ( GEOMETRIC_REPRESENTATION_CONTEXT(2) 
PARAMETRIC_REPRESENTATION_CONTEXT() REPRESENTATION_CONTEXT('2D SPACE',''
  ) );
#13622 = PCURVE('',#13332,#13623);
#13623 = DEFINITIONAL_REPRESENTATION('',(#13624),#13628);
#13624 = LINE('',#13625,#13626);
#13625 = CARTESIAN_POINT('',(0.,-0.));
#13626 = VECTOR('',#13627,1.);
#13627 = DIRECTION('',(-1.,0.));
#13628 = ( GEOMETRIC_REPRESENTATION_CONTEXT(2) 
PARAMETRIC_REPRESENTATION_CONTEXT() REPRESENTATION_CONTEXT('2D SPACE',''
  ) );
#13629 = ORIENTED_EDGE('',*,*,#13630,.T.);
#13630 = EDGE_CURVE('',#13608,#13631,#13633,.T.);
#13631 = VERTEX_POINT('',#13632);
#13632 = CARTESIAN_POINT('',(21.75,18.8,51.5));
#13633 = SURFACE_CURVE('',#13634,(#13638,#13645),.PCURVE_S1.);
#13634 = LINE('',#13635,#13636);
#13635 = CARTESIAN_POINT('',(21.75,18.8,48.5));
#13636 = VECTOR('',#13637,1.);
#13637 = DIRECTION('',(-0.,-0.,1.));
#13638 = PCURVE('',#7754,#13639);
#13639 = DEFINITIONAL_REPRESENTATION('',(#13640),#13644);
#13640 = LINE('',#13641,#13642);
#13641 = CARTESIAN_POINT('',(-0.,-0.));
#13642 = VECTOR('',#13643,1.);
#13643 = DIRECTION('',(-1.,0.));
#13644 = ( GEOMETRIC_REPRESENTATION_CONTEXT(2) 
PARAMETRIC_REPRESENTATION_CONTEXT() REPRESENTATION_CONTEXT('2D SPACE',''
  ) );
#13645 = PCURVE('',#13646,#13651);
#13646 = PLANE('',#13647);
#13647 = AXIS2_PLACEMENT_3D('',#13648,#13649,#13650);
#13648 = CARTESIAN_POINT('',(21.75,18.8,48.5));
#13649 = DIRECTION('',(-1.,-0.,-0.));
#13650 = DIRECTION('',(0.,0.,-1.));
#13651 = DEFINITIONAL_REPRESENTATION('',(#13652),#13656);
#13652 = LINE('',#13653,#13654);
#13653 = CARTESIAN_POINT('',(-0.,-0.));
#13654 = VECTOR('',#13655,1.);
#13655 = DIRECTION('',(-1.,-0.));
#13656 = ( GEOMETRIC_REPRESENTATION_CONTEXT(2) 
PARAMETRIC_REPRESENTATION_CONTEXT() REPRESENTATION_CONTEXT('2D SPACE',''
  ) );
#13657 = ORIENTED_EDGE('',*,*,#13658,.T.);
#13658 = EDGE_CURVE('',#13631,#7739,#13659,.T.);
#13659 = SURFACE_CURVE('',#13660,(#13664,#13671),.PCURVE_S1.);
#13660 = LINE('',#13661,#13662);
#13661 = CARTESIAN_POINT('',(21.75,18.8,51.5));
#13662 = VECTOR('',#13663,1.);
#13663 = DIRECTION('',(-1.,-0.,-0.));
#13664 = PCURVE('',#7754,#13665);
#13665 = DEFINITIONAL_REPRESENTATION('',(#13666),#13670);
#13666 = LINE('',#13667,#13668);
#13667 = CARTESIAN_POINT('',(-3.,-0.));
#13668 = VECTOR('',#13669,1.);
#13669 = DIRECTION('',(-0.,1.));
#13670 = ( GEOMETRIC_REPRESENTATION_CONTEXT(2) 
PARAMETRIC_REPRESENTATION_CONTEXT() REPRESENTATION_CONTEXT('2D SPACE',''
  ) );
#13671 = PCURVE('',#13387,#13672);
#13672 = DEFINITIONAL_REPRESENTATION('',(#13673),#13677);
#13673 = LINE('',#13674,#13675);
#13674 = CARTESIAN_POINT('',(0.,-0.));
#13675 = VECTOR('',#13676,1.);
#13676 = DIRECTION('',(-1.,0.));
#13677 = ( GEOMETRIC_REPRESENTATION_CONTEXT(2) 
PARAMETRIC_REPRESENTATION_CONTEXT() REPRESENTATION_CONTEXT('2D SPACE',''
  ) );
#13678 = ORIENTED_EDGE('',*,*,#7738,.F.);
#13679 = ADVANCED_FACE('',(#13680),#7856,.T.);
#13680 = FACE_BOUND('',#13681,.T.);
#13681 = EDGE_LOOP('',(#13682));
#13682 = ORIENTED_EDGE('',*,*,#7841,.F.);
#13683 = ADVANCED_FACE('',(#13684),#8033,.F.);
#13684 = FACE_BOUND('',#13685,.T.);
#13685 = EDGE_LOOP('',(#13686));
#13686 = ORIENTED_EDGE('',*,*,#8018,.T.);
#13687 = ADVANCED_FACE('',(#13688),#8094,.T.);
#13688 = FACE_BOUND('',#13689,.F.);
#13689 = EDGE_LOOP('',(#13690,#13691,#13692,#13693,#13694,#13695,#13696,
    #13697));
#13690 = ORIENTED_EDGE('',*,*,#8078,.T.);
#13691 = ORIENTED_EDGE('',*,*,#8205,.T.);
#13692 = ORIENTED_EDGE('',*,*,#8285,.T.);
#13693 = ORIENTED_EDGE('',*,*,#8411,.T.);
#13694 = ORIENTED_EDGE('',*,*,#8442,.T.);
#13695 = ORIENTED_EDGE('',*,*,#8357,.T.);
#13696 = ORIENTED_EDGE('',*,*,#8258,.T.);
#13697 = ORIENTED_EDGE('',*,*,#8155,.F.);
#13698 = ADVANCED_FACE('',(#13699),#8507,.T.);
#13699 = FACE_BOUND('',#13700,.F.);
#13700 = EDGE_LOOP('',(#13701,#13702,#13703,#13704,#13705,#13706,#13707,
    #13708));
#13701 = ORIENTED_EDGE('',*,*,#8491,.T.);
#13702 = ORIENTED_EDGE('',*,*,#8618,.T.);
#13703 = ORIENTED_EDGE('',*,*,#8698,.T.);
#13704 = ORIENTED_EDGE('',*,*,#8824,.T.);
#13705 = ORIENTED_EDGE('',*,*,#8855,.T.);
#13706 = ORIENTED_EDGE('',*,*,#8770,.T.);
#13707 = ORIENTED_EDGE('',*,*,#8671,.T.);
#13708 = ORIENTED_EDGE('',*,*,#8568,.F.);
#13709 = ADVANCED_FACE('',(#13710),#8920,.T.);
#13710 = FACE_BOUND('',#13711,.F.);
#13711 = EDGE_LOOP('',(#13712,#13713,#13714,#13715,#13716,#13717,#13718,
    #13719));
#13712 = ORIENTED_EDGE('',*,*,#8904,.T.);
#13713 = ORIENTED_EDGE('',*,*,#9031,.T.);
#13714 = ORIENTED_EDGE('',*,*,#9111,.T.);
#13715 = ORIENTED_EDGE('',*,*,#9237,.T.);
#13716 = ORIENTED_EDGE('',*,*,#9268,.T.);
#13717 = ORIENTED_EDGE('',*,*,#9183,.T.);
#13718 = ORIENTED_EDGE('',*,*,#9084,.T.);
#13719 = ORIENTED_EDGE('',*,*,#8981,.F.);
#13720 = ADVANCED_FACE('',(#13721),#9333,.T.);
#13721 = FACE_BOUND('',#13722,.F.);
#13722 = EDGE_LOOP('',(#13723,#13724,#13725,#13726,#13727,#13728,#13729,
    #13730));
#13723 = ORIENTED_EDGE('',*,*,#9317,.T.);
#13724 = ORIENTED_EDGE('',*,*,#9444,.T.);
#13725 = ORIENTED_EDGE('',*,*,#9524,.T.);
#13726 = ORIENTED_EDGE('',*,*,#9650,.T.);
#13727 = ORIENTED_EDGE('',*,*,#9681,.T.);
#13728 = ORIENTED_EDGE('',*,*,#9596,.T.);
#13729 = ORIENTED_EDGE('',*,*,#9497,.T.);
#13730 = ORIENTED_EDGE('',*,*,#9394,.F.);
#13731 = ADVANCED_FACE('',(#13732),#9744,.F.);
#13732 = FACE_BOUND('',#13733,.T.);
#13733 = EDGE_LOOP('',(#13734));
#13734 = ORIENTED_EDGE('',*,*,#9729,.T.);
#13735 = ADVANCED_FACE('',(#13736),#9793,.F.);
#13736 = FACE_BOUND('',#13737,.T.);
#13737 = EDGE_LOOP('',(#13738,#13761,#13762,#13785));
#13738 = ORIENTED_EDGE('',*,*,#13739,.F.);
#13739 = EDGE_CURVE('',#9778,#13740,#13742,.T.);
#13740 = VERTEX_POINT('',#13741);
#13741 = CARTESIAN_POINT('',(14.,14.45,120.));
#13742 = SURFACE_CURVE('',#13743,(#13747,#13754),.PCURVE_S1.);
#13743 = LINE('',#13744,#13745);
#13744 = CARTESIAN_POINT('',(14.,2.7,120.));
#13745 = VECTOR('',#13746,1.);
#13746 = DIRECTION('',(-0.,1.,-0.));
#13747 = PCURVE('',#9793,#13748);
#13748 = DEFINITIONAL_REPRESENTATION('',(#13749),#13753);
#13749 = LINE('',#13750,#13751);
#13750 = CARTESIAN_POINT('',(0.,-0.));
#13751 = VECTOR('',#13752,1.);
#13752 = DIRECTION('',(-0.,1.));
#13753 = ( GEOMETRIC_REPRESENTATION_CONTEXT(2) 
PARAMETRIC_REPRESENTATION_CONTEXT() REPRESENTATION_CONTEXT('2D SPACE',''
  ) );
#13754 = PCURVE('',#9821,#13755);
#13755 = DEFINITIONAL_REPRESENTATION('',(#13756),#13760);
#13756 = LINE('',#13757,#13758);
#13757 = CARTESIAN_POINT('',(-0.,-0.));
#13758 = VECTOR('',#13759,1.);
#13759 = DIRECTION('',(-0.,-1.));
#13760 = ( GEOMETRIC_REPRESENTATION_CONTEXT(2) 
PARAMETRIC_REPRESENTATION_CONTEXT() REPRESENTATION_CONTEXT('2D SPACE',''
  ) );
#13761 = ORIENTED_EDGE('',*,*,#9775,.F.);
#13762 = ORIENTED_EDGE('',*,*,#13763,.T.);
#13763 = EDGE_CURVE('',#9776,#13764,#13766,.T.);
#13764 = VERTEX_POINT('',#13765);
#13765 = CARTESIAN_POINT('',(9.,14.45,120.));
#13766 = SURFACE_CURVE('',#13767,(#13771,#13778),.PCURVE_S1.);
#13767 = LINE('',#13768,#13769);
#13768 = CARTESIAN_POINT('',(9.,2.7,120.));
#13769 = VECTOR('',#13770,1.);
#13770 = DIRECTION('',(-0.,1.,-0.));
#13771 = PCURVE('',#9793,#13772);
#13772 = DEFINITIONAL_REPRESENTATION('',(#13773),#13777);
#13773 = LINE('',#13774,#13775);
#13774 = CARTESIAN_POINT('',(-5.,0.));
#13775 = VECTOR('',#13776,1.);
#13776 = DIRECTION('',(-0.,1.));
#13777 = ( GEOMETRIC_REPRESENTATION_CONTEXT(2) 
PARAMETRIC_REPRESENTATION_CONTEXT() REPRESENTATION_CONTEXT('2D SPACE',''
  ) );
#13778 = PCURVE('',#9875,#13779);
#13779 = DEFINITIONAL_REPRESENTATION('',(#13780),#13784);
#13780 = LINE('',#13781,#13782);
#13781 = CARTESIAN_POINT('',(-0.,-0.));
#13782 = VECTOR('',#13783,1.);
#13783 = DIRECTION('',(-0.,-1.));
#13784 = ( GEOMETRIC_REPRESENTATION_CONTEXT(2) 
PARAMETRIC_REPRESENTATION_CONTEXT() REPRESENTATION_CONTEXT('2D SPACE',''
  ) );
#13785 = ORIENTED_EDGE('',*,*,#13786,.F.);
#13786 = EDGE_CURVE('',#13740,#13764,#13787,.T.);
#13787 = SURFACE_CURVE('',#13788,(#13792,#13799),.PCURVE_S1.);
#13788 = LINE('',#13789,#13790);
#13789 = CARTESIAN_POINT('',(14.,14.45,120.));
#13790 = VECTOR('',#13791,1.);
#13791 = DIRECTION('',(-1.,-0.,-0.));
#13792 = PCURVE('',#9793,#13793);
#13793 = DEFINITIONAL_REPRESENTATION('',(#13794),#13798);
#13794 = LINE('',#13795,#13796);
#13795 = CARTESIAN_POINT('',(0.,11.75));
#13796 = VECTOR('',#13797,1.);
#13797 = DIRECTION('',(-1.,0.));
#13798 = ( GEOMETRIC_REPRESENTATION_CONTEXT(2) 
PARAMETRIC_REPRESENTATION_CONTEXT() REPRESENTATION_CONTEXT('2D SPACE',''
  ) );
#13799 = PCURVE('',#13800,#13805);
#13800 = PLANE('',#13801);
#13801 = AXIS2_PLACEMENT_3D('',#13802,#13803,#13804);
#13802 = CARTESIAN_POINT('',(14.,14.45,120.));
#13803 = DIRECTION('',(-0.,1.,-0.));
#13804 = DIRECTION('',(0.,0.,-1.));
#13805 = DEFINITIONAL_REPRESENTATION('',(#13806),#13810);
#13806 = LINE('',#13807,#13808);
#13807 = CARTESIAN_POINT('',(-0.,-0.));
#13808 = VECTOR('',#13809,1.);
#13809 = DIRECTION('',(-0.,1.));
#13810 = ( GEOMETRIC_REPRESENTATION_CONTEXT(2) 
PARAMETRIC_REPRESENTATION_CONTEXT() REPRESENTATION_CONTEXT('2D SPACE',''
  ) );
#13811 = ADVANCED_FACE('',(#13812),#9875,.T.);
#13812 = FACE_BOUND('',#13813,.F.);
#13813 = EDGE_LOOP('',(#13814,#13837,#13838,#13839));
#13814 = ORIENTED_EDGE('',*,*,#13815,.F.);
#13815 = EDGE_CURVE('',#9834,#13816,#13818,.T.);
#13816 = VERTEX_POINT('',#13817);
#13817 = CARTESIAN_POINT('',(9.,14.45,129.));
#13818 = SURFACE_CURVE('',#13819,(#13823,#13830),.PCURVE_S1.);
#13819 = LINE('',#13820,#13821);
#13820 = CARTESIAN_POINT('',(9.,2.7,129.));
#13821 = VECTOR('',#13822,1.);
#13822 = DIRECTION('',(-0.,1.,-0.));
#13823 = PCURVE('',#9875,#13824);
#13824 = DEFINITIONAL_REPRESENTATION('',(#13825),#13829);
#13825 = LINE('',#13826,#13827);
#13826 = CARTESIAN_POINT('',(-9.,-0.));
#13827 = VECTOR('',#13828,1.);
#13828 = DIRECTION('',(-0.,-1.));
#13829 = ( GEOMETRIC_REPRESENTATION_CONTEXT(2) 
PARAMETRIC_REPRESENTATION_CONTEXT() REPRESENTATION_CONTEXT('2D SPACE',''
  ) );
#13830 = PCURVE('',#9849,#13831);
#13831 = DEFINITIONAL_REPRESENTATION('',(#13832),#13836);
#13832 = LINE('',#13833,#13834);
#13833 = CARTESIAN_POINT('',(-5.,0.));
#13834 = VECTOR('',#13835,1.);
#13835 = DIRECTION('',(-0.,1.));
#13836 = ( GEOMETRIC_REPRESENTATION_CONTEXT(2) 
PARAMETRIC_REPRESENTATION_CONTEXT() REPRESENTATION_CONTEXT('2D SPACE',''
  ) );
#13837 = ORIENTED_EDGE('',*,*,#9861,.F.);
#13838 = ORIENTED_EDGE('',*,*,#13763,.T.);
#13839 = ORIENTED_EDGE('',*,*,#13840,.T.);
#13840 = EDGE_CURVE('',#13764,#13816,#13841,.T.);
#13841 = SURFACE_CURVE('',#13842,(#13846,#13853),.PCURVE_S1.);
#13842 = LINE('',#13843,#13844);
#13843 = CARTESIAN_POINT('',(9.,14.45,120.));
#13844 = VECTOR('',#13845,1.);
#13845 = DIRECTION('',(-0.,-0.,1.));
#13846 = PCURVE('',#9875,#13847);
#13847 = DEFINITIONAL_REPRESENTATION('',(#13848),#13852);
#13848 = LINE('',#13849,#13850);
#13849 = CARTESIAN_POINT('',(-0.,-11.75));
#13850 = VECTOR('',#13851,1.);
#13851 = DIRECTION('',(-1.,-0.));
#13852 = ( GEOMETRIC_REPRESENTATION_CONTEXT(2) 
PARAMETRIC_REPRESENTATION_CONTEXT() REPRESENTATION_CONTEXT('2D SPACE',''
  ) );
#13853 = PCURVE('',#13800,#13854);
#13854 = DEFINITIONAL_REPRESENTATION('',(#13855),#13859);
#13855 = LINE('',#13856,#13857);
#13856 = CARTESIAN_POINT('',(-0.,5.));
#13857 = VECTOR('',#13858,1.);
#13858 = DIRECTION('',(-1.,0.));
#13859 = ( GEOMETRIC_REPRESENTATION_CONTEXT(2) 
PARAMETRIC_REPRESENTATION_CONTEXT() REPRESENTATION_CONTEXT('2D SPACE',''
  ) );
#13860 = ADVANCED_FACE('',(#13861),#9821,.F.);
#13861 = FACE_BOUND('',#13862,.T.);
#13862 = EDGE_LOOP('',(#13863,#13886,#13887,#13888));
#13863 = ORIENTED_EDGE('',*,*,#13864,.F.);
#13864 = EDGE_CURVE('',#9806,#13865,#13867,.T.);
#13865 = VERTEX_POINT('',#13866);
#13866 = CARTESIAN_POINT('',(14.,14.45,129.));
#13867 = SURFACE_CURVE('',#13868,(#13872,#13879),.PCURVE_S1.);
#13868 = LINE('',#13869,#13870);
#13869 = CARTESIAN_POINT('',(14.,2.7,129.));
#13870 = VECTOR('',#13871,1.);
#13871 = DIRECTION('',(-0.,1.,-0.));
#13872 = PCURVE('',#9821,#13873);
#13873 = DEFINITIONAL_REPRESENTATION('',(#13874),#13878);
#13874 = LINE('',#13875,#13876);
#13875 = CARTESIAN_POINT('',(-9.,-0.));
#13876 = VECTOR('',#13877,1.);
#13877 = DIRECTION('',(-0.,-1.));
#13878 = ( GEOMETRIC_REPRESENTATION_CONTEXT(2) 
PARAMETRIC_REPRESENTATION_CONTEXT() REPRESENTATION_CONTEXT('2D SPACE',''
  ) );
#13879 = PCURVE('',#9849,#13880);
#13880 = DEFINITIONAL_REPRESENTATION('',(#13881),#13885);
#13881 = LINE('',#13882,#13883);
#13882 = CARTESIAN_POINT('',(0.,-0.));
#13883 = VECTOR('',#13884,1.);
#13884 = DIRECTION('',(-0.,1.));
#13885 = ( GEOMETRIC_REPRESENTATION_CONTEXT(2) 
PARAMETRIC_REPRESENTATION_CONTEXT() REPRESENTATION_CONTEXT('2D SPACE',''
  ) );
#13886 = ORIENTED_EDGE('',*,*,#9805,.F.);
#13887 = ORIENTED_EDGE('',*,*,#13739,.T.);
#13888 = ORIENTED_EDGE('',*,*,#13889,.T.);
#13889 = EDGE_CURVE('',#13740,#13865,#13890,.T.);
#13890 = SURFACE_CURVE('',#13891,(#13895,#13902),.PCURVE_S1.);
#13891 = LINE('',#13892,#13893);
#13892 = CARTESIAN_POINT('',(14.,14.45,120.));
#13893 = VECTOR('',#13894,1.);
#13894 = DIRECTION('',(-0.,-0.,1.));
#13895 = PCURVE('',#9821,#13896);
#13896 = DEFINITIONAL_REPRESENTATION('',(#13897),#13901);
#13897 = LINE('',#13898,#13899);
#13898 = CARTESIAN_POINT('',(-0.,-11.75));
#13899 = VECTOR('',#13900,1.);
#13900 = DIRECTION('',(-1.,-0.));
#13901 = ( GEOMETRIC_REPRESENTATION_CONTEXT(2) 
PARAMETRIC_REPRESENTATION_CONTEXT() REPRESENTATION_CONTEXT('2D SPACE',''
  ) );
#13902 = PCURVE('',#13800,#13903);
#13903 = DEFINITIONAL_REPRESENTATION('',(#13904),#13908);
#13904 = LINE('',#13905,#13906);
#13905 = CARTESIAN_POINT('',(-0.,-0.));
#13906 = VECTOR('',#13907,1.);
#13907 = DIRECTION('',(-1.,0.));
#13908 = ( GEOMETRIC_REPRESENTATION_CONTEXT(2) 
PARAMETRIC_REPRESENTATION_CONTEXT() REPRESENTATION_CONTEXT('2D SPACE',''
  ) );
#13909 = ADVANCED_FACE('',(#13910),#9849,.T.);
#13910 = FACE_BOUND('',#13911,.F.);
#13911 = EDGE_LOOP('',(#13912,#13913,#13914,#13915));
#13912 = ORIENTED_EDGE('',*,*,#13864,.F.);
#13913 = ORIENTED_EDGE('',*,*,#9833,.F.);
#13914 = ORIENTED_EDGE('',*,*,#13815,.T.);
#13915 = ORIENTED_EDGE('',*,*,#13916,.F.);
#13916 = EDGE_CURVE('',#13865,#13816,#13917,.T.);
#13917 = SURFACE_CURVE('',#13918,(#13922,#13929),.PCURVE_S1.);
#13918 = LINE('',#13919,#13920);
#13919 = CARTESIAN_POINT('',(14.,14.45,129.));
#13920 = VECTOR('',#13921,1.);
#13921 = DIRECTION('',(-1.,-0.,-0.));
#13922 = PCURVE('',#9849,#13923);
#13923 = DEFINITIONAL_REPRESENTATION('',(#13924),#13928);
#13924 = LINE('',#13925,#13926);
#13925 = CARTESIAN_POINT('',(0.,11.75));
#13926 = VECTOR('',#13927,1.);
#13927 = DIRECTION('',(-1.,0.));
#13928 = ( GEOMETRIC_REPRESENTATION_CONTEXT(2) 
PARAMETRIC_REPRESENTATION_CONTEXT() REPRESENTATION_CONTEXT('2D SPACE',''
  ) );
#13929 = PCURVE('',#13800,#13930);
#13930 = DEFINITIONAL_REPRESENTATION('',(#13931),#13935);
#13931 = LINE('',#13932,#13933);
#13932 = CARTESIAN_POINT('',(-9.,-0.));
#13933 = VECTOR('',#13934,1.);
#13934 = DIRECTION('',(-0.,1.));
#13935 = ( GEOMETRIC_REPRESENTATION_CONTEXT(2) 
PARAMETRIC_REPRESENTATION_CONTEXT() REPRESENTATION_CONTEXT('2D SPACE',''
  ) );
#13936 = ADVANCED_FACE('',(#13937),#9907,.F.);
#13937 = FACE_BOUND('',#13938,.T.);
#13938 = EDGE_LOOP('',(#13939,#13962,#13963,#13986));
#13939 = ORIENTED_EDGE('',*,*,#13940,.F.);
#13940 = EDGE_CURVE('',#9892,#13941,#13943,.T.);
#13941 = VERTEX_POINT('',#13942);
#13942 = CARTESIAN_POINT('',(14.,14.45,64.));
#13943 = SURFACE_CURVE('',#13944,(#13948,#13955),.PCURVE_S1.);
#13944 = LINE('',#13945,#13946);
#13945 = CARTESIAN_POINT('',(14.,2.7,64.));
#13946 = VECTOR('',#13947,1.);
#13947 = DIRECTION('',(-0.,1.,-0.));
#13948 = PCURVE('',#9907,#13949);
#13949 = DEFINITIONAL_REPRESENTATION('',(#13950),#13954);
#13950 = LINE('',#13951,#13952);
#13951 = CARTESIAN_POINT('',(0.,-0.));
#13952 = VECTOR('',#13953,1.);
#13953 = DIRECTION('',(-0.,1.));
#13954 = ( GEOMETRIC_REPRESENTATION_CONTEXT(2) 
PARAMETRIC_REPRESENTATION_CONTEXT() REPRESENTATION_CONTEXT('2D SPACE',''
  ) );
#13955 = PCURVE('',#9935,#13956);
#13956 = DEFINITIONAL_REPRESENTATION('',(#13957),#13961);
#13957 = LINE('',#13958,#13959);
#13958 = CARTESIAN_POINT('',(-0.,-0.));
#13959 = VECTOR('',#13960,1.);
#13960 = DIRECTION('',(-0.,-1.));
#13961 = ( GEOMETRIC_REPRESENTATION_CONTEXT(2) 
PARAMETRIC_REPRESENTATION_CONTEXT() REPRESENTATION_CONTEXT('2D SPACE',''
  ) );
#13962 = ORIENTED_EDGE('',*,*,#9889,.F.);
#13963 = ORIENTED_EDGE('',*,*,#13964,.T.);
#13964 = EDGE_CURVE('',#9890,#13965,#13967,.T.);
#13965 = VERTEX_POINT('',#13966);
#13966 = CARTESIAN_POINT('',(9.,14.45,64.));
#13967 = SURFACE_CURVE('',#13968,(#13972,#13979),.PCURVE_S1.);
#13968 = LINE('',#13969,#13970);
#13969 = CARTESIAN_POINT('',(9.,2.7,64.));
#13970 = VECTOR('',#13971,1.);
#13971 = DIRECTION('',(-0.,1.,-0.));
#13972 = PCURVE('',#9907,#13973);
#13973 = DEFINITIONAL_REPRESENTATION('',(#13974),#13978);
#13974 = LINE('',#13975,#13976);
#13975 = CARTESIAN_POINT('',(-5.,0.));
#13976 = VECTOR('',#13977,1.);
#13977 = DIRECTION('',(-0.,1.));
#13978 = ( GEOMETRIC_REPRESENTATION_CONTEXT(2) 
PARAMETRIC_REPRESENTATION_CONTEXT() REPRESENTATION_CONTEXT('2D SPACE',''
  ) );
#13979 = PCURVE('',#9989,#13980);
#13980 = DEFINITIONAL_REPRESENTATION('',(#13981),#13985);
#13981 = LINE('',#13982,#13983);
#13982 = CARTESIAN_POINT('',(-0.,-0.));
#13983 = VECTOR('',#13984,1.);
#13984 = DIRECTION('',(-0.,-1.));
#13985 = ( GEOMETRIC_REPRESENTATION_CONTEXT(2) 
PARAMETRIC_REPRESENTATION_CONTEXT() REPRESENTATION_CONTEXT('2D SPACE',''
  ) );
#13986 = ORIENTED_EDGE('',*,*,#13987,.F.);
#13987 = EDGE_CURVE('',#13941,#13965,#13988,.T.);
#13988 = SURFACE_CURVE('',#13989,(#13993,#14000),.PCURVE_S1.);
#13989 = LINE('',#13990,#13991);
#13990 = CARTESIAN_POINT('',(14.,14.45,64.));
#13991 = VECTOR('',#13992,1.);
#13992 = DIRECTION('',(-1.,-0.,-0.));
#13993 = PCURVE('',#9907,#13994);
#13994 = DEFINITIONAL_REPRESENTATION('',(#13995),#13999);
#13995 = LINE('',#13996,#13997);
#13996 = CARTESIAN_POINT('',(0.,11.75));
#13997 = VECTOR('',#13998,1.);
#13998 = DIRECTION('',(-1.,0.));
#13999 = ( GEOMETRIC_REPRESENTATION_CONTEXT(2) 
PARAMETRIC_REPRESENTATION_CONTEXT() REPRESENTATION_CONTEXT('2D SPACE',''
  ) );
#14000 = PCURVE('',#14001,#14006);
#14001 = PLANE('',#14002);
#14002 = AXIS2_PLACEMENT_3D('',#14003,#14004,#14005);
#14003 = CARTESIAN_POINT('',(14.,14.45,64.));
#14004 = DIRECTION('',(-0.,1.,-0.));
#14005 = DIRECTION('',(0.,0.,-1.));
#14006 = DEFINITIONAL_REPRESENTATION('',(#14007),#14011);
#14007 = LINE('',#14008,#14009);
#14008 = CARTESIAN_POINT('',(-0.,-0.));
#14009 = VECTOR('',#14010,1.);
#14010 = DIRECTION('',(-0.,1.));
#14011 = ( GEOMETRIC_REPRESENTATION_CONTEXT(2) 
PARAMETRIC_REPRESENTATION_CONTEXT() REPRESENTATION_CONTEXT('2D SPACE',''
  ) );
#14012 = ADVANCED_FACE('',(#14013),#9989,.T.);
#14013 = FACE_BOUND('',#14014,.F.);
#14014 = EDGE_LOOP('',(#14015,#14038,#14039,#14040));
#14015 = ORIENTED_EDGE('',*,*,#14016,.F.);
#14016 = EDGE_CURVE('',#9948,#14017,#14019,.T.);
#14017 = VERTEX_POINT('',#14018);
#14018 = CARTESIAN_POINT('',(9.,14.45,73.));
#14019 = SURFACE_CURVE('',#14020,(#14024,#14031),.PCURVE_S1.);
#14020 = LINE('',#14021,#14022);
#14021 = CARTESIAN_POINT('',(9.,2.7,73.));
#14022 = VECTOR('',#14023,1.);
#14023 = DIRECTION('',(-0.,1.,-0.));
#14024 = PCURVE('',#9989,#14025);
#14025 = DEFINITIONAL_REPRESENTATION('',(#14026),#14030);
#14026 = LINE('',#14027,#14028);
#14027 = CARTESIAN_POINT('',(-9.,-0.));
#14028 = VECTOR('',#14029,1.);
#14029 = DIRECTION('',(-0.,-1.));
#14030 = ( GEOMETRIC_REPRESENTATION_CONTEXT(2) 
PARAMETRIC_REPRESENTATION_CONTEXT() REPRESENTATION_CONTEXT('2D SPACE',''
  ) );
#14031 = PCURVE('',#9963,#14032);
#14032 = DEFINITIONAL_REPRESENTATION('',(#14033),#14037);
#14033 = LINE('',#14034,#14035);
#14034 = CARTESIAN_POINT('',(-5.,0.));
#14035 = VECTOR('',#14036,1.);
#14036 = DIRECTION('',(-0.,1.));
#14037 = ( GEOMETRIC_REPRESENTATION_CONTEXT(2) 
PARAMETRIC_REPRESENTATION_CONTEXT() REPRESENTATION_CONTEXT('2D SPACE',''
  ) );
#14038 = ORIENTED_EDGE('',*,*,#9975,.F.);
#14039 = ORIENTED_EDGE('',*,*,#13964,.T.);
#14040 = ORIENTED_EDGE('',*,*,#14041,.T.);
#14041 = EDGE_CURVE('',#13965,#14017,#14042,.T.);
#14042 = SURFACE_CURVE('',#14043,(#14047,#14054),.PCURVE_S1.);
#14043 = LINE('',#14044,#14045);
#14044 = CARTESIAN_POINT('',(9.,14.45,64.));
#14045 = VECTOR('',#14046,1.);
#14046 = DIRECTION('',(-0.,-0.,1.));
#14047 = PCURVE('',#9989,#14048);
#14048 = DEFINITIONAL_REPRESENTATION('',(#14049),#14053);
#14049 = LINE('',#14050,#14051);
#14050 = CARTESIAN_POINT('',(-0.,-11.75));
#14051 = VECTOR('',#14052,1.);
#14052 = DIRECTION('',(-1.,-0.));
#14053 = ( GEOMETRIC_REPRESENTATION_CONTEXT(2) 
PARAMETRIC_REPRESENTATION_CONTEXT() REPRESENTATION_CONTEXT('2D SPACE',''
  ) );
#14054 = PCURVE('',#14001,#14055);
#14055 = DEFINITIONAL_REPRESENTATION('',(#14056),#14060);
#14056 = LINE('',#14057,#14058);
#14057 = CARTESIAN_POINT('',(-0.,5.));
#14058 = VECTOR('',#14059,1.);
#14059 = DIRECTION('',(-1.,0.));
#14060 = ( GEOMETRIC_REPRESENTATION_CONTEXT(2) 
PARAMETRIC_REPRESENTATION_CONTEXT() REPRESENTATION_CONTEXT('2D SPACE',''
  ) );
#14061 = ADVANCED_FACE('',(#14062),#9935,.F.);
#14062 = FACE_BOUND('',#14063,.T.);
#14063 = EDGE_LOOP('',(#14064,#14087,#14088,#14089));
#14064 = ORIENTED_EDGE('',*,*,#14065,.F.);
#14065 = EDGE_CURVE('',#9920,#14066,#14068,.T.);
#14066 = VERTEX_POINT('',#14067);
#14067 = CARTESIAN_POINT('',(14.,14.45,73.));
#14068 = SURFACE_CURVE('',#14069,(#14073,#14080),.PCURVE_S1.);
#14069 = LINE('',#14070,#14071);
#14070 = CARTESIAN_POINT('',(14.,2.7,73.));
#14071 = VECTOR('',#14072,1.);
#14072 = DIRECTION('',(-0.,1.,-0.));
#14073 = PCURVE('',#9935,#14074);
#14074 = DEFINITIONAL_REPRESENTATION('',(#14075),#14079);
#14075 = LINE('',#14076,#14077);
#14076 = CARTESIAN_POINT('',(-9.,-0.));
#14077 = VECTOR('',#14078,1.);
#14078 = DIRECTION('',(-0.,-1.));
#14079 = ( GEOMETRIC_REPRESENTATION_CONTEXT(2) 
PARAMETRIC_REPRESENTATION_CONTEXT() REPRESENTATION_CONTEXT('2D SPACE',''
  ) );
#14080 = PCURVE('',#9963,#14081);
#14081 = DEFINITIONAL_REPRESENTATION('',(#14082),#14086);
#14082 = LINE('',#14083,#14084);
#14083 = CARTESIAN_POINT('',(0.,-0.));
#14084 = VECTOR('',#14085,1.);
#14085 = DIRECTION('',(-0.,1.));
#14086 = ( GEOMETRIC_REPRESENTATION_CONTEXT(2) 
PARAMETRIC_REPRESENTATION_CONTEXT() REPRESENTATION_CONTEXT('2D SPACE',''
  ) );
#14087 = ORIENTED_EDGE('',*,*,#9919,.F.);
#14088 = ORIENTED_EDGE('',*,*,#13940,.T.);
#14089 = ORIENTED_EDGE('',*,*,#14090,.T.);
#14090 = EDGE_CURVE('',#13941,#14066,#14091,.T.);
#14091 = SURFACE_CURVE('',#14092,(#14096,#14103),.PCURVE_S1.);
#14092 = LINE('',#14093,#14094);
#14093 = CARTESIAN_POINT('',(14.,14.45,64.));
#14094 = VECTOR('',#14095,1.);
#14095 = DIRECTION('',(-0.,-0.,1.));
#14096 = PCURVE('',#9935,#14097);
#14097 = DEFINITIONAL_REPRESENTATION('',(#14098),#14102);
#14098 = LINE('',#14099,#14100);
#14099 = CARTESIAN_POINT('',(-0.,-11.75));
#14100 = VECTOR('',#14101,1.);
#14101 = DIRECTION('',(-1.,-0.));
#14102 = ( GEOMETRIC_REPRESENTATION_CONTEXT(2) 
PARAMETRIC_REPRESENTATION_CONTEXT() REPRESENTATION_CONTEXT('2D SPACE',''
  ) );
#14103 = PCURVE('',#14001,#14104);
#14104 = DEFINITIONAL_REPRESENTATION('',(#14105),#14109);
#14105 = LINE('',#14106,#14107);
#14106 = CARTESIAN_POINT('',(-0.,-0.));
#14107 = VECTOR('',#14108,1.);
#14108 = DIRECTION('',(-1.,0.));
#14109 = ( GEOMETRIC_REPRESENTATION_CONTEXT(2) 
PARAMETRIC_REPRESENTATION_CONTEXT() REPRESENTATION_CONTEXT('2D SPACE',''
  ) );
#14110 = ADVANCED_FACE('',(#14111),#9963,.T.);
#14111 = FACE_BOUND('',#14112,.F.);
#14112 = EDGE_LOOP('',(#14113,#14114,#14115,#14116));
#14113 = ORIENTED_EDGE('',*,*,#14065,.F.);
#14114 = ORIENTED_EDGE('',*,*,#9947,.F.);
#14115 = ORIENTED_EDGE('',*,*,#14016,.T.);
#14116 = ORIENTED_EDGE('',*,*,#14117,.F.);
#14117 = EDGE_CURVE('',#14066,#14017,#14118,.T.);
#14118 = SURFACE_CURVE('',#14119,(#14123,#14130),.PCURVE_S1.);
#14119 = LINE('',#14120,#14121);
#14120 = CARTESIAN_POINT('',(14.,14.45,73.));
#14121 = VECTOR('',#14122,1.);
#14122 = DIRECTION('',(-1.,-0.,-0.));
#14123 = PCURVE('',#9963,#14124);
#14124 = DEFINITIONAL_REPRESENTATION('',(#14125),#14129);
#14125 = LINE('',#14126,#14127);
#14126 = CARTESIAN_POINT('',(0.,11.75));
#14127 = VECTOR('',#14128,1.);
#14128 = DIRECTION('',(-1.,0.));
#14129 = ( GEOMETRIC_REPRESENTATION_CONTEXT(2) 
PARAMETRIC_REPRESENTATION_CONTEXT() REPRESENTATION_CONTEXT('2D SPACE',''
  ) );
#14130 = PCURVE('',#14001,#14131);
#14131 = DEFINITIONAL_REPRESENTATION('',(#14132),#14136);
#14132 = LINE('',#14133,#14134);
#14133 = CARTESIAN_POINT('',(-9.,-0.));
#14134 = VECTOR('',#14135,1.);
#14135 = DIRECTION('',(-0.,1.));
#14136 = ( GEOMETRIC_REPRESENTATION_CONTEXT(2) 
PARAMETRIC_REPRESENTATION_CONTEXT() REPRESENTATION_CONTEXT('2D SPACE',''
  ) );
#14137 = ADVANCED_FACE('',(#14138),#10021,.F.);
#14138 = FACE_BOUND('',#14139,.T.);
#14139 = EDGE_LOOP('',(#14140,#14163,#14164,#14187));
#14140 = ORIENTED_EDGE('',*,*,#14141,.F.);
#14141 = EDGE_CURVE('',#10006,#14142,#14144,.T.);
#14142 = VERTEX_POINT('',#14143);
#14143 = CARTESIAN_POINT('',(14.,14.45,15.));
#14144 = SURFACE_CURVE('',#14145,(#14149,#14156),.PCURVE_S1.);
#14145 = LINE('',#14146,#14147);
#14146 = CARTESIAN_POINT('',(14.,2.7,15.));
#14147 = VECTOR('',#14148,1.);
#14148 = DIRECTION('',(-0.,1.,-0.));
#14149 = PCURVE('',#10021,#14150);
#14150 = DEFINITIONAL_REPRESENTATION('',(#14151),#14155);
#14151 = LINE('',#14152,#14153);
#14152 = CARTESIAN_POINT('',(0.,-0.));
#14153 = VECTOR('',#14154,1.);
#14154 = DIRECTION('',(-0.,1.));
#14155 = ( GEOMETRIC_REPRESENTATION_CONTEXT(2) 
PARAMETRIC_REPRESENTATION_CONTEXT() REPRESENTATION_CONTEXT('2D SPACE',''
  ) );
#14156 = PCURVE('',#10049,#14157);
#14157 = DEFINITIONAL_REPRESENTATION('',(#14158),#14162);
#14158 = LINE('',#14159,#14160);
#14159 = CARTESIAN_POINT('',(-0.,-0.));
#14160 = VECTOR('',#14161,1.);
#14161 = DIRECTION('',(-0.,-1.));
#14162 = ( GEOMETRIC_REPRESENTATION_CONTEXT(2) 
PARAMETRIC_REPRESENTATION_CONTEXT() REPRESENTATION_CONTEXT('2D SPACE',''
  ) );
#14163 = ORIENTED_EDGE('',*,*,#10003,.F.);
#14164 = ORIENTED_EDGE('',*,*,#14165,.T.);
#14165 = EDGE_CURVE('',#10004,#14166,#14168,.T.);
#14166 = VERTEX_POINT('',#14167);
#14167 = CARTESIAN_POINT('',(9.,14.45,15.));
#14168 = SURFACE_CURVE('',#14169,(#14173,#14180),.PCURVE_S1.);
#14169 = LINE('',#14170,#14171);
#14170 = CARTESIAN_POINT('',(9.,2.7,15.));
#14171 = VECTOR('',#14172,1.);
#14172 = DIRECTION('',(-0.,1.,-0.));
#14173 = PCURVE('',#10021,#14174);
#14174 = DEFINITIONAL_REPRESENTATION('',(#14175),#14179);
#14175 = LINE('',#14176,#14177);
#14176 = CARTESIAN_POINT('',(-5.,0.));
#14177 = VECTOR('',#14178,1.);
#14178 = DIRECTION('',(-0.,1.));
#14179 = ( GEOMETRIC_REPRESENTATION_CONTEXT(2) 
PARAMETRIC_REPRESENTATION_CONTEXT() REPRESENTATION_CONTEXT('2D SPACE',''
  ) );
#14180 = PCURVE('',#10103,#14181);
#14181 = DEFINITIONAL_REPRESENTATION('',(#14182),#14186);
#14182 = LINE('',#14183,#14184);
#14183 = CARTESIAN_POINT('',(-0.,-0.));
#14184 = VECTOR('',#14185,1.);
#14185 = DIRECTION('',(-0.,-1.));
#14186 = ( GEOMETRIC_REPRESENTATION_CONTEXT(2) 
PARAMETRIC_REPRESENTATION_CONTEXT() REPRESENTATION_CONTEXT('2D SPACE',''
  ) );
#14187 = ORIENTED_EDGE('',*,*,#14188,.F.);
#14188 = EDGE_CURVE('',#14142,#14166,#14189,.T.);
#14189 = SURFACE_CURVE('',#14190,(#14194,#14201),.PCURVE_S1.);
#14190 = LINE('',#14191,#14192);
#14191 = CARTESIAN_POINT('',(14.,14.45,15.));
#14192 = VECTOR('',#14193,1.);
#14193 = DIRECTION('',(-1.,-0.,-0.));
#14194 = PCURVE('',#10021,#14195);
#14195 = DEFINITIONAL_REPRESENTATION('',(#14196),#14200);
#14196 = LINE('',#14197,#14198);
#14197 = CARTESIAN_POINT('',(0.,11.75));
#14198 = VECTOR('',#14199,1.);
#14199 = DIRECTION('',(-1.,0.));
#14200 = ( GEOMETRIC_REPRESENTATION_CONTEXT(2) 
PARAMETRIC_REPRESENTATION_CONTEXT() REPRESENTATION_CONTEXT('2D SPACE',''
  ) );
#14201 = PCURVE('',#14202,#14207);
#14202 = PLANE('',#14203);
#14203 = AXIS2_PLACEMENT_3D('',#14204,#14205,#14206);
#14204 = CARTESIAN_POINT('',(14.,14.45,15.));
#14205 = DIRECTION('',(-0.,1.,-0.));
#14206 = DIRECTION('',(0.,0.,-1.));
#14207 = DEFINITIONAL_REPRESENTATION('',(#14208),#14212);
#14208 = LINE('',#14209,#14210);
#14209 = CARTESIAN_POINT('',(-0.,-0.));
#14210 = VECTOR('',#14211,1.);
#14211 = DIRECTION('',(-0.,1.));
#14212 = ( GEOMETRIC_REPRESENTATION_CONTEXT(2) 
PARAMETRIC_REPRESENTATION_CONTEXT() REPRESENTATION_CONTEXT('2D SPACE',''
  ) );
#14213 = ADVANCED_FACE('',(#14214),#10103,.T.);
#14214 = FACE_BOUND('',#14215,.F.);
#14215 = EDGE_LOOP('',(#14216,#14239,#14240,#14241));
#14216 = ORIENTED_EDGE('',*,*,#14217,.F.);
#14217 = EDGE_CURVE('',#10062,#14218,#14220,.T.);
#14218 = VERTEX_POINT('',#14219);
#14219 = CARTESIAN_POINT('',(9.,14.45,24.));
#14220 = SURFACE_CURVE('',#14221,(#14225,#14232),.PCURVE_S1.);
#14221 = LINE('',#14222,#14223);
#14222 = CARTESIAN_POINT('',(9.,2.7,24.));
#14223 = VECTOR('',#14224,1.);
#14224 = DIRECTION('',(-0.,1.,-0.));
#14225 = PCURVE('',#10103,#14226);
#14226 = DEFINITIONAL_REPRESENTATION('',(#14227),#14231);
#14227 = LINE('',#14228,#14229);
#14228 = CARTESIAN_POINT('',(-9.,-0.));
#14229 = VECTOR('',#14230,1.);
#14230 = DIRECTION('',(-0.,-1.));
#14231 = ( GEOMETRIC_REPRESENTATION_CONTEXT(2) 
PARAMETRIC_REPRESENTATION_CONTEXT() REPRESENTATION_CONTEXT('2D SPACE',''
  ) );
#14232 = PCURVE('',#10077,#14233);
#14233 = DEFINITIONAL_REPRESENTATION('',(#14234),#14238);
#14234 = LINE('',#14235,#14236);
#14235 = CARTESIAN_POINT('',(-5.,0.));
#14236 = VECTOR('',#14237,1.);
#14237 = DIRECTION('',(-0.,1.));
#14238 = ( GEOMETRIC_REPRESENTATION_CONTEXT(2) 
PARAMETRIC_REPRESENTATION_CONTEXT() REPRESENTATION_CONTEXT('2D SPACE',''
  ) );
#14239 = ORIENTED_EDGE('',*,*,#10089,.F.);
#14240 = ORIENTED_EDGE('',*,*,#14165,.T.);
#14241 = ORIENTED_EDGE('',*,*,#14242,.T.);
#14242 = EDGE_CURVE('',#14166,#14218,#14243,.T.);
#14243 = SURFACE_CURVE('',#14244,(#14248,#14255),.PCURVE_S1.);
#14244 = LINE('',#14245,#14246);
#14245 = CARTESIAN_POINT('',(9.,14.45,15.));
#14246 = VECTOR('',#14247,1.);
#14247 = DIRECTION('',(-0.,-0.,1.));
#14248 = PCURVE('',#10103,#14249);
#14249 = DEFINITIONAL_REPRESENTATION('',(#14250),#14254);
#14250 = LINE('',#14251,#14252);
#14251 = CARTESIAN_POINT('',(-0.,-11.75));
#14252 = VECTOR('',#14253,1.);
#14253 = DIRECTION('',(-1.,-0.));
#14254 = ( GEOMETRIC_REPRESENTATION_CONTEXT(2) 
PARAMETRIC_REPRESENTATION_CONTEXT() REPRESENTATION_CONTEXT('2D SPACE',''
  ) );
#14255 = PCURVE('',#14202,#14256);
#14256 = DEFINITIONAL_REPRESENTATION('',(#14257),#14261);
#14257 = LINE('',#14258,#14259);
#14258 = CARTESIAN_POINT('',(-0.,5.));
#14259 = VECTOR('',#14260,1.);
#14260 = DIRECTION('',(-1.,0.));
#14261 = ( GEOMETRIC_REPRESENTATION_CONTEXT(2) 
PARAMETRIC_REPRESENTATION_CONTEXT() REPRESENTATION_CONTEXT('2D SPACE',''
  ) );
#14262 = ADVANCED_FACE('',(#14263),#10049,.F.);
#14263 = FACE_BOUND('',#14264,.T.);
#14264 = EDGE_LOOP('',(#14265,#14288,#14289,#14290));
#14265 = ORIENTED_EDGE('',*,*,#14266,.F.);
#14266 = EDGE_CURVE('',#10034,#14267,#14269,.T.);
#14267 = VERTEX_POINT('',#14268);
#14268 = CARTESIAN_POINT('',(14.,14.45,24.));
#14269 = SURFACE_CURVE('',#14270,(#14274,#14281),.PCURVE_S1.);
#14270 = LINE('',#14271,#14272);
#14271 = CARTESIAN_POINT('',(14.,2.7,24.));
#14272 = VECTOR('',#14273,1.);
#14273 = DIRECTION('',(-0.,1.,-0.));
#14274 = PCURVE('',#10049,#14275);
#14275 = DEFINITIONAL_REPRESENTATION('',(#14276),#14280);
#14276 = LINE('',#14277,#14278);
#14277 = CARTESIAN_POINT('',(-9.,-0.));
#14278 = VECTOR('',#14279,1.);
#14279 = DIRECTION('',(-0.,-1.));
#14280 = ( GEOMETRIC_REPRESENTATION_CONTEXT(2) 
PARAMETRIC_REPRESENTATION_CONTEXT() REPRESENTATION_CONTEXT('2D SPACE',''
  ) );
#14281 = PCURVE('',#10077,#14282);
#14282 = DEFINITIONAL_REPRESENTATION('',(#14283),#14287);
#14283 = LINE('',#14284,#14285);
#14284 = CARTESIAN_POINT('',(0.,-0.));
#14285 = VECTOR('',#14286,1.);
#14286 = DIRECTION('',(-0.,1.));
#14287 = ( GEOMETRIC_REPRESENTATION_CONTEXT(2) 
PARAMETRIC_REPRESENTATION_CONTEXT() REPRESENTATION_CONTEXT('2D SPACE',''
  ) );
#14288 = ORIENTED_EDGE('',*,*,#10033,.F.);
#14289 = ORIENTED_EDGE('',*,*,#14141,.T.);
#14290 = ORIENTED_EDGE('',*,*,#14291,.T.);
#14291 = EDGE_CURVE('',#14142,#14267,#14292,.T.);
#14292 = SURFACE_CURVE('',#14293,(#14297,#14304),.PCURVE_S1.);
#14293 = LINE('',#14294,#14295);
#14294 = CARTESIAN_POINT('',(14.,14.45,15.));
#14295 = VECTOR('',#14296,1.);
#14296 = DIRECTION('',(-0.,-0.,1.));
#14297 = PCURVE('',#10049,#14298);
#14298 = DEFINITIONAL_REPRESENTATION('',(#14299),#14303);
#14299 = LINE('',#14300,#14301);
#14300 = CARTESIAN_POINT('',(-0.,-11.75));
#14301 = VECTOR('',#14302,1.);
#14302 = DIRECTION('',(-1.,-0.));
#14303 = ( GEOMETRIC_REPRESENTATION_CONTEXT(2) 
PARAMETRIC_REPRESENTATION_CONTEXT() REPRESENTATION_CONTEXT('2D SPACE',''
  ) );
#14304 = PCURVE('',#14202,#14305);
#14305 = DEFINITIONAL_REPRESENTATION('',(#14306),#14310);
#14306 = LINE('',#14307,#14308);
#14307 = CARTESIAN_POINT('',(-0.,-0.));
#14308 = VECTOR('',#14309,1.);
#14309 = DIRECTION('',(-1.,0.));
#14310 = ( GEOMETRIC_REPRESENTATION_CONTEXT(2) 
PARAMETRIC_REPRESENTATION_CONTEXT() REPRESENTATION_CONTEXT('2D SPACE',''
  ) );
#14311 = ADVANCED_FACE('',(#14312),#10077,.T.);
#14312 = FACE_BOUND('',#14313,.F.);
#14313 = EDGE_LOOP('',(#14314,#14315,#14316,#14317));
#14314 = ORIENTED_EDGE('',*,*,#14266,.F.);
#14315 = ORIENTED_EDGE('',*,*,#10061,.F.);
#14316 = ORIENTED_EDGE('',*,*,#14217,.T.);
#14317 = ORIENTED_EDGE('',*,*,#14318,.F.);
#14318 = EDGE_CURVE('',#14267,#14218,#14319,.T.);
#14319 = SURFACE_CURVE('',#14320,(#14324,#14331),.PCURVE_S1.);
#14320 = LINE('',#14321,#14322);
#14321 = CARTESIAN_POINT('',(14.,14.45,24.));
#14322 = VECTOR('',#14323,1.);
#14323 = DIRECTION('',(-1.,-0.,-0.));
#14324 = PCURVE('',#10077,#14325);
#14325 = DEFINITIONAL_REPRESENTATION('',(#14326),#14330);
#14326 = LINE('',#14327,#14328);
#14327 = CARTESIAN_POINT('',(0.,11.75));
#14328 = VECTOR('',#14329,1.);
#14329 = DIRECTION('',(-1.,0.));
#14330 = ( GEOMETRIC_REPRESENTATION_CONTEXT(2) 
PARAMETRIC_REPRESENTATION_CONTEXT() REPRESENTATION_CONTEXT('2D SPACE',''
  ) );
#14331 = PCURVE('',#14202,#14332);
#14332 = DEFINITIONAL_REPRESENTATION('',(#14333),#14337);
#14333 = LINE('',#14334,#14335);
#14334 = CARTESIAN_POINT('',(-9.,-0.));
#14335 = VECTOR('',#14336,1.);
#14336 = DIRECTION('',(-0.,1.));
#14337 = ( GEOMETRIC_REPRESENTATION_CONTEXT(2) 
PARAMETRIC_REPRESENTATION_CONTEXT() REPRESENTATION_CONTEXT('2D SPACE',''
  ) );
#14338 = ADVANCED_FACE('',(#14339),#10135,.F.);
#14339 = FACE_BOUND('',#14340,.T.);
#14340 = EDGE_LOOP('',(#14341,#14364,#14365,#14388));
#14341 = ORIENTED_EDGE('',*,*,#14342,.F.);
#14342 = EDGE_CURVE('',#10120,#14343,#14345,.T.);
#14343 = VERTEX_POINT('',#14344);
#14344 = CARTESIAN_POINT('',(-9.,14.45,120.));
#14345 = SURFACE_CURVE('',#14346,(#14350,#14357),.PCURVE_S1.);
#14346 = LINE('',#14347,#14348);
#14347 = CARTESIAN_POINT('',(-9.,2.7,120.));
#14348 = VECTOR('',#14349,1.);
#14349 = DIRECTION('',(-0.,1.,-0.));
#14350 = PCURVE('',#10135,#14351);
#14351 = DEFINITIONAL_REPRESENTATION('',(#14352),#14356);
#14352 = LINE('',#14353,#14354);
#14353 = CARTESIAN_POINT('',(0.,-0.));
#14354 = VECTOR('',#14355,1.);
#14355 = DIRECTION('',(-0.,1.));
#14356 = ( GEOMETRIC_REPRESENTATION_CONTEXT(2) 
PARAMETRIC_REPRESENTATION_CONTEXT() REPRESENTATION_CONTEXT('2D SPACE',''
  ) );
#14357 = PCURVE('',#10163,#14358);
#14358 = DEFINITIONAL_REPRESENTATION('',(#14359),#14363);
#14359 = LINE('',#14360,#14361);
#14360 = CARTESIAN_POINT('',(-0.,-0.));
#14361 = VECTOR('',#14362,1.);
#14362 = DIRECTION('',(-0.,-1.));
#14363 = ( GEOMETRIC_REPRESENTATION_CONTEXT(2) 
PARAMETRIC_REPRESENTATION_CONTEXT() REPRESENTATION_CONTEXT('2D SPACE',''
  ) );
#14364 = ORIENTED_EDGE('',*,*,#10117,.F.);
#14365 = ORIENTED_EDGE('',*,*,#14366,.T.);
#14366 = EDGE_CURVE('',#10118,#14367,#14369,.T.);
#14367 = VERTEX_POINT('',#14368);
#14368 = CARTESIAN_POINT('',(-14.,14.45,120.));
#14369 = SURFACE_CURVE('',#14370,(#14374,#14381),.PCURVE_S1.);
#14370 = LINE('',#14371,#14372);
#14371 = CARTESIAN_POINT('',(-14.,2.7,120.));
#14372 = VECTOR('',#14373,1.);
#14373 = DIRECTION('',(-0.,1.,-0.));
#14374 = PCURVE('',#10135,#14375);
#14375 = DEFINITIONAL_REPRESENTATION('',(#14376),#14380);
#14376 = LINE('',#14377,#14378);
#14377 = CARTESIAN_POINT('',(-5.,0.));
#14378 = VECTOR('',#14379,1.);
#14379 = DIRECTION('',(-0.,1.));
#14380 = ( GEOMETRIC_REPRESENTATION_CONTEXT(2) 
PARAMETRIC_REPRESENTATION_CONTEXT() REPRESENTATION_CONTEXT('2D SPACE',''
  ) );
#14381 = PCURVE('',#10217,#14382);
#14382 = DEFINITIONAL_REPRESENTATION('',(#14383),#14387);
#14383 = LINE('',#14384,#14385);
#14384 = CARTESIAN_POINT('',(-0.,-0.));
#14385 = VECTOR('',#14386,1.);
#14386 = DIRECTION('',(-0.,-1.));
#14387 = ( GEOMETRIC_REPRESENTATION_CONTEXT(2) 
PARAMETRIC_REPRESENTATION_CONTEXT() REPRESENTATION_CONTEXT('2D SPACE',''
  ) );
#14388 = ORIENTED_EDGE('',*,*,#14389,.F.);
#14389 = EDGE_CURVE('',#14343,#14367,#14390,.T.);
#14390 = SURFACE_CURVE('',#14391,(#14395,#14402),.PCURVE_S1.);
#14391 = LINE('',#14392,#14393);
#14392 = CARTESIAN_POINT('',(-9.,14.45,120.));
#14393 = VECTOR('',#14394,1.);
#14394 = DIRECTION('',(-1.,-0.,-0.));
#14395 = PCURVE('',#10135,#14396);
#14396 = DEFINITIONAL_REPRESENTATION('',(#14397),#14401);
#14397 = LINE('',#14398,#14399);
#14398 = CARTESIAN_POINT('',(0.,11.75));
#14399 = VECTOR('',#14400,1.);
#14400 = DIRECTION('',(-1.,0.));
#14401 = ( GEOMETRIC_REPRESENTATION_CONTEXT(2) 
PARAMETRIC_REPRESENTATION_CONTEXT() REPRESENTATION_CONTEXT('2D SPACE',''
  ) );
#14402 = PCURVE('',#14403,#14408);
#14403 = PLANE('',#14404);
#14404 = AXIS2_PLACEMENT_3D('',#14405,#14406,#14407);
#14405 = CARTESIAN_POINT('',(-9.,14.45,120.));
#14406 = DIRECTION('',(-0.,1.,-0.));
#14407 = DIRECTION('',(0.,0.,-1.));
#14408 = DEFINITIONAL_REPRESENTATION('',(#14409),#14413);
#14409 = LINE('',#14410,#14411);
#14410 = CARTESIAN_POINT('',(-0.,-0.));
#14411 = VECTOR('',#14412,1.);
#14412 = DIRECTION('',(-0.,1.));
#14413 = ( GEOMETRIC_REPRESENTATION_CONTEXT(2) 
PARAMETRIC_REPRESENTATION_CONTEXT() REPRESENTATION_CONTEXT('2D SPACE',''
  ) );
#14414 = ADVANCED_FACE('',(#14415),#10217,.T.);
#14415 = FACE_BOUND('',#14416,.F.);
#14416 = EDGE_LOOP('',(#14417,#14440,#14441,#14442));
#14417 = ORIENTED_EDGE('',*,*,#14418,.F.);
#14418 = EDGE_CURVE('',#10176,#14419,#14421,.T.);
#14419 = VERTEX_POINT('',#14420);
#14420 = CARTESIAN_POINT('',(-14.,14.45,129.));
#14421 = SURFACE_CURVE('',#14422,(#14426,#14433),.PCURVE_S1.);
#14422 = LINE('',#14423,#14424);
#14423 = CARTESIAN_POINT('',(-14.,2.7,129.));
#14424 = VECTOR('',#14425,1.);
#14425 = DIRECTION('',(-0.,1.,-0.));
#14426 = PCURVE('',#10217,#14427);
#14427 = DEFINITIONAL_REPRESENTATION('',(#14428),#14432);
#14428 = LINE('',#14429,#14430);
#14429 = CARTESIAN_POINT('',(-9.,-0.));
#14430 = VECTOR('',#14431,1.);
#14431 = DIRECTION('',(-0.,-1.));
#14432 = ( GEOMETRIC_REPRESENTATION_CONTEXT(2) 
PARAMETRIC_REPRESENTATION_CONTEXT() REPRESENTATION_CONTEXT('2D SPACE',''
  ) );
#14433 = PCURVE('',#10191,#14434);
#14434 = DEFINITIONAL_REPRESENTATION('',(#14435),#14439);
#14435 = LINE('',#14436,#14437);
#14436 = CARTESIAN_POINT('',(-5.,0.));
#14437 = VECTOR('',#14438,1.);
#14438 = DIRECTION('',(-0.,1.));
#14439 = ( GEOMETRIC_REPRESENTATION_CONTEXT(2) 
PARAMETRIC_REPRESENTATION_CONTEXT() REPRESENTATION_CONTEXT('2D SPACE',''
  ) );
#14440 = ORIENTED_EDGE('',*,*,#10203,.F.);
#14441 = ORIENTED_EDGE('',*,*,#14366,.T.);
#14442 = ORIENTED_EDGE('',*,*,#14443,.T.);
#14443 = EDGE_CURVE('',#14367,#14419,#14444,.T.);
#14444 = SURFACE_CURVE('',#14445,(#14449,#14456),.PCURVE_S1.);
#14445 = LINE('',#14446,#14447);
#14446 = CARTESIAN_POINT('',(-14.,14.45,120.));
#14447 = VECTOR('',#14448,1.);
#14448 = DIRECTION('',(-0.,-0.,1.));
#14449 = PCURVE('',#10217,#14450);
#14450 = DEFINITIONAL_REPRESENTATION('',(#14451),#14455);
#14451 = LINE('',#14452,#14453);
#14452 = CARTESIAN_POINT('',(-0.,-11.75));
#14453 = VECTOR('',#14454,1.);
#14454 = DIRECTION('',(-1.,-0.));
#14455 = ( GEOMETRIC_REPRESENTATION_CONTEXT(2) 
PARAMETRIC_REPRESENTATION_CONTEXT() REPRESENTATION_CONTEXT('2D SPACE',''
  ) );
#14456 = PCURVE('',#14403,#14457);
#14457 = DEFINITIONAL_REPRESENTATION('',(#14458),#14462);
#14458 = LINE('',#14459,#14460);
#14459 = CARTESIAN_POINT('',(-0.,5.));
#14460 = VECTOR('',#14461,1.);
#14461 = DIRECTION('',(-1.,0.));
#14462 = ( GEOMETRIC_REPRESENTATION_CONTEXT(2) 
PARAMETRIC_REPRESENTATION_CONTEXT() REPRESENTATION_CONTEXT('2D SPACE',''
  ) );
#14463 = ADVANCED_FACE('',(#14464),#10163,.F.);
#14464 = FACE_BOUND('',#14465,.T.);
#14465 = EDGE_LOOP('',(#14466,#14489,#14490,#14491));
#14466 = ORIENTED_EDGE('',*,*,#14467,.F.);
#14467 = EDGE_CURVE('',#10148,#14468,#14470,.T.);
#14468 = VERTEX_POINT('',#14469);
#14469 = CARTESIAN_POINT('',(-9.,14.45,129.));
#14470 = SURFACE_CURVE('',#14471,(#14475,#14482),.PCURVE_S1.);
#14471 = LINE('',#14472,#14473);
#14472 = CARTESIAN_POINT('',(-9.,2.7,129.));
#14473 = VECTOR('',#14474,1.);
#14474 = DIRECTION('',(-0.,1.,-0.));
#14475 = PCURVE('',#10163,#14476);
#14476 = DEFINITIONAL_REPRESENTATION('',(#14477),#14481);
#14477 = LINE('',#14478,#14479);
#14478 = CARTESIAN_POINT('',(-9.,-0.));
#14479 = VECTOR('',#14480,1.);
#14480 = DIRECTION('',(-0.,-1.));
#14481 = ( GEOMETRIC_REPRESENTATION_CONTEXT(2) 
PARAMETRIC_REPRESENTATION_CONTEXT() REPRESENTATION_CONTEXT('2D SPACE',''
  ) );
#14482 = PCURVE('',#10191,#14483);
#14483 = DEFINITIONAL_REPRESENTATION('',(#14484),#14488);
#14484 = LINE('',#14485,#14486);
#14485 = CARTESIAN_POINT('',(0.,-0.));
#14486 = VECTOR('',#14487,1.);
#14487 = DIRECTION('',(-0.,1.));
#14488 = ( GEOMETRIC_REPRESENTATION_CONTEXT(2) 
PARAMETRIC_REPRESENTATION_CONTEXT() REPRESENTATION_CONTEXT('2D SPACE',''
  ) );
#14489 = ORIENTED_EDGE('',*,*,#10147,.F.);
#14490 = ORIENTED_EDGE('',*,*,#14342,.T.);
#14491 = ORIENTED_EDGE('',*,*,#14492,.T.);
#14492 = EDGE_CURVE('',#14343,#14468,#14493,.T.);
#14493 = SURFACE_CURVE('',#14494,(#14498,#14505),.PCURVE_S1.);
#14494 = LINE('',#14495,#14496);
#14495 = CARTESIAN_POINT('',(-9.,14.45,120.));
#14496 = VECTOR('',#14497,1.);
#14497 = DIRECTION('',(-0.,-0.,1.));
#14498 = PCURVE('',#10163,#14499);
#14499 = DEFINITIONAL_REPRESENTATION('',(#14500),#14504);
#14500 = LINE('',#14501,#14502);
#14501 = CARTESIAN_POINT('',(-0.,-11.75));
#14502 = VECTOR('',#14503,1.);
#14503 = DIRECTION('',(-1.,-0.));
#14504 = ( GEOMETRIC_REPRESENTATION_CONTEXT(2) 
PARAMETRIC_REPRESENTATION_CONTEXT() REPRESENTATION_CONTEXT('2D SPACE',''
  ) );
#14505 = PCURVE('',#14403,#14506);
#14506 = DEFINITIONAL_REPRESENTATION('',(#14507),#14511);
#14507 = LINE('',#14508,#14509);
#14508 = CARTESIAN_POINT('',(-0.,-0.));
#14509 = VECTOR('',#14510,1.);
#14510 = DIRECTION('',(-1.,0.));
#14511 = ( GEOMETRIC_REPRESENTATION_CONTEXT(2) 
PARAMETRIC_REPRESENTATION_CONTEXT() REPRESENTATION_CONTEXT('2D SPACE',''
  ) );
#14512 = ADVANCED_FACE('',(#14513),#10191,.T.);
#14513 = FACE_BOUND('',#14514,.F.);
#14514 = EDGE_LOOP('',(#14515,#14516,#14517,#14518));
#14515 = ORIENTED_EDGE('',*,*,#14467,.F.);
#14516 = ORIENTED_EDGE('',*,*,#10175,.F.);
#14517 = ORIENTED_EDGE('',*,*,#14418,.T.);
#14518 = ORIENTED_EDGE('',*,*,#14519,.F.);
#14519 = EDGE_CURVE('',#14468,#14419,#14520,.T.);
#14520 = SURFACE_CURVE('',#14521,(#14525,#14532),.PCURVE_S1.);
#14521 = LINE('',#14522,#14523);
#14522 = CARTESIAN_POINT('',(-9.,14.45,129.));
#14523 = VECTOR('',#14524,1.);
#14524 = DIRECTION('',(-1.,-0.,-0.));
#14525 = PCURVE('',#10191,#14526);
#14526 = DEFINITIONAL_REPRESENTATION('',(#14527),#14531);
#14527 = LINE('',#14528,#14529);
#14528 = CARTESIAN_POINT('',(0.,11.75));
#14529 = VECTOR('',#14530,1.);
#14530 = DIRECTION('',(-1.,0.));
#14531 = ( GEOMETRIC_REPRESENTATION_CONTEXT(2) 
PARAMETRIC_REPRESENTATION_CONTEXT() REPRESENTATION_CONTEXT('2D SPACE',''
  ) );
#14532 = PCURVE('',#14403,#14533);
#14533 = DEFINITIONAL_REPRESENTATION('',(#14534),#14538);
#14534 = LINE('',#14535,#14536);
#14535 = CARTESIAN_POINT('',(-9.,-0.));
#14536 = VECTOR('',#14537,1.);
#14537 = DIRECTION('',(-0.,1.));
#14538 = ( GEOMETRIC_REPRESENTATION_CONTEXT(2) 
PARAMETRIC_REPRESENTATION_CONTEXT() REPRESENTATION_CONTEXT('2D SPACE',''
  ) );
#14539 = ADVANCED_FACE('',(#14540),#10249,.F.);
#14540 = FACE_BOUND('',#14541,.T.);
#14541 = EDGE_LOOP('',(#14542,#14565,#14566,#14589));
#14542 = ORIENTED_EDGE('',*,*,#14543,.F.);
#14543 = EDGE_CURVE('',#10234,#14544,#14546,.T.);
#14544 = VERTEX_POINT('',#14545);
#14545 = CARTESIAN_POINT('',(-9.,14.45,64.));
#14546 = SURFACE_CURVE('',#14547,(#14551,#14558),.PCURVE_S1.);
#14547 = LINE('',#14548,#14549);
#14548 = CARTESIAN_POINT('',(-9.,2.7,64.));
#14549 = VECTOR('',#14550,1.);
#14550 = DIRECTION('',(-0.,1.,-0.));
#14551 = PCURVE('',#10249,#14552);
#14552 = DEFINITIONAL_REPRESENTATION('',(#14553),#14557);
#14553 = LINE('',#14554,#14555);
#14554 = CARTESIAN_POINT('',(0.,-0.));
#14555 = VECTOR('',#14556,1.);
#14556 = DIRECTION('',(-0.,1.));
#14557 = ( GEOMETRIC_REPRESENTATION_CONTEXT(2) 
PARAMETRIC_REPRESENTATION_CONTEXT() REPRESENTATION_CONTEXT('2D SPACE',''
  ) );
#14558 = PCURVE('',#10277,#14559);
#14559 = DEFINITIONAL_REPRESENTATION('',(#14560),#14564);
#14560 = LINE('',#14561,#14562);
#14561 = CARTESIAN_POINT('',(-0.,-0.));
#14562 = VECTOR('',#14563,1.);
#14563 = DIRECTION('',(-0.,-1.));
#14564 = ( GEOMETRIC_REPRESENTATION_CONTEXT(2) 
PARAMETRIC_REPRESENTATION_CONTEXT() REPRESENTATION_CONTEXT('2D SPACE',''
  ) );
#14565 = ORIENTED_EDGE('',*,*,#10231,.F.);
#14566 = ORIENTED_EDGE('',*,*,#14567,.T.);
#14567 = EDGE_CURVE('',#10232,#14568,#14570,.T.);
#14568 = VERTEX_POINT('',#14569);
#14569 = CARTESIAN_POINT('',(-14.,14.45,64.));
#14570 = SURFACE_CURVE('',#14571,(#14575,#14582),.PCURVE_S1.);
#14571 = LINE('',#14572,#14573);
#14572 = CARTESIAN_POINT('',(-14.,2.7,64.));
#14573 = VECTOR('',#14574,1.);
#14574 = DIRECTION('',(-0.,1.,-0.));
#14575 = PCURVE('',#10249,#14576);
#14576 = DEFINITIONAL_REPRESENTATION('',(#14577),#14581);
#14577 = LINE('',#14578,#14579);
#14578 = CARTESIAN_POINT('',(-5.,0.));
#14579 = VECTOR('',#14580,1.);
#14580 = DIRECTION('',(-0.,1.));
#14581 = ( GEOMETRIC_REPRESENTATION_CONTEXT(2) 
PARAMETRIC_REPRESENTATION_CONTEXT() REPRESENTATION_CONTEXT('2D SPACE',''
  ) );
#14582 = PCURVE('',#10331,#14583);
#14583 = DEFINITIONAL_REPRESENTATION('',(#14584),#14588);
#14584 = LINE('',#14585,#14586);
#14585 = CARTESIAN_POINT('',(-0.,-0.));
#14586 = VECTOR('',#14587,1.);
#14587 = DIRECTION('',(-0.,-1.));
#14588 = ( GEOMETRIC_REPRESENTATION_CONTEXT(2) 
PARAMETRIC_REPRESENTATION_CONTEXT() REPRESENTATION_CONTEXT('2D SPACE',''
  ) );
#14589 = ORIENTED_EDGE('',*,*,#14590,.F.);
#14590 = EDGE_CURVE('',#14544,#14568,#14591,.T.);
#14591 = SURFACE_CURVE('',#14592,(#14596,#14603),.PCURVE_S1.);
#14592 = LINE('',#14593,#14594);
#14593 = CARTESIAN_POINT('',(-9.,14.45,64.));
#14594 = VECTOR('',#14595,1.);
#14595 = DIRECTION('',(-1.,-0.,-0.));
#14596 = PCURVE('',#10249,#14597);
#14597 = DEFINITIONAL_REPRESENTATION('',(#14598),#14602);
#14598 = LINE('',#14599,#14600);
#14599 = CARTESIAN_POINT('',(0.,11.75));
#14600 = VECTOR('',#14601,1.);
#14601 = DIRECTION('',(-1.,0.));
#14602 = ( GEOMETRIC_REPRESENTATION_CONTEXT(2) 
PARAMETRIC_REPRESENTATION_CONTEXT() REPRESENTATION_CONTEXT('2D SPACE',''
  ) );
#14603 = PCURVE('',#14604,#14609);
#14604 = PLANE('',#14605);
#14605 = AXIS2_PLACEMENT_3D('',#14606,#14607,#14608);
#14606 = CARTESIAN_POINT('',(-9.,14.45,64.));
#14607 = DIRECTION('',(-0.,1.,-0.));
#14608 = DIRECTION('',(0.,0.,-1.));
#14609 = DEFINITIONAL_REPRESENTATION('',(#14610),#14614);
#14610 = LINE('',#14611,#14612);
#14611 = CARTESIAN_POINT('',(-0.,-0.));
#14612 = VECTOR('',#14613,1.);
#14613 = DIRECTION('',(-0.,1.));
#14614 = ( GEOMETRIC_REPRESENTATION_CONTEXT(2) 
PARAMETRIC_REPRESENTATION_CONTEXT() REPRESENTATION_CONTEXT('2D SPACE',''
  ) );
#14615 = ADVANCED_FACE('',(#14616),#10331,.T.);
#14616 = FACE_BOUND('',#14617,.F.);
#14617 = EDGE_LOOP('',(#14618,#14641,#14642,#14643));
#14618 = ORIENTED_EDGE('',*,*,#14619,.F.);
#14619 = EDGE_CURVE('',#10290,#14620,#14622,.T.);
#14620 = VERTEX_POINT('',#14621);
#14621 = CARTESIAN_POINT('',(-14.,14.45,73.));
#14622 = SURFACE_CURVE('',#14623,(#14627,#14634),.PCURVE_S1.);
#14623 = LINE('',#14624,#14625);
#14624 = CARTESIAN_POINT('',(-14.,2.7,73.));
#14625 = VECTOR('',#14626,1.);
#14626 = DIRECTION('',(-0.,1.,-0.));
#14627 = PCURVE('',#10331,#14628);
#14628 = DEFINITIONAL_REPRESENTATION('',(#14629),#14633);
#14629 = LINE('',#14630,#14631);
#14630 = CARTESIAN_POINT('',(-9.,-0.));
#14631 = VECTOR('',#14632,1.);
#14632 = DIRECTION('',(-0.,-1.));
#14633 = ( GEOMETRIC_REPRESENTATION_CONTEXT(2) 
PARAMETRIC_REPRESENTATION_CONTEXT() REPRESENTATION_CONTEXT('2D SPACE',''
  ) );
#14634 = PCURVE('',#10305,#14635);
#14635 = DEFINITIONAL_REPRESENTATION('',(#14636),#14640);
#14636 = LINE('',#14637,#14638);
#14637 = CARTESIAN_POINT('',(-5.,0.));
#14638 = VECTOR('',#14639,1.);
#14639 = DIRECTION('',(-0.,1.));
#14640 = ( GEOMETRIC_REPRESENTATION_CONTEXT(2) 
PARAMETRIC_REPRESENTATION_CONTEXT() REPRESENTATION_CONTEXT('2D SPACE',''
  ) );
#14641 = ORIENTED_EDGE('',*,*,#10317,.F.);
#14642 = ORIENTED_EDGE('',*,*,#14567,.T.);
#14643 = ORIENTED_EDGE('',*,*,#14644,.T.);
#14644 = EDGE_CURVE('',#14568,#14620,#14645,.T.);
#14645 = SURFACE_CURVE('',#14646,(#14650,#14657),.PCURVE_S1.);
#14646 = LINE('',#14647,#14648);
#14647 = CARTESIAN_POINT('',(-14.,14.45,64.));
#14648 = VECTOR('',#14649,1.);
#14649 = DIRECTION('',(-0.,-0.,1.));
#14650 = PCURVE('',#10331,#14651);
#14651 = DEFINITIONAL_REPRESENTATION('',(#14652),#14656);
#14652 = LINE('',#14653,#14654);
#14653 = CARTESIAN_POINT('',(-0.,-11.75));
#14654 = VECTOR('',#14655,1.);
#14655 = DIRECTION('',(-1.,-0.));
#14656 = ( GEOMETRIC_REPRESENTATION_CONTEXT(2) 
PARAMETRIC_REPRESENTATION_CONTEXT() REPRESENTATION_CONTEXT('2D SPACE',''
  ) );
#14657 = PCURVE('',#14604,#14658);
#14658 = DEFINITIONAL_REPRESENTATION('',(#14659),#14663);
#14659 = LINE('',#14660,#14661);
#14660 = CARTESIAN_POINT('',(-0.,5.));
#14661 = VECTOR('',#14662,1.);
#14662 = DIRECTION('',(-1.,0.));
#14663 = ( GEOMETRIC_REPRESENTATION_CONTEXT(2) 
PARAMETRIC_REPRESENTATION_CONTEXT() REPRESENTATION_CONTEXT('2D SPACE',''
  ) );
#14664 = ADVANCED_FACE('',(#14665),#10277,.F.);
#14665 = FACE_BOUND('',#14666,.T.);
#14666 = EDGE_LOOP('',(#14667,#14690,#14691,#14692));
#14667 = ORIENTED_EDGE('',*,*,#14668,.F.);
#14668 = EDGE_CURVE('',#10262,#14669,#14671,.T.);
#14669 = VERTEX_POINT('',#14670);
#14670 = CARTESIAN_POINT('',(-9.,14.45,73.));
#14671 = SURFACE_CURVE('',#14672,(#14676,#14683),.PCURVE_S1.);
#14672 = LINE('',#14673,#14674);
#14673 = CARTESIAN_POINT('',(-9.,2.7,73.));
#14674 = VECTOR('',#14675,1.);
#14675 = DIRECTION('',(-0.,1.,-0.));
#14676 = PCURVE('',#10277,#14677);
#14677 = DEFINITIONAL_REPRESENTATION('',(#14678),#14682);
#14678 = LINE('',#14679,#14680);
#14679 = CARTESIAN_POINT('',(-9.,-0.));
#14680 = VECTOR('',#14681,1.);
#14681 = DIRECTION('',(-0.,-1.));
#14682 = ( GEOMETRIC_REPRESENTATION_CONTEXT(2) 
PARAMETRIC_REPRESENTATION_CONTEXT() REPRESENTATION_CONTEXT('2D SPACE',''
  ) );
#14683 = PCURVE('',#10305,#14684);
#14684 = DEFINITIONAL_REPRESENTATION('',(#14685),#14689);
#14685 = LINE('',#14686,#14687);
#14686 = CARTESIAN_POINT('',(0.,-0.));
#14687 = VECTOR('',#14688,1.);
#14688 = DIRECTION('',(-0.,1.));
#14689 = ( GEOMETRIC_REPRESENTATION_CONTEXT(2) 
PARAMETRIC_REPRESENTATION_CONTEXT() REPRESENTATION_CONTEXT('2D SPACE',''
  ) );
#14690 = ORIENTED_EDGE('',*,*,#10261,.F.);
#14691 = ORIENTED_EDGE('',*,*,#14543,.T.);
#14692 = ORIENTED_EDGE('',*,*,#14693,.T.);
#14693 = EDGE_CURVE('',#14544,#14669,#14694,.T.);
#14694 = SURFACE_CURVE('',#14695,(#14699,#14706),.PCURVE_S1.);
#14695 = LINE('',#14696,#14697);
#14696 = CARTESIAN_POINT('',(-9.,14.45,64.));
#14697 = VECTOR('',#14698,1.);
#14698 = DIRECTION('',(-0.,-0.,1.));
#14699 = PCURVE('',#10277,#14700);
#14700 = DEFINITIONAL_REPRESENTATION('',(#14701),#14705);
#14701 = LINE('',#14702,#14703);
#14702 = CARTESIAN_POINT('',(-0.,-11.75));
#14703 = VECTOR('',#14704,1.);
#14704 = DIRECTION('',(-1.,-0.));
#14705 = ( GEOMETRIC_REPRESENTATION_CONTEXT(2) 
PARAMETRIC_REPRESENTATION_CONTEXT() REPRESENTATION_CONTEXT('2D SPACE',''
  ) );
#14706 = PCURVE('',#14604,#14707);
#14707 = DEFINITIONAL_REPRESENTATION('',(#14708),#14712);
#14708 = LINE('',#14709,#14710);
#14709 = CARTESIAN_POINT('',(-0.,-0.));
#14710 = VECTOR('',#14711,1.);
#14711 = DIRECTION('',(-1.,0.));
#14712 = ( GEOMETRIC_REPRESENTATION_CONTEXT(2) 
PARAMETRIC_REPRESENTATION_CONTEXT() REPRESENTATION_CONTEXT('2D SPACE',''
  ) );
#14713 = ADVANCED_FACE('',(#14714),#10305,.T.);
#14714 = FACE_BOUND('',#14715,.F.);
#14715 = EDGE_LOOP('',(#14716,#14717,#14718,#14719));
#14716 = ORIENTED_EDGE('',*,*,#14668,.F.);
#14717 = ORIENTED_EDGE('',*,*,#10289,.F.);
#14718 = ORIENTED_EDGE('',*,*,#14619,.T.);
#14719 = ORIENTED_EDGE('',*,*,#14720,.F.);
#14720 = EDGE_CURVE('',#14669,#14620,#14721,.T.);
#14721 = SURFACE_CURVE('',#14722,(#14726,#14733),.PCURVE_S1.);
#14722 = LINE('',#14723,#14724);
#14723 = CARTESIAN_POINT('',(-9.,14.45,73.));
#14724 = VECTOR('',#14725,1.);
#14725 = DIRECTION('',(-1.,-0.,-0.));
#14726 = PCURVE('',#10305,#14727);
#14727 = DEFINITIONAL_REPRESENTATION('',(#14728),#14732);
#14728 = LINE('',#14729,#14730);
#14729 = CARTESIAN_POINT('',(0.,11.75));
#14730 = VECTOR('',#14731,1.);
#14731 = DIRECTION('',(-1.,0.));
#14732 = ( GEOMETRIC_REPRESENTATION_CONTEXT(2) 
PARAMETRIC_REPRESENTATION_CONTEXT() REPRESENTATION_CONTEXT('2D SPACE',''
  ) );
#14733 = PCURVE('',#14604,#14734);
#14734 = DEFINITIONAL_REPRESENTATION('',(#14735),#14739);
#14735 = LINE('',#14736,#14737);
#14736 = CARTESIAN_POINT('',(-9.,-0.));
#14737 = VECTOR('',#14738,1.);
#14738 = DIRECTION('',(-0.,1.));
#14739 = ( GEOMETRIC_REPRESENTATION_CONTEXT(2) 
PARAMETRIC_REPRESENTATION_CONTEXT() REPRESENTATION_CONTEXT('2D SPACE',''
  ) );
#14740 = ADVANCED_FACE('',(#14741),#10363,.F.);
#14741 = FACE_BOUND('',#14742,.T.);
#14742 = EDGE_LOOP('',(#14743,#14766,#14767,#14790,#14818,#14846,#14879,
    #14907,#14940,#14968));
#14743 = ORIENTED_EDGE('',*,*,#14744,.F.);
#14744 = EDGE_CURVE('',#10348,#14745,#14747,.T.);
#14745 = VERTEX_POINT('',#14746);
#14746 = CARTESIAN_POINT('',(15.5,17.5,5.5));
#14747 = SURFACE_CURVE('',#14748,(#14752,#14759),.PCURVE_S1.);
#14748 = LINE('',#14749,#14750);
#14749 = CARTESIAN_POINT('',(15.5,2.7,5.5));
#14750 = VECTOR('',#14751,1.);
#14751 = DIRECTION('',(-0.,1.,-0.));
#14752 = PCURVE('',#10363,#14753);
#14753 = DEFINITIONAL_REPRESENTATION('',(#14754),#14758);
#14754 = LINE('',#14755,#14756);
#14755 = CARTESIAN_POINT('',(0.,-0.));
#14756 = VECTOR('',#14757,1.);
#14757 = DIRECTION('',(-0.,1.));
#14758 = ( GEOMETRIC_REPRESENTATION_CONTEXT(2) 
PARAMETRIC_REPRESENTATION_CONTEXT() REPRESENTATION_CONTEXT('2D SPACE',''
  ) );
#14759 = PCURVE('',#10391,#14760);
#14760 = DEFINITIONAL_REPRESENTATION('',(#14761),#14765);
#14761 = LINE('',#14762,#14763);
#14762 = CARTESIAN_POINT('',(-0.,-0.));
#14763 = VECTOR('',#14764,1.);
#14764 = DIRECTION('',(-0.,-1.));
#14765 = ( GEOMETRIC_REPRESENTATION_CONTEXT(2) 
PARAMETRIC_REPRESENTATION_CONTEXT() REPRESENTATION_CONTEXT('2D SPACE',''
  ) );
#14766 = ORIENTED_EDGE('',*,*,#10345,.F.);
#14767 = ORIENTED_EDGE('',*,*,#14768,.T.);
#14768 = EDGE_CURVE('',#10346,#14769,#14771,.T.);
#14769 = VERTEX_POINT('',#14770);
#14770 = CARTESIAN_POINT('',(-15.5,17.5,5.5));
#14771 = SURFACE_CURVE('',#14772,(#14776,#14783),.PCURVE_S1.);
#14772 = LINE('',#14773,#14774);
#14773 = CARTESIAN_POINT('',(-15.5,2.7,5.5));
#14774 = VECTOR('',#14775,1.);
#14775 = DIRECTION('',(-0.,1.,-0.));
#14776 = PCURVE('',#10363,#14777);
#14777 = DEFINITIONAL_REPRESENTATION('',(#14778),#14782);
#14778 = LINE('',#14779,#14780);
#14779 = CARTESIAN_POINT('',(-31.,0.));
#14780 = VECTOR('',#14781,1.);
#14781 = DIRECTION('',(-0.,1.));
#14782 = ( GEOMETRIC_REPRESENTATION_CONTEXT(2) 
PARAMETRIC_REPRESENTATION_CONTEXT() REPRESENTATION_CONTEXT('2D SPACE',''
  ) );
#14783 = PCURVE('',#10445,#14784);
#14784 = DEFINITIONAL_REPRESENTATION('',(#14785),#14789);
#14785 = LINE('',#14786,#14787);
#14786 = CARTESIAN_POINT('',(-0.,-0.));
#14787 = VECTOR('',#14788,1.);
#14788 = DIRECTION('',(-0.,-1.));
#14789 = ( GEOMETRIC_REPRESENTATION_CONTEXT(2) 
PARAMETRIC_REPRESENTATION_CONTEXT() REPRESENTATION_CONTEXT('2D SPACE',''
  ) );
#14790 = ORIENTED_EDGE('',*,*,#14791,.F.);
#14791 = EDGE_CURVE('',#14792,#14769,#14794,.T.);
#14792 = VERTEX_POINT('',#14793);
#14793 = CARTESIAN_POINT('',(-7.,17.5,5.5));
#14794 = SURFACE_CURVE('',#14795,(#14799,#14806),.PCURVE_S1.);
#14795 = LINE('',#14796,#14797);
#14796 = CARTESIAN_POINT('',(15.5,17.5,5.5));
#14797 = VECTOR('',#14798,1.);
#14798 = DIRECTION('',(-1.,-0.,-0.));
#14799 = PCURVE('',#10363,#14800);
#14800 = DEFINITIONAL_REPRESENTATION('',(#14801),#14805);
#14801 = LINE('',#14802,#14803);
#14802 = CARTESIAN_POINT('',(0.,14.8));
#14803 = VECTOR('',#14804,1.);
#14804 = DIRECTION('',(-1.,0.));
#14805 = ( GEOMETRIC_REPRESENTATION_CONTEXT(2) 
PARAMETRIC_REPRESENTATION_CONTEXT() REPRESENTATION_CONTEXT('2D SPACE',''
  ) );
#14806 = PCURVE('',#14807,#14812);
#14807 = PLANE('',#14808);
#14808 = AXIS2_PLACEMENT_3D('',#14809,#14810,#14811);
#14809 = CARTESIAN_POINT('',(15.5,17.5,5.5));
#14810 = DIRECTION('',(-0.,1.,-0.));
#14811 = DIRECTION('',(0.,0.,-1.));
#14812 = DEFINITIONAL_REPRESENTATION('',(#14813),#14817);
#14813 = LINE('',#14814,#14815);
#14814 = CARTESIAN_POINT('',(-0.,-0.));
#14815 = VECTOR('',#14816,1.);
#14816 = DIRECTION('',(-0.,1.));
#14817 = ( GEOMETRIC_REPRESENTATION_CONTEXT(2) 
PARAMETRIC_REPRESENTATION_CONTEXT() REPRESENTATION_CONTEXT('2D SPACE',''
  ) );
#14818 = ORIENTED_EDGE('',*,*,#14819,.F.);
#14819 = EDGE_CURVE('',#14820,#14792,#14822,.T.);
#14820 = VERTEX_POINT('',#14821);
#14821 = CARTESIAN_POINT('',(-7.,15.6,5.5));
#14822 = SURFACE_CURVE('',#14823,(#14827,#14834),.PCURVE_S1.);
#14823 = LINE('',#14824,#14825);
#14824 = CARTESIAN_POINT('',(-7.,8.35,5.5));
#14825 = VECTOR('',#14826,1.);
#14826 = DIRECTION('',(-0.,1.,-0.));
#14827 = PCURVE('',#10363,#14828);
#14828 = DEFINITIONAL_REPRESENTATION('',(#14829),#14833);
#14829 = LINE('',#14830,#14831);
#14830 = CARTESIAN_POINT('',(-22.5,5.65));
#14831 = VECTOR('',#14832,1.);
#14832 = DIRECTION('',(-0.,1.));
#14833 = ( GEOMETRIC_REPRESENTATION_CONTEXT(2) 
PARAMETRIC_REPRESENTATION_CONTEXT() REPRESENTATION_CONTEXT('2D SPACE',''
  ) );
#14834 = PCURVE('',#14835,#14840);
#14835 = PLANE('',#14836);
#14836 = AXIS2_PLACEMENT_3D('',#14837,#14838,#14839);
#14837 = CARTESIAN_POINT('',(-7.,14.,-10.));
#14838 = DIRECTION('',(-1.,-0.,-0.));
#14839 = DIRECTION('',(0.,0.,-1.));
#14840 = DEFINITIONAL_REPRESENTATION('',(#14841),#14845);
#14841 = LINE('',#14842,#14843);
#14842 = CARTESIAN_POINT('',(-15.5,5.65));
#14843 = VECTOR('',#14844,1.);
#14844 = DIRECTION('',(-0.,-1.));
#14845 = ( GEOMETRIC_REPRESENTATION_CONTEXT(2) 
PARAMETRIC_REPRESENTATION_CONTEXT() REPRESENTATION_CONTEXT('2D SPACE',''
  ) );
#14846 = ORIENTED_EDGE('',*,*,#14847,.F.);
#14847 = EDGE_CURVE('',#14848,#14820,#14850,.T.);
#14848 = VERTEX_POINT('',#14849);
#14849 = CARTESIAN_POINT('',(-5.4,14.,5.5));
#14850 = SURFACE_CURVE('',#14851,(#14856,#14867),.PCURVE_S1.);
#14851 = CIRCLE('',#14852,1.6);
#14852 = AXIS2_PLACEMENT_3D('',#14853,#14854,#14855);
#14853 = CARTESIAN_POINT('',(-5.4,15.6,5.5));
#14854 = DIRECTION('',(0.,0.,-1.));
#14855 = DIRECTION('',(-0.,-1.,-0.));
#14856 = PCURVE('',#10363,#14857);
#14857 = DEFINITIONAL_REPRESENTATION('',(#14858),#14866);
#14858 = ( BOUNDED_CURVE() B_SPLINE_CURVE(2,(#14859,#14860,#14861,#14862
    ,#14863,#14864,#14865),.UNSPECIFIED.,.T.,.F.) 
B_SPLINE_CURVE_WITH_KNOTS((1,2,2,2,2,1),(-2.094395102393,0.,
    2.094395102393,4.188790204786,6.28318530718,8.377580409573),
.UNSPECIFIED.) CURVE() GEOMETRIC_REPRESENTATION_ITEM() 
RATIONAL_B_SPLINE_CURVE((1.,0.5,1.,0.5,1.,0.5,1.)) REPRESENTATION_ITEM(
  '') );
#14859 = CARTESIAN_POINT('',(-20.9,11.3));
#14860 = CARTESIAN_POINT('',(-23.67128129211,11.3));
#14861 = CARTESIAN_POINT('',(-22.28564064605,13.7));
#14862 = CARTESIAN_POINT('',(-20.9,16.1));
#14863 = CARTESIAN_POINT('',(-19.51435935394,13.7));
#14864 = CARTESIAN_POINT('',(-18.12871870789,11.3));
#14865 = CARTESIAN_POINT('',(-20.9,11.3));
#14866 = ( GEOMETRIC_REPRESENTATION_CONTEXT(2) 
PARAMETRIC_REPRESENTATION_CONTEXT() REPRESENTATION_CONTEXT('2D SPACE',''
  ) );
#14867 = PCURVE('',#14868,#14873);
#14868 = CYLINDRICAL_SURFACE('',#14869,1.6);
#14869 = AXIS2_PLACEMENT_3D('',#14870,#14871,#14872);
#14870 = CARTESIAN_POINT('',(-5.4,15.6,-1.));
#14871 = DIRECTION('',(-0.,-0.,1.));
#14872 = DIRECTION('',(-0.,-1.,-0.));
#14873 = DEFINITIONAL_REPRESENTATION('',(#14874),#14878);
#14874 = LINE('',#14875,#14876);
#14875 = CARTESIAN_POINT('',(-0.,6.5));
#14876 = VECTOR('',#14877,1.);
#14877 = DIRECTION('',(-1.,0.));
#14878 = ( GEOMETRIC_REPRESENTATION_CONTEXT(2) 
PARAMETRIC_REPRESENTATION_CONTEXT() REPRESENTATION_CONTEXT('2D SPACE',''
  ) );
#14879 = ORIENTED_EDGE('',*,*,#14880,.F.);
#14880 = EDGE_CURVE('',#14881,#14848,#14883,.T.);
#14881 = VERTEX_POINT('',#14882);
#14882 = CARTESIAN_POINT('',(5.4,14.,5.5));
#14883 = SURFACE_CURVE('',#14884,(#14888,#14895),.PCURVE_S1.);
#14884 = LINE('',#14885,#14886);
#14885 = CARTESIAN_POINT('',(7.75,14.,5.5));
#14886 = VECTOR('',#14887,1.);
#14887 = DIRECTION('',(-1.,-0.,-0.));
#14888 = PCURVE('',#10363,#14889);
#14889 = DEFINITIONAL_REPRESENTATION('',(#14890),#14894);
#14890 = LINE('',#14891,#14892);
#14891 = CARTESIAN_POINT('',(-7.75,11.3));
#14892 = VECTOR('',#14893,1.);
#14893 = DIRECTION('',(-1.,0.));
#14894 = ( GEOMETRIC_REPRESENTATION_CONTEXT(2) 
PARAMETRIC_REPRESENTATION_CONTEXT() REPRESENTATION_CONTEXT('2D SPACE',''
  ) );
#14895 = PCURVE('',#14896,#14901);
#14896 = PLANE('',#14897);
#14897 = AXIS2_PLACEMENT_3D('',#14898,#14899,#14900);
#14898 = CARTESIAN_POINT('',(0.,14.,0.));
#14899 = DIRECTION('',(0.,-1.,-0.));
#14900 = DIRECTION('',(0.,0.,1.));
#14901 = DEFINITIONAL_REPRESENTATION('',(#14902),#14906);
#14902 = LINE('',#14903,#14904);
#14903 = CARTESIAN_POINT('',(5.5,-7.75));
#14904 = VECTOR('',#14905,1.);
#14905 = DIRECTION('',(-0.,1.));
#14906 = ( GEOMETRIC_REPRESENTATION_CONTEXT(2) 
PARAMETRIC_REPRESENTATION_CONTEXT() REPRESENTATION_CONTEXT('2D SPACE',''
  ) );
#14907 = ORIENTED_EDGE('',*,*,#14908,.F.);
#14908 = EDGE_CURVE('',#14909,#14881,#14911,.T.);
#14909 = VERTEX_POINT('',#14910);
#14910 = CARTESIAN_POINT('',(7.,15.6,5.5));
#14911 = SURFACE_CURVE('',#14912,(#14917,#14928),.PCURVE_S1.);
#14912 = CIRCLE('',#14913,1.6);
#14913 = AXIS2_PLACEMENT_3D('',#14914,#14915,#14916);
#14914 = CARTESIAN_POINT('',(5.4,15.6,5.5));
#14915 = DIRECTION('',(0.,0.,-1.));
#14916 = DIRECTION('',(-0.,-1.,-0.));
#14917 = PCURVE('',#10363,#14918);
#14918 = DEFINITIONAL_REPRESENTATION('',(#14919),#14927);
#14919 = ( BOUNDED_CURVE() B_SPLINE_CURVE(2,(#14920,#14921,#14922,#14923
    ,#14924,#14925,#14926),.UNSPECIFIED.,.T.,.F.) 
B_SPLINE_CURVE_WITH_KNOTS((1,2,2,2,2,1),(-2.094395102393,0.,
    2.094395102393,4.188790204786,6.28318530718,8.377580409573),
.UNSPECIFIED.) CURVE() GEOMETRIC_REPRESENTATION_ITEM() 
RATIONAL_B_SPLINE_CURVE((1.,0.5,1.,0.5,1.,0.5,1.)) REPRESENTATION_ITEM(
  '') );
#14920 = CARTESIAN_POINT('',(-10.1,11.3));
#14921 = CARTESIAN_POINT('',(-12.87128129211,11.3));
#14922 = CARTESIAN_POINT('',(-11.48564064605,13.7));
#14923 = CARTESIAN_POINT('',(-10.1,16.1));
#14924 = CARTESIAN_POINT('',(-8.714359353945,13.7));
#14925 = CARTESIAN_POINT('',(-7.32871870789,11.3));
#14926 = CARTESIAN_POINT('',(-10.1,11.3));
#14927 = ( GEOMETRIC_REPRESENTATION_CONTEXT(2) 
PARAMETRIC_REPRESENTATION_CONTEXT() REPRESENTATION_CONTEXT('2D SPACE',''
  ) );
#14928 = PCURVE('',#14929,#14934);
#14929 = CYLINDRICAL_SURFACE('',#14930,1.6);
#14930 = AXIS2_PLACEMENT_3D('',#14931,#14932,#14933);
#14931 = CARTESIAN_POINT('',(5.4,15.6,-1.));
#14932 = DIRECTION('',(-0.,-0.,1.));
#14933 = DIRECTION('',(-0.,-1.,-0.));
#14934 = DEFINITIONAL_REPRESENTATION('',(#14935),#14939);
#14935 = LINE('',#14936,#14937);
#14936 = CARTESIAN_POINT('',(6.28318530718,6.5));
#14937 = VECTOR('',#14938,1.);
#14938 = DIRECTION('',(-1.,0.));
#14939 = ( GEOMETRIC_REPRESENTATION_CONTEXT(2) 
PARAMETRIC_REPRESENTATION_CONTEXT() REPRESENTATION_CONTEXT('2D SPACE',''
  ) );
#14940 = ORIENTED_EDGE('',*,*,#14941,.F.);
#14941 = EDGE_CURVE('',#14942,#14909,#14944,.T.);
#14942 = VERTEX_POINT('',#14943);
#14943 = CARTESIAN_POINT('',(7.,17.5,5.5));
#14944 = SURFACE_CURVE('',#14945,(#14949,#14956),.PCURVE_S1.);
#14945 = LINE('',#14946,#14947);
#14946 = CARTESIAN_POINT('',(7.,8.35,5.5));
#14947 = VECTOR('',#14948,1.);
#14948 = DIRECTION('',(-0.,-1.,-0.));
#14949 = PCURVE('',#10363,#14950);
#14950 = DEFINITIONAL_REPRESENTATION('',(#14951),#14955);
#14951 = LINE('',#14952,#14953);
#14952 = CARTESIAN_POINT('',(-8.5,5.65));
#14953 = VECTOR('',#14954,1.);
#14954 = DIRECTION('',(-0.,-1.));
#14955 = ( GEOMETRIC_REPRESENTATION_CONTEXT(2) 
PARAMETRIC_REPRESENTATION_CONTEXT() REPRESENTATION_CONTEXT('2D SPACE',''
  ) );
#14956 = PCURVE('',#14957,#14962);
#14957 = PLANE('',#14958);
#14958 = AXIS2_PLACEMENT_3D('',#14959,#14960,#14961);
#14959 = CARTESIAN_POINT('',(7.,14.,10.));
#14960 = DIRECTION('',(1.,-0.,-0.));
#14961 = DIRECTION('',(0.,0.,1.));
#14962 = DEFINITIONAL_REPRESENTATION('',(#14963),#14967);
#14963 = LINE('',#14964,#14965);
#14964 = CARTESIAN_POINT('',(-4.5,5.65));
#14965 = VECTOR('',#14966,1.);
#14966 = DIRECTION('',(-0.,1.));
#14967 = ( GEOMETRIC_REPRESENTATION_CONTEXT(2) 
PARAMETRIC_REPRESENTATION_CONTEXT() REPRESENTATION_CONTEXT('2D SPACE',''
  ) );
#14968 = ORIENTED_EDGE('',*,*,#14969,.F.);
#14969 = EDGE_CURVE('',#14745,#14942,#14970,.T.);
#14970 = SURFACE_CURVE('',#14971,(#14975,#14982),.PCURVE_S1.);
#14971 = LINE('',#14972,#14973);
#14972 = CARTESIAN_POINT('',(15.5,17.5,5.5));
#14973 = VECTOR('',#14974,1.);
#14974 = DIRECTION('',(-1.,-0.,-0.));
#14975 = PCURVE('',#10363,#14976);
#14976 = DEFINITIONAL_REPRESENTATION('',(#14977),#14981);
#14977 = LINE('',#14978,#14979);
#14978 = CARTESIAN_POINT('',(0.,14.8));
#14979 = VECTOR('',#14980,1.);
#14980 = DIRECTION('',(-1.,0.));
#14981 = ( GEOMETRIC_REPRESENTATION_CONTEXT(2) 
PARAMETRIC_REPRESENTATION_CONTEXT() REPRESENTATION_CONTEXT('2D SPACE',''
  ) );
#14982 = PCURVE('',#14983,#14988);
#14983 = PLANE('',#14984);
#14984 = AXIS2_PLACEMENT_3D('',#14985,#14986,#14987);
#14985 = CARTESIAN_POINT('',(15.5,17.5,5.5));
#14986 = DIRECTION('',(-0.,1.,-0.));
#14987 = DIRECTION('',(0.,0.,-1.));
#14988 = DEFINITIONAL_REPRESENTATION('',(#14989),#14993);
#14989 = LINE('',#14990,#14991);
#14990 = CARTESIAN_POINT('',(-0.,-0.));
#14991 = VECTOR('',#14992,1.);
#14992 = DIRECTION('',(-0.,1.));
#14993 = ( GEOMETRIC_REPRESENTATION_CONTEXT(2) 
PARAMETRIC_REPRESENTATION_CONTEXT() REPRESENTATION_CONTEXT('2D SPACE',''
  ) );
#14994 = ADVANCED_FACE('',(#14995),#10445,.T.);
#14995 = FACE_BOUND('',#14996,.F.);
#14996 = EDGE_LOOP('',(#14997,#15020,#15021,#15022));
#14997 = ORIENTED_EDGE('',*,*,#14998,.F.);
#14998 = EDGE_CURVE('',#10404,#14999,#15001,.T.);
#14999 = VERTEX_POINT('',#15000);
#15000 = CARTESIAN_POINT('',(-15.5,17.5,7.75));
#15001 = SURFACE_CURVE('',#15002,(#15006,#15013),.PCURVE_S1.);
#15002 = LINE('',#15003,#15004);
#15003 = CARTESIAN_POINT('',(-15.5,2.7,7.75));
#15004 = VECTOR('',#15005,1.);
#15005 = DIRECTION('',(-0.,1.,-0.));
#15006 = PCURVE('',#10445,#15007);
#15007 = DEFINITIONAL_REPRESENTATION('',(#15008),#15012);
#15008 = LINE('',#15009,#15010);
#15009 = CARTESIAN_POINT('',(-2.25,-0.));
#15010 = VECTOR('',#15011,1.);
#15011 = DIRECTION('',(-0.,-1.));
#15012 = ( GEOMETRIC_REPRESENTATION_CONTEXT(2) 
PARAMETRIC_REPRESENTATION_CONTEXT() REPRESENTATION_CONTEXT('2D SPACE',''
  ) );
#15013 = PCURVE('',#10419,#15014);
#15014 = DEFINITIONAL_REPRESENTATION('',(#15015),#15019);
#15015 = LINE('',#15016,#15017);
#15016 = CARTESIAN_POINT('',(-31.,0.));
#15017 = VECTOR('',#15018,1.);
#15018 = DIRECTION('',(-0.,1.));
#15019 = ( GEOMETRIC_REPRESENTATION_CONTEXT(2) 
PARAMETRIC_REPRESENTATION_CONTEXT() REPRESENTATION_CONTEXT('2D SPACE',''
  ) );
#15020 = ORIENTED_EDGE('',*,*,#10431,.F.);
#15021 = ORIENTED_EDGE('',*,*,#14768,.T.);
#15022 = ORIENTED_EDGE('',*,*,#15023,.T.);
#15023 = EDGE_CURVE('',#14769,#14999,#15024,.T.);
#15024 = SURFACE_CURVE('',#15025,(#15029,#15036),.PCURVE_S1.);
#15025 = LINE('',#15026,#15027);
#15026 = CARTESIAN_POINT('',(-15.5,17.5,5.5));
#15027 = VECTOR('',#15028,1.);
#15028 = DIRECTION('',(-0.,-0.,1.));
#15029 = PCURVE('',#10445,#15030);
#15030 = DEFINITIONAL_REPRESENTATION('',(#15031),#15035);
#15031 = LINE('',#15032,#15033);
#15032 = CARTESIAN_POINT('',(-0.,-14.8));
#15033 = VECTOR('',#15034,1.);
#15034 = DIRECTION('',(-1.,-0.));
#15035 = ( GEOMETRIC_REPRESENTATION_CONTEXT(2) 
PARAMETRIC_REPRESENTATION_CONTEXT() REPRESENTATION_CONTEXT('2D SPACE',''
  ) );
#15036 = PCURVE('',#14807,#15037);
#15037 = DEFINITIONAL_REPRESENTATION('',(#15038),#15042);
#15038 = LINE('',#15039,#15040);
#15039 = CARTESIAN_POINT('',(-0.,31.));
#15040 = VECTOR('',#15041,1.);
#15041 = DIRECTION('',(-1.,0.));
#15042 = ( GEOMETRIC_REPRESENTATION_CONTEXT(2) 
PARAMETRIC_REPRESENTATION_CONTEXT() REPRESENTATION_CONTEXT('2D SPACE',''
  ) );
#15043 = ADVANCED_FACE('',(#15044),#10419,.T.);
#15044 = FACE_BOUND('',#15045,.F.);
#15045 = EDGE_LOOP('',(#15046,#15069,#15070,#15071,#15094,#15117,#15145,
    #15168,#15196,#15219));
#15046 = ORIENTED_EDGE('',*,*,#15047,.F.);
#15047 = EDGE_CURVE('',#10376,#15048,#15050,.T.);
#15048 = VERTEX_POINT('',#15049);
#15049 = CARTESIAN_POINT('',(15.5,17.5,7.75));
#15050 = SURFACE_CURVE('',#15051,(#15055,#15062),.PCURVE_S1.);
#15051 = LINE('',#15052,#15053);
#15052 = CARTESIAN_POINT('',(15.5,2.7,7.75));
#15053 = VECTOR('',#15054,1.);
#15054 = DIRECTION('',(-0.,1.,-0.));
#15055 = PCURVE('',#10419,#15056);
#15056 = DEFINITIONAL_REPRESENTATION('',(#15057),#15061);
#15057 = LINE('',#15058,#15059);
#15058 = CARTESIAN_POINT('',(0.,-0.));
#15059 = VECTOR('',#15060,1.);
#15060 = DIRECTION('',(-0.,1.));
#15061 = ( GEOMETRIC_REPRESENTATION_CONTEXT(2) 
PARAMETRIC_REPRESENTATION_CONTEXT() REPRESENTATION_CONTEXT('2D SPACE',''
  ) );
#15062 = PCURVE('',#10391,#15063);
#15063 = DEFINITIONAL_REPRESENTATION('',(#15064),#15068);
#15064 = LINE('',#15065,#15066);
#15065 = CARTESIAN_POINT('',(-2.25,-0.));
#15066 = VECTOR('',#15067,1.);
#15067 = DIRECTION('',(-0.,-1.));
#15068 = ( GEOMETRIC_REPRESENTATION_CONTEXT(2) 
PARAMETRIC_REPRESENTATION_CONTEXT() REPRESENTATION_CONTEXT('2D SPACE',''
  ) );
#15069 = ORIENTED_EDGE('',*,*,#10403,.F.);
#15070 = ORIENTED_EDGE('',*,*,#14998,.T.);
#15071 = ORIENTED_EDGE('',*,*,#15072,.F.);
#15072 = EDGE_CURVE('',#15073,#14999,#15075,.T.);
#15073 = VERTEX_POINT('',#15074);
#15074 = CARTESIAN_POINT('',(-7.,17.5,7.75));
#15075 = SURFACE_CURVE('',#15076,(#15080,#15087),.PCURVE_S1.);
#15076 = LINE('',#15077,#15078);
#15077 = CARTESIAN_POINT('',(15.5,17.5,7.75));
#15078 = VECTOR('',#15079,1.);
#15079 = DIRECTION('',(-1.,-0.,-0.));
#15080 = PCURVE('',#10419,#15081);
#15081 = DEFINITIONAL_REPRESENTATION('',(#15082),#15086);
#15082 = LINE('',#15083,#15084);
#15083 = CARTESIAN_POINT('',(0.,14.8));
#15084 = VECTOR('',#15085,1.);
#15085 = DIRECTION('',(-1.,0.));
#15086 = ( GEOMETRIC_REPRESENTATION_CONTEXT(2) 
PARAMETRIC_REPRESENTATION_CONTEXT() REPRESENTATION_CONTEXT('2D SPACE',''
  ) );
#15087 = PCURVE('',#14807,#15088);
#15088 = DEFINITIONAL_REPRESENTATION('',(#15089),#15093);
#15089 = LINE('',#15090,#15091);
#15090 = CARTESIAN_POINT('',(-2.25,-0.));
#15091 = VECTOR('',#15092,1.);
#15092 = DIRECTION('',(-0.,1.));
#15093 = ( GEOMETRIC_REPRESENTATION_CONTEXT(2) 
PARAMETRIC_REPRESENTATION_CONTEXT() REPRESENTATION_CONTEXT('2D SPACE',''
  ) );
#15094 = ORIENTED_EDGE('',*,*,#15095,.F.);
#15095 = EDGE_CURVE('',#15096,#15073,#15098,.T.);
#15096 = VERTEX_POINT('',#15097);
#15097 = CARTESIAN_POINT('',(-7.,15.6,7.75));
#15098 = SURFACE_CURVE('',#15099,(#15103,#15110),.PCURVE_S1.);
#15099 = LINE('',#15100,#15101);
#15100 = CARTESIAN_POINT('',(-7.,8.35,7.75));
#15101 = VECTOR('',#15102,1.);
#15102 = DIRECTION('',(-0.,1.,-0.));
#15103 = PCURVE('',#10419,#15104);
#15104 = DEFINITIONAL_REPRESENTATION('',(#15105),#15109);
#15105 = LINE('',#15106,#15107);
#15106 = CARTESIAN_POINT('',(-22.5,5.65));
#15107 = VECTOR('',#15108,1.);
#15108 = DIRECTION('',(-0.,1.));
#15109 = ( GEOMETRIC_REPRESENTATION_CONTEXT(2) 
PARAMETRIC_REPRESENTATION_CONTEXT() REPRESENTATION_CONTEXT('2D SPACE',''
  ) );
#15110 = PCURVE('',#14835,#15111);
#15111 = DEFINITIONAL_REPRESENTATION('',(#15112),#15116);
#15112 = LINE('',#15113,#15114);
#15113 = CARTESIAN_POINT('',(-17.75,5.65));
#15114 = VECTOR('',#15115,1.);
#15115 = DIRECTION('',(-0.,-1.));
#15116 = ( GEOMETRIC_REPRESENTATION_CONTEXT(2) 
PARAMETRIC_REPRESENTATION_CONTEXT() REPRESENTATION_CONTEXT('2D SPACE',''
  ) );
#15117 = ORIENTED_EDGE('',*,*,#15118,.F.);
#15118 = EDGE_CURVE('',#15119,#15096,#15121,.T.);
#15119 = VERTEX_POINT('',#15120);
#15120 = CARTESIAN_POINT('',(-5.4,14.,7.75));
#15121 = SURFACE_CURVE('',#15122,(#15127,#15138),.PCURVE_S1.);
#15122 = CIRCLE('',#15123,1.6);
#15123 = AXIS2_PLACEMENT_3D('',#15124,#15125,#15126);
#15124 = CARTESIAN_POINT('',(-5.4,15.6,7.75));
#15125 = DIRECTION('',(0.,0.,-1.));
#15126 = DIRECTION('',(-0.,-1.,-0.));
#15127 = PCURVE('',#10419,#15128);
#15128 = DEFINITIONAL_REPRESENTATION('',(#15129),#15137);
#15129 = ( BOUNDED_CURVE() B_SPLINE_CURVE(2,(#15130,#15131,#15132,#15133
    ,#15134,#15135,#15136),.UNSPECIFIED.,.T.,.F.) 
B_SPLINE_CURVE_WITH_KNOTS((1,2,2,2,2,1),(-2.094395102393,0.,
    2.094395102393,4.188790204786,6.28318530718,8.377580409573),
.UNSPECIFIED.) CURVE() GEOMETRIC_REPRESENTATION_ITEM() 
RATIONAL_B_SPLINE_CURVE((1.,0.5,1.,0.5,1.,0.5,1.)) REPRESENTATION_ITEM(
  '') );
#15130 = CARTESIAN_POINT('',(-20.9,11.3));
#15131 = CARTESIAN_POINT('',(-23.67128129211,11.3));
#15132 = CARTESIAN_POINT('',(-22.28564064605,13.7));
#15133 = CARTESIAN_POINT('',(-20.9,16.1));
#15134 = CARTESIAN_POINT('',(-19.51435935394,13.7));
#15135 = CARTESIAN_POINT('',(-18.12871870789,11.3));
#15136 = CARTESIAN_POINT('',(-20.9,11.3));
#15137 = ( GEOMETRIC_REPRESENTATION_CONTEXT(2) 
PARAMETRIC_REPRESENTATION_CONTEXT() REPRESENTATION_CONTEXT('2D SPACE',''
  ) );
#15138 = PCURVE('',#14868,#15139);
#15139 = DEFINITIONAL_REPRESENTATION('',(#15140),#15144);
#15140 = LINE('',#15141,#15142);
#15141 = CARTESIAN_POINT('',(-0.,8.75));
#15142 = VECTOR('',#15143,1.);
#15143 = DIRECTION('',(-1.,0.));
#15144 = ( GEOMETRIC_REPRESENTATION_CONTEXT(2) 
PARAMETRIC_REPRESENTATION_CONTEXT() REPRESENTATION_CONTEXT('2D SPACE',''
  ) );
#15145 = ORIENTED_EDGE('',*,*,#15146,.F.);
#15146 = EDGE_CURVE('',#15147,#15119,#15149,.T.);
#15147 = VERTEX_POINT('',#15148);
#15148 = CARTESIAN_POINT('',(5.4,14.,7.75));
#15149 = SURFACE_CURVE('',#15150,(#15154,#15161),.PCURVE_S1.);
#15150 = LINE('',#15151,#15152);
#15151 = CARTESIAN_POINT('',(7.75,14.,7.75));
#15152 = VECTOR('',#15153,1.);
#15153 = DIRECTION('',(-1.,-0.,-0.));
#15154 = PCURVE('',#10419,#15155);
#15155 = DEFINITIONAL_REPRESENTATION('',(#15156),#15160);
#15156 = LINE('',#15157,#15158);
#15157 = CARTESIAN_POINT('',(-7.75,11.3));
#15158 = VECTOR('',#15159,1.);
#15159 = DIRECTION('',(-1.,0.));
#15160 = ( GEOMETRIC_REPRESENTATION_CONTEXT(2) 
PARAMETRIC_REPRESENTATION_CONTEXT() REPRESENTATION_CONTEXT('2D SPACE',''
  ) );
#15161 = PCURVE('',#14896,#15162);
#15162 = DEFINITIONAL_REPRESENTATION('',(#15163),#15167);
#15163 = LINE('',#15164,#15165);
#15164 = CARTESIAN_POINT('',(7.75,-7.75));
#15165 = VECTOR('',#15166,1.);
#15166 = DIRECTION('',(-0.,1.));
#15167 = ( GEOMETRIC_REPRESENTATION_CONTEXT(2) 
PARAMETRIC_REPRESENTATION_CONTEXT() REPRESENTATION_CONTEXT('2D SPACE',''
  ) );
#15168 = ORIENTED_EDGE('',*,*,#15169,.F.);
#15169 = EDGE_CURVE('',#15170,#15147,#15172,.T.);
#15170 = VERTEX_POINT('',#15171);
#15171 = CARTESIAN_POINT('',(7.,15.6,7.75));
#15172 = SURFACE_CURVE('',#15173,(#15178,#15189),.PCURVE_S1.);
#15173 = CIRCLE('',#15174,1.6);
#15174 = AXIS2_PLACEMENT_3D('',#15175,#15176,#15177);
#15175 = CARTESIAN_POINT('',(5.4,15.6,7.75));
#15176 = DIRECTION('',(0.,0.,-1.));
#15177 = DIRECTION('',(-0.,-1.,-0.));
#15178 = PCURVE('',#10419,#15179);
#15179 = DEFINITIONAL_REPRESENTATION('',(#15180),#15188);
#15180 = ( BOUNDED_CURVE() B_SPLINE_CURVE(2,(#15181,#15182,#15183,#15184
    ,#15185,#15186,#15187),.UNSPECIFIED.,.T.,.F.) 
B_SPLINE_CURVE_WITH_KNOTS((1,2,2,2,2,1),(-2.094395102393,0.,
    2.094395102393,4.188790204786,6.28318530718,8.377580409573),
.UNSPECIFIED.) CURVE() GEOMETRIC_REPRESENTATION_ITEM() 
RATIONAL_B_SPLINE_CURVE((1.,0.5,1.,0.5,1.,0.5,1.)) REPRESENTATION_ITEM(
  '') );
#15181 = CARTESIAN_POINT('',(-10.1,11.3));
#15182 = CARTESIAN_POINT('',(-12.87128129211,11.3));
#15183 = CARTESIAN_POINT('',(-11.48564064605,13.7));
#15184 = CARTESIAN_POINT('',(-10.1,16.1));
#15185 = CARTESIAN_POINT('',(-8.714359353945,13.7));
#15186 = CARTESIAN_POINT('',(-7.32871870789,11.3));
#15187 = CARTESIAN_POINT('',(-10.1,11.3));
#15188 = ( GEOMETRIC_REPRESENTATION_CONTEXT(2) 
PARAMETRIC_REPRESENTATION_CONTEXT() REPRESENTATION_CONTEXT('2D SPACE',''
  ) );
#15189 = PCURVE('',#14929,#15190);
#15190 = DEFINITIONAL_REPRESENTATION('',(#15191),#15195);
#15191 = LINE('',#15192,#15193);
#15192 = CARTESIAN_POINT('',(6.28318530718,8.75));
#15193 = VECTOR('',#15194,1.);
#15194 = DIRECTION('',(-1.,0.));
#15195 = ( GEOMETRIC_REPRESENTATION_CONTEXT(2) 
PARAMETRIC_REPRESENTATION_CONTEXT() REPRESENTATION_CONTEXT('2D SPACE',''
  ) );
#15196 = ORIENTED_EDGE('',*,*,#15197,.F.);
#15197 = EDGE_CURVE('',#15198,#15170,#15200,.T.);
#15198 = VERTEX_POINT('',#15199);
#15199 = CARTESIAN_POINT('',(7.,17.5,7.75));
#15200 = SURFACE_CURVE('',#15201,(#15205,#15212),.PCURVE_S1.);
#15201 = LINE('',#15202,#15203);
#15202 = CARTESIAN_POINT('',(7.,8.35,7.75));
#15203 = VECTOR('',#15204,1.);
#15204 = DIRECTION('',(-0.,-1.,-0.));
#15205 = PCURVE('',#10419,#15206);
#15206 = DEFINITIONAL_REPRESENTATION('',(#15207),#15211);
#15207 = LINE('',#15208,#15209);
#15208 = CARTESIAN_POINT('',(-8.5,5.65));
#15209 = VECTOR('',#15210,1.);
#15210 = DIRECTION('',(-0.,-1.));
#15211 = ( GEOMETRIC_REPRESENTATION_CONTEXT(2) 
PARAMETRIC_REPRESENTATION_CONTEXT() REPRESENTATION_CONTEXT('2D SPACE',''
  ) );
#15212 = PCURVE('',#14957,#15213);
#15213 = DEFINITIONAL_REPRESENTATION('',(#15214),#15218);
#15214 = LINE('',#15215,#15216);
#15215 = CARTESIAN_POINT('',(-2.25,5.65));
#15216 = VECTOR('',#15217,1.);
#15217 = DIRECTION('',(-0.,1.));
#15218 = ( GEOMETRIC_REPRESENTATION_CONTEXT(2) 
PARAMETRIC_REPRESENTATION_CONTEXT() REPRESENTATION_CONTEXT('2D SPACE',''
  ) );
#15219 = ORIENTED_EDGE('',*,*,#15220,.F.);
#15220 = EDGE_CURVE('',#15048,#15198,#15221,.T.);
#15221 = SURFACE_CURVE('',#15222,(#15226,#15233),.PCURVE_S1.);
#15222 = LINE('',#15223,#15224);
#15223 = CARTESIAN_POINT('',(15.5,17.5,7.75));
#15224 = VECTOR('',#15225,1.);
#15225 = DIRECTION('',(-1.,-0.,-0.));
#15226 = PCURVE('',#10419,#15227);
#15227 = DEFINITIONAL_REPRESENTATION('',(#15228),#15232);
#15228 = LINE('',#15229,#15230);
#15229 = CARTESIAN_POINT('',(0.,14.8));
#15230 = VECTOR('',#15231,1.);
#15231 = DIRECTION('',(-1.,0.));
#15232 = ( GEOMETRIC_REPRESENTATION_CONTEXT(2) 
PARAMETRIC_REPRESENTATION_CONTEXT() REPRESENTATION_CONTEXT('2D SPACE',''
  ) );
#15233 = PCURVE('',#14983,#15234);
#15234 = DEFINITIONAL_REPRESENTATION('',(#15235),#15239);
#15235 = LINE('',#15236,#15237);
#15236 = CARTESIAN_POINT('',(-2.25,-0.));
#15237 = VECTOR('',#15238,1.);
#15238 = DIRECTION('',(-0.,1.));
#15239 = ( GEOMETRIC_REPRESENTATION_CONTEXT(2) 
PARAMETRIC_REPRESENTATION_CONTEXT() REPRESENTATION_CONTEXT('2D SPACE',''
  ) );
#15240 = ADVANCED_FACE('',(#15241),#10391,.F.);
#15241 = FACE_BOUND('',#15242,.T.);
#15242 = EDGE_LOOP('',(#15243,#15244,#15245,#15246));
#15243 = ORIENTED_EDGE('',*,*,#15047,.F.);
#15244 = ORIENTED_EDGE('',*,*,#10375,.F.);
#15245 = ORIENTED_EDGE('',*,*,#14744,.T.);
#15246 = ORIENTED_EDGE('',*,*,#15247,.T.);
#15247 = EDGE_CURVE('',#14745,#15048,#15248,.T.);
#15248 = SURFACE_CURVE('',#15249,(#15253,#15260),.PCURVE_S1.);
#15249 = LINE('',#15250,#15251);
#15250 = CARTESIAN_POINT('',(15.5,17.5,5.5));
#15251 = VECTOR('',#15252,1.);
#15252 = DIRECTION('',(-0.,-0.,1.));
#15253 = PCURVE('',#10391,#15254);
#15254 = DEFINITIONAL_REPRESENTATION('',(#15255),#15259);
#15255 = LINE('',#15256,#15257);
#15256 = CARTESIAN_POINT('',(-0.,-14.8));
#15257 = VECTOR('',#15258,1.);
#15258 = DIRECTION('',(-1.,-0.));
#15259 = ( GEOMETRIC_REPRESENTATION_CONTEXT(2) 
PARAMETRIC_REPRESENTATION_CONTEXT() REPRESENTATION_CONTEXT('2D SPACE',''
  ) );
#15260 = PCURVE('',#14983,#15261);
#15261 = DEFINITIONAL_REPRESENTATION('',(#15262),#15266);
#15262 = LINE('',#15263,#15264);
#15263 = CARTESIAN_POINT('',(-0.,-0.));
#15264 = VECTOR('',#15265,1.);
#15265 = DIRECTION('',(-1.,0.));
#15266 = ( GEOMETRIC_REPRESENTATION_CONTEXT(2) 
PARAMETRIC_REPRESENTATION_CONTEXT() REPRESENTATION_CONTEXT('2D SPACE',''
  ) );
#15267 = ADVANCED_FACE('',(#15268),#10477,.F.);
#15268 = FACE_BOUND('',#15269,.T.);
#15269 = EDGE_LOOP('',(#15270,#15293,#15294,#15317));
#15270 = ORIENTED_EDGE('',*,*,#15271,.F.);
#15271 = EDGE_CURVE('',#10462,#15272,#15274,.T.);
#15272 = VERTEX_POINT('',#15273);
#15273 = CARTESIAN_POINT('',(-9.,14.45,15.));
#15274 = SURFACE_CURVE('',#15275,(#15279,#15286),.PCURVE_S1.);
#15275 = LINE('',#15276,#15277);
#15276 = CARTESIAN_POINT('',(-9.,2.7,15.));
#15277 = VECTOR('',#15278,1.);
#15278 = DIRECTION('',(-0.,1.,-0.));
#15279 = PCURVE('',#10477,#15280);
#15280 = DEFINITIONAL_REPRESENTATION('',(#15281),#15285);
#15281 = LINE('',#15282,#15283);
#15282 = CARTESIAN_POINT('',(0.,-0.));
#15283 = VECTOR('',#15284,1.);
#15284 = DIRECTION('',(-0.,1.));
#15285 = ( GEOMETRIC_REPRESENTATION_CONTEXT(2) 
PARAMETRIC_REPRESENTATION_CONTEXT() REPRESENTATION_CONTEXT('2D SPACE',''
  ) );
#15286 = PCURVE('',#10505,#15287);
#15287 = DEFINITIONAL_REPRESENTATION('',(#15288),#15292);
#15288 = LINE('',#15289,#15290);
#15289 = CARTESIAN_POINT('',(-0.,-0.));
#15290 = VECTOR('',#15291,1.);
#15291 = DIRECTION('',(-0.,-1.));
#15292 = ( GEOMETRIC_REPRESENTATION_CONTEXT(2) 
PARAMETRIC_REPRESENTATION_CONTEXT() REPRESENTATION_CONTEXT('2D SPACE',''
  ) );
#15293 = ORIENTED_EDGE('',*,*,#10459,.F.);
#15294 = ORIENTED_EDGE('',*,*,#15295,.T.);
#15295 = EDGE_CURVE('',#10460,#15296,#15298,.T.);
#15296 = VERTEX_POINT('',#15297);
#15297 = CARTESIAN_POINT('',(-14.,14.45,15.));
#15298 = SURFACE_CURVE('',#15299,(#15303,#15310),.PCURVE_S1.);
#15299 = LINE('',#15300,#15301);
#15300 = CARTESIAN_POINT('',(-14.,2.7,15.));
#15301 = VECTOR('',#15302,1.);
#15302 = DIRECTION('',(-0.,1.,-0.));
#15303 = PCURVE('',#10477,#15304);
#15304 = DEFINITIONAL_REPRESENTATION('',(#15305),#15309);
#15305 = LINE('',#15306,#15307);
#15306 = CARTESIAN_POINT('',(-5.,0.));
#15307 = VECTOR('',#15308,1.);
#15308 = DIRECTION('',(-0.,1.));
#15309 = ( GEOMETRIC_REPRESENTATION_CONTEXT(2) 
PARAMETRIC_REPRESENTATION_CONTEXT() REPRESENTATION_CONTEXT('2D SPACE',''
  ) );
#15310 = PCURVE('',#10559,#15311);
#15311 = DEFINITIONAL_REPRESENTATION('',(#15312),#15316);
#15312 = LINE('',#15313,#15314);
#15313 = CARTESIAN_POINT('',(-0.,-0.));
#15314 = VECTOR('',#15315,1.);
#15315 = DIRECTION('',(-0.,-1.));
#15316 = ( GEOMETRIC_REPRESENTATION_CONTEXT(2) 
PARAMETRIC_REPRESENTATION_CONTEXT() REPRESENTATION_CONTEXT('2D SPACE',''
  ) );
#15317 = ORIENTED_EDGE('',*,*,#15318,.F.);
#15318 = EDGE_CURVE('',#15272,#15296,#15319,.T.);
#15319 = SURFACE_CURVE('',#15320,(#15324,#15331),.PCURVE_S1.);
#15320 = LINE('',#15321,#15322);
#15321 = CARTESIAN_POINT('',(-9.,14.45,15.));
#15322 = VECTOR('',#15323,1.);
#15323 = DIRECTION('',(-1.,-0.,-0.));
#15324 = PCURVE('',#10477,#15325);
#15325 = DEFINITIONAL_REPRESENTATION('',(#15326),#15330);
#15326 = LINE('',#15327,#15328);
#15327 = CARTESIAN_POINT('',(0.,11.75));
#15328 = VECTOR('',#15329,1.);
#15329 = DIRECTION('',(-1.,0.));
#15330 = ( GEOMETRIC_REPRESENTATION_CONTEXT(2) 
PARAMETRIC_REPRESENTATION_CONTEXT() REPRESENTATION_CONTEXT('2D SPACE',''
  ) );
#15331 = PCURVE('',#15332,#15337);
#15332 = PLANE('',#15333);
#15333 = AXIS2_PLACEMENT_3D('',#15334,#15335,#15336);
#15334 = CARTESIAN_POINT('',(-9.,14.45,15.));
#15335 = DIRECTION('',(-0.,1.,-0.));
#15336 = DIRECTION('',(0.,0.,-1.));
#15337 = DEFINITIONAL_REPRESENTATION('',(#15338),#15342);
#15338 = LINE('',#15339,#15340);
#15339 = CARTESIAN_POINT('',(-0.,-0.));
#15340 = VECTOR('',#15341,1.);
#15341 = DIRECTION('',(-0.,1.));
#15342 = ( GEOMETRIC_REPRESENTATION_CONTEXT(2) 
PARAMETRIC_REPRESENTATION_CONTEXT() REPRESENTATION_CONTEXT('2D SPACE',''
  ) );
#15343 = ADVANCED_FACE('',(#15344),#10559,.T.);
#15344 = FACE_BOUND('',#15345,.F.);
#15345 = EDGE_LOOP('',(#15346,#15369,#15370,#15371));
#15346 = ORIENTED_EDGE('',*,*,#15347,.F.);
#15347 = EDGE_CURVE('',#10518,#15348,#15350,.T.);
#15348 = VERTEX_POINT('',#15349);
#15349 = CARTESIAN_POINT('',(-14.,14.45,24.));
#15350 = SURFACE_CURVE('',#15351,(#15355,#15362),.PCURVE_S1.);
#15351 = LINE('',#15352,#15353);
#15352 = CARTESIAN_POINT('',(-14.,2.7,24.));
#15353 = VECTOR('',#15354,1.);
#15354 = DIRECTION('',(-0.,1.,-0.));
#15355 = PCURVE('',#10559,#15356);
#15356 = DEFINITIONAL_REPRESENTATION('',(#15357),#15361);
#15357 = LINE('',#15358,#15359);
#15358 = CARTESIAN_POINT('',(-9.,-0.));
#15359 = VECTOR('',#15360,1.);
#15360 = DIRECTION('',(-0.,-1.));
#15361 = ( GEOMETRIC_REPRESENTATION_CONTEXT(2) 
PARAMETRIC_REPRESENTATION_CONTEXT() REPRESENTATION_CONTEXT('2D SPACE',''
  ) );
#15362 = PCURVE('',#10533,#15363);
#15363 = DEFINITIONAL_REPRESENTATION('',(#15364),#15368);
#15364 = LINE('',#15365,#15366);
#15365 = CARTESIAN_POINT('',(-5.,0.));
#15366 = VECTOR('',#15367,1.);
#15367 = DIRECTION('',(-0.,1.));
#15368 = ( GEOMETRIC_REPRESENTATION_CONTEXT(2) 
PARAMETRIC_REPRESENTATION_CONTEXT() REPRESENTATION_CONTEXT('2D SPACE',''
  ) );
#15369 = ORIENTED_EDGE('',*,*,#10545,.F.);
#15370 = ORIENTED_EDGE('',*,*,#15295,.T.);
#15371 = ORIENTED_EDGE('',*,*,#15372,.T.);
#15372 = EDGE_CURVE('',#15296,#15348,#15373,.T.);
#15373 = SURFACE_CURVE('',#15374,(#15378,#15385),.PCURVE_S1.);
#15374 = LINE('',#15375,#15376);
#15375 = CARTESIAN_POINT('',(-14.,14.45,15.));
#15376 = VECTOR('',#15377,1.);
#15377 = DIRECTION('',(-0.,-0.,1.));
#15378 = PCURVE('',#10559,#15379);
#15379 = DEFINITIONAL_REPRESENTATION('',(#15380),#15384);
#15380 = LINE('',#15381,#15382);
#15381 = CARTESIAN_POINT('',(-0.,-11.75));
#15382 = VECTOR('',#15383,1.);
#15383 = DIRECTION('',(-1.,-0.));
#15384 = ( GEOMETRIC_REPRESENTATION_CONTEXT(2) 
PARAMETRIC_REPRESENTATION_CONTEXT() REPRESENTATION_CONTEXT('2D SPACE',''
  ) );
#15385 = PCURVE('',#15332,#15386);
#15386 = DEFINITIONAL_REPRESENTATION('',(#15387),#15391);
#15387 = LINE('',#15388,#15389);
#15388 = CARTESIAN_POINT('',(-0.,5.));
#15389 = VECTOR('',#15390,1.);
#15390 = DIRECTION('',(-1.,0.));
#15391 = ( GEOMETRIC_REPRESENTATION_CONTEXT(2) 
PARAMETRIC_REPRESENTATION_CONTEXT() REPRESENTATION_CONTEXT('2D SPACE',''
  ) );
#15392 = ADVANCED_FACE('',(#15393),#10505,.F.);
#15393 = FACE_BOUND('',#15394,.T.);
#15394 = EDGE_LOOP('',(#15395,#15418,#15419,#15420));
#15395 = ORIENTED_EDGE('',*,*,#15396,.F.);
#15396 = EDGE_CURVE('',#10490,#15397,#15399,.T.);
#15397 = VERTEX_POINT('',#15398);
#15398 = CARTESIAN_POINT('',(-9.,14.45,24.));
#15399 = SURFACE_CURVE('',#15400,(#15404,#15411),.PCURVE_S1.);
#15400 = LINE('',#15401,#15402);
#15401 = CARTESIAN_POINT('',(-9.,2.7,24.));
#15402 = VECTOR('',#15403,1.);
#15403 = DIRECTION('',(-0.,1.,-0.));
#15404 = PCURVE('',#10505,#15405);
#15405 = DEFINITIONAL_REPRESENTATION('',(#15406),#15410);
#15406 = LINE('',#15407,#15408);
#15407 = CARTESIAN_POINT('',(-9.,-0.));
#15408 = VECTOR('',#15409,1.);
#15409 = DIRECTION('',(-0.,-1.));
#15410 = ( GEOMETRIC_REPRESENTATION_CONTEXT(2) 
PARAMETRIC_REPRESENTATION_CONTEXT() REPRESENTATION_CONTEXT('2D SPACE',''
  ) );
#15411 = PCURVE('',#10533,#15412);
#15412 = DEFINITIONAL_REPRESENTATION('',(#15413),#15417);
#15413 = LINE('',#15414,#15415);
#15414 = CARTESIAN_POINT('',(0.,-0.));
#15415 = VECTOR('',#15416,1.);
#15416 = DIRECTION('',(-0.,1.));
#15417 = ( GEOMETRIC_REPRESENTATION_CONTEXT(2) 
PARAMETRIC_REPRESENTATION_CONTEXT() REPRESENTATION_CONTEXT('2D SPACE',''
  ) );
#15418 = ORIENTED_EDGE('',*,*,#10489,.F.);
#15419 = ORIENTED_EDGE('',*,*,#15271,.T.);
#15420 = ORIENTED_EDGE('',*,*,#15421,.T.);
#15421 = EDGE_CURVE('',#15272,#15397,#15422,.T.);
#15422 = SURFACE_CURVE('',#15423,(#15427,#15434),.PCURVE_S1.);
#15423 = LINE('',#15424,#15425);
#15424 = CARTESIAN_POINT('',(-9.,14.45,15.));
#15425 = VECTOR('',#15426,1.);
#15426 = DIRECTION('',(-0.,-0.,1.));
#15427 = PCURVE('',#10505,#15428);
#15428 = DEFINITIONAL_REPRESENTATION('',(#15429),#15433);
#15429 = LINE('',#15430,#15431);
#15430 = CARTESIAN_POINT('',(-0.,-11.75));
#15431 = VECTOR('',#15432,1.);
#15432 = DIRECTION('',(-1.,-0.));
#15433 = ( GEOMETRIC_REPRESENTATION_CONTEXT(2) 
PARAMETRIC_REPRESENTATION_CONTEXT() REPRESENTATION_CONTEXT('2D SPACE',''
  ) );
#15434 = PCURVE('',#15332,#15435);
#15435 = DEFINITIONAL_REPRESENTATION('',(#15436),#15440);
#15436 = LINE('',#15437,#15438);
#15437 = CARTESIAN_POINT('',(-0.,-0.));
#15438 = VECTOR('',#15439,1.);
#15439 = DIRECTION('',(-1.,0.));
#15440 = ( GEOMETRIC_REPRESENTATION_CONTEXT(2) 
PARAMETRIC_REPRESENTATION_CONTEXT() REPRESENTATION_CONTEXT('2D SPACE',''
  ) );
#15441 = ADVANCED_FACE('',(#15442),#10533,.T.);
#15442 = FACE_BOUND('',#15443,.F.);
#15443 = EDGE_LOOP('',(#15444,#15445,#15446,#15447));
#15444 = ORIENTED_EDGE('',*,*,#15396,.F.);
#15445 = ORIENTED_EDGE('',*,*,#10517,.F.);
#15446 = ORIENTED_EDGE('',*,*,#15347,.T.);
#15447 = ORIENTED_EDGE('',*,*,#15448,.F.);
#15448 = EDGE_CURVE('',#15397,#15348,#15449,.T.);
#15449 = SURFACE_CURVE('',#15450,(#15454,#15461),.PCURVE_S1.);
#15450 = LINE('',#15451,#15452);
#15451 = CARTESIAN_POINT('',(-9.,14.45,24.));
#15452 = VECTOR('',#15453,1.);
#15453 = DIRECTION('',(-1.,-0.,-0.));
#15454 = PCURVE('',#10533,#15455);
#15455 = DEFINITIONAL_REPRESENTATION('',(#15456),#15460);
#15456 = LINE('',#15457,#15458);
#15457 = CARTESIAN_POINT('',(0.,11.75));
#15458 = VECTOR('',#15459,1.);
#15459 = DIRECTION('',(-1.,0.));
#15460 = ( GEOMETRIC_REPRESENTATION_CONTEXT(2) 
PARAMETRIC_REPRESENTATION_CONTEXT() REPRESENTATION_CONTEXT('2D SPACE',''
  ) );
#15461 = PCURVE('',#15332,#15462);
#15462 = DEFINITIONAL_REPRESENTATION('',(#15463),#15467);
#15463 = LINE('',#15464,#15465);
#15464 = CARTESIAN_POINT('',(-9.,-0.));
#15465 = VECTOR('',#15466,1.);
#15466 = DIRECTION('',(-0.,1.));
#15467 = ( GEOMETRIC_REPRESENTATION_CONTEXT(2) 
PARAMETRIC_REPRESENTATION_CONTEXT() REPRESENTATION_CONTEXT('2D SPACE',''
  ) );
#15468 = ADVANCED_FACE('',(#15469,#15472),#10620,.F.);
#15469 = FACE_BOUND('',#15470,.T.);
#15470 = EDGE_LOOP('',(#15471));
#15471 = ORIENTED_EDGE('',*,*,#10605,.T.);
#15472 = FACE_BOUND('',#15473,.T.);
#15473 = EDGE_LOOP('',(#15474,#15504));
#15474 = ORIENTED_EDGE('',*,*,#15475,.F.);
#15475 = EDGE_CURVE('',#15476,#15478,#15480,.T.);
#15476 = VERTEX_POINT('',#15477);
#15477 = CARTESIAN_POINT('',(7.7,11.673320053068,155.));
#15478 = VERTEX_POINT('',#15479);
#15479 = CARTESIAN_POINT('',(7.7,8.326679946932,155.));
#15480 = SURFACE_CURVE('',#15481,(#15486,#15497),.PCURVE_S1.);
#15481 = CIRCLE('',#15482,3.7);
#15482 = AXIS2_PLACEMENT_3D('',#15483,#15484,#15485);
#15483 = CARTESIAN_POINT('',(11.,10.,155.));
#15484 = DIRECTION('',(0.,0.,-1.));
#15485 = DIRECTION('',(-1.,-0.,-0.));
#15486 = PCURVE('',#10620,#15487);
#15487 = DEFINITIONAL_REPRESENTATION('',(#15488),#15496);
#15488 = ( BOUNDED_CURVE() B_SPLINE_CURVE(2,(#15489,#15490,#15491,#15492
    ,#15493,#15494,#15495),.UNSPECIFIED.,.T.,.F.) 
B_SPLINE_CURVE_WITH_KNOTS((1,2,2,2,2,1),(-2.094395102393,0.,
    2.094395102393,4.188790204786,6.28318530718,8.377580409573),
.UNSPECIFIED.) CURVE() GEOMETRIC_REPRESENTATION_ITEM() 
RATIONAL_B_SPLINE_CURVE((1.,0.5,1.,0.5,1.,0.5,1.)) REPRESENTATION_ITEM(
  '') );
#15489 = CARTESIAN_POINT('',(-3.7,0.));
#15490 = CARTESIAN_POINT('',(-3.7,6.408587988005));
#15491 = CARTESIAN_POINT('',(1.85,3.204293994002));
#15492 = CARTESIAN_POINT('',(7.4,9.06238631369E-16));
#15493 = CARTESIAN_POINT('',(1.85,-3.204293994002));
#15494 = CARTESIAN_POINT('',(-3.7,-6.408587988005));
#15495 = CARTESIAN_POINT('',(-3.7,0.));
#15496 = ( GEOMETRIC_REPRESENTATION_CONTEXT(2) 
PARAMETRIC_REPRESENTATION_CONTEXT() REPRESENTATION_CONTEXT('2D SPACE',''
  ) );
#15497 = PCURVE('',#4549,#15498);
#15498 = DEFINITIONAL_REPRESENTATION('',(#15499),#15503);
#15499 = LINE('',#15500,#15501);
#15500 = CARTESIAN_POINT('',(-0.,0.3));
#15501 = VECTOR('',#15502,1.);
#15502 = DIRECTION('',(-1.,0.));
#15503 = ( GEOMETRIC_REPRESENTATION_CONTEXT(2) 
PARAMETRIC_REPRESENTATION_CONTEXT() REPRESENTATION_CONTEXT('2D SPACE',''
  ) );
#15504 = ORIENTED_EDGE('',*,*,#15505,.F.);
#15505 = EDGE_CURVE('',#15478,#15476,#15506,.T.);
#15506 = SURFACE_CURVE('',#15507,(#15511,#15518),.PCURVE_S1.);
#15507 = LINE('',#15508,#15509);
#15508 = CARTESIAN_POINT('',(7.7,7.5,155.));
#15509 = VECTOR('',#15510,1.);
#15510 = DIRECTION('',(-0.,1.,-0.));
#15511 = PCURVE('',#10620,#15512);
#15512 = DEFINITIONAL_REPRESENTATION('',(#15513),#15517);
#15513 = LINE('',#15514,#15515);
#15514 = CARTESIAN_POINT('',(-3.3,-2.5));
#15515 = VECTOR('',#15516,1.);
#15516 = DIRECTION('',(-0.,1.));
#15517 = ( GEOMETRIC_REPRESENTATION_CONTEXT(2) 
PARAMETRIC_REPRESENTATION_CONTEXT() REPRESENTATION_CONTEXT('2D SPACE',''
  ) );
#15518 = PCURVE('',#4518,#15519);
#15519 = DEFINITIONAL_REPRESENTATION('',(#15520),#15524);
#15520 = LINE('',#15521,#15522);
#15521 = CARTESIAN_POINT('',(-1.,-2.5));
#15522 = VECTOR('',#15523,1.);
#15523 = DIRECTION('',(-0.,-1.));
#15524 = ( GEOMETRIC_REPRESENTATION_CONTEXT(2) 
PARAMETRIC_REPRESENTATION_CONTEXT() REPRESENTATION_CONTEXT('2D SPACE',''
  ) );
#15525 = ADVANCED_FACE('',(#15526),#4549,.F.);
#15526 = FACE_BOUND('',#15527,.T.);
#15527 = EDGE_LOOP('',(#15528,#15529,#15550,#15551));
#15528 = ORIENTED_EDGE('',*,*,#4530,.F.);
#15529 = ORIENTED_EDGE('',*,*,#15530,.F.);
#15530 = EDGE_CURVE('',#15476,#4503,#15531,.T.);
#15531 = SURFACE_CURVE('',#15532,(#15536,#15543),.PCURVE_S1.);
#15532 = LINE('',#15533,#15534);
#15533 = CARTESIAN_POINT('',(7.7,11.673320053068,154.7));
#15534 = VECTOR('',#15535,1.);
#15535 = DIRECTION('',(-0.,-0.,1.));
#15536 = PCURVE('',#4549,#15537);
#15537 = DEFINITIONAL_REPRESENTATION('',(#15538),#15542);
#15538 = LINE('',#15539,#15540);
#15539 = CARTESIAN_POINT('',(-0.469284960362,0.));
#15540 = VECTOR('',#15541,1.);
#15541 = DIRECTION('',(-0.,1.));
#15542 = ( GEOMETRIC_REPRESENTATION_CONTEXT(2) 
PARAMETRIC_REPRESENTATION_CONTEXT() REPRESENTATION_CONTEXT('2D SPACE',''
  ) );
#15543 = PCURVE('',#4518,#15544);
#15544 = DEFINITIONAL_REPRESENTATION('',(#15545),#15549);
#15545 = LINE('',#15546,#15547);
#15546 = CARTESIAN_POINT('',(-0.7,-6.673320053068));
#15547 = VECTOR('',#15548,1.);
#15548 = DIRECTION('',(-1.,-0.));
#15549 = ( GEOMETRIC_REPRESENTATION_CONTEXT(2) 
PARAMETRIC_REPRESENTATION_CONTEXT() REPRESENTATION_CONTEXT('2D SPACE',''
  ) );
#15550 = ORIENTED_EDGE('',*,*,#15475,.T.);
#15551 = ORIENTED_EDGE('',*,*,#15552,.T.);
#15552 = EDGE_CURVE('',#15478,#4501,#15553,.T.);
#15553 = SURFACE_CURVE('',#15554,(#15558,#15565),.PCURVE_S1.);
#15554 = LINE('',#15555,#15556);
#15555 = CARTESIAN_POINT('',(7.7,8.326679946932,154.7));
#15556 = VECTOR('',#15557,1.);
#15557 = DIRECTION('',(-0.,-0.,1.));
#15558 = PCURVE('',#4549,#15559);
#15559 = DEFINITIONAL_REPRESENTATION('',(#15560),#15564);
#15560 = LINE('',#15561,#15562);
#15561 = CARTESIAN_POINT('',(-5.813900346817,0.));
#15562 = VECTOR('',#15563,1.);
#15563 = DIRECTION('',(-0.,1.));
#15564 = ( GEOMETRIC_REPRESENTATION_CONTEXT(2) 
PARAMETRIC_REPRESENTATION_CONTEXT() REPRESENTATION_CONTEXT('2D SPACE',''
  ) );
#15565 = PCURVE('',#4518,#15566);
#15566 = DEFINITIONAL_REPRESENTATION('',(#15567),#15571);
#15567 = LINE('',#15568,#15569);
#15568 = CARTESIAN_POINT('',(-0.7,-3.326679946932));
#15569 = VECTOR('',#15570,1.);
#15570 = DIRECTION('',(-1.,-0.));
#15571 = ( GEOMETRIC_REPRESENTATION_CONTEXT(2) 
PARAMETRIC_REPRESENTATION_CONTEXT() REPRESENTATION_CONTEXT('2D SPACE',''
  ) );
#15572 = ADVANCED_FACE('',(#15573),#4518,.F.);
#15573 = FACE_BOUND('',#15574,.T.);
#15574 = EDGE_LOOP('',(#15575,#15576,#15577,#15578));
#15575 = ORIENTED_EDGE('',*,*,#15552,.F.);
#15576 = ORIENTED_EDGE('',*,*,#15505,.T.);
#15577 = ORIENTED_EDGE('',*,*,#15530,.T.);
#15578 = ORIENTED_EDGE('',*,*,#4500,.F.);
#15579 = ADVANCED_FACE('',(#15580),#10724,.F.);
#15580 = FACE_BOUND('',#15581,.T.);
#15581 = EDGE_LOOP('',(#15582,#15605,#15606,#15607,#15608,#15631));
#15582 = ORIENTED_EDGE('',*,*,#15583,.F.);
#15583 = EDGE_CURVE('',#10848,#15584,#15586,.T.);
#15584 = VERTEX_POINT('',#15585);
#15585 = CARTESIAN_POINT('',(-19.75,19.7,138.5));
#15586 = SURFACE_CURVE('',#15587,(#15591,#15598),.PCURVE_S1.);
#15587 = LINE('',#15588,#15589);
#15588 = CARTESIAN_POINT('',(-19.75,18.8,138.5));
#15589 = VECTOR('',#15590,1.);
#15590 = DIRECTION('',(-0.,1.,-0.));
#15591 = PCURVE('',#10724,#15592);
#15592 = DEFINITIONAL_REPRESENTATION('',(#15593),#15597);
#15593 = LINE('',#15594,#15595);
#15594 = CARTESIAN_POINT('',(0.,-0.));
#15595 = VECTOR('',#15596,1.);
#15596 = DIRECTION('',(-0.,1.));
#15597 = ( GEOMETRIC_REPRESENTATION_CONTEXT(2) 
PARAMETRIC_REPRESENTATION_CONTEXT() REPRESENTATION_CONTEXT('2D SPACE',''
  ) );
#15598 = PCURVE('',#10886,#15599);
#15599 = DEFINITIONAL_REPRESENTATION('',(#15600),#15604);
#15600 = LINE('',#15601,#15602);
#15601 = CARTESIAN_POINT('',(-0.,-0.));
#15602 = VECTOR('',#15603,1.);
#15603 = DIRECTION('',(-0.,-1.));
#15604 = ( GEOMETRIC_REPRESENTATION_CONTEXT(2) 
PARAMETRIC_REPRESENTATION_CONTEXT() REPRESENTATION_CONTEXT('2D SPACE',''
  ) );
#15605 = ORIENTED_EDGE('',*,*,#10847,.T.);
#15606 = ORIENTED_EDGE('',*,*,#10710,.T.);
#15607 = ORIENTED_EDGE('',*,*,#10739,.T.);
#15608 = ORIENTED_EDGE('',*,*,#15609,.T.);
#15609 = EDGE_CURVE('',#10740,#15610,#15612,.T.);
#15610 = VERTEX_POINT('',#15611);
#15611 = CARTESIAN_POINT('',(-21.75,19.7,138.5));
#15612 = SURFACE_CURVE('',#15613,(#15617,#15624),.PCURVE_S1.);
#15613 = LINE('',#15614,#15615);
#15614 = CARTESIAN_POINT('',(-21.75,18.8,138.5));
#15615 = VECTOR('',#15616,1.);
#15616 = DIRECTION('',(-0.,1.,-0.));
#15617 = PCURVE('',#10724,#15618);
#15618 = DEFINITIONAL_REPRESENTATION('',(#15619),#15623);
#15619 = LINE('',#15620,#15621);
#15620 = CARTESIAN_POINT('',(-2.,0.));
#15621 = VECTOR('',#15622,1.);
#15622 = DIRECTION('',(-0.,1.));
#15623 = ( GEOMETRIC_REPRESENTATION_CONTEXT(2) 
PARAMETRIC_REPRESENTATION_CONTEXT() REPRESENTATION_CONTEXT('2D SPACE',''
  ) );
#15624 = PCURVE('',#10805,#15625);
#15625 = DEFINITIONAL_REPRESENTATION('',(#15626),#15630);
#15626 = LINE('',#15627,#15628);
#15627 = CARTESIAN_POINT('',(-0.,-0.));
#15628 = VECTOR('',#15629,1.);
#15629 = DIRECTION('',(-0.,-1.));
#15630 = ( GEOMETRIC_REPRESENTATION_CONTEXT(2) 
PARAMETRIC_REPRESENTATION_CONTEXT() REPRESENTATION_CONTEXT('2D SPACE',''
  ) );
#15631 = ORIENTED_EDGE('',*,*,#15632,.F.);
#15632 = EDGE_CURVE('',#15584,#15610,#15633,.T.);
#15633 = SURFACE_CURVE('',#15634,(#15638,#15645),.PCURVE_S1.);
#15634 = LINE('',#15635,#15636);
#15635 = CARTESIAN_POINT('',(-19.75,19.7,138.5));
#15636 = VECTOR('',#15637,1.);
#15637 = DIRECTION('',(-1.,-0.,-0.));
#15638 = PCURVE('',#10724,#15639);
#15639 = DEFINITIONAL_REPRESENTATION('',(#15640),#15644);
#15640 = LINE('',#15641,#15642);
#15641 = CARTESIAN_POINT('',(0.,0.9));
#15642 = VECTOR('',#15643,1.);
#15643 = DIRECTION('',(-1.,0.));
#15644 = ( GEOMETRIC_REPRESENTATION_CONTEXT(2) 
PARAMETRIC_REPRESENTATION_CONTEXT() REPRESENTATION_CONTEXT('2D SPACE',''
  ) );
#15645 = PCURVE('',#15646,#15651);
#15646 = PLANE('',#15647);
#15647 = AXIS2_PLACEMENT_3D('',#15648,#15649,#15650);
#15648 = CARTESIAN_POINT('',(-19.75,19.7,138.5));
#15649 = DIRECTION('',(-0.,1.,-0.));
#15650 = DIRECTION('',(0.,0.,-1.));
#15651 = DEFINITIONAL_REPRESENTATION('',(#15652),#15656);
#15652 = LINE('',#15653,#15654);
#15653 = CARTESIAN_POINT('',(-0.,-0.));
#15654 = VECTOR('',#15655,1.);
#15655 = DIRECTION('',(-0.,1.));
#15656 = ( GEOMETRIC_REPRESENTATION_CONTEXT(2) 
PARAMETRIC_REPRESENTATION_CONTEXT() REPRESENTATION_CONTEXT('2D SPACE',''
  ) );
#15657 = ADVANCED_FACE('',(#15658),#10805,.T.);
#15658 = FACE_BOUND('',#15659,.F.);
#15659 = EDGE_LOOP('',(#15660,#15661,#15662,#15685));
#15660 = ORIENTED_EDGE('',*,*,#10791,.F.);
#15661 = ORIENTED_EDGE('',*,*,#15609,.T.);
#15662 = ORIENTED_EDGE('',*,*,#15663,.T.);
#15663 = EDGE_CURVE('',#15610,#15664,#15666,.T.);
#15664 = VERTEX_POINT('',#15665);
#15665 = CARTESIAN_POINT('',(-21.75,19.7,141.5));
#15666 = SURFACE_CURVE('',#15667,(#15671,#15678),.PCURVE_S1.);
#15667 = LINE('',#15668,#15669);
#15668 = CARTESIAN_POINT('',(-21.75,19.7,138.5));
#15669 = VECTOR('',#15670,1.);
#15670 = DIRECTION('',(-0.,-0.,1.));
#15671 = PCURVE('',#10805,#15672);
#15672 = DEFINITIONAL_REPRESENTATION('',(#15673),#15677);
#15673 = LINE('',#15674,#15675);
#15674 = CARTESIAN_POINT('',(-0.,-0.9));
#15675 = VECTOR('',#15676,1.);
#15676 = DIRECTION('',(-1.,-0.));
#15677 = ( GEOMETRIC_REPRESENTATION_CONTEXT(2) 
PARAMETRIC_REPRESENTATION_CONTEXT() REPRESENTATION_CONTEXT('2D SPACE',''
  ) );
#15678 = PCURVE('',#15646,#15679);
#15679 = DEFINITIONAL_REPRESENTATION('',(#15680),#15684);
#15680 = LINE('',#15681,#15682);
#15681 = CARTESIAN_POINT('',(-0.,2.));
#15682 = VECTOR('',#15683,1.);
#15683 = DIRECTION('',(-1.,0.));
#15684 = ( GEOMETRIC_REPRESENTATION_CONTEXT(2) 
PARAMETRIC_REPRESENTATION_CONTEXT() REPRESENTATION_CONTEXT('2D SPACE',''
  ) );
#15685 = ORIENTED_EDGE('',*,*,#15686,.F.);
#15686 = EDGE_CURVE('',#10764,#15664,#15687,.T.);
#15687 = SURFACE_CURVE('',#15688,(#15692,#15699),.PCURVE_S1.);
#15688 = LINE('',#15689,#15690);
#15689 = CARTESIAN_POINT('',(-21.75,18.8,141.5));
#15690 = VECTOR('',#15691,1.);
#15691 = DIRECTION('',(-0.,1.,-0.));
#15692 = PCURVE('',#10805,#15693);
#15693 = DEFINITIONAL_REPRESENTATION('',(#15694),#15698);
#15694 = LINE('',#15695,#15696);
#15695 = CARTESIAN_POINT('',(-3.,-0.));
#15696 = VECTOR('',#15697,1.);
#15697 = DIRECTION('',(-0.,-1.));
#15698 = ( GEOMETRIC_REPRESENTATION_CONTEXT(2) 
PARAMETRIC_REPRESENTATION_CONTEXT() REPRESENTATION_CONTEXT('2D SPACE',''
  ) );
#15699 = PCURVE('',#10779,#15700);
#15700 = DEFINITIONAL_REPRESENTATION('',(#15701),#15705);
#15701 = LINE('',#15702,#15703);
#15702 = CARTESIAN_POINT('',(-2.,0.));
#15703 = VECTOR('',#15704,1.);
#15704 = DIRECTION('',(-0.,1.));
#15705 = ( GEOMETRIC_REPRESENTATION_CONTEXT(2) 
PARAMETRIC_REPRESENTATION_CONTEXT() REPRESENTATION_CONTEXT('2D SPACE',''
  ) );
#15706 = ADVANCED_FACE('',(#15707),#10779,.T.);
#15707 = FACE_BOUND('',#15708,.F.);
#15708 = EDGE_LOOP('',(#15709,#15732,#15733,#15734,#15735,#15736));
#15709 = ORIENTED_EDGE('',*,*,#15710,.F.);
#15710 = EDGE_CURVE('',#10871,#15711,#15713,.T.);
#15711 = VERTEX_POINT('',#15712);
#15712 = CARTESIAN_POINT('',(-19.75,19.7,141.5));
#15713 = SURFACE_CURVE('',#15714,(#15718,#15725),.PCURVE_S1.);
#15714 = LINE('',#15715,#15716);
#15715 = CARTESIAN_POINT('',(-19.75,18.8,141.5));
#15716 = VECTOR('',#15717,1.);
#15717 = DIRECTION('',(-0.,1.,-0.));
#15718 = PCURVE('',#10779,#15719);
#15719 = DEFINITIONAL_REPRESENTATION('',(#15720),#15724);
#15720 = LINE('',#15721,#15722);
#15721 = CARTESIAN_POINT('',(0.,-0.));
#15722 = VECTOR('',#15723,1.);
#15723 = DIRECTION('',(-0.,1.));
#15724 = ( GEOMETRIC_REPRESENTATION_CONTEXT(2) 
PARAMETRIC_REPRESENTATION_CONTEXT() REPRESENTATION_CONTEXT('2D SPACE',''
  ) );
#15725 = PCURVE('',#10886,#15726);
#15726 = DEFINITIONAL_REPRESENTATION('',(#15727),#15731);
#15727 = LINE('',#15728,#15729);
#15728 = CARTESIAN_POINT('',(-3.,-0.));
#15729 = VECTOR('',#15730,1.);
#15730 = DIRECTION('',(-0.,-1.));
#15731 = ( GEOMETRIC_REPRESENTATION_CONTEXT(2) 
PARAMETRIC_REPRESENTATION_CONTEXT() REPRESENTATION_CONTEXT('2D SPACE',''
  ) );
#15732 = ORIENTED_EDGE('',*,*,#10898,.T.);
#15733 = ORIENTED_EDGE('',*,*,#10821,.T.);
#15734 = ORIENTED_EDGE('',*,*,#10763,.T.);
#15735 = ORIENTED_EDGE('',*,*,#15686,.T.);
#15736 = ORIENTED_EDGE('',*,*,#15737,.F.);
#15737 = EDGE_CURVE('',#15711,#15664,#15738,.T.);
#15738 = SURFACE_CURVE('',#15739,(#15743,#15750),.PCURVE_S1.);
#15739 = LINE('',#15740,#15741);
#15740 = CARTESIAN_POINT('',(-19.75,19.7,141.5));
#15741 = VECTOR('',#15742,1.);
#15742 = DIRECTION('',(-1.,-0.,-0.));
#15743 = PCURVE('',#10779,#15744);
#15744 = DEFINITIONAL_REPRESENTATION('',(#15745),#15749);
#15745 = LINE('',#15746,#15747);
#15746 = CARTESIAN_POINT('',(0.,0.9));
#15747 = VECTOR('',#15748,1.);
#15748 = DIRECTION('',(-1.,0.));
#15749 = ( GEOMETRIC_REPRESENTATION_CONTEXT(2) 
PARAMETRIC_REPRESENTATION_CONTEXT() REPRESENTATION_CONTEXT('2D SPACE',''
  ) );
#15750 = PCURVE('',#15646,#15751);
#15751 = DEFINITIONAL_REPRESENTATION('',(#15752),#15756);
#15752 = LINE('',#15753,#15754);
#15753 = CARTESIAN_POINT('',(-3.,-0.));
#15754 = VECTOR('',#15755,1.);
#15755 = DIRECTION('',(-0.,1.));
#15756 = ( GEOMETRIC_REPRESENTATION_CONTEXT(2) 
PARAMETRIC_REPRESENTATION_CONTEXT() REPRESENTATION_CONTEXT('2D SPACE',''
  ) );
#15757 = ADVANCED_FACE('',(#15758),#10886,.F.);
#15758 = FACE_BOUND('',#15759,.T.);
#15759 = EDGE_LOOP('',(#15760,#15761,#15762,#15783));
#15760 = ORIENTED_EDGE('',*,*,#10870,.F.);
#15761 = ORIENTED_EDGE('',*,*,#15583,.T.);
#15762 = ORIENTED_EDGE('',*,*,#15763,.T.);
#15763 = EDGE_CURVE('',#15584,#15711,#15764,.T.);
#15764 = SURFACE_CURVE('',#15765,(#15769,#15776),.PCURVE_S1.);
#15765 = LINE('',#15766,#15767);
#15766 = CARTESIAN_POINT('',(-19.75,19.7,138.5));
#15767 = VECTOR('',#15768,1.);
#15768 = DIRECTION('',(-0.,-0.,1.));
#15769 = PCURVE('',#10886,#15770);
#15770 = DEFINITIONAL_REPRESENTATION('',(#15771),#15775);
#15771 = LINE('',#15772,#15773);
#15772 = CARTESIAN_POINT('',(-0.,-0.9));
#15773 = VECTOR('',#15774,1.);
#15774 = DIRECTION('',(-1.,-0.));
#15775 = ( GEOMETRIC_REPRESENTATION_CONTEXT(2) 
PARAMETRIC_REPRESENTATION_CONTEXT() REPRESENTATION_CONTEXT('2D SPACE',''
  ) );
#15776 = PCURVE('',#15646,#15777);
#15777 = DEFINITIONAL_REPRESENTATION('',(#15778),#15782);
#15778 = LINE('',#15779,#15780);
#15779 = CARTESIAN_POINT('',(-0.,-0.));
#15780 = VECTOR('',#15781,1.);
#15781 = DIRECTION('',(-1.,0.));
#15782 = ( GEOMETRIC_REPRESENTATION_CONTEXT(2) 
PARAMETRIC_REPRESENTATION_CONTEXT() REPRESENTATION_CONTEXT('2D SPACE',''
  ) );
#15783 = ORIENTED_EDGE('',*,*,#15710,.F.);
#15784 = ADVANCED_FACE('',(#15785),#10940,.F.);
#15785 = FACE_BOUND('',#15786,.T.);
#15786 = EDGE_LOOP('',(#15787,#15810,#15811,#15812,#15813,#15836));
#15787 = ORIENTED_EDGE('',*,*,#15788,.F.);
#15788 = EDGE_CURVE('',#11330,#15789,#15791,.T.);
#15789 = VERTEX_POINT('',#15790);
#15790 = CARTESIAN_POINT('',(-19.75,19.7,78.5));
#15791 = SURFACE_CURVE('',#15792,(#15796,#15803),.PCURVE_S1.);
#15792 = LINE('',#15793,#15794);
#15793 = CARTESIAN_POINT('',(-19.75,18.8,78.5));
#15794 = VECTOR('',#15795,1.);
#15795 = DIRECTION('',(-0.,1.,-0.));
#15796 = PCURVE('',#10940,#15797);
#15797 = DEFINITIONAL_REPRESENTATION('',(#15798),#15802);
#15798 = LINE('',#15799,#15800);
#15799 = CARTESIAN_POINT('',(0.,-0.));
#15800 = VECTOR('',#15801,1.);
#15801 = DIRECTION('',(-0.,1.));
#15802 = ( GEOMETRIC_REPRESENTATION_CONTEXT(2) 
PARAMETRIC_REPRESENTATION_CONTEXT() REPRESENTATION_CONTEXT('2D SPACE',''
  ) );
#15803 = PCURVE('',#11368,#15804);
#15804 = DEFINITIONAL_REPRESENTATION('',(#15805),#15809);
#15805 = LINE('',#15806,#15807);
#15806 = CARTESIAN_POINT('',(-0.,-0.));
#15807 = VECTOR('',#15808,1.);
#15808 = DIRECTION('',(-0.,-1.));
#15809 = ( GEOMETRIC_REPRESENTATION_CONTEXT(2) 
PARAMETRIC_REPRESENTATION_CONTEXT() REPRESENTATION_CONTEXT('2D SPACE',''
  ) );
#15810 = ORIENTED_EDGE('',*,*,#11329,.T.);
#15811 = ORIENTED_EDGE('',*,*,#10926,.T.);
#15812 = ORIENTED_EDGE('',*,*,#10955,.T.);
#15813 = ORIENTED_EDGE('',*,*,#15814,.T.);
#15814 = EDGE_CURVE('',#10956,#15815,#15817,.T.);
#15815 = VERTEX_POINT('',#15816);
#15816 = CARTESIAN_POINT('',(-21.75,19.7,78.5));
#15817 = SURFACE_CURVE('',#15818,(#15822,#15829),.PCURVE_S1.);
#15818 = LINE('',#15819,#15820);
#15819 = CARTESIAN_POINT('',(-21.75,18.8,78.5));
#15820 = VECTOR('',#15821,1.);
#15821 = DIRECTION('',(-0.,1.,-0.));
#15822 = PCURVE('',#10940,#15823);
#15823 = DEFINITIONAL_REPRESENTATION('',(#15824),#15828);
#15824 = LINE('',#15825,#15826);
#15825 = CARTESIAN_POINT('',(-2.,0.));
#15826 = VECTOR('',#15827,1.);
#15827 = DIRECTION('',(-0.,1.));
#15828 = ( GEOMETRIC_REPRESENTATION_CONTEXT(2) 
PARAMETRIC_REPRESENTATION_CONTEXT() REPRESENTATION_CONTEXT('2D SPACE',''
  ) );
#15829 = PCURVE('',#11021,#15830);
#15830 = DEFINITIONAL_REPRESENTATION('',(#15831),#15835);
#15831 = LINE('',#15832,#15833);
#15832 = CARTESIAN_POINT('',(-0.,-0.));
#15833 = VECTOR('',#15834,1.);
#15834 = DIRECTION('',(-0.,-1.));
#15835 = ( GEOMETRIC_REPRESENTATION_CONTEXT(2) 
PARAMETRIC_REPRESENTATION_CONTEXT() REPRESENTATION_CONTEXT('2D SPACE',''
  ) );
#15836 = ORIENTED_EDGE('',*,*,#15837,.F.);
#15837 = EDGE_CURVE('',#15789,#15815,#15838,.T.);
#15838 = SURFACE_CURVE('',#15839,(#15843,#15850),.PCURVE_S1.);
#15839 = LINE('',#15840,#15841);
#15840 = CARTESIAN_POINT('',(-19.75,19.7,78.5));
#15841 = VECTOR('',#15842,1.);
#15842 = DIRECTION('',(-1.,-0.,-0.));
#15843 = PCURVE('',#10940,#15844);
#15844 = DEFINITIONAL_REPRESENTATION('',(#15845),#15849);
#15845 = LINE('',#15846,#15847);
#15846 = CARTESIAN_POINT('',(0.,0.9));
#15847 = VECTOR('',#15848,1.);
#15848 = DIRECTION('',(-1.,0.));
#15849 = ( GEOMETRIC_REPRESENTATION_CONTEXT(2) 
PARAMETRIC_REPRESENTATION_CONTEXT() REPRESENTATION_CONTEXT('2D SPACE',''
  ) );
#15850 = PCURVE('',#15851,#15856);
#15851 = PLANE('',#15852);
#15852 = AXIS2_PLACEMENT_3D('',#15853,#15854,#15855);
#15853 = CARTESIAN_POINT('',(-19.75,19.7,78.5));
#15854 = DIRECTION('',(-0.,1.,-0.));
#15855 = DIRECTION('',(0.,0.,-1.));
#15856 = DEFINITIONAL_REPRESENTATION('',(#15857),#15861);
#15857 = LINE('',#15858,#15859);
#15858 = CARTESIAN_POINT('',(-0.,-0.));
#15859 = VECTOR('',#15860,1.);
#15860 = DIRECTION('',(-0.,1.));
#15861 = ( GEOMETRIC_REPRESENTATION_CONTEXT(2) 
PARAMETRIC_REPRESENTATION_CONTEXT() REPRESENTATION_CONTEXT('2D SPACE',''
  ) );
#15862 = ADVANCED_FACE('',(#15863),#11021,.T.);
#15863 = FACE_BOUND('',#15864,.F.);
#15864 = EDGE_LOOP('',(#15865,#15866,#15867,#15890));
#15865 = ORIENTED_EDGE('',*,*,#11007,.F.);
#15866 = ORIENTED_EDGE('',*,*,#15814,.T.);
#15867 = ORIENTED_EDGE('',*,*,#15868,.T.);
#15868 = EDGE_CURVE('',#15815,#15869,#15871,.T.);
#15869 = VERTEX_POINT('',#15870);
#15870 = CARTESIAN_POINT('',(-21.75,19.7,81.5));
#15871 = SURFACE_CURVE('',#15872,(#15876,#15883),.PCURVE_S1.);
#15872 = LINE('',#15873,#15874);
#15873 = CARTESIAN_POINT('',(-21.75,19.7,78.5));
#15874 = VECTOR('',#15875,1.);
#15875 = DIRECTION('',(-0.,-0.,1.));
#15876 = PCURVE('',#11021,#15877);
#15877 = DEFINITIONAL_REPRESENTATION('',(#15878),#15882);
#15878 = LINE('',#15879,#15880);
#15879 = CARTESIAN_POINT('',(-0.,-0.9));
#15880 = VECTOR('',#15881,1.);
#15881 = DIRECTION('',(-1.,-0.));
#15882 = ( GEOMETRIC_REPRESENTATION_CONTEXT(2) 
PARAMETRIC_REPRESENTATION_CONTEXT() REPRESENTATION_CONTEXT('2D SPACE',''
  ) );
#15883 = PCURVE('',#15851,#15884);
#15884 = DEFINITIONAL_REPRESENTATION('',(#15885),#15889);
#15885 = LINE('',#15886,#15887);
#15886 = CARTESIAN_POINT('',(-0.,2.));
#15887 = VECTOR('',#15888,1.);
#15888 = DIRECTION('',(-1.,0.));
#15889 = ( GEOMETRIC_REPRESENTATION_CONTEXT(2) 
PARAMETRIC_REPRESENTATION_CONTEXT() REPRESENTATION_CONTEXT('2D SPACE',''
  ) );
#15890 = ORIENTED_EDGE('',*,*,#15891,.F.);
#15891 = EDGE_CURVE('',#10980,#15869,#15892,.T.);
#15892 = SURFACE_CURVE('',#15893,(#15897,#15904),.PCURVE_S1.);
#15893 = LINE('',#15894,#15895);
#15894 = CARTESIAN_POINT('',(-21.75,18.8,81.5));
#15895 = VECTOR('',#15896,1.);
#15896 = DIRECTION('',(-0.,1.,-0.));
#15897 = PCURVE('',#11021,#15898);
#15898 = DEFINITIONAL_REPRESENTATION('',(#15899),#15903);
#15899 = LINE('',#15900,#15901);
#15900 = CARTESIAN_POINT('',(-3.,-0.));
#15901 = VECTOR('',#15902,1.);
#15902 = DIRECTION('',(-0.,-1.));
#15903 = ( GEOMETRIC_REPRESENTATION_CONTEXT(2) 
PARAMETRIC_REPRESENTATION_CONTEXT() REPRESENTATION_CONTEXT('2D SPACE',''
  ) );
#15904 = PCURVE('',#10995,#15905);
#15905 = DEFINITIONAL_REPRESENTATION('',(#15906),#15910);
#15906 = LINE('',#15907,#15908);
#15907 = CARTESIAN_POINT('',(-2.,0.));
#15908 = VECTOR('',#15909,1.);
#15909 = DIRECTION('',(-0.,1.));
#15910 = ( GEOMETRIC_REPRESENTATION_CONTEXT(2) 
PARAMETRIC_REPRESENTATION_CONTEXT() REPRESENTATION_CONTEXT('2D SPACE',''
  ) );
#15911 = ADVANCED_FACE('',(#15912),#10995,.T.);
#15912 = FACE_BOUND('',#15913,.F.);
#15913 = EDGE_LOOP('',(#15914,#15937,#15938,#15939,#15940,#15941));
#15914 = ORIENTED_EDGE('',*,*,#15915,.F.);
#15915 = EDGE_CURVE('',#11353,#15916,#15918,.T.);
#15916 = VERTEX_POINT('',#15917);
#15917 = CARTESIAN_POINT('',(-19.75,19.7,81.5));
#15918 = SURFACE_CURVE('',#15919,(#15923,#15930),.PCURVE_S1.);
#15919 = LINE('',#15920,#15921);
#15920 = CARTESIAN_POINT('',(-19.75,18.8,81.5));
#15921 = VECTOR('',#15922,1.);
#15922 = DIRECTION('',(-0.,1.,-0.));
#15923 = PCURVE('',#10995,#15924);
#15924 = DEFINITIONAL_REPRESENTATION('',(#15925),#15929);
#15925 = LINE('',#15926,#15927);
#15926 = CARTESIAN_POINT('',(0.,-0.));
#15927 = VECTOR('',#15928,1.);
#15928 = DIRECTION('',(-0.,1.));
#15929 = ( GEOMETRIC_REPRESENTATION_CONTEXT(2) 
PARAMETRIC_REPRESENTATION_CONTEXT() REPRESENTATION_CONTEXT('2D SPACE',''
  ) );
#15930 = PCURVE('',#11368,#15931);
#15931 = DEFINITIONAL_REPRESENTATION('',(#15932),#15936);
#15932 = LINE('',#15933,#15934);
#15933 = CARTESIAN_POINT('',(-3.,-0.));
#15934 = VECTOR('',#15935,1.);
#15935 = DIRECTION('',(-0.,-1.));
#15936 = ( GEOMETRIC_REPRESENTATION_CONTEXT(2) 
PARAMETRIC_REPRESENTATION_CONTEXT() REPRESENTATION_CONTEXT('2D SPACE',''
  ) );
#15937 = ORIENTED_EDGE('',*,*,#11380,.T.);
#15938 = ORIENTED_EDGE('',*,*,#11037,.T.);
#15939 = ORIENTED_EDGE('',*,*,#10979,.T.);
#15940 = ORIENTED_EDGE('',*,*,#15891,.T.);
#15941 = ORIENTED_EDGE('',*,*,#15942,.F.);
#15942 = EDGE_CURVE('',#15916,#15869,#15943,.T.);
#15943 = SURFACE_CURVE('',#15944,(#15948,#15955),.PCURVE_S1.);
#15944 = LINE('',#15945,#15946);
#15945 = CARTESIAN_POINT('',(-19.75,19.7,81.5));
#15946 = VECTOR('',#15947,1.);
#15947 = DIRECTION('',(-1.,-0.,-0.));
#15948 = PCURVE('',#10995,#15949);
#15949 = DEFINITIONAL_REPRESENTATION('',(#15950),#15954);
#15950 = LINE('',#15951,#15952);
#15951 = CARTESIAN_POINT('',(0.,0.9));
#15952 = VECTOR('',#15953,1.);
#15953 = DIRECTION('',(-1.,0.));
#15954 = ( GEOMETRIC_REPRESENTATION_CONTEXT(2) 
PARAMETRIC_REPRESENTATION_CONTEXT() REPRESENTATION_CONTEXT('2D SPACE',''
  ) );
#15955 = PCURVE('',#15851,#15956);
#15956 = DEFINITIONAL_REPRESENTATION('',(#15957),#15961);
#15957 = LINE('',#15958,#15959);
#15958 = CARTESIAN_POINT('',(-3.,-0.));
#15959 = VECTOR('',#15960,1.);
#15960 = DIRECTION('',(-0.,1.));
#15961 = ( GEOMETRIC_REPRESENTATION_CONTEXT(2) 
PARAMETRIC_REPRESENTATION_CONTEXT() REPRESENTATION_CONTEXT('2D SPACE',''
  ) );
#15962 = ADVANCED_FACE('',(#15963),#11073,.F.);
#15963 = FACE_BOUND('',#15964,.T.);
#15964 = EDGE_LOOP('',(#15965,#15988,#15989,#15990,#15991,#16014));
#15965 = ORIENTED_EDGE('',*,*,#15966,.F.);
#15966 = EDGE_CURVE('',#11406,#15967,#15969,.T.);
#15967 = VERTEX_POINT('',#15968);
#15968 = CARTESIAN_POINT('',(-19.75,19.7,88.5));
#15969 = SURFACE_CURVE('',#15970,(#15974,#15981),.PCURVE_S1.);
#15970 = LINE('',#15971,#15972);
#15971 = CARTESIAN_POINT('',(-19.75,18.8,88.5));
#15972 = VECTOR('',#15973,1.);
#15973 = DIRECTION('',(-0.,1.,-0.));
#15974 = PCURVE('',#11073,#15975);
#15975 = DEFINITIONAL_REPRESENTATION('',(#15976),#15980);
#15976 = LINE('',#15977,#15978);
#15977 = CARTESIAN_POINT('',(0.,-0.));
#15978 = VECTOR('',#15979,1.);
#15979 = DIRECTION('',(-0.,1.));
#15980 = ( GEOMETRIC_REPRESENTATION_CONTEXT(2) 
PARAMETRIC_REPRESENTATION_CONTEXT() REPRESENTATION_CONTEXT('2D SPACE',''
  ) );
#15981 = PCURVE('',#11444,#15982);
#15982 = DEFINITIONAL_REPRESENTATION('',(#15983),#15987);
#15983 = LINE('',#15984,#15985);
#15984 = CARTESIAN_POINT('',(-0.,-0.));
#15985 = VECTOR('',#15986,1.);
#15986 = DIRECTION('',(-0.,-1.));
#15987 = ( GEOMETRIC_REPRESENTATION_CONTEXT(2) 
PARAMETRIC_REPRESENTATION_CONTEXT() REPRESENTATION_CONTEXT('2D SPACE',''
  ) );
#15988 = ORIENTED_EDGE('',*,*,#11405,.T.);
#15989 = ORIENTED_EDGE('',*,*,#11059,.T.);
#15990 = ORIENTED_EDGE('',*,*,#11088,.T.);
#15991 = ORIENTED_EDGE('',*,*,#15992,.T.);
#15992 = EDGE_CURVE('',#11089,#15993,#15995,.T.);
#15993 = VERTEX_POINT('',#15994);
#15994 = CARTESIAN_POINT('',(-21.75,19.7,88.5));
#15995 = SURFACE_CURVE('',#15996,(#16000,#16007),.PCURVE_S1.);
#15996 = LINE('',#15997,#15998);
#15997 = CARTESIAN_POINT('',(-21.75,18.8,88.5));
#15998 = VECTOR('',#15999,1.);
#15999 = DIRECTION('',(-0.,1.,-0.));
#16000 = PCURVE('',#11073,#16001);
#16001 = DEFINITIONAL_REPRESENTATION('',(#16002),#16006);
#16002 = LINE('',#16003,#16004);
#16003 = CARTESIAN_POINT('',(-2.,0.));
#16004 = VECTOR('',#16005,1.);
#16005 = DIRECTION('',(-0.,1.));
#16006 = ( GEOMETRIC_REPRESENTATION_CONTEXT(2) 
PARAMETRIC_REPRESENTATION_CONTEXT() REPRESENTATION_CONTEXT('2D SPACE',''
  ) );
#16007 = PCURVE('',#11154,#16008);
#16008 = DEFINITIONAL_REPRESENTATION('',(#16009),#16013);
#16009 = LINE('',#16010,#16011);
#16010 = CARTESIAN_POINT('',(-0.,-0.));
#16011 = VECTOR('',#16012,1.);
#16012 = DIRECTION('',(-0.,-1.));
#16013 = ( GEOMETRIC_REPRESENTATION_CONTEXT(2) 
PARAMETRIC_REPRESENTATION_CONTEXT() REPRESENTATION_CONTEXT('2D SPACE',''
  ) );
#16014 = ORIENTED_EDGE('',*,*,#16015,.F.);
#16015 = EDGE_CURVE('',#15967,#15993,#16016,.T.);
#16016 = SURFACE_CURVE('',#16017,(#16021,#16028),.PCURVE_S1.);
#16017 = LINE('',#16018,#16019);
#16018 = CARTESIAN_POINT('',(-19.75,19.7,88.5));
#16019 = VECTOR('',#16020,1.);
#16020 = DIRECTION('',(-1.,-0.,-0.));
#16021 = PCURVE('',#11073,#16022);
#16022 = DEFINITIONAL_REPRESENTATION('',(#16023),#16027);
#16023 = LINE('',#16024,#16025);
#16024 = CARTESIAN_POINT('',(0.,0.9));
#16025 = VECTOR('',#16026,1.);
#16026 = DIRECTION('',(-1.,0.));
#16027 = ( GEOMETRIC_REPRESENTATION_CONTEXT(2) 
PARAMETRIC_REPRESENTATION_CONTEXT() REPRESENTATION_CONTEXT('2D SPACE',''
  ) );
#16028 = PCURVE('',#16029,#16034);
#16029 = PLANE('',#16030);
#16030 = AXIS2_PLACEMENT_3D('',#16031,#16032,#16033);
#16031 = CARTESIAN_POINT('',(-19.75,19.7,88.5));
#16032 = DIRECTION('',(-0.,1.,-0.));
#16033 = DIRECTION('',(0.,0.,-1.));
#16034 = DEFINITIONAL_REPRESENTATION('',(#16035),#16039);
#16035 = LINE('',#16036,#16037);
#16036 = CARTESIAN_POINT('',(-0.,-0.));
#16037 = VECTOR('',#16038,1.);
#16038 = DIRECTION('',(-0.,1.));
#16039 = ( GEOMETRIC_REPRESENTATION_CONTEXT(2) 
PARAMETRIC_REPRESENTATION_CONTEXT() REPRESENTATION_CONTEXT('2D SPACE',''
  ) );
#16040 = ADVANCED_FACE('',(#16041),#11154,.T.);
#16041 = FACE_BOUND('',#16042,.F.);
#16042 = EDGE_LOOP('',(#16043,#16044,#16045,#16068));
#16043 = ORIENTED_EDGE('',*,*,#11140,.F.);
#16044 = ORIENTED_EDGE('',*,*,#15992,.T.);
#16045 = ORIENTED_EDGE('',*,*,#16046,.T.);
#16046 = EDGE_CURVE('',#15993,#16047,#16049,.T.);
#16047 = VERTEX_POINT('',#16048);
#16048 = CARTESIAN_POINT('',(-21.75,19.7,91.5));
#16049 = SURFACE_CURVE('',#16050,(#16054,#16061),.PCURVE_S1.);
#16050 = LINE('',#16051,#16052);
#16051 = CARTESIAN_POINT('',(-21.75,19.7,88.5));
#16052 = VECTOR('',#16053,1.);
#16053 = DIRECTION('',(-0.,-0.,1.));
#16054 = PCURVE('',#11154,#16055);
#16055 = DEFINITIONAL_REPRESENTATION('',(#16056),#16060);
#16056 = LINE('',#16057,#16058);
#16057 = CARTESIAN_POINT('',(-0.,-0.9));
#16058 = VECTOR('',#16059,1.);
#16059 = DIRECTION('',(-1.,-0.));
#16060 = ( GEOMETRIC_REPRESENTATION_CONTEXT(2) 
PARAMETRIC_REPRESENTATION_CONTEXT() REPRESENTATION_CONTEXT('2D SPACE',''
  ) );
#16061 = PCURVE('',#16029,#16062);
#16062 = DEFINITIONAL_REPRESENTATION('',(#16063),#16067);
#16063 = LINE('',#16064,#16065);
#16064 = CARTESIAN_POINT('',(-0.,2.));
#16065 = VECTOR('',#16066,1.);
#16066 = DIRECTION('',(-1.,0.));
#16067 = ( GEOMETRIC_REPRESENTATION_CONTEXT(2) 
PARAMETRIC_REPRESENTATION_CONTEXT() REPRESENTATION_CONTEXT('2D SPACE',''
  ) );
#16068 = ORIENTED_EDGE('',*,*,#16069,.F.);
#16069 = EDGE_CURVE('',#11113,#16047,#16070,.T.);
#16070 = SURFACE_CURVE('',#16071,(#16075,#16082),.PCURVE_S1.);
#16071 = LINE('',#16072,#16073);
#16072 = CARTESIAN_POINT('',(-21.75,18.8,91.5));
#16073 = VECTOR('',#16074,1.);
#16074 = DIRECTION('',(-0.,1.,-0.));
#16075 = PCURVE('',#11154,#16076);
#16076 = DEFINITIONAL_REPRESENTATION('',(#16077),#16081);
#16077 = LINE('',#16078,#16079);
#16078 = CARTESIAN_POINT('',(-3.,-0.));
#16079 = VECTOR('',#16080,1.);
#16080 = DIRECTION('',(-0.,-1.));
#16081 = ( GEOMETRIC_REPRESENTATION_CONTEXT(2) 
PARAMETRIC_REPRESENTATION_CONTEXT() REPRESENTATION_CONTEXT('2D SPACE',''
  ) );
#16082 = PCURVE('',#11128,#16083);
#16083 = DEFINITIONAL_REPRESENTATION('',(#16084),#16088);
#16084 = LINE('',#16085,#16086);
#16085 = CARTESIAN_POINT('',(-2.,0.));
#16086 = VECTOR('',#16087,1.);
#16087 = DIRECTION('',(-0.,1.));
#16088 = ( GEOMETRIC_REPRESENTATION_CONTEXT(2) 
PARAMETRIC_REPRESENTATION_CONTEXT() REPRESENTATION_CONTEXT('2D SPACE',''
  ) );
#16089 = ADVANCED_FACE('',(#16090),#11128,.T.);
#16090 = FACE_BOUND('',#16091,.F.);
#16091 = EDGE_LOOP('',(#16092,#16115,#16116,#16117,#16118,#16119));
#16092 = ORIENTED_EDGE('',*,*,#16093,.F.);
#16093 = EDGE_CURVE('',#11429,#16094,#16096,.T.);
#16094 = VERTEX_POINT('',#16095);
#16095 = CARTESIAN_POINT('',(-19.75,19.7,91.5));
#16096 = SURFACE_CURVE('',#16097,(#16101,#16108),.PCURVE_S1.);
#16097 = LINE('',#16098,#16099);
#16098 = CARTESIAN_POINT('',(-19.75,18.8,91.5));
#16099 = VECTOR('',#16100,1.);
#16100 = DIRECTION('',(-0.,1.,-0.));
#16101 = PCURVE('',#11128,#16102);
#16102 = DEFINITIONAL_REPRESENTATION('',(#16103),#16107);
#16103 = LINE('',#16104,#16105);
#16104 = CARTESIAN_POINT('',(0.,-0.));
#16105 = VECTOR('',#16106,1.);
#16106 = DIRECTION('',(-0.,1.));
#16107 = ( GEOMETRIC_REPRESENTATION_CONTEXT(2) 
PARAMETRIC_REPRESENTATION_CONTEXT() REPRESENTATION_CONTEXT('2D SPACE',''
  ) );
#16108 = PCURVE('',#11444,#16109);
#16109 = DEFINITIONAL_REPRESENTATION('',(#16110),#16114);
#16110 = LINE('',#16111,#16112);
#16111 = CARTESIAN_POINT('',(-3.,-0.));
#16112 = VECTOR('',#16113,1.);
#16113 = DIRECTION('',(-0.,-1.));
#16114 = ( GEOMETRIC_REPRESENTATION_CONTEXT(2) 
PARAMETRIC_REPRESENTATION_CONTEXT() REPRESENTATION_CONTEXT('2D SPACE',''
  ) );
#16115 = ORIENTED_EDGE('',*,*,#11456,.T.);
#16116 = ORIENTED_EDGE('',*,*,#11170,.T.);
#16117 = ORIENTED_EDGE('',*,*,#11112,.T.);
#16118 = ORIENTED_EDGE('',*,*,#16069,.T.);
#16119 = ORIENTED_EDGE('',*,*,#16120,.F.);
#16120 = EDGE_CURVE('',#16094,#16047,#16121,.T.);
#16121 = SURFACE_CURVE('',#16122,(#16126,#16133),.PCURVE_S1.);
#16122 = LINE('',#16123,#16124);
#16123 = CARTESIAN_POINT('',(-19.75,19.7,91.5));
#16124 = VECTOR('',#16125,1.);
#16125 = DIRECTION('',(-1.,-0.,-0.));
#16126 = PCURVE('',#11128,#16127);
#16127 = DEFINITIONAL_REPRESENTATION('',(#16128),#16132);
#16128 = LINE('',#16129,#16130);
#16129 = CARTESIAN_POINT('',(0.,0.9));
#16130 = VECTOR('',#16131,1.);
#16131 = DIRECTION('',(-1.,0.));
#16132 = ( GEOMETRIC_REPRESENTATION_CONTEXT(2) 
PARAMETRIC_REPRESENTATION_CONTEXT() REPRESENTATION_CONTEXT('2D SPACE',''
  ) );
#16133 = PCURVE('',#16029,#16134);
#16134 = DEFINITIONAL_REPRESENTATION('',(#16135),#16139);
#16135 = LINE('',#16136,#16137);
#16136 = CARTESIAN_POINT('',(-3.,-0.));
#16137 = VECTOR('',#16138,1.);
#16138 = DIRECTION('',(-0.,1.));
#16139 = ( GEOMETRIC_REPRESENTATION_CONTEXT(2) 
PARAMETRIC_REPRESENTATION_CONTEXT() REPRESENTATION_CONTEXT('2D SPACE',''
  ) );
#16140 = ADVANCED_FACE('',(#16141),#11206,.F.);
#16141 = FACE_BOUND('',#16142,.T.);
#16142 = EDGE_LOOP('',(#16143,#16166,#16167,#16168,#16169,#16192));
#16143 = ORIENTED_EDGE('',*,*,#16144,.F.);
#16144 = EDGE_CURVE('',#11482,#16145,#16147,.T.);
#16145 = VERTEX_POINT('',#16146);
#16146 = CARTESIAN_POINT('',(-19.75,19.7,98.5));
#16147 = SURFACE_CURVE('',#16148,(#16152,#16159),.PCURVE_S1.);
#16148 = LINE('',#16149,#16150);
#16149 = CARTESIAN_POINT('',(-19.75,18.8,98.5));
#16150 = VECTOR('',#16151,1.);
#16151 = DIRECTION('',(-0.,1.,-0.));
#16152 = PCURVE('',#11206,#16153);
#16153 = DEFINITIONAL_REPRESENTATION('',(#16154),#16158);
#16154 = LINE('',#16155,#16156);
#16155 = CARTESIAN_POINT('',(0.,-0.));
#16156 = VECTOR('',#16157,1.);
#16157 = DIRECTION('',(-0.,1.));
#16158 = ( GEOMETRIC_REPRESENTATION_CONTEXT(2) 
PARAMETRIC_REPRESENTATION_CONTEXT() REPRESENTATION_CONTEXT('2D SPACE',''
  ) );
#16159 = PCURVE('',#11520,#16160);
#16160 = DEFINITIONAL_REPRESENTATION('',(#16161),#16165);
#16161 = LINE('',#16162,#16163);
#16162 = CARTESIAN_POINT('',(-0.,-0.));
#16163 = VECTOR('',#16164,1.);
#16164 = DIRECTION('',(-0.,-1.));
#16165 = ( GEOMETRIC_REPRESENTATION_CONTEXT(2) 
PARAMETRIC_REPRESENTATION_CONTEXT() REPRESENTATION_CONTEXT('2D SPACE',''
  ) );
#16166 = ORIENTED_EDGE('',*,*,#11481,.T.);
#16167 = ORIENTED_EDGE('',*,*,#11192,.T.);
#16168 = ORIENTED_EDGE('',*,*,#11221,.T.);
#16169 = ORIENTED_EDGE('',*,*,#16170,.T.);
#16170 = EDGE_CURVE('',#11222,#16171,#16173,.T.);
#16171 = VERTEX_POINT('',#16172);
#16172 = CARTESIAN_POINT('',(-21.75,19.7,98.5));
#16173 = SURFACE_CURVE('',#16174,(#16178,#16185),.PCURVE_S1.);
#16174 = LINE('',#16175,#16176);
#16175 = CARTESIAN_POINT('',(-21.75,18.8,98.5));
#16176 = VECTOR('',#16177,1.);
#16177 = DIRECTION('',(-0.,1.,-0.));
#16178 = PCURVE('',#11206,#16179);
#16179 = DEFINITIONAL_REPRESENTATION('',(#16180),#16184);
#16180 = LINE('',#16181,#16182);
#16181 = CARTESIAN_POINT('',(-2.,0.));
#16182 = VECTOR('',#16183,1.);
#16183 = DIRECTION('',(-0.,1.));
#16184 = ( GEOMETRIC_REPRESENTATION_CONTEXT(2) 
PARAMETRIC_REPRESENTATION_CONTEXT() REPRESENTATION_CONTEXT('2D SPACE',''
  ) );
#16185 = PCURVE('',#11287,#16186);
#16186 = DEFINITIONAL_REPRESENTATION('',(#16187),#16191);
#16187 = LINE('',#16188,#16189);
#16188 = CARTESIAN_POINT('',(-0.,-0.));
#16189 = VECTOR('',#16190,1.);
#16190 = DIRECTION('',(-0.,-1.));
#16191 = ( GEOMETRIC_REPRESENTATION_CONTEXT(2) 
PARAMETRIC_REPRESENTATION_CONTEXT() REPRESENTATION_CONTEXT('2D SPACE',''
  ) );
#16192 = ORIENTED_EDGE('',*,*,#16193,.F.);
#16193 = EDGE_CURVE('',#16145,#16171,#16194,.T.);
#16194 = SURFACE_CURVE('',#16195,(#16199,#16206),.PCURVE_S1.);
#16195 = LINE('',#16196,#16197);
#16196 = CARTESIAN_POINT('',(-19.75,19.7,98.5));
#16197 = VECTOR('',#16198,1.);
#16198 = DIRECTION('',(-1.,-0.,-0.));
#16199 = PCURVE('',#11206,#16200);
#16200 = DEFINITIONAL_REPRESENTATION('',(#16201),#16205);
#16201 = LINE('',#16202,#16203);
#16202 = CARTESIAN_POINT('',(0.,0.9));
#16203 = VECTOR('',#16204,1.);
#16204 = DIRECTION('',(-1.,0.));
#16205 = ( GEOMETRIC_REPRESENTATION_CONTEXT(2) 
PARAMETRIC_REPRESENTATION_CONTEXT() REPRESENTATION_CONTEXT('2D SPACE',''
  ) );
#16206 = PCURVE('',#16207,#16212);
#16207 = PLANE('',#16208);
#16208 = AXIS2_PLACEMENT_3D('',#16209,#16210,#16211);
#16209 = CARTESIAN_POINT('',(-19.75,19.7,98.5));
#16210 = DIRECTION('',(-0.,1.,-0.));
#16211 = DIRECTION('',(0.,0.,-1.));
#16212 = DEFINITIONAL_REPRESENTATION('',(#16213),#16217);
#16213 = LINE('',#16214,#16215);
#16214 = CARTESIAN_POINT('',(-0.,-0.));
#16215 = VECTOR('',#16216,1.);
#16216 = DIRECTION('',(-0.,1.));
#16217 = ( GEOMETRIC_REPRESENTATION_CONTEXT(2) 
PARAMETRIC_REPRESENTATION_CONTEXT() REPRESENTATION_CONTEXT('2D SPACE',''
  ) );
#16218 = ADVANCED_FACE('',(#16219),#11287,.T.);
#16219 = FACE_BOUND('',#16220,.F.);
#16220 = EDGE_LOOP('',(#16221,#16222,#16223,#16246));
#16221 = ORIENTED_EDGE('',*,*,#11273,.F.);
#16222 = ORIENTED_EDGE('',*,*,#16170,.T.);
#16223 = ORIENTED_EDGE('',*,*,#16224,.T.);
#16224 = EDGE_CURVE('',#16171,#16225,#16227,.T.);
#16225 = VERTEX_POINT('',#16226);
#16226 = CARTESIAN_POINT('',(-21.75,19.7,101.5));
#16227 = SURFACE_CURVE('',#16228,(#16232,#16239),.PCURVE_S1.);
#16228 = LINE('',#16229,#16230);
#16229 = CARTESIAN_POINT('',(-21.75,19.7,98.5));
#16230 = VECTOR('',#16231,1.);
#16231 = DIRECTION('',(-0.,-0.,1.));
#16232 = PCURVE('',#11287,#16233);
#16233 = DEFINITIONAL_REPRESENTATION('',(#16234),#16238);
#16234 = LINE('',#16235,#16236);
#16235 = CARTESIAN_POINT('',(-0.,-0.9));
#16236 = VECTOR('',#16237,1.);
#16237 = DIRECTION('',(-1.,-0.));
#16238 = ( GEOMETRIC_REPRESENTATION_CONTEXT(2) 
PARAMETRIC_REPRESENTATION_CONTEXT() REPRESENTATION_CONTEXT('2D SPACE',''
  ) );
#16239 = PCURVE('',#16207,#16240);
#16240 = DEFINITIONAL_REPRESENTATION('',(#16241),#16245);
#16241 = LINE('',#16242,#16243);
#16242 = CARTESIAN_POINT('',(-0.,2.));
#16243 = VECTOR('',#16244,1.);
#16244 = DIRECTION('',(-1.,0.));
#16245 = ( GEOMETRIC_REPRESENTATION_CONTEXT(2) 
PARAMETRIC_REPRESENTATION_CONTEXT() REPRESENTATION_CONTEXT('2D SPACE',''
  ) );
#16246 = ORIENTED_EDGE('',*,*,#16247,.F.);
#16247 = EDGE_CURVE('',#11246,#16225,#16248,.T.);
#16248 = SURFACE_CURVE('',#16249,(#16253,#16260),.PCURVE_S1.);
#16249 = LINE('',#16250,#16251);
#16250 = CARTESIAN_POINT('',(-21.75,18.8,101.5));
#16251 = VECTOR('',#16252,1.);
#16252 = DIRECTION('',(-0.,1.,-0.));
#16253 = PCURVE('',#11287,#16254);
#16254 = DEFINITIONAL_REPRESENTATION('',(#16255),#16259);
#16255 = LINE('',#16256,#16257);
#16256 = CARTESIAN_POINT('',(-3.,-0.));
#16257 = VECTOR('',#16258,1.);
#16258 = DIRECTION('',(-0.,-1.));
#16259 = ( GEOMETRIC_REPRESENTATION_CONTEXT(2) 
PARAMETRIC_REPRESENTATION_CONTEXT() REPRESENTATION_CONTEXT('2D SPACE',''
  ) );
#16260 = PCURVE('',#11261,#16261);
#16261 = DEFINITIONAL_REPRESENTATION('',(#16262),#16266);
#16262 = LINE('',#16263,#16264);
#16263 = CARTESIAN_POINT('',(-2.,0.));
#16264 = VECTOR('',#16265,1.);
#16265 = DIRECTION('',(-0.,1.));
#16266 = ( GEOMETRIC_REPRESENTATION_CONTEXT(2) 
PARAMETRIC_REPRESENTATION_CONTEXT() REPRESENTATION_CONTEXT('2D SPACE',''
  ) );
#16267 = ADVANCED_FACE('',(#16268),#11261,.T.);
#16268 = FACE_BOUND('',#16269,.F.);
#16269 = EDGE_LOOP('',(#16270,#16293,#16294,#16295,#16296,#16297));
#16270 = ORIENTED_EDGE('',*,*,#16271,.F.);
#16271 = EDGE_CURVE('',#11505,#16272,#16274,.T.);
#16272 = VERTEX_POINT('',#16273);
#16273 = CARTESIAN_POINT('',(-19.75,19.7,101.5));
#16274 = SURFACE_CURVE('',#16275,(#16279,#16286),.PCURVE_S1.);
#16275 = LINE('',#16276,#16277);
#16276 = CARTESIAN_POINT('',(-19.75,18.8,101.5));
#16277 = VECTOR('',#16278,1.);
#16278 = DIRECTION('',(-0.,1.,-0.));
#16279 = PCURVE('',#11261,#16280);
#16280 = DEFINITIONAL_REPRESENTATION('',(#16281),#16285);
#16281 = LINE('',#16282,#16283);
#16282 = CARTESIAN_POINT('',(0.,-0.));
#16283 = VECTOR('',#16284,1.);
#16284 = DIRECTION('',(-0.,1.));
#16285 = ( GEOMETRIC_REPRESENTATION_CONTEXT(2) 
PARAMETRIC_REPRESENTATION_CONTEXT() REPRESENTATION_CONTEXT('2D SPACE',''
  ) );
#16286 = PCURVE('',#11520,#16287);
#16287 = DEFINITIONAL_REPRESENTATION('',(#16288),#16292);
#16288 = LINE('',#16289,#16290);
#16289 = CARTESIAN_POINT('',(-3.,-0.));
#16290 = VECTOR('',#16291,1.);
#16291 = DIRECTION('',(-0.,-1.));
#16292 = ( GEOMETRIC_REPRESENTATION_CONTEXT(2) 
PARAMETRIC_REPRESENTATION_CONTEXT() REPRESENTATION_CONTEXT('2D SPACE',''
  ) );
#16293 = ORIENTED_EDGE('',*,*,#11532,.T.);
#16294 = ORIENTED_EDGE('',*,*,#11303,.T.);
#16295 = ORIENTED_EDGE('',*,*,#11245,.T.);
#16296 = ORIENTED_EDGE('',*,*,#16247,.T.);
#16297 = ORIENTED_EDGE('',*,*,#16298,.F.);
#16298 = EDGE_CURVE('',#16272,#16225,#16299,.T.);
#16299 = SURFACE_CURVE('',#16300,(#16304,#16311),.PCURVE_S1.);
#16300 = LINE('',#16301,#16302);
#16301 = CARTESIAN_POINT('',(-19.75,19.7,101.5));
#16302 = VECTOR('',#16303,1.);
#16303 = DIRECTION('',(-1.,-0.,-0.));
#16304 = PCURVE('',#11261,#16305);
#16305 = DEFINITIONAL_REPRESENTATION('',(#16306),#16310);
#16306 = LINE('',#16307,#16308);
#16307 = CARTESIAN_POINT('',(0.,0.9));
#16308 = VECTOR('',#16309,1.);
#16309 = DIRECTION('',(-1.,0.));
#16310 = ( GEOMETRIC_REPRESENTATION_CONTEXT(2) 
PARAMETRIC_REPRESENTATION_CONTEXT() REPRESENTATION_CONTEXT('2D SPACE',''
  ) );
#16311 = PCURVE('',#16207,#16312);
#16312 = DEFINITIONAL_REPRESENTATION('',(#16313),#16317);
#16313 = LINE('',#16314,#16315);
#16314 = CARTESIAN_POINT('',(-3.,-0.));
#16315 = VECTOR('',#16316,1.);
#16316 = DIRECTION('',(-0.,1.));
#16317 = ( GEOMETRIC_REPRESENTATION_CONTEXT(2) 
PARAMETRIC_REPRESENTATION_CONTEXT() REPRESENTATION_CONTEXT('2D SPACE',''
  ) );
#16318 = ADVANCED_FACE('',(#16319),#11368,.F.);
#16319 = FACE_BOUND('',#16320,.T.);
#16320 = EDGE_LOOP('',(#16321,#16322,#16323,#16344));
#16321 = ORIENTED_EDGE('',*,*,#11352,.F.);
#16322 = ORIENTED_EDGE('',*,*,#15788,.T.);
#16323 = ORIENTED_EDGE('',*,*,#16324,.T.);
#16324 = EDGE_CURVE('',#15789,#15916,#16325,.T.);
#16325 = SURFACE_CURVE('',#16326,(#16330,#16337),.PCURVE_S1.);
#16326 = LINE('',#16327,#16328);
#16327 = CARTESIAN_POINT('',(-19.75,19.7,78.5));
#16328 = VECTOR('',#16329,1.);
#16329 = DIRECTION('',(-0.,-0.,1.));
#16330 = PCURVE('',#11368,#16331);
#16331 = DEFINITIONAL_REPRESENTATION('',(#16332),#16336);
#16332 = LINE('',#16333,#16334);
#16333 = CARTESIAN_POINT('',(-0.,-0.9));
#16334 = VECTOR('',#16335,1.);
#16335 = DIRECTION('',(-1.,-0.));
#16336 = ( GEOMETRIC_REPRESENTATION_CONTEXT(2) 
PARAMETRIC_REPRESENTATION_CONTEXT() REPRESENTATION_CONTEXT('2D SPACE',''
  ) );
#16337 = PCURVE('',#15851,#16338);
#16338 = DEFINITIONAL_REPRESENTATION('',(#16339),#16343);
#16339 = LINE('',#16340,#16341);
#16340 = CARTESIAN_POINT('',(-0.,-0.));
#16341 = VECTOR('',#16342,1.);
#16342 = DIRECTION('',(-1.,0.));
#16343 = ( GEOMETRIC_REPRESENTATION_CONTEXT(2) 
PARAMETRIC_REPRESENTATION_CONTEXT() REPRESENTATION_CONTEXT('2D SPACE',''
  ) );
#16344 = ORIENTED_EDGE('',*,*,#15915,.F.);
#16345 = ADVANCED_FACE('',(#16346),#11444,.F.);
#16346 = FACE_BOUND('',#16347,.T.);
#16347 = EDGE_LOOP('',(#16348,#16349,#16350,#16371));
#16348 = ORIENTED_EDGE('',*,*,#11428,.F.);
#16349 = ORIENTED_EDGE('',*,*,#15966,.T.);
#16350 = ORIENTED_EDGE('',*,*,#16351,.T.);
#16351 = EDGE_CURVE('',#15967,#16094,#16352,.T.);
#16352 = SURFACE_CURVE('',#16353,(#16357,#16364),.PCURVE_S1.);
#16353 = LINE('',#16354,#16355);
#16354 = CARTESIAN_POINT('',(-19.75,19.7,88.5));
#16355 = VECTOR('',#16356,1.);
#16356 = DIRECTION('',(-0.,-0.,1.));
#16357 = PCURVE('',#11444,#16358);
#16358 = DEFINITIONAL_REPRESENTATION('',(#16359),#16363);
#16359 = LINE('',#16360,#16361);
#16360 = CARTESIAN_POINT('',(-0.,-0.9));
#16361 = VECTOR('',#16362,1.);
#16362 = DIRECTION('',(-1.,-0.));
#16363 = ( GEOMETRIC_REPRESENTATION_CONTEXT(2) 
PARAMETRIC_REPRESENTATION_CONTEXT() REPRESENTATION_CONTEXT('2D SPACE',''
  ) );
#16364 = PCURVE('',#16029,#16365);
#16365 = DEFINITIONAL_REPRESENTATION('',(#16366),#16370);
#16366 = LINE('',#16367,#16368);
#16367 = CARTESIAN_POINT('',(-0.,-0.));
#16368 = VECTOR('',#16369,1.);
#16369 = DIRECTION('',(-1.,0.));
#16370 = ( GEOMETRIC_REPRESENTATION_CONTEXT(2) 
PARAMETRIC_REPRESENTATION_CONTEXT() REPRESENTATION_CONTEXT('2D SPACE',''
  ) );
#16371 = ORIENTED_EDGE('',*,*,#16093,.F.);
#16372 = ADVANCED_FACE('',(#16373),#11520,.F.);
#16373 = FACE_BOUND('',#16374,.T.);
#16374 = EDGE_LOOP('',(#16375,#16376,#16377,#16398));
#16375 = ORIENTED_EDGE('',*,*,#11504,.F.);
#16376 = ORIENTED_EDGE('',*,*,#16144,.T.);
#16377 = ORIENTED_EDGE('',*,*,#16378,.T.);
#16378 = EDGE_CURVE('',#16145,#16272,#16379,.T.);
#16379 = SURFACE_CURVE('',#16380,(#16384,#16391),.PCURVE_S1.);
#16380 = LINE('',#16381,#16382);
#16381 = CARTESIAN_POINT('',(-19.75,19.7,98.5));
#16382 = VECTOR('',#16383,1.);
#16383 = DIRECTION('',(-0.,-0.,1.));
#16384 = PCURVE('',#11520,#16385);
#16385 = DEFINITIONAL_REPRESENTATION('',(#16386),#16390);
#16386 = LINE('',#16387,#16388);
#16387 = CARTESIAN_POINT('',(-0.,-0.9));
#16388 = VECTOR('',#16389,1.);
#16389 = DIRECTION('',(-1.,-0.));
#16390 = ( GEOMETRIC_REPRESENTATION_CONTEXT(2) 
PARAMETRIC_REPRESENTATION_CONTEXT() REPRESENTATION_CONTEXT('2D SPACE',''
  ) );
#16391 = PCURVE('',#16207,#16392);
#16392 = DEFINITIONAL_REPRESENTATION('',(#16393),#16397);
#16393 = LINE('',#16394,#16395);
#16394 = CARTESIAN_POINT('',(-0.,-0.));
#16395 = VECTOR('',#16396,1.);
#16396 = DIRECTION('',(-1.,0.));
#16397 = ( GEOMETRIC_REPRESENTATION_CONTEXT(2) 
PARAMETRIC_REPRESENTATION_CONTEXT() REPRESENTATION_CONTEXT('2D SPACE',''
  ) );
#16398 = ORIENTED_EDGE('',*,*,#16271,.F.);
#16399 = ADVANCED_FACE('',(#16400),#11574,.F.);
#16400 = FACE_BOUND('',#16401,.T.);
#16401 = EDGE_LOOP('',(#16402,#16425,#16426,#16427,#16428,#16451));
#16402 = ORIENTED_EDGE('',*,*,#16403,.F.);
#16403 = EDGE_CURVE('',#11964,#16404,#16406,.T.);
#16404 = VERTEX_POINT('',#16405);
#16405 = CARTESIAN_POINT('',(-19.75,19.7,28.5));
#16406 = SURFACE_CURVE('',#16407,(#16411,#16418),.PCURVE_S1.);
#16407 = LINE('',#16408,#16409);
#16408 = CARTESIAN_POINT('',(-19.75,18.8,28.5));
#16409 = VECTOR('',#16410,1.);
#16410 = DIRECTION('',(-0.,1.,-0.));
#16411 = PCURVE('',#11574,#16412);
#16412 = DEFINITIONAL_REPRESENTATION('',(#16413),#16417);
#16413 = LINE('',#16414,#16415);
#16414 = CARTESIAN_POINT('',(0.,-0.));
#16415 = VECTOR('',#16416,1.);
#16416 = DIRECTION('',(-0.,1.));
#16417 = ( GEOMETRIC_REPRESENTATION_CONTEXT(2) 
PARAMETRIC_REPRESENTATION_CONTEXT() REPRESENTATION_CONTEXT('2D SPACE',''
  ) );
#16418 = PCURVE('',#12002,#16419);
#16419 = DEFINITIONAL_REPRESENTATION('',(#16420),#16424);
#16420 = LINE('',#16421,#16422);
#16421 = CARTESIAN_POINT('',(-0.,-0.));
#16422 = VECTOR('',#16423,1.);
#16423 = DIRECTION('',(-0.,-1.));
#16424 = ( GEOMETRIC_REPRESENTATION_CONTEXT(2) 
PARAMETRIC_REPRESENTATION_CONTEXT() REPRESENTATION_CONTEXT('2D SPACE',''
  ) );
#16425 = ORIENTED_EDGE('',*,*,#11963,.T.);
#16426 = ORIENTED_EDGE('',*,*,#11560,.T.);
#16427 = ORIENTED_EDGE('',*,*,#11589,.T.);
#16428 = ORIENTED_EDGE('',*,*,#16429,.T.);
#16429 = EDGE_CURVE('',#11590,#16430,#16432,.T.);
#16430 = VERTEX_POINT('',#16431);
#16431 = CARTESIAN_POINT('',(-21.75,19.7,28.5));
#16432 = SURFACE_CURVE('',#16433,(#16437,#16444),.PCURVE_S1.);
#16433 = LINE('',#16434,#16435);
#16434 = CARTESIAN_POINT('',(-21.75,18.8,28.5));
#16435 = VECTOR('',#16436,1.);
#16436 = DIRECTION('',(-0.,1.,-0.));
#16437 = PCURVE('',#11574,#16438);
#16438 = DEFINITIONAL_REPRESENTATION('',(#16439),#16443);
#16439 = LINE('',#16440,#16441);
#16440 = CARTESIAN_POINT('',(-2.,0.));
#16441 = VECTOR('',#16442,1.);
#16442 = DIRECTION('',(-0.,1.));
#16443 = ( GEOMETRIC_REPRESENTATION_CONTEXT(2) 
PARAMETRIC_REPRESENTATION_CONTEXT() REPRESENTATION_CONTEXT('2D SPACE',''
  ) );
#16444 = PCURVE('',#11655,#16445);
#16445 = DEFINITIONAL_REPRESENTATION('',(#16446),#16450);
#16446 = LINE('',#16447,#16448);
#16447 = CARTESIAN_POINT('',(-0.,-0.));
#16448 = VECTOR('',#16449,1.);
#16449 = DIRECTION('',(-0.,-1.));
#16450 = ( GEOMETRIC_REPRESENTATION_CONTEXT(2) 
PARAMETRIC_REPRESENTATION_CONTEXT() REPRESENTATION_CONTEXT('2D SPACE',''
  ) );
#16451 = ORIENTED_EDGE('',*,*,#16452,.F.);
#16452 = EDGE_CURVE('',#16404,#16430,#16453,.T.);
#16453 = SURFACE_CURVE('',#16454,(#16458,#16465),.PCURVE_S1.);
#16454 = LINE('',#16455,#16456);
#16455 = CARTESIAN_POINT('',(-19.75,19.7,28.5));
#16456 = VECTOR('',#16457,1.);
#16457 = DIRECTION('',(-1.,-0.,-0.));
#16458 = PCURVE('',#11574,#16459);
#16459 = DEFINITIONAL_REPRESENTATION('',(#16460),#16464);
#16460 = LINE('',#16461,#16462);
#16461 = CARTESIAN_POINT('',(0.,0.9));
#16462 = VECTOR('',#16463,1.);
#16463 = DIRECTION('',(-1.,0.));
#16464 = ( GEOMETRIC_REPRESENTATION_CONTEXT(2) 
PARAMETRIC_REPRESENTATION_CONTEXT() REPRESENTATION_CONTEXT('2D SPACE',''
  ) );
#16465 = PCURVE('',#16466,#16471);
#16466 = PLANE('',#16467);
#16467 = AXIS2_PLACEMENT_3D('',#16468,#16469,#16470);
#16468 = CARTESIAN_POINT('',(-19.75,19.7,28.5));
#16469 = DIRECTION('',(-0.,1.,-0.));
#16470 = DIRECTION('',(0.,0.,-1.));
#16471 = DEFINITIONAL_REPRESENTATION('',(#16472),#16476);
#16472 = LINE('',#16473,#16474);
#16473 = CARTESIAN_POINT('',(-0.,-0.));
#16474 = VECTOR('',#16475,1.);
#16475 = DIRECTION('',(-0.,1.));
#16476 = ( GEOMETRIC_REPRESENTATION_CONTEXT(2) 
PARAMETRIC_REPRESENTATION_CONTEXT() REPRESENTATION_CONTEXT('2D SPACE',''
  ) );
#16477 = ADVANCED_FACE('',(#16478),#11655,.T.);
#16478 = FACE_BOUND('',#16479,.F.);
#16479 = EDGE_LOOP('',(#16480,#16481,#16482,#16505));
#16480 = ORIENTED_EDGE('',*,*,#11641,.F.);
#16481 = ORIENTED_EDGE('',*,*,#16429,.T.);
#16482 = ORIENTED_EDGE('',*,*,#16483,.T.);
#16483 = EDGE_CURVE('',#16430,#16484,#16486,.T.);
#16484 = VERTEX_POINT('',#16485);
#16485 = CARTESIAN_POINT('',(-21.75,19.7,31.5));
#16486 = SURFACE_CURVE('',#16487,(#16491,#16498),.PCURVE_S1.);
#16487 = LINE('',#16488,#16489);
#16488 = CARTESIAN_POINT('',(-21.75,19.7,28.5));
#16489 = VECTOR('',#16490,1.);
#16490 = DIRECTION('',(-0.,-0.,1.));
#16491 = PCURVE('',#11655,#16492);
#16492 = DEFINITIONAL_REPRESENTATION('',(#16493),#16497);
#16493 = LINE('',#16494,#16495);
#16494 = CARTESIAN_POINT('',(-0.,-0.9));
#16495 = VECTOR('',#16496,1.);
#16496 = DIRECTION('',(-1.,-0.));
#16497 = ( GEOMETRIC_REPRESENTATION_CONTEXT(2) 
PARAMETRIC_REPRESENTATION_CONTEXT() REPRESENTATION_CONTEXT('2D SPACE',''
  ) );
#16498 = PCURVE('',#16466,#16499);
#16499 = DEFINITIONAL_REPRESENTATION('',(#16500),#16504);
#16500 = LINE('',#16501,#16502);
#16501 = CARTESIAN_POINT('',(-0.,2.));
#16502 = VECTOR('',#16503,1.);
#16503 = DIRECTION('',(-1.,0.));
#16504 = ( GEOMETRIC_REPRESENTATION_CONTEXT(2) 
PARAMETRIC_REPRESENTATION_CONTEXT() REPRESENTATION_CONTEXT('2D SPACE',''
  ) );
#16505 = ORIENTED_EDGE('',*,*,#16506,.F.);
#16506 = EDGE_CURVE('',#11614,#16484,#16507,.T.);
#16507 = SURFACE_CURVE('',#16508,(#16512,#16519),.PCURVE_S1.);
#16508 = LINE('',#16509,#16510);
#16509 = CARTESIAN_POINT('',(-21.75,18.8,31.5));
#16510 = VECTOR('',#16511,1.);
#16511 = DIRECTION('',(-0.,1.,-0.));
#16512 = PCURVE('',#11655,#16513);
#16513 = DEFINITIONAL_REPRESENTATION('',(#16514),#16518);
#16514 = LINE('',#16515,#16516);
#16515 = CARTESIAN_POINT('',(-3.,-0.));
#16516 = VECTOR('',#16517,1.);
#16517 = DIRECTION('',(-0.,-1.));
#16518 = ( GEOMETRIC_REPRESENTATION_CONTEXT(2) 
PARAMETRIC_REPRESENTATION_CONTEXT() REPRESENTATION_CONTEXT('2D SPACE',''
  ) );
#16519 = PCURVE('',#11629,#16520);
#16520 = DEFINITIONAL_REPRESENTATION('',(#16521),#16525);
#16521 = LINE('',#16522,#16523);
#16522 = CARTESIAN_POINT('',(-2.,0.));
#16523 = VECTOR('',#16524,1.);
#16524 = DIRECTION('',(-0.,1.));
#16525 = ( GEOMETRIC_REPRESENTATION_CONTEXT(2) 
PARAMETRIC_REPRESENTATION_CONTEXT() REPRESENTATION_CONTEXT('2D SPACE',''
  ) );
#16526 = ADVANCED_FACE('',(#16527),#11629,.T.);
#16527 = FACE_BOUND('',#16528,.F.);
#16528 = EDGE_LOOP('',(#16529,#16552,#16553,#16554,#16555,#16556));
#16529 = ORIENTED_EDGE('',*,*,#16530,.F.);
#16530 = EDGE_CURVE('',#11987,#16531,#16533,.T.);
#16531 = VERTEX_POINT('',#16532);
#16532 = CARTESIAN_POINT('',(-19.75,19.7,31.5));
#16533 = SURFACE_CURVE('',#16534,(#16538,#16545),.PCURVE_S1.);
#16534 = LINE('',#16535,#16536);
#16535 = CARTESIAN_POINT('',(-19.75,18.8,31.5));
#16536 = VECTOR('',#16537,1.);
#16537 = DIRECTION('',(-0.,1.,-0.));
#16538 = PCURVE('',#11629,#16539);
#16539 = DEFINITIONAL_REPRESENTATION('',(#16540),#16544);
#16540 = LINE('',#16541,#16542);
#16541 = CARTESIAN_POINT('',(0.,-0.));
#16542 = VECTOR('',#16543,1.);
#16543 = DIRECTION('',(-0.,1.));
#16544 = ( GEOMETRIC_REPRESENTATION_CONTEXT(2) 
PARAMETRIC_REPRESENTATION_CONTEXT() REPRESENTATION_CONTEXT('2D SPACE',''
  ) );
#16545 = PCURVE('',#12002,#16546);
#16546 = DEFINITIONAL_REPRESENTATION('',(#16547),#16551);
#16547 = LINE('',#16548,#16549);
#16548 = CARTESIAN_POINT('',(-3.,-0.));
#16549 = VECTOR('',#16550,1.);
#16550 = DIRECTION('',(-0.,-1.));
#16551 = ( GEOMETRIC_REPRESENTATION_CONTEXT(2) 
PARAMETRIC_REPRESENTATION_CONTEXT() REPRESENTATION_CONTEXT('2D SPACE',''
  ) );
#16552 = ORIENTED_EDGE('',*,*,#12014,.T.);
#16553 = ORIENTED_EDGE('',*,*,#11671,.T.);
#16554 = ORIENTED_EDGE('',*,*,#11613,.T.);
#16555 = ORIENTED_EDGE('',*,*,#16506,.T.);
#16556 = ORIENTED_EDGE('',*,*,#16557,.F.);
#16557 = EDGE_CURVE('',#16531,#16484,#16558,.T.);
#16558 = SURFACE_CURVE('',#16559,(#16563,#16570),.PCURVE_S1.);
#16559 = LINE('',#16560,#16561);
#16560 = CARTESIAN_POINT('',(-19.75,19.7,31.5));
#16561 = VECTOR('',#16562,1.);
#16562 = DIRECTION('',(-1.,-0.,-0.));
#16563 = PCURVE('',#11629,#16564);
#16564 = DEFINITIONAL_REPRESENTATION('',(#16565),#16569);
#16565 = LINE('',#16566,#16567);
#16566 = CARTESIAN_POINT('',(0.,0.9));
#16567 = VECTOR('',#16568,1.);
#16568 = DIRECTION('',(-1.,0.));
#16569 = ( GEOMETRIC_REPRESENTATION_CONTEXT(2) 
PARAMETRIC_REPRESENTATION_CONTEXT() REPRESENTATION_CONTEXT('2D SPACE',''
  ) );
#16570 = PCURVE('',#16466,#16571);
#16571 = DEFINITIONAL_REPRESENTATION('',(#16572),#16576);
#16572 = LINE('',#16573,#16574);
#16573 = CARTESIAN_POINT('',(-3.,-0.));
#16574 = VECTOR('',#16575,1.);
#16575 = DIRECTION('',(-0.,1.));
#16576 = ( GEOMETRIC_REPRESENTATION_CONTEXT(2) 
PARAMETRIC_REPRESENTATION_CONTEXT() REPRESENTATION_CONTEXT('2D SPACE',''
  ) );
#16577 = ADVANCED_FACE('',(#16578),#11707,.F.);
#16578 = FACE_BOUND('',#16579,.T.);
#16579 = EDGE_LOOP('',(#16580,#16603,#16604,#16605,#16606,#16629));
#16580 = ORIENTED_EDGE('',*,*,#16581,.F.);
#16581 = EDGE_CURVE('',#12040,#16582,#16584,.T.);
#16582 = VERTEX_POINT('',#16583);
#16583 = CARTESIAN_POINT('',(-19.75,19.7,38.5));
#16584 = SURFACE_CURVE('',#16585,(#16589,#16596),.PCURVE_S1.);
#16585 = LINE('',#16586,#16587);
#16586 = CARTESIAN_POINT('',(-19.75,18.8,38.5));
#16587 = VECTOR('',#16588,1.);
#16588 = DIRECTION('',(-0.,1.,-0.));
#16589 = PCURVE('',#11707,#16590);
#16590 = DEFINITIONAL_REPRESENTATION('',(#16591),#16595);
#16591 = LINE('',#16592,#16593);
#16592 = CARTESIAN_POINT('',(0.,-0.));
#16593 = VECTOR('',#16594,1.);
#16594 = DIRECTION('',(-0.,1.));
#16595 = ( GEOMETRIC_REPRESENTATION_CONTEXT(2) 
PARAMETRIC_REPRESENTATION_CONTEXT() REPRESENTATION_CONTEXT('2D SPACE',''
  ) );
#16596 = PCURVE('',#12078,#16597);
#16597 = DEFINITIONAL_REPRESENTATION('',(#16598),#16602);
#16598 = LINE('',#16599,#16600);
#16599 = CARTESIAN_POINT('',(-0.,-0.));
#16600 = VECTOR('',#16601,1.);
#16601 = DIRECTION('',(-0.,-1.));
#16602 = ( GEOMETRIC_REPRESENTATION_CONTEXT(2) 
PARAMETRIC_REPRESENTATION_CONTEXT() REPRESENTATION_CONTEXT('2D SPACE',''
  ) );
#16603 = ORIENTED_EDGE('',*,*,#12039,.T.);
#16604 = ORIENTED_EDGE('',*,*,#11693,.T.);
#16605 = ORIENTED_EDGE('',*,*,#11722,.T.);
#16606 = ORIENTED_EDGE('',*,*,#16607,.T.);
#16607 = EDGE_CURVE('',#11723,#16608,#16610,.T.);
#16608 = VERTEX_POINT('',#16609);
#16609 = CARTESIAN_POINT('',(-21.75,19.7,38.5));
#16610 = SURFACE_CURVE('',#16611,(#16615,#16622),.PCURVE_S1.);
#16611 = LINE('',#16612,#16613);
#16612 = CARTESIAN_POINT('',(-21.75,18.8,38.5));
#16613 = VECTOR('',#16614,1.);
#16614 = DIRECTION('',(-0.,1.,-0.));
#16615 = PCURVE('',#11707,#16616);
#16616 = DEFINITIONAL_REPRESENTATION('',(#16617),#16621);
#16617 = LINE('',#16618,#16619);
#16618 = CARTESIAN_POINT('',(-2.,0.));
#16619 = VECTOR('',#16620,1.);
#16620 = DIRECTION('',(-0.,1.));
#16621 = ( GEOMETRIC_REPRESENTATION_CONTEXT(2) 
PARAMETRIC_REPRESENTATION_CONTEXT() REPRESENTATION_CONTEXT('2D SPACE',''
  ) );
#16622 = PCURVE('',#11788,#16623);
#16623 = DEFINITIONAL_REPRESENTATION('',(#16624),#16628);
#16624 = LINE('',#16625,#16626);
#16625 = CARTESIAN_POINT('',(-0.,-0.));
#16626 = VECTOR('',#16627,1.);
#16627 = DIRECTION('',(-0.,-1.));
#16628 = ( GEOMETRIC_REPRESENTATION_CONTEXT(2) 
PARAMETRIC_REPRESENTATION_CONTEXT() REPRESENTATION_CONTEXT('2D SPACE',''
  ) );
#16629 = ORIENTED_EDGE('',*,*,#16630,.F.);
#16630 = EDGE_CURVE('',#16582,#16608,#16631,.T.);
#16631 = SURFACE_CURVE('',#16632,(#16636,#16643),.PCURVE_S1.);
#16632 = LINE('',#16633,#16634);
#16633 = CARTESIAN_POINT('',(-19.75,19.7,38.5));
#16634 = VECTOR('',#16635,1.);
#16635 = DIRECTION('',(-1.,-0.,-0.));
#16636 = PCURVE('',#11707,#16637);
#16637 = DEFINITIONAL_REPRESENTATION('',(#16638),#16642);
#16638 = LINE('',#16639,#16640);
#16639 = CARTESIAN_POINT('',(0.,0.9));
#16640 = VECTOR('',#16641,1.);
#16641 = DIRECTION('',(-1.,0.));
#16642 = ( GEOMETRIC_REPRESENTATION_CONTEXT(2) 
PARAMETRIC_REPRESENTATION_CONTEXT() REPRESENTATION_CONTEXT('2D SPACE',''
  ) );
#16643 = PCURVE('',#16644,#16649);
#16644 = PLANE('',#16645);
#16645 = AXIS2_PLACEMENT_3D('',#16646,#16647,#16648);
#16646 = CARTESIAN_POINT('',(-19.75,19.7,38.5));
#16647 = DIRECTION('',(-0.,1.,-0.));
#16648 = DIRECTION('',(0.,0.,-1.));
#16649 = DEFINITIONAL_REPRESENTATION('',(#16650),#16654);
#16650 = LINE('',#16651,#16652);
#16651 = CARTESIAN_POINT('',(-0.,-0.));
#16652 = VECTOR('',#16653,1.);
#16653 = DIRECTION('',(-0.,1.));
#16654 = ( GEOMETRIC_REPRESENTATION_CONTEXT(2) 
PARAMETRIC_REPRESENTATION_CONTEXT() REPRESENTATION_CONTEXT('2D SPACE',''
  ) );
#16655 = ADVANCED_FACE('',(#16656),#11788,.T.);
#16656 = FACE_BOUND('',#16657,.F.);
#16657 = EDGE_LOOP('',(#16658,#16659,#16660,#16683));
#16658 = ORIENTED_EDGE('',*,*,#11774,.F.);
#16659 = ORIENTED_EDGE('',*,*,#16607,.T.);
#16660 = ORIENTED_EDGE('',*,*,#16661,.T.);
#16661 = EDGE_CURVE('',#16608,#16662,#16664,.T.);
#16662 = VERTEX_POINT('',#16663);
#16663 = CARTESIAN_POINT('',(-21.75,19.7,41.5));
#16664 = SURFACE_CURVE('',#16665,(#16669,#16676),.PCURVE_S1.);
#16665 = LINE('',#16666,#16667);
#16666 = CARTESIAN_POINT('',(-21.75,19.7,38.5));
#16667 = VECTOR('',#16668,1.);
#16668 = DIRECTION('',(-0.,-0.,1.));
#16669 = PCURVE('',#11788,#16670);
#16670 = DEFINITIONAL_REPRESENTATION('',(#16671),#16675);
#16671 = LINE('',#16672,#16673);
#16672 = CARTESIAN_POINT('',(-0.,-0.9));
#16673 = VECTOR('',#16674,1.);
#16674 = DIRECTION('',(-1.,-0.));
#16675 = ( GEOMETRIC_REPRESENTATION_CONTEXT(2) 
PARAMETRIC_REPRESENTATION_CONTEXT() REPRESENTATION_CONTEXT('2D SPACE',''
  ) );
#16676 = PCURVE('',#16644,#16677);
#16677 = DEFINITIONAL_REPRESENTATION('',(#16678),#16682);
#16678 = LINE('',#16679,#16680);
#16679 = CARTESIAN_POINT('',(-0.,2.));
#16680 = VECTOR('',#16681,1.);
#16681 = DIRECTION('',(-1.,0.));
#16682 = ( GEOMETRIC_REPRESENTATION_CONTEXT(2) 
PARAMETRIC_REPRESENTATION_CONTEXT() REPRESENTATION_CONTEXT('2D SPACE',''
  ) );
#16683 = ORIENTED_EDGE('',*,*,#16684,.F.);
#16684 = EDGE_CURVE('',#11747,#16662,#16685,.T.);
#16685 = SURFACE_CURVE('',#16686,(#16690,#16697),.PCURVE_S1.);
#16686 = LINE('',#16687,#16688);
#16687 = CARTESIAN_POINT('',(-21.75,18.8,41.5));
#16688 = VECTOR('',#16689,1.);
#16689 = DIRECTION('',(-0.,1.,-0.));
#16690 = PCURVE('',#11788,#16691);
#16691 = DEFINITIONAL_REPRESENTATION('',(#16692),#16696);
#16692 = LINE('',#16693,#16694);
#16693 = CARTESIAN_POINT('',(-3.,-0.));
#16694 = VECTOR('',#16695,1.);
#16695 = DIRECTION('',(-0.,-1.));
#16696 = ( GEOMETRIC_REPRESENTATION_CONTEXT(2) 
PARAMETRIC_REPRESENTATION_CONTEXT() REPRESENTATION_CONTEXT('2D SPACE',''
  ) );
#16697 = PCURVE('',#11762,#16698);
#16698 = DEFINITIONAL_REPRESENTATION('',(#16699),#16703);
#16699 = LINE('',#16700,#16701);
#16700 = CARTESIAN_POINT('',(-2.,0.));
#16701 = VECTOR('',#16702,1.);
#16702 = DIRECTION('',(-0.,1.));
#16703 = ( GEOMETRIC_REPRESENTATION_CONTEXT(2) 
PARAMETRIC_REPRESENTATION_CONTEXT() REPRESENTATION_CONTEXT('2D SPACE',''
  ) );
#16704 = ADVANCED_FACE('',(#16705),#11762,.T.);
#16705 = FACE_BOUND('',#16706,.F.);
#16706 = EDGE_LOOP('',(#16707,#16730,#16731,#16732,#16733,#16734));
#16707 = ORIENTED_EDGE('',*,*,#16708,.F.);
#16708 = EDGE_CURVE('',#12063,#16709,#16711,.T.);
#16709 = VERTEX_POINT('',#16710);
#16710 = CARTESIAN_POINT('',(-19.75,19.7,41.5));
#16711 = SURFACE_CURVE('',#16712,(#16716,#16723),.PCURVE_S1.);
#16712 = LINE('',#16713,#16714);
#16713 = CARTESIAN_POINT('',(-19.75,18.8,41.5));
#16714 = VECTOR('',#16715,1.);
#16715 = DIRECTION('',(-0.,1.,-0.));
#16716 = PCURVE('',#11762,#16717);
#16717 = DEFINITIONAL_REPRESENTATION('',(#16718),#16722);
#16718 = LINE('',#16719,#16720);
#16719 = CARTESIAN_POINT('',(0.,-0.));
#16720 = VECTOR('',#16721,1.);
#16721 = DIRECTION('',(-0.,1.));
#16722 = ( GEOMETRIC_REPRESENTATION_CONTEXT(2) 
PARAMETRIC_REPRESENTATION_CONTEXT() REPRESENTATION_CONTEXT('2D SPACE',''
  ) );
#16723 = PCURVE('',#12078,#16724);
#16724 = DEFINITIONAL_REPRESENTATION('',(#16725),#16729);
#16725 = LINE('',#16726,#16727);
#16726 = CARTESIAN_POINT('',(-3.,-0.));
#16727 = VECTOR('',#16728,1.);
#16728 = DIRECTION('',(-0.,-1.));
#16729 = ( GEOMETRIC_REPRESENTATION_CONTEXT(2) 
PARAMETRIC_REPRESENTATION_CONTEXT() REPRESENTATION_CONTEXT('2D SPACE',''
  ) );
#16730 = ORIENTED_EDGE('',*,*,#12090,.T.);
#16731 = ORIENTED_EDGE('',*,*,#11804,.T.);
#16732 = ORIENTED_EDGE('',*,*,#11746,.T.);
#16733 = ORIENTED_EDGE('',*,*,#16684,.T.);
#16734 = ORIENTED_EDGE('',*,*,#16735,.F.);
#16735 = EDGE_CURVE('',#16709,#16662,#16736,.T.);
#16736 = SURFACE_CURVE('',#16737,(#16741,#16748),.PCURVE_S1.);
#16737 = LINE('',#16738,#16739);
#16738 = CARTESIAN_POINT('',(-19.75,19.7,41.5));
#16739 = VECTOR('',#16740,1.);
#16740 = DIRECTION('',(-1.,-0.,-0.));
#16741 = PCURVE('',#11762,#16742);
#16742 = DEFINITIONAL_REPRESENTATION('',(#16743),#16747);
#16743 = LINE('',#16744,#16745);
#16744 = CARTESIAN_POINT('',(0.,0.9));
#16745 = VECTOR('',#16746,1.);
#16746 = DIRECTION('',(-1.,0.));
#16747 = ( GEOMETRIC_REPRESENTATION_CONTEXT(2) 
PARAMETRIC_REPRESENTATION_CONTEXT() REPRESENTATION_CONTEXT('2D SPACE',''
  ) );
#16748 = PCURVE('',#16644,#16749);
#16749 = DEFINITIONAL_REPRESENTATION('',(#16750),#16754);
#16750 = LINE('',#16751,#16752);
#16751 = CARTESIAN_POINT('',(-3.,-0.));
#16752 = VECTOR('',#16753,1.);
#16753 = DIRECTION('',(-0.,1.));
#16754 = ( GEOMETRIC_REPRESENTATION_CONTEXT(2) 
PARAMETRIC_REPRESENTATION_CONTEXT() REPRESENTATION_CONTEXT('2D SPACE',''
  ) );
#16755 = ADVANCED_FACE('',(#16756),#11840,.F.);
#16756 = FACE_BOUND('',#16757,.T.);
#16757 = EDGE_LOOP('',(#16758,#16781,#16782,#16783,#16784,#16807));
#16758 = ORIENTED_EDGE('',*,*,#16759,.F.);
#16759 = EDGE_CURVE('',#12116,#16760,#16762,.T.);
#16760 = VERTEX_POINT('',#16761);
#16761 = CARTESIAN_POINT('',(-19.75,19.7,48.5));
#16762 = SURFACE_CURVE('',#16763,(#16767,#16774),.PCURVE_S1.);
#16763 = LINE('',#16764,#16765);
#16764 = CARTESIAN_POINT('',(-19.75,18.8,48.5));
#16765 = VECTOR('',#16766,1.);
#16766 = DIRECTION('',(-0.,1.,-0.));
#16767 = PCURVE('',#11840,#16768);
#16768 = DEFINITIONAL_REPRESENTATION('',(#16769),#16773);
#16769 = LINE('',#16770,#16771);
#16770 = CARTESIAN_POINT('',(0.,-0.));
#16771 = VECTOR('',#16772,1.);
#16772 = DIRECTION('',(-0.,1.));
#16773 = ( GEOMETRIC_REPRESENTATION_CONTEXT(2) 
PARAMETRIC_REPRESENTATION_CONTEXT() REPRESENTATION_CONTEXT('2D SPACE',''
  ) );
#16774 = PCURVE('',#12154,#16775);
#16775 = DEFINITIONAL_REPRESENTATION('',(#16776),#16780);
#16776 = LINE('',#16777,#16778);
#16777 = CARTESIAN_POINT('',(-0.,-0.));
#16778 = VECTOR('',#16779,1.);
#16779 = DIRECTION('',(-0.,-1.));
#16780 = ( GEOMETRIC_REPRESENTATION_CONTEXT(2) 
PARAMETRIC_REPRESENTATION_CONTEXT() REPRESENTATION_CONTEXT('2D SPACE',''
  ) );
#16781 = ORIENTED_EDGE('',*,*,#12115,.T.);
#16782 = ORIENTED_EDGE('',*,*,#11826,.T.);
#16783 = ORIENTED_EDGE('',*,*,#11855,.T.);
#16784 = ORIENTED_EDGE('',*,*,#16785,.T.);
#16785 = EDGE_CURVE('',#11856,#16786,#16788,.T.);
#16786 = VERTEX_POINT('',#16787);
#16787 = CARTESIAN_POINT('',(-21.75,19.7,48.5));
#16788 = SURFACE_CURVE('',#16789,(#16793,#16800),.PCURVE_S1.);
#16789 = LINE('',#16790,#16791);
#16790 = CARTESIAN_POINT('',(-21.75,18.8,48.5));
#16791 = VECTOR('',#16792,1.);
#16792 = DIRECTION('',(-0.,1.,-0.));
#16793 = PCURVE('',#11840,#16794);
#16794 = DEFINITIONAL_REPRESENTATION('',(#16795),#16799);
#16795 = LINE('',#16796,#16797);
#16796 = CARTESIAN_POINT('',(-2.,0.));
#16797 = VECTOR('',#16798,1.);
#16798 = DIRECTION('',(-0.,1.));
#16799 = ( GEOMETRIC_REPRESENTATION_CONTEXT(2) 
PARAMETRIC_REPRESENTATION_CONTEXT() REPRESENTATION_CONTEXT('2D SPACE',''
  ) );
#16800 = PCURVE('',#11921,#16801);
#16801 = DEFINITIONAL_REPRESENTATION('',(#16802),#16806);
#16802 = LINE('',#16803,#16804);
#16803 = CARTESIAN_POINT('',(-0.,-0.));
#16804 = VECTOR('',#16805,1.);
#16805 = DIRECTION('',(-0.,-1.));
#16806 = ( GEOMETRIC_REPRESENTATION_CONTEXT(2) 
PARAMETRIC_REPRESENTATION_CONTEXT() REPRESENTATION_CONTEXT('2D SPACE',''
  ) );
#16807 = ORIENTED_EDGE('',*,*,#16808,.F.);
#16808 = EDGE_CURVE('',#16760,#16786,#16809,.T.);
#16809 = SURFACE_CURVE('',#16810,(#16814,#16821),.PCURVE_S1.);
#16810 = LINE('',#16811,#16812);
#16811 = CARTESIAN_POINT('',(-19.75,19.7,48.5));
#16812 = VECTOR('',#16813,1.);
#16813 = DIRECTION('',(-1.,-0.,-0.));
#16814 = PCURVE('',#11840,#16815);
#16815 = DEFINITIONAL_REPRESENTATION('',(#16816),#16820);
#16816 = LINE('',#16817,#16818);
#16817 = CARTESIAN_POINT('',(0.,0.9));
#16818 = VECTOR('',#16819,1.);
#16819 = DIRECTION('',(-1.,0.));
#16820 = ( GEOMETRIC_REPRESENTATION_CONTEXT(2) 
PARAMETRIC_REPRESENTATION_CONTEXT() REPRESENTATION_CONTEXT('2D SPACE',''
  ) );
#16821 = PCURVE('',#16822,#16827);
#16822 = PLANE('',#16823);
#16823 = AXIS2_PLACEMENT_3D('',#16824,#16825,#16826);
#16824 = CARTESIAN_POINT('',(-19.75,19.7,48.5));
#16825 = DIRECTION('',(-0.,1.,-0.));
#16826 = DIRECTION('',(0.,0.,-1.));
#16827 = DEFINITIONAL_REPRESENTATION('',(#16828),#16832);
#16828 = LINE('',#16829,#16830);
#16829 = CARTESIAN_POINT('',(-0.,-0.));
#16830 = VECTOR('',#16831,1.);
#16831 = DIRECTION('',(-0.,1.));
#16832 = ( GEOMETRIC_REPRESENTATION_CONTEXT(2) 
PARAMETRIC_REPRESENTATION_CONTEXT() REPRESENTATION_CONTEXT('2D SPACE',''
  ) );
#16833 = ADVANCED_FACE('',(#16834),#11921,.T.);
#16834 = FACE_BOUND('',#16835,.F.);
#16835 = EDGE_LOOP('',(#16836,#16837,#16838,#16861));
#16836 = ORIENTED_EDGE('',*,*,#11907,.F.);
#16837 = ORIENTED_EDGE('',*,*,#16785,.T.);
#16838 = ORIENTED_EDGE('',*,*,#16839,.T.);
#16839 = EDGE_CURVE('',#16786,#16840,#16842,.T.);
#16840 = VERTEX_POINT('',#16841);
#16841 = CARTESIAN_POINT('',(-21.75,19.7,51.5));
#16842 = SURFACE_CURVE('',#16843,(#16847,#16854),.PCURVE_S1.);
#16843 = LINE('',#16844,#16845);
#16844 = CARTESIAN_POINT('',(-21.75,19.7,48.5));
#16845 = VECTOR('',#16846,1.);
#16846 = DIRECTION('',(-0.,-0.,1.));
#16847 = PCURVE('',#11921,#16848);
#16848 = DEFINITIONAL_REPRESENTATION('',(#16849),#16853);
#16849 = LINE('',#16850,#16851);
#16850 = CARTESIAN_POINT('',(-0.,-0.9));
#16851 = VECTOR('',#16852,1.);
#16852 = DIRECTION('',(-1.,-0.));
#16853 = ( GEOMETRIC_REPRESENTATION_CONTEXT(2) 
PARAMETRIC_REPRESENTATION_CONTEXT() REPRESENTATION_CONTEXT('2D SPACE',''
  ) );
#16854 = PCURVE('',#16822,#16855);
#16855 = DEFINITIONAL_REPRESENTATION('',(#16856),#16860);
#16856 = LINE('',#16857,#16858);
#16857 = CARTESIAN_POINT('',(-0.,2.));
#16858 = VECTOR('',#16859,1.);
#16859 = DIRECTION('',(-1.,0.));
#16860 = ( GEOMETRIC_REPRESENTATION_CONTEXT(2) 
PARAMETRIC_REPRESENTATION_CONTEXT() REPRESENTATION_CONTEXT('2D SPACE',''
  ) );
#16861 = ORIENTED_EDGE('',*,*,#16862,.F.);
#16862 = EDGE_CURVE('',#11880,#16840,#16863,.T.);
#16863 = SURFACE_CURVE('',#16864,(#16868,#16875),.PCURVE_S1.);
#16864 = LINE('',#16865,#16866);
#16865 = CARTESIAN_POINT('',(-21.75,18.8,51.5));
#16866 = VECTOR('',#16867,1.);
#16867 = DIRECTION('',(-0.,1.,-0.));
#16868 = PCURVE('',#11921,#16869);
#16869 = DEFINITIONAL_REPRESENTATION('',(#16870),#16874);
#16870 = LINE('',#16871,#16872);
#16871 = CARTESIAN_POINT('',(-3.,-0.));
#16872 = VECTOR('',#16873,1.);
#16873 = DIRECTION('',(-0.,-1.));
#16874 = ( GEOMETRIC_REPRESENTATION_CONTEXT(2) 
PARAMETRIC_REPRESENTATION_CONTEXT() REPRESENTATION_CONTEXT('2D SPACE',''
  ) );
#16875 = PCURVE('',#11895,#16876);
#16876 = DEFINITIONAL_REPRESENTATION('',(#16877),#16881);
#16877 = LINE('',#16878,#16879);
#16878 = CARTESIAN_POINT('',(-2.,0.));
#16879 = VECTOR('',#16880,1.);
#16880 = DIRECTION('',(-0.,1.));
#16881 = ( GEOMETRIC_REPRESENTATION_CONTEXT(2) 
PARAMETRIC_REPRESENTATION_CONTEXT() REPRESENTATION_CONTEXT('2D SPACE',''
  ) );
#16882 = ADVANCED_FACE('',(#16883),#11895,.T.);
#16883 = FACE_BOUND('',#16884,.F.);
#16884 = EDGE_LOOP('',(#16885,#16908,#16909,#16910,#16911,#16912));
#16885 = ORIENTED_EDGE('',*,*,#16886,.F.);
#16886 = EDGE_CURVE('',#12139,#16887,#16889,.T.);
#16887 = VERTEX_POINT('',#16888);
#16888 = CARTESIAN_POINT('',(-19.75,19.7,51.5));
#16889 = SURFACE_CURVE('',#16890,(#16894,#16901),.PCURVE_S1.);
#16890 = LINE('',#16891,#16892);
#16891 = CARTESIAN_POINT('',(-19.75,18.8,51.5));
#16892 = VECTOR('',#16893,1.);
#16893 = DIRECTION('',(-0.,1.,-0.));
#16894 = PCURVE('',#11895,#16895);
#16895 = DEFINITIONAL_REPRESENTATION('',(#16896),#16900);
#16896 = LINE('',#16897,#16898);
#16897 = CARTESIAN_POINT('',(0.,-0.));
#16898 = VECTOR('',#16899,1.);
#16899 = DIRECTION('',(-0.,1.));
#16900 = ( GEOMETRIC_REPRESENTATION_CONTEXT(2) 
PARAMETRIC_REPRESENTATION_CONTEXT() REPRESENTATION_CONTEXT('2D SPACE',''
  ) );
#16901 = PCURVE('',#12154,#16902);
#16902 = DEFINITIONAL_REPRESENTATION('',(#16903),#16907);
#16903 = LINE('',#16904,#16905);
#16904 = CARTESIAN_POINT('',(-3.,-0.));
#16905 = VECTOR('',#16906,1.);
#16906 = DIRECTION('',(-0.,-1.));
#16907 = ( GEOMETRIC_REPRESENTATION_CONTEXT(2) 
PARAMETRIC_REPRESENTATION_CONTEXT() REPRESENTATION_CONTEXT('2D SPACE',''
  ) );
#16908 = ORIENTED_EDGE('',*,*,#12166,.T.);
#16909 = ORIENTED_EDGE('',*,*,#11937,.T.);
#16910 = ORIENTED_EDGE('',*,*,#11879,.T.);
#16911 = ORIENTED_EDGE('',*,*,#16862,.T.);
#16912 = ORIENTED_EDGE('',*,*,#16913,.F.);
#16913 = EDGE_CURVE('',#16887,#16840,#16914,.T.);
#16914 = SURFACE_CURVE('',#16915,(#16919,#16926),.PCURVE_S1.);
#16915 = LINE('',#16916,#16917);
#16916 = CARTESIAN_POINT('',(-19.75,19.7,51.5));
#16917 = VECTOR('',#16918,1.);
#16918 = DIRECTION('',(-1.,-0.,-0.));
#16919 = PCURVE('',#11895,#16920);
#16920 = DEFINITIONAL_REPRESENTATION('',(#16921),#16925);
#16921 = LINE('',#16922,#16923);
#16922 = CARTESIAN_POINT('',(0.,0.9));
#16923 = VECTOR('',#16924,1.);
#16924 = DIRECTION('',(-1.,0.));
#16925 = ( GEOMETRIC_REPRESENTATION_CONTEXT(2) 
PARAMETRIC_REPRESENTATION_CONTEXT() REPRESENTATION_CONTEXT('2D SPACE',''
  ) );
#16926 = PCURVE('',#16822,#16927);
#16927 = DEFINITIONAL_REPRESENTATION('',(#16928),#16932);
#16928 = LINE('',#16929,#16930);
#16929 = CARTESIAN_POINT('',(-3.,-0.));
#16930 = VECTOR('',#16931,1.);
#16931 = DIRECTION('',(-0.,1.));
#16932 = ( GEOMETRIC_REPRESENTATION_CONTEXT(2) 
PARAMETRIC_REPRESENTATION_CONTEXT() REPRESENTATION_CONTEXT('2D SPACE',''
  ) );
#16933 = ADVANCED_FACE('',(#16934),#12002,.F.);
#16934 = FACE_BOUND('',#16935,.T.);
#16935 = EDGE_LOOP('',(#16936,#16937,#16938,#16959));
#16936 = ORIENTED_EDGE('',*,*,#11986,.F.);
#16937 = ORIENTED_EDGE('',*,*,#16403,.T.);
#16938 = ORIENTED_EDGE('',*,*,#16939,.T.);
#16939 = EDGE_CURVE('',#16404,#16531,#16940,.T.);
#16940 = SURFACE_CURVE('',#16941,(#16945,#16952),.PCURVE_S1.);
#16941 = LINE('',#16942,#16943);
#16942 = CARTESIAN_POINT('',(-19.75,19.7,28.5));
#16943 = VECTOR('',#16944,1.);
#16944 = DIRECTION('',(-0.,-0.,1.));
#16945 = PCURVE('',#12002,#16946);
#16946 = DEFINITIONAL_REPRESENTATION('',(#16947),#16951);
#16947 = LINE('',#16948,#16949);
#16948 = CARTESIAN_POINT('',(-0.,-0.9));
#16949 = VECTOR('',#16950,1.);
#16950 = DIRECTION('',(-1.,-0.));
#16951 = ( GEOMETRIC_REPRESENTATION_CONTEXT(2) 
PARAMETRIC_REPRESENTATION_CONTEXT() REPRESENTATION_CONTEXT('2D SPACE',''
  ) );
#16952 = PCURVE('',#16466,#16953);
#16953 = DEFINITIONAL_REPRESENTATION('',(#16954),#16958);
#16954 = LINE('',#16955,#16956);
#16955 = CARTESIAN_POINT('',(-0.,-0.));
#16956 = VECTOR('',#16957,1.);
#16957 = DIRECTION('',(-1.,0.));
#16958 = ( GEOMETRIC_REPRESENTATION_CONTEXT(2) 
PARAMETRIC_REPRESENTATION_CONTEXT() REPRESENTATION_CONTEXT('2D SPACE',''
  ) );
#16959 = ORIENTED_EDGE('',*,*,#16530,.F.);
#16960 = ADVANCED_FACE('',(#16961),#12078,.F.);
#16961 = FACE_BOUND('',#16962,.T.);
#16962 = EDGE_LOOP('',(#16963,#16964,#16965,#16986));
#16963 = ORIENTED_EDGE('',*,*,#12062,.F.);
#16964 = ORIENTED_EDGE('',*,*,#16581,.T.);
#16965 = ORIENTED_EDGE('',*,*,#16966,.T.);
#16966 = EDGE_CURVE('',#16582,#16709,#16967,.T.);
#16967 = SURFACE_CURVE('',#16968,(#16972,#16979),.PCURVE_S1.);
#16968 = LINE('',#16969,#16970);
#16969 = CARTESIAN_POINT('',(-19.75,19.7,38.5));
#16970 = VECTOR('',#16971,1.);
#16971 = DIRECTION('',(-0.,-0.,1.));
#16972 = PCURVE('',#12078,#16973);
#16973 = DEFINITIONAL_REPRESENTATION('',(#16974),#16978);
#16974 = LINE('',#16975,#16976);
#16975 = CARTESIAN_POINT('',(-0.,-0.9));
#16976 = VECTOR('',#16977,1.);
#16977 = DIRECTION('',(-1.,-0.));
#16978 = ( GEOMETRIC_REPRESENTATION_CONTEXT(2) 
PARAMETRIC_REPRESENTATION_CONTEXT() REPRESENTATION_CONTEXT('2D SPACE',''
  ) );
#16979 = PCURVE('',#16644,#16980);
#16980 = DEFINITIONAL_REPRESENTATION('',(#16981),#16985);
#16981 = LINE('',#16982,#16983);
#16982 = CARTESIAN_POINT('',(-0.,-0.));
#16983 = VECTOR('',#16984,1.);
#16984 = DIRECTION('',(-1.,0.));
#16985 = ( GEOMETRIC_REPRESENTATION_CONTEXT(2) 
PARAMETRIC_REPRESENTATION_CONTEXT() REPRESENTATION_CONTEXT('2D SPACE',''
  ) );
#16986 = ORIENTED_EDGE('',*,*,#16708,.F.);
#16987 = ADVANCED_FACE('',(#16988),#12154,.F.);
#16988 = FACE_BOUND('',#16989,.T.);
#16989 = EDGE_LOOP('',(#16990,#16991,#16992,#17013));
#16990 = ORIENTED_EDGE('',*,*,#12138,.F.);
#16991 = ORIENTED_EDGE('',*,*,#16759,.T.);
#16992 = ORIENTED_EDGE('',*,*,#16993,.T.);
#16993 = EDGE_CURVE('',#16760,#16887,#16994,.T.);
#16994 = SURFACE_CURVE('',#16995,(#16999,#17006),.PCURVE_S1.);
#16995 = LINE('',#16996,#16997);
#16996 = CARTESIAN_POINT('',(-19.75,19.7,48.5));
#16997 = VECTOR('',#16998,1.);
#16998 = DIRECTION('',(-0.,-0.,1.));
#16999 = PCURVE('',#12154,#17000);
#17000 = DEFINITIONAL_REPRESENTATION('',(#17001),#17005);
#17001 = LINE('',#17002,#17003);
#17002 = CARTESIAN_POINT('',(-0.,-0.9));
#17003 = VECTOR('',#17004,1.);
#17004 = DIRECTION('',(-1.,-0.));
#17005 = ( GEOMETRIC_REPRESENTATION_CONTEXT(2) 
PARAMETRIC_REPRESENTATION_CONTEXT() REPRESENTATION_CONTEXT('2D SPACE',''
  ) );
#17006 = PCURVE('',#16822,#17007);
#17007 = DEFINITIONAL_REPRESENTATION('',(#17008),#17012);
#17008 = LINE('',#17009,#17010);
#17009 = CARTESIAN_POINT('',(-0.,-0.));
#17010 = VECTOR('',#17011,1.);
#17011 = DIRECTION('',(-1.,0.));
#17012 = ( GEOMETRIC_REPRESENTATION_CONTEXT(2) 
PARAMETRIC_REPRESENTATION_CONTEXT() REPRESENTATION_CONTEXT('2D SPACE',''
  ) );
#17013 = ORIENTED_EDGE('',*,*,#16886,.F.);
#17014 = ADVANCED_FACE('',(#17015),#12216,.F.);
#17015 = FACE_BOUND('',#17016,.T.);
#17016 = EDGE_LOOP('',(#17017,#17040,#17041,#17042,#17043,#17066));
#17017 = ORIENTED_EDGE('',*,*,#17018,.F.);
#17018 = EDGE_CURVE('',#12340,#17019,#17021,.T.);
#17019 = VERTEX_POINT('',#17020);
#17020 = CARTESIAN_POINT('',(21.75,19.7,138.5));
#17021 = SURFACE_CURVE('',#17022,(#17026,#17033),.PCURVE_S1.);
#17022 = LINE('',#17023,#17024);
#17023 = CARTESIAN_POINT('',(21.75,18.8,138.5));
#17024 = VECTOR('',#17025,1.);
#17025 = DIRECTION('',(-0.,1.,-0.));
#17026 = PCURVE('',#12216,#17027);
#17027 = DEFINITIONAL_REPRESENTATION('',(#17028),#17032);
#17028 = LINE('',#17029,#17030);
#17029 = CARTESIAN_POINT('',(0.,-0.));
#17030 = VECTOR('',#17031,1.);
#17031 = DIRECTION('',(-0.,1.));
#17032 = ( GEOMETRIC_REPRESENTATION_CONTEXT(2) 
PARAMETRIC_REPRESENTATION_CONTEXT() REPRESENTATION_CONTEXT('2D SPACE',''
  ) );
#17033 = PCURVE('',#12378,#17034);
#17034 = DEFINITIONAL_REPRESENTATION('',(#17035),#17039);
#17035 = LINE('',#17036,#17037);
#17036 = CARTESIAN_POINT('',(-0.,-0.));
#17037 = VECTOR('',#17038,1.);
#17038 = DIRECTION('',(-0.,-1.));
#17039 = ( GEOMETRIC_REPRESENTATION_CONTEXT(2) 
PARAMETRIC_REPRESENTATION_CONTEXT() REPRESENTATION_CONTEXT('2D SPACE',''
  ) );
#17040 = ORIENTED_EDGE('',*,*,#12339,.T.);
#17041 = ORIENTED_EDGE('',*,*,#12202,.T.);
#17042 = ORIENTED_EDGE('',*,*,#12231,.T.);
#17043 = ORIENTED_EDGE('',*,*,#17044,.T.);
#17044 = EDGE_CURVE('',#12232,#17045,#17047,.T.);
#17045 = VERTEX_POINT('',#17046);
#17046 = CARTESIAN_POINT('',(19.75,19.7,138.5));
#17047 = SURFACE_CURVE('',#17048,(#17052,#17059),.PCURVE_S1.);
#17048 = LINE('',#17049,#17050);
#17049 = CARTESIAN_POINT('',(19.75,18.8,138.5));
#17050 = VECTOR('',#17051,1.);
#17051 = DIRECTION('',(-0.,1.,-0.));
#17052 = PCURVE('',#12216,#17053);
#17053 = DEFINITIONAL_REPRESENTATION('',(#17054),#17058);
#17054 = LINE('',#17055,#17056);
#17055 = CARTESIAN_POINT('',(-2.,0.));
#17056 = VECTOR('',#17057,1.);
#17057 = DIRECTION('',(-0.,1.));
#17058 = ( GEOMETRIC_REPRESENTATION_CONTEXT(2) 
PARAMETRIC_REPRESENTATION_CONTEXT() REPRESENTATION_CONTEXT('2D SPACE',''
  ) );
#17059 = PCURVE('',#12297,#17060);
#17060 = DEFINITIONAL_REPRESENTATION('',(#17061),#17065);
#17061 = LINE('',#17062,#17063);
#17062 = CARTESIAN_POINT('',(-0.,-0.));
#17063 = VECTOR('',#17064,1.);
#17064 = DIRECTION('',(-0.,-1.));
#17065 = ( GEOMETRIC_REPRESENTATION_CONTEXT(2) 
PARAMETRIC_REPRESENTATION_CONTEXT() REPRESENTATION_CONTEXT('2D SPACE',''
  ) );
#17066 = ORIENTED_EDGE('',*,*,#17067,.F.);
#17067 = EDGE_CURVE('',#17019,#17045,#17068,.T.);
#17068 = SURFACE_CURVE('',#17069,(#17073,#17080),.PCURVE_S1.);
#17069 = LINE('',#17070,#17071);
#17070 = CARTESIAN_POINT('',(21.75,19.7,138.5));
#17071 = VECTOR('',#17072,1.);
#17072 = DIRECTION('',(-1.,-0.,-0.));
#17073 = PCURVE('',#12216,#17074);
#17074 = DEFINITIONAL_REPRESENTATION('',(#17075),#17079);
#17075 = LINE('',#17076,#17077);
#17076 = CARTESIAN_POINT('',(0.,0.9));
#17077 = VECTOR('',#17078,1.);
#17078 = DIRECTION('',(-1.,0.));
#17079 = ( GEOMETRIC_REPRESENTATION_CONTEXT(2) 
PARAMETRIC_REPRESENTATION_CONTEXT() REPRESENTATION_CONTEXT('2D SPACE',''
  ) );
#17080 = PCURVE('',#17081,#17086);
#17081 = PLANE('',#17082);
#17082 = AXIS2_PLACEMENT_3D('',#17083,#17084,#17085);
#17083 = CARTESIAN_POINT('',(21.75,19.7,138.5));
#17084 = DIRECTION('',(-0.,1.,-0.));
#17085 = DIRECTION('',(0.,0.,-1.));
#17086 = DEFINITIONAL_REPRESENTATION('',(#17087),#17091);
#17087 = LINE('',#17088,#17089);
#17088 = CARTESIAN_POINT('',(-0.,-0.));
#17089 = VECTOR('',#17090,1.);
#17090 = DIRECTION('',(-0.,1.));
#17091 = ( GEOMETRIC_REPRESENTATION_CONTEXT(2) 
PARAMETRIC_REPRESENTATION_CONTEXT() REPRESENTATION_CONTEXT('2D SPACE',''
  ) );
#17092 = ADVANCED_FACE('',(#17093),#12297,.T.);
#17093 = FACE_BOUND('',#17094,.F.);
#17094 = EDGE_LOOP('',(#17095,#17096,#17097,#17120));
#17095 = ORIENTED_EDGE('',*,*,#12283,.F.);
#17096 = ORIENTED_EDGE('',*,*,#17044,.T.);
#17097 = ORIENTED_EDGE('',*,*,#17098,.T.);
#17098 = EDGE_CURVE('',#17045,#17099,#17101,.T.);
#17099 = VERTEX_POINT('',#17100);
#17100 = CARTESIAN_POINT('',(19.75,19.7,141.5));
#17101 = SURFACE_CURVE('',#17102,(#17106,#17113),.PCURVE_S1.);
#17102 = LINE('',#17103,#17104);
#17103 = CARTESIAN_POINT('',(19.75,19.7,138.5));
#17104 = VECTOR('',#17105,1.);
#17105 = DIRECTION('',(-0.,-0.,1.));
#17106 = PCURVE('',#12297,#17107);
#17107 = DEFINITIONAL_REPRESENTATION('',(#17108),#17112);
#17108 = LINE('',#17109,#17110);
#17109 = CARTESIAN_POINT('',(-0.,-0.9));
#17110 = VECTOR('',#17111,1.);
#17111 = DIRECTION('',(-1.,-0.));
#17112 = ( GEOMETRIC_REPRESENTATION_CONTEXT(2) 
PARAMETRIC_REPRESENTATION_CONTEXT() REPRESENTATION_CONTEXT('2D SPACE',''
  ) );
#17113 = PCURVE('',#17081,#17114);
#17114 = DEFINITIONAL_REPRESENTATION('',(#17115),#17119);
#17115 = LINE('',#17116,#17117);
#17116 = CARTESIAN_POINT('',(-0.,2.));
#17117 = VECTOR('',#17118,1.);
#17118 = DIRECTION('',(-1.,0.));
#17119 = ( GEOMETRIC_REPRESENTATION_CONTEXT(2) 
PARAMETRIC_REPRESENTATION_CONTEXT() REPRESENTATION_CONTEXT('2D SPACE',''
  ) );
#17120 = ORIENTED_EDGE('',*,*,#17121,.F.);
#17121 = EDGE_CURVE('',#12256,#17099,#17122,.T.);
#17122 = SURFACE_CURVE('',#17123,(#17127,#17134),.PCURVE_S1.);
#17123 = LINE('',#17124,#17125);
#17124 = CARTESIAN_POINT('',(19.75,18.8,141.5));
#17125 = VECTOR('',#17126,1.);
#17126 = DIRECTION('',(-0.,1.,-0.));
#17127 = PCURVE('',#12297,#17128);
#17128 = DEFINITIONAL_REPRESENTATION('',(#17129),#17133);
#17129 = LINE('',#17130,#17131);
#17130 = CARTESIAN_POINT('',(-3.,-0.));
#17131 = VECTOR('',#17132,1.);
#17132 = DIRECTION('',(-0.,-1.));
#17133 = ( GEOMETRIC_REPRESENTATION_CONTEXT(2) 
PARAMETRIC_REPRESENTATION_CONTEXT() REPRESENTATION_CONTEXT('2D SPACE',''
  ) );
#17134 = PCURVE('',#12271,#17135);
#17135 = DEFINITIONAL_REPRESENTATION('',(#17136),#17140);
#17136 = LINE('',#17137,#17138);
#17137 = CARTESIAN_POINT('',(-2.,0.));
#17138 = VECTOR('',#17139,1.);
#17139 = DIRECTION('',(-0.,1.));
#17140 = ( GEOMETRIC_REPRESENTATION_CONTEXT(2) 
PARAMETRIC_REPRESENTATION_CONTEXT() REPRESENTATION_CONTEXT('2D SPACE',''
  ) );
#17141 = ADVANCED_FACE('',(#17142),#12271,.T.);
#17142 = FACE_BOUND('',#17143,.F.);
#17143 = EDGE_LOOP('',(#17144,#17167,#17168,#17169,#17170,#17171));
#17144 = ORIENTED_EDGE('',*,*,#17145,.F.);
#17145 = EDGE_CURVE('',#12363,#17146,#17148,.T.);
#17146 = VERTEX_POINT('',#17147);
#17147 = CARTESIAN_POINT('',(21.75,19.7,141.5));
#17148 = SURFACE_CURVE('',#17149,(#17153,#17160),.PCURVE_S1.);
#17149 = LINE('',#17150,#17151);
#17150 = CARTESIAN_POINT('',(21.75,18.8,141.5));
#17151 = VECTOR('',#17152,1.);
#17152 = DIRECTION('',(-0.,1.,-0.));
#17153 = PCURVE('',#12271,#17154);
#17154 = DEFINITIONAL_REPRESENTATION('',(#17155),#17159);
#17155 = LINE('',#17156,#17157);
#17156 = CARTESIAN_POINT('',(0.,-0.));
#17157 = VECTOR('',#17158,1.);
#17158 = DIRECTION('',(-0.,1.));
#17159 = ( GEOMETRIC_REPRESENTATION_CONTEXT(2) 
PARAMETRIC_REPRESENTATION_CONTEXT() REPRESENTATION_CONTEXT('2D SPACE',''
  ) );
#17160 = PCURVE('',#12378,#17161);
#17161 = DEFINITIONAL_REPRESENTATION('',(#17162),#17166);
#17162 = LINE('',#17163,#17164);
#17163 = CARTESIAN_POINT('',(-3.,-0.));
#17164 = VECTOR('',#17165,1.);
#17165 = DIRECTION('',(-0.,-1.));
#17166 = ( GEOMETRIC_REPRESENTATION_CONTEXT(2) 
PARAMETRIC_REPRESENTATION_CONTEXT() REPRESENTATION_CONTEXT('2D SPACE',''
  ) );
#17167 = ORIENTED_EDGE('',*,*,#12390,.T.);
#17168 = ORIENTED_EDGE('',*,*,#12313,.T.);
#17169 = ORIENTED_EDGE('',*,*,#12255,.T.);
#17170 = ORIENTED_EDGE('',*,*,#17121,.T.);
#17171 = ORIENTED_EDGE('',*,*,#17172,.F.);
#17172 = EDGE_CURVE('',#17146,#17099,#17173,.T.);
#17173 = SURFACE_CURVE('',#17174,(#17178,#17185),.PCURVE_S1.);
#17174 = LINE('',#17175,#17176);
#17175 = CARTESIAN_POINT('',(21.75,19.7,141.5));
#17176 = VECTOR('',#17177,1.);
#17177 = DIRECTION('',(-1.,-0.,-0.));
#17178 = PCURVE('',#12271,#17179);
#17179 = DEFINITIONAL_REPRESENTATION('',(#17180),#17184);
#17180 = LINE('',#17181,#17182);
#17181 = CARTESIAN_POINT('',(0.,0.9));
#17182 = VECTOR('',#17183,1.);
#17183 = DIRECTION('',(-1.,0.));
#17184 = ( GEOMETRIC_REPRESENTATION_CONTEXT(2) 
PARAMETRIC_REPRESENTATION_CONTEXT() REPRESENTATION_CONTEXT('2D SPACE',''
  ) );
#17185 = PCURVE('',#17081,#17186);
#17186 = DEFINITIONAL_REPRESENTATION('',(#17187),#17191);
#17187 = LINE('',#17188,#17189);
#17188 = CARTESIAN_POINT('',(-3.,-0.));
#17189 = VECTOR('',#17190,1.);
#17190 = DIRECTION('',(-0.,1.));
#17191 = ( GEOMETRIC_REPRESENTATION_CONTEXT(2) 
PARAMETRIC_REPRESENTATION_CONTEXT() REPRESENTATION_CONTEXT('2D SPACE',''
  ) );
#17192 = ADVANCED_FACE('',(#17193),#12378,.F.);
#17193 = FACE_BOUND('',#17194,.T.);
#17194 = EDGE_LOOP('',(#17195,#17196,#17197,#17218));
#17195 = ORIENTED_EDGE('',*,*,#12362,.F.);
#17196 = ORIENTED_EDGE('',*,*,#17018,.T.);
#17197 = ORIENTED_EDGE('',*,*,#17198,.T.);
#17198 = EDGE_CURVE('',#17019,#17146,#17199,.T.);
#17199 = SURFACE_CURVE('',#17200,(#17204,#17211),.PCURVE_S1.);
#17200 = LINE('',#17201,#17202);
#17201 = CARTESIAN_POINT('',(21.75,19.7,138.5));
#17202 = VECTOR('',#17203,1.);
#17203 = DIRECTION('',(-0.,-0.,1.));
#17204 = PCURVE('',#12378,#17205);
#17205 = DEFINITIONAL_REPRESENTATION('',(#17206),#17210);
#17206 = LINE('',#17207,#17208);
#17207 = CARTESIAN_POINT('',(-0.,-0.9));
#17208 = VECTOR('',#17209,1.);
#17209 = DIRECTION('',(-1.,-0.));
#17210 = ( GEOMETRIC_REPRESENTATION_CONTEXT(2) 
PARAMETRIC_REPRESENTATION_CONTEXT() REPRESENTATION_CONTEXT('2D SPACE',''
  ) );
#17211 = PCURVE('',#17081,#17212);
#17212 = DEFINITIONAL_REPRESENTATION('',(#17213),#17217);
#17213 = LINE('',#17214,#17215);
#17214 = CARTESIAN_POINT('',(-0.,-0.));
#17215 = VECTOR('',#17216,1.);
#17216 = DIRECTION('',(-1.,0.));
#17217 = ( GEOMETRIC_REPRESENTATION_CONTEXT(2) 
PARAMETRIC_REPRESENTATION_CONTEXT() REPRESENTATION_CONTEXT('2D SPACE',''
  ) );
#17218 = ORIENTED_EDGE('',*,*,#17145,.F.);
#17219 = ADVANCED_FACE('',(#17220),#12432,.F.);
#17220 = FACE_BOUND('',#17221,.T.);
#17221 = EDGE_LOOP('',(#17222,#17245,#17246,#17247,#17248,#17271));
#17222 = ORIENTED_EDGE('',*,*,#17223,.F.);
#17223 = EDGE_CURVE('',#12822,#17224,#17226,.T.);
#17224 = VERTEX_POINT('',#17225);
#17225 = CARTESIAN_POINT('',(21.75,19.7,78.5));
#17226 = SURFACE_CURVE('',#17227,(#17231,#17238),.PCURVE_S1.);
#17227 = LINE('',#17228,#17229);
#17228 = CARTESIAN_POINT('',(21.75,18.8,78.5));
#17229 = VECTOR('',#17230,1.);
#17230 = DIRECTION('',(-0.,1.,-0.));
#17231 = PCURVE('',#12432,#17232);
#17232 = DEFINITIONAL_REPRESENTATION('',(#17233),#17237);
#17233 = LINE('',#17234,#17235);
#17234 = CARTESIAN_POINT('',(0.,-0.));
#17235 = VECTOR('',#17236,1.);
#17236 = DIRECTION('',(-0.,1.));
#17237 = ( GEOMETRIC_REPRESENTATION_CONTEXT(2) 
PARAMETRIC_REPRESENTATION_CONTEXT() REPRESENTATION_CONTEXT('2D SPACE',''
  ) );
#17238 = PCURVE('',#12860,#17239);
#17239 = DEFINITIONAL_REPRESENTATION('',(#17240),#17244);
#17240 = LINE('',#17241,#17242);
#17241 = CARTESIAN_POINT('',(-0.,-0.));
#17242 = VECTOR('',#17243,1.);
#17243 = DIRECTION('',(-0.,-1.));
#17244 = ( GEOMETRIC_REPRESENTATION_CONTEXT(2) 
PARAMETRIC_REPRESENTATION_CONTEXT() REPRESENTATION_CONTEXT('2D SPACE',''
  ) );
#17245 = ORIENTED_EDGE('',*,*,#12821,.T.);
#17246 = ORIENTED_EDGE('',*,*,#12418,.T.);
#17247 = ORIENTED_EDGE('',*,*,#12447,.T.);
#17248 = ORIENTED_EDGE('',*,*,#17249,.T.);
#17249 = EDGE_CURVE('',#12448,#17250,#17252,.T.);
#17250 = VERTEX_POINT('',#17251);
#17251 = CARTESIAN_POINT('',(19.75,19.7,78.5));
#17252 = SURFACE_CURVE('',#17253,(#17257,#17264),.PCURVE_S1.);
#17253 = LINE('',#17254,#17255);
#17254 = CARTESIAN_POINT('',(19.75,18.8,78.5));
#17255 = VECTOR('',#17256,1.);
#17256 = DIRECTION('',(-0.,1.,-0.));
#17257 = PCURVE('',#12432,#17258);
#17258 = DEFINITIONAL_REPRESENTATION('',(#17259),#17263);
#17259 = LINE('',#17260,#17261);
#17260 = CARTESIAN_POINT('',(-2.,0.));
#17261 = VECTOR('',#17262,1.);
#17262 = DIRECTION('',(-0.,1.));
#17263 = ( GEOMETRIC_REPRESENTATION_CONTEXT(2) 
PARAMETRIC_REPRESENTATION_CONTEXT() REPRESENTATION_CONTEXT('2D SPACE',''
  ) );
#17264 = PCURVE('',#12513,#17265);
#17265 = DEFINITIONAL_REPRESENTATION('',(#17266),#17270);
#17266 = LINE('',#17267,#17268);
#17267 = CARTESIAN_POINT('',(-0.,-0.));
#17268 = VECTOR('',#17269,1.);
#17269 = DIRECTION('',(-0.,-1.));
#17270 = ( GEOMETRIC_REPRESENTATION_CONTEXT(2) 
PARAMETRIC_REPRESENTATION_CONTEXT() REPRESENTATION_CONTEXT('2D SPACE',''
  ) );
#17271 = ORIENTED_EDGE('',*,*,#17272,.F.);
#17272 = EDGE_CURVE('',#17224,#17250,#17273,.T.);
#17273 = SURFACE_CURVE('',#17274,(#17278,#17285),.PCURVE_S1.);
#17274 = LINE('',#17275,#17276);
#17275 = CARTESIAN_POINT('',(21.75,19.7,78.5));
#17276 = VECTOR('',#17277,1.);
#17277 = DIRECTION('',(-1.,-0.,-0.));
#17278 = PCURVE('',#12432,#17279);
#17279 = DEFINITIONAL_REPRESENTATION('',(#17280),#17284);
#17280 = LINE('',#17281,#17282);
#17281 = CARTESIAN_POINT('',(0.,0.9));
#17282 = VECTOR('',#17283,1.);
#17283 = DIRECTION('',(-1.,0.));
#17284 = ( GEOMETRIC_REPRESENTATION_CONTEXT(2) 
PARAMETRIC_REPRESENTATION_CONTEXT() REPRESENTATION_CONTEXT('2D SPACE',''
  ) );
#17285 = PCURVE('',#17286,#17291);
#17286 = PLANE('',#17287);
#17287 = AXIS2_PLACEMENT_3D('',#17288,#17289,#17290);
#17288 = CARTESIAN_POINT('',(21.75,19.7,78.5));
#17289 = DIRECTION('',(-0.,1.,-0.));
#17290 = DIRECTION('',(0.,0.,-1.));
#17291 = DEFINITIONAL_REPRESENTATION('',(#17292),#17296);
#17292 = LINE('',#17293,#17294);
#17293 = CARTESIAN_POINT('',(-0.,-0.));
#17294 = VECTOR('',#17295,1.);
#17295 = DIRECTION('',(-0.,1.));
#17296 = ( GEOMETRIC_REPRESENTATION_CONTEXT(2) 
PARAMETRIC_REPRESENTATION_CONTEXT() REPRESENTATION_CONTEXT('2D SPACE',''
  ) );
#17297 = ADVANCED_FACE('',(#17298),#12513,.T.);
#17298 = FACE_BOUND('',#17299,.F.);
#17299 = EDGE_LOOP('',(#17300,#17301,#17302,#17325));
#17300 = ORIENTED_EDGE('',*,*,#12499,.F.);
#17301 = ORIENTED_EDGE('',*,*,#17249,.T.);
#17302 = ORIENTED_EDGE('',*,*,#17303,.T.);
#17303 = EDGE_CURVE('',#17250,#17304,#17306,.T.);
#17304 = VERTEX_POINT('',#17305);
#17305 = CARTESIAN_POINT('',(19.75,19.7,81.5));
#17306 = SURFACE_CURVE('',#17307,(#17311,#17318),.PCURVE_S1.);
#17307 = LINE('',#17308,#17309);
#17308 = CARTESIAN_POINT('',(19.75,19.7,78.5));
#17309 = VECTOR('',#17310,1.);
#17310 = DIRECTION('',(-0.,-0.,1.));
#17311 = PCURVE('',#12513,#17312);
#17312 = DEFINITIONAL_REPRESENTATION('',(#17313),#17317);
#17313 = LINE('',#17314,#17315);
#17314 = CARTESIAN_POINT('',(-0.,-0.9));
#17315 = VECTOR('',#17316,1.);
#17316 = DIRECTION('',(-1.,-0.));
#17317 = ( GEOMETRIC_REPRESENTATION_CONTEXT(2) 
PARAMETRIC_REPRESENTATION_CONTEXT() REPRESENTATION_CONTEXT('2D SPACE',''
  ) );
#17318 = PCURVE('',#17286,#17319);
#17319 = DEFINITIONAL_REPRESENTATION('',(#17320),#17324);
#17320 = LINE('',#17321,#17322);
#17321 = CARTESIAN_POINT('',(-0.,2.));
#17322 = VECTOR('',#17323,1.);
#17323 = DIRECTION('',(-1.,0.));
#17324 = ( GEOMETRIC_REPRESENTATION_CONTEXT(2) 
PARAMETRIC_REPRESENTATION_CONTEXT() REPRESENTATION_CONTEXT('2D SPACE',''
  ) );
#17325 = ORIENTED_EDGE('',*,*,#17326,.F.);
#17326 = EDGE_CURVE('',#12472,#17304,#17327,.T.);
#17327 = SURFACE_CURVE('',#17328,(#17332,#17339),.PCURVE_S1.);
#17328 = LINE('',#17329,#17330);
#17329 = CARTESIAN_POINT('',(19.75,18.8,81.5));
#17330 = VECTOR('',#17331,1.);
#17331 = DIRECTION('',(-0.,1.,-0.));
#17332 = PCURVE('',#12513,#17333);
#17333 = DEFINITIONAL_REPRESENTATION('',(#17334),#17338);
#17334 = LINE('',#17335,#17336);
#17335 = CARTESIAN_POINT('',(-3.,-0.));
#17336 = VECTOR('',#17337,1.);
#17337 = DIRECTION('',(-0.,-1.));
#17338 = ( GEOMETRIC_REPRESENTATION_CONTEXT(2) 
PARAMETRIC_REPRESENTATION_CONTEXT() REPRESENTATION_CONTEXT('2D SPACE',''
  ) );
#17339 = PCURVE('',#12487,#17340);
#17340 = DEFINITIONAL_REPRESENTATION('',(#17341),#17345);
#17341 = LINE('',#17342,#17343);
#17342 = CARTESIAN_POINT('',(-2.,0.));
#17343 = VECTOR('',#17344,1.);
#17344 = DIRECTION('',(-0.,1.));
#17345 = ( GEOMETRIC_REPRESENTATION_CONTEXT(2) 
PARAMETRIC_REPRESENTATION_CONTEXT() REPRESENTATION_CONTEXT('2D SPACE',''
  ) );
#17346 = ADVANCED_FACE('',(#17347),#12487,.T.);
#17347 = FACE_BOUND('',#17348,.F.);
#17348 = EDGE_LOOP('',(#17349,#17372,#17373,#17374,#17375,#17376));
#17349 = ORIENTED_EDGE('',*,*,#17350,.F.);
#17350 = EDGE_CURVE('',#12845,#17351,#17353,.T.);
#17351 = VERTEX_POINT('',#17352);
#17352 = CARTESIAN_POINT('',(21.75,19.7,81.5));
#17353 = SURFACE_CURVE('',#17354,(#17358,#17365),.PCURVE_S1.);
#17354 = LINE('',#17355,#17356);
#17355 = CARTESIAN_POINT('',(21.75,18.8,81.5));
#17356 = VECTOR('',#17357,1.);
#17357 = DIRECTION('',(-0.,1.,-0.));
#17358 = PCURVE('',#12487,#17359);
#17359 = DEFINITIONAL_REPRESENTATION('',(#17360),#17364);
#17360 = LINE('',#17361,#17362);
#17361 = CARTESIAN_POINT('',(0.,-0.));
#17362 = VECTOR('',#17363,1.);
#17363 = DIRECTION('',(-0.,1.));
#17364 = ( GEOMETRIC_REPRESENTATION_CONTEXT(2) 
PARAMETRIC_REPRESENTATION_CONTEXT() REPRESENTATION_CONTEXT('2D SPACE',''
  ) );
#17365 = PCURVE('',#12860,#17366);
#17366 = DEFINITIONAL_REPRESENTATION('',(#17367),#17371);
#17367 = LINE('',#17368,#17369);
#17368 = CARTESIAN_POINT('',(-3.,-0.));
#17369 = VECTOR('',#17370,1.);
#17370 = DIRECTION('',(-0.,-1.));
#17371 = ( GEOMETRIC_REPRESENTATION_CONTEXT(2) 
PARAMETRIC_REPRESENTATION_CONTEXT() REPRESENTATION_CONTEXT('2D SPACE',''
  ) );
#17372 = ORIENTED_EDGE('',*,*,#12872,.T.);
#17373 = ORIENTED_EDGE('',*,*,#12529,.T.);
#17374 = ORIENTED_EDGE('',*,*,#12471,.T.);
#17375 = ORIENTED_EDGE('',*,*,#17326,.T.);
#17376 = ORIENTED_EDGE('',*,*,#17377,.F.);
#17377 = EDGE_CURVE('',#17351,#17304,#17378,.T.);
#17378 = SURFACE_CURVE('',#17379,(#17383,#17390),.PCURVE_S1.);
#17379 = LINE('',#17380,#17381);
#17380 = CARTESIAN_POINT('',(21.75,19.7,81.5));
#17381 = VECTOR('',#17382,1.);
#17382 = DIRECTION('',(-1.,-0.,-0.));
#17383 = PCURVE('',#12487,#17384);
#17384 = DEFINITIONAL_REPRESENTATION('',(#17385),#17389);
#17385 = LINE('',#17386,#17387);
#17386 = CARTESIAN_POINT('',(0.,0.9));
#17387 = VECTOR('',#17388,1.);
#17388 = DIRECTION('',(-1.,0.));
#17389 = ( GEOMETRIC_REPRESENTATION_CONTEXT(2) 
PARAMETRIC_REPRESENTATION_CONTEXT() REPRESENTATION_CONTEXT('2D SPACE',''
  ) );
#17390 = PCURVE('',#17286,#17391);
#17391 = DEFINITIONAL_REPRESENTATION('',(#17392),#17396);
#17392 = LINE('',#17393,#17394);
#17393 = CARTESIAN_POINT('',(-3.,-0.));
#17394 = VECTOR('',#17395,1.);
#17395 = DIRECTION('',(-0.,1.));
#17396 = ( GEOMETRIC_REPRESENTATION_CONTEXT(2) 
PARAMETRIC_REPRESENTATION_CONTEXT() REPRESENTATION_CONTEXT('2D SPACE',''
  ) );
#17397 = ADVANCED_FACE('',(#17398),#12565,.F.);
#17398 = FACE_BOUND('',#17399,.T.);
#17399 = EDGE_LOOP('',(#17400,#17423,#17424,#17425,#17426,#17449));
#17400 = ORIENTED_EDGE('',*,*,#17401,.F.);
#17401 = EDGE_CURVE('',#12898,#17402,#17404,.T.);
#17402 = VERTEX_POINT('',#17403);
#17403 = CARTESIAN_POINT('',(21.75,19.7,88.5));
#17404 = SURFACE_CURVE('',#17405,(#17409,#17416),.PCURVE_S1.);
#17405 = LINE('',#17406,#17407);
#17406 = CARTESIAN_POINT('',(21.75,18.8,88.5));
#17407 = VECTOR('',#17408,1.);
#17408 = DIRECTION('',(-0.,1.,-0.));
#17409 = PCURVE('',#12565,#17410);
#17410 = DEFINITIONAL_REPRESENTATION('',(#17411),#17415);
#17411 = LINE('',#17412,#17413);
#17412 = CARTESIAN_POINT('',(0.,-0.));
#17413 = VECTOR('',#17414,1.);
#17414 = DIRECTION('',(-0.,1.));
#17415 = ( GEOMETRIC_REPRESENTATION_CONTEXT(2) 
PARAMETRIC_REPRESENTATION_CONTEXT() REPRESENTATION_CONTEXT('2D SPACE',''
  ) );
#17416 = PCURVE('',#12936,#17417);
#17417 = DEFINITIONAL_REPRESENTATION('',(#17418),#17422);
#17418 = LINE('',#17419,#17420);
#17419 = CARTESIAN_POINT('',(-0.,-0.));
#17420 = VECTOR('',#17421,1.);
#17421 = DIRECTION('',(-0.,-1.));
#17422 = ( GEOMETRIC_REPRESENTATION_CONTEXT(2) 
PARAMETRIC_REPRESENTATION_CONTEXT() REPRESENTATION_CONTEXT('2D SPACE',''
  ) );
#17423 = ORIENTED_EDGE('',*,*,#12897,.T.);
#17424 = ORIENTED_EDGE('',*,*,#12551,.T.);
#17425 = ORIENTED_EDGE('',*,*,#12580,.T.);
#17426 = ORIENTED_EDGE('',*,*,#17427,.T.);
#17427 = EDGE_CURVE('',#12581,#17428,#17430,.T.);
#17428 = VERTEX_POINT('',#17429);
#17429 = CARTESIAN_POINT('',(19.75,19.7,88.5));
#17430 = SURFACE_CURVE('',#17431,(#17435,#17442),.PCURVE_S1.);
#17431 = LINE('',#17432,#17433);
#17432 = CARTESIAN_POINT('',(19.75,18.8,88.5));
#17433 = VECTOR('',#17434,1.);
#17434 = DIRECTION('',(-0.,1.,-0.));
#17435 = PCURVE('',#12565,#17436);
#17436 = DEFINITIONAL_REPRESENTATION('',(#17437),#17441);
#17437 = LINE('',#17438,#17439);
#17438 = CARTESIAN_POINT('',(-2.,0.));
#17439 = VECTOR('',#17440,1.);
#17440 = DIRECTION('',(-0.,1.));
#17441 = ( GEOMETRIC_REPRESENTATION_CONTEXT(2) 
PARAMETRIC_REPRESENTATION_CONTEXT() REPRESENTATION_CONTEXT('2D SPACE',''
  ) );
#17442 = PCURVE('',#12646,#17443);
#17443 = DEFINITIONAL_REPRESENTATION('',(#17444),#17448);
#17444 = LINE('',#17445,#17446);
#17445 = CARTESIAN_POINT('',(-0.,-0.));
#17446 = VECTOR('',#17447,1.);
#17447 = DIRECTION('',(-0.,-1.));
#17448 = ( GEOMETRIC_REPRESENTATION_CONTEXT(2) 
PARAMETRIC_REPRESENTATION_CONTEXT() REPRESENTATION_CONTEXT('2D SPACE',''
  ) );
#17449 = ORIENTED_EDGE('',*,*,#17450,.F.);
#17450 = EDGE_CURVE('',#17402,#17428,#17451,.T.);
#17451 = SURFACE_CURVE('',#17452,(#17456,#17463),.PCURVE_S1.);
#17452 = LINE('',#17453,#17454);
#17453 = CARTESIAN_POINT('',(21.75,19.7,88.5));
#17454 = VECTOR('',#17455,1.);
#17455 = DIRECTION('',(-1.,-0.,-0.));
#17456 = PCURVE('',#12565,#17457);
#17457 = DEFINITIONAL_REPRESENTATION('',(#17458),#17462);
#17458 = LINE('',#17459,#17460);
#17459 = CARTESIAN_POINT('',(0.,0.9));
#17460 = VECTOR('',#17461,1.);
#17461 = DIRECTION('',(-1.,0.));
#17462 = ( GEOMETRIC_REPRESENTATION_CONTEXT(2) 
PARAMETRIC_REPRESENTATION_CONTEXT() REPRESENTATION_CONTEXT('2D SPACE',''
  ) );
#17463 = PCURVE('',#17464,#17469);
#17464 = PLANE('',#17465);
#17465 = AXIS2_PLACEMENT_3D('',#17466,#17467,#17468);
#17466 = CARTESIAN_POINT('',(21.75,19.7,88.5));
#17467 = DIRECTION('',(-0.,1.,-0.));
#17468 = DIRECTION('',(0.,0.,-1.));
#17469 = DEFINITIONAL_REPRESENTATION('',(#17470),#17474);
#17470 = LINE('',#17471,#17472);
#17471 = CARTESIAN_POINT('',(-0.,-0.));
#17472 = VECTOR('',#17473,1.);
#17473 = DIRECTION('',(-0.,1.));
#17474 = ( GEOMETRIC_REPRESENTATION_CONTEXT(2) 
PARAMETRIC_REPRESENTATION_CONTEXT() REPRESENTATION_CONTEXT('2D SPACE',''
  ) );
#17475 = ADVANCED_FACE('',(#17476),#12646,.T.);
#17476 = FACE_BOUND('',#17477,.F.);
#17477 = EDGE_LOOP('',(#17478,#17479,#17480,#17503));
#17478 = ORIENTED_EDGE('',*,*,#12632,.F.);
#17479 = ORIENTED_EDGE('',*,*,#17427,.T.);
#17480 = ORIENTED_EDGE('',*,*,#17481,.T.);
#17481 = EDGE_CURVE('',#17428,#17482,#17484,.T.);
#17482 = VERTEX_POINT('',#17483);
#17483 = CARTESIAN_POINT('',(19.75,19.7,91.5));
#17484 = SURFACE_CURVE('',#17485,(#17489,#17496),.PCURVE_S1.);
#17485 = LINE('',#17486,#17487);
#17486 = CARTESIAN_POINT('',(19.75,19.7,88.5));
#17487 = VECTOR('',#17488,1.);
#17488 = DIRECTION('',(-0.,-0.,1.));
#17489 = PCURVE('',#12646,#17490);
#17490 = DEFINITIONAL_REPRESENTATION('',(#17491),#17495);
#17491 = LINE('',#17492,#17493);
#17492 = CARTESIAN_POINT('',(-0.,-0.9));
#17493 = VECTOR('',#17494,1.);
#17494 = DIRECTION('',(-1.,-0.));
#17495 = ( GEOMETRIC_REPRESENTATION_CONTEXT(2) 
PARAMETRIC_REPRESENTATION_CONTEXT() REPRESENTATION_CONTEXT('2D SPACE',''
  ) );
#17496 = PCURVE('',#17464,#17497);
#17497 = DEFINITIONAL_REPRESENTATION('',(#17498),#17502);
#17498 = LINE('',#17499,#17500);
#17499 = CARTESIAN_POINT('',(-0.,2.));
#17500 = VECTOR('',#17501,1.);
#17501 = DIRECTION('',(-1.,0.));
#17502 = ( GEOMETRIC_REPRESENTATION_CONTEXT(2) 
PARAMETRIC_REPRESENTATION_CONTEXT() REPRESENTATION_CONTEXT('2D SPACE',''
  ) );
#17503 = ORIENTED_EDGE('',*,*,#17504,.F.);
#17504 = EDGE_CURVE('',#12605,#17482,#17505,.T.);
#17505 = SURFACE_CURVE('',#17506,(#17510,#17517),.PCURVE_S1.);
#17506 = LINE('',#17507,#17508);
#17507 = CARTESIAN_POINT('',(19.75,18.8,91.5));
#17508 = VECTOR('',#17509,1.);
#17509 = DIRECTION('',(-0.,1.,-0.));
#17510 = PCURVE('',#12646,#17511);
#17511 = DEFINITIONAL_REPRESENTATION('',(#17512),#17516);
#17512 = LINE('',#17513,#17514);
#17513 = CARTESIAN_POINT('',(-3.,-0.));
#17514 = VECTOR('',#17515,1.);
#17515 = DIRECTION('',(-0.,-1.));
#17516 = ( GEOMETRIC_REPRESENTATION_CONTEXT(2) 
PARAMETRIC_REPRESENTATION_CONTEXT() REPRESENTATION_CONTEXT('2D SPACE',''
  ) );
#17517 = PCURVE('',#12620,#17518);
#17518 = DEFINITIONAL_REPRESENTATION('',(#17519),#17523);
#17519 = LINE('',#17520,#17521);
#17520 = CARTESIAN_POINT('',(-2.,0.));
#17521 = VECTOR('',#17522,1.);
#17522 = DIRECTION('',(-0.,1.));
#17523 = ( GEOMETRIC_REPRESENTATION_CONTEXT(2) 
PARAMETRIC_REPRESENTATION_CONTEXT() REPRESENTATION_CONTEXT('2D SPACE',''
  ) );
#17524 = ADVANCED_FACE('',(#17525),#12620,.T.);
#17525 = FACE_BOUND('',#17526,.F.);
#17526 = EDGE_LOOP('',(#17527,#17550,#17551,#17552,#17553,#17554));
#17527 = ORIENTED_EDGE('',*,*,#17528,.F.);
#17528 = EDGE_CURVE('',#12921,#17529,#17531,.T.);
#17529 = VERTEX_POINT('',#17530);
#17530 = CARTESIAN_POINT('',(21.75,19.7,91.5));
#17531 = SURFACE_CURVE('',#17532,(#17536,#17543),.PCURVE_S1.);
#17532 = LINE('',#17533,#17534);
#17533 = CARTESIAN_POINT('',(21.75,18.8,91.5));
#17534 = VECTOR('',#17535,1.);
#17535 = DIRECTION('',(-0.,1.,-0.));
#17536 = PCURVE('',#12620,#17537);
#17537 = DEFINITIONAL_REPRESENTATION('',(#17538),#17542);
#17538 = LINE('',#17539,#17540);
#17539 = CARTESIAN_POINT('',(0.,-0.));
#17540 = VECTOR('',#17541,1.);
#17541 = DIRECTION('',(-0.,1.));
#17542 = ( GEOMETRIC_REPRESENTATION_CONTEXT(2) 
PARAMETRIC_REPRESENTATION_CONTEXT() REPRESENTATION_CONTEXT('2D SPACE',''
  ) );
#17543 = PCURVE('',#12936,#17544);
#17544 = DEFINITIONAL_REPRESENTATION('',(#17545),#17549);
#17545 = LINE('',#17546,#17547);
#17546 = CARTESIAN_POINT('',(-3.,-0.));
#17547 = VECTOR('',#17548,1.);
#17548 = DIRECTION('',(-0.,-1.));
#17549 = ( GEOMETRIC_REPRESENTATION_CONTEXT(2) 
PARAMETRIC_REPRESENTATION_CONTEXT() REPRESENTATION_CONTEXT('2D SPACE',''
  ) );
#17550 = ORIENTED_EDGE('',*,*,#12948,.T.);
#17551 = ORIENTED_EDGE('',*,*,#12662,.T.);
#17552 = ORIENTED_EDGE('',*,*,#12604,.T.);
#17553 = ORIENTED_EDGE('',*,*,#17504,.T.);
#17554 = ORIENTED_EDGE('',*,*,#17555,.F.);
#17555 = EDGE_CURVE('',#17529,#17482,#17556,.T.);
#17556 = SURFACE_CURVE('',#17557,(#17561,#17568),.PCURVE_S1.);
#17557 = LINE('',#17558,#17559);
#17558 = CARTESIAN_POINT('',(21.75,19.7,91.5));
#17559 = VECTOR('',#17560,1.);
#17560 = DIRECTION('',(-1.,-0.,-0.));
#17561 = PCURVE('',#12620,#17562);
#17562 = DEFINITIONAL_REPRESENTATION('',(#17563),#17567);
#17563 = LINE('',#17564,#17565);
#17564 = CARTESIAN_POINT('',(0.,0.9));
#17565 = VECTOR('',#17566,1.);
#17566 = DIRECTION('',(-1.,0.));
#17567 = ( GEOMETRIC_REPRESENTATION_CONTEXT(2) 
PARAMETRIC_REPRESENTATION_CONTEXT() REPRESENTATION_CONTEXT('2D SPACE',''
  ) );
#17568 = PCURVE('',#17464,#17569);
#17569 = DEFINITIONAL_REPRESENTATION('',(#17570),#17574);
#17570 = LINE('',#17571,#17572);
#17571 = CARTESIAN_POINT('',(-3.,-0.));
#17572 = VECTOR('',#17573,1.);
#17573 = DIRECTION('',(-0.,1.));
#17574 = ( GEOMETRIC_REPRESENTATION_CONTEXT(2) 
PARAMETRIC_REPRESENTATION_CONTEXT() REPRESENTATION_CONTEXT('2D SPACE',''
  ) );
#17575 = ADVANCED_FACE('',(#17576),#12698,.F.);
#17576 = FACE_BOUND('',#17577,.T.);
#17577 = EDGE_LOOP('',(#17578,#17601,#17602,#17603,#17604,#17627));
#17578 = ORIENTED_EDGE('',*,*,#17579,.F.);
#17579 = EDGE_CURVE('',#12974,#17580,#17582,.T.);
#17580 = VERTEX_POINT('',#17581);
#17581 = CARTESIAN_POINT('',(21.75,19.7,98.5));
#17582 = SURFACE_CURVE('',#17583,(#17587,#17594),.PCURVE_S1.);
#17583 = LINE('',#17584,#17585);
#17584 = CARTESIAN_POINT('',(21.75,18.8,98.5));
#17585 = VECTOR('',#17586,1.);
#17586 = DIRECTION('',(-0.,1.,-0.));
#17587 = PCURVE('',#12698,#17588);
#17588 = DEFINITIONAL_REPRESENTATION('',(#17589),#17593);
#17589 = LINE('',#17590,#17591);
#17590 = CARTESIAN_POINT('',(0.,-0.));
#17591 = VECTOR('',#17592,1.);
#17592 = DIRECTION('',(-0.,1.));
#17593 = ( GEOMETRIC_REPRESENTATION_CONTEXT(2) 
PARAMETRIC_REPRESENTATION_CONTEXT() REPRESENTATION_CONTEXT('2D SPACE',''
  ) );
#17594 = PCURVE('',#13012,#17595);
#17595 = DEFINITIONAL_REPRESENTATION('',(#17596),#17600);
#17596 = LINE('',#17597,#17598);
#17597 = CARTESIAN_POINT('',(-0.,-0.));
#17598 = VECTOR('',#17599,1.);
#17599 = DIRECTION('',(-0.,-1.));
#17600 = ( GEOMETRIC_REPRESENTATION_CONTEXT(2) 
PARAMETRIC_REPRESENTATION_CONTEXT() REPRESENTATION_CONTEXT('2D SPACE',''
  ) );
#17601 = ORIENTED_EDGE('',*,*,#12973,.T.);
#17602 = ORIENTED_EDGE('',*,*,#12684,.T.);
#17603 = ORIENTED_EDGE('',*,*,#12713,.T.);
#17604 = ORIENTED_EDGE('',*,*,#17605,.T.);
#17605 = EDGE_CURVE('',#12714,#17606,#17608,.T.);
#17606 = VERTEX_POINT('',#17607);
#17607 = CARTESIAN_POINT('',(19.75,19.7,98.5));
#17608 = SURFACE_CURVE('',#17609,(#17613,#17620),.PCURVE_S1.);
#17609 = LINE('',#17610,#17611);
#17610 = CARTESIAN_POINT('',(19.75,18.8,98.5));
#17611 = VECTOR('',#17612,1.);
#17612 = DIRECTION('',(-0.,1.,-0.));
#17613 = PCURVE('',#12698,#17614);
#17614 = DEFINITIONAL_REPRESENTATION('',(#17615),#17619);
#17615 = LINE('',#17616,#17617);
#17616 = CARTESIAN_POINT('',(-2.,0.));
#17617 = VECTOR('',#17618,1.);
#17618 = DIRECTION('',(-0.,1.));
#17619 = ( GEOMETRIC_REPRESENTATION_CONTEXT(2) 
PARAMETRIC_REPRESENTATION_CONTEXT() REPRESENTATION_CONTEXT('2D SPACE',''
  ) );
#17620 = PCURVE('',#12779,#17621);
#17621 = DEFINITIONAL_REPRESENTATION('',(#17622),#17626);
#17622 = LINE('',#17623,#17624);
#17623 = CARTESIAN_POINT('',(-0.,-0.));
#17624 = VECTOR('',#17625,1.);
#17625 = DIRECTION('',(-0.,-1.));
#17626 = ( GEOMETRIC_REPRESENTATION_CONTEXT(2) 
PARAMETRIC_REPRESENTATION_CONTEXT() REPRESENTATION_CONTEXT('2D SPACE',''
  ) );
#17627 = ORIENTED_EDGE('',*,*,#17628,.F.);
#17628 = EDGE_CURVE('',#17580,#17606,#17629,.T.);
#17629 = SURFACE_CURVE('',#17630,(#17634,#17641),.PCURVE_S1.);
#17630 = LINE('',#17631,#17632);
#17631 = CARTESIAN_POINT('',(21.75,19.7,98.5));
#17632 = VECTOR('',#17633,1.);
#17633 = DIRECTION('',(-1.,-0.,-0.));
#17634 = PCURVE('',#12698,#17635);
#17635 = DEFINITIONAL_REPRESENTATION('',(#17636),#17640);
#17636 = LINE('',#17637,#17638);
#17637 = CARTESIAN_POINT('',(0.,0.9));
#17638 = VECTOR('',#17639,1.);
#17639 = DIRECTION('',(-1.,0.));
#17640 = ( GEOMETRIC_REPRESENTATION_CONTEXT(2) 
PARAMETRIC_REPRESENTATION_CONTEXT() REPRESENTATION_CONTEXT('2D SPACE',''
  ) );
#17641 = PCURVE('',#17642,#17647);
#17642 = PLANE('',#17643);
#17643 = AXIS2_PLACEMENT_3D('',#17644,#17645,#17646);
#17644 = CARTESIAN_POINT('',(21.75,19.7,98.5));
#17645 = DIRECTION('',(-0.,1.,-0.));
#17646 = DIRECTION('',(0.,0.,-1.));
#17647 = DEFINITIONAL_REPRESENTATION('',(#17648),#17652);
#17648 = LINE('',#17649,#17650);
#17649 = CARTESIAN_POINT('',(-0.,-0.));
#17650 = VECTOR('',#17651,1.);
#17651 = DIRECTION('',(-0.,1.));
#17652 = ( GEOMETRIC_REPRESENTATION_CONTEXT(2) 
PARAMETRIC_REPRESENTATION_CONTEXT() REPRESENTATION_CONTEXT('2D SPACE',''
  ) );
#17653 = ADVANCED_FACE('',(#17654),#12779,.T.);
#17654 = FACE_BOUND('',#17655,.F.);
#17655 = EDGE_LOOP('',(#17656,#17657,#17658,#17681));
#17656 = ORIENTED_EDGE('',*,*,#12765,.F.);
#17657 = ORIENTED_EDGE('',*,*,#17605,.T.);
#17658 = ORIENTED_EDGE('',*,*,#17659,.T.);
#17659 = EDGE_CURVE('',#17606,#17660,#17662,.T.);
#17660 = VERTEX_POINT('',#17661);
#17661 = CARTESIAN_POINT('',(19.75,19.7,101.5));
#17662 = SURFACE_CURVE('',#17663,(#17667,#17674),.PCURVE_S1.);
#17663 = LINE('',#17664,#17665);
#17664 = CARTESIAN_POINT('',(19.75,19.7,98.5));
#17665 = VECTOR('',#17666,1.);
#17666 = DIRECTION('',(-0.,-0.,1.));
#17667 = PCURVE('',#12779,#17668);
#17668 = DEFINITIONAL_REPRESENTATION('',(#17669),#17673);
#17669 = LINE('',#17670,#17671);
#17670 = CARTESIAN_POINT('',(-0.,-0.9));
#17671 = VECTOR('',#17672,1.);
#17672 = DIRECTION('',(-1.,-0.));
#17673 = ( GEOMETRIC_REPRESENTATION_CONTEXT(2) 
PARAMETRIC_REPRESENTATION_CONTEXT() REPRESENTATION_CONTEXT('2D SPACE',''
  ) );
#17674 = PCURVE('',#17642,#17675);
#17675 = DEFINITIONAL_REPRESENTATION('',(#17676),#17680);
#17676 = LINE('',#17677,#17678);
#17677 = CARTESIAN_POINT('',(-0.,2.));
#17678 = VECTOR('',#17679,1.);
#17679 = DIRECTION('',(-1.,0.));
#17680 = ( GEOMETRIC_REPRESENTATION_CONTEXT(2) 
PARAMETRIC_REPRESENTATION_CONTEXT() REPRESENTATION_CONTEXT('2D SPACE',''
  ) );
#17681 = ORIENTED_EDGE('',*,*,#17682,.F.);
#17682 = EDGE_CURVE('',#12738,#17660,#17683,.T.);
#17683 = SURFACE_CURVE('',#17684,(#17688,#17695),.PCURVE_S1.);
#17684 = LINE('',#17685,#17686);
#17685 = CARTESIAN_POINT('',(19.75,18.8,101.5));
#17686 = VECTOR('',#17687,1.);
#17687 = DIRECTION('',(-0.,1.,-0.));
#17688 = PCURVE('',#12779,#17689);
#17689 = DEFINITIONAL_REPRESENTATION('',(#17690),#17694);
#17690 = LINE('',#17691,#17692);
#17691 = CARTESIAN_POINT('',(-3.,-0.));
#17692 = VECTOR('',#17693,1.);
#17693 = DIRECTION('',(-0.,-1.));
#17694 = ( GEOMETRIC_REPRESENTATION_CONTEXT(2) 
PARAMETRIC_REPRESENTATION_CONTEXT() REPRESENTATION_CONTEXT('2D SPACE',''
  ) );
#17695 = PCURVE('',#12753,#17696);
#17696 = DEFINITIONAL_REPRESENTATION('',(#17697),#17701);
#17697 = LINE('',#17698,#17699);
#17698 = CARTESIAN_POINT('',(-2.,0.));
#17699 = VECTOR('',#17700,1.);
#17700 = DIRECTION('',(-0.,1.));
#17701 = ( GEOMETRIC_REPRESENTATION_CONTEXT(2) 
PARAMETRIC_REPRESENTATION_CONTEXT() REPRESENTATION_CONTEXT('2D SPACE',''
  ) );
#17702 = ADVANCED_FACE('',(#17703),#12753,.T.);
#17703 = FACE_BOUND('',#17704,.F.);
#17704 = EDGE_LOOP('',(#17705,#17728,#17729,#17730,#17731,#17732));
#17705 = ORIENTED_EDGE('',*,*,#17706,.F.);
#17706 = EDGE_CURVE('',#12997,#17707,#17709,.T.);
#17707 = VERTEX_POINT('',#17708);
#17708 = CARTESIAN_POINT('',(21.75,19.7,101.5));
#17709 = SURFACE_CURVE('',#17710,(#17714,#17721),.PCURVE_S1.);
#17710 = LINE('',#17711,#17712);
#17711 = CARTESIAN_POINT('',(21.75,18.8,101.5));
#17712 = VECTOR('',#17713,1.);
#17713 = DIRECTION('',(-0.,1.,-0.));
#17714 = PCURVE('',#12753,#17715);
#17715 = DEFINITIONAL_REPRESENTATION('',(#17716),#17720);
#17716 = LINE('',#17717,#17718);
#17717 = CARTESIAN_POINT('',(0.,-0.));
#17718 = VECTOR('',#17719,1.);
#17719 = DIRECTION('',(-0.,1.));
#17720 = ( GEOMETRIC_REPRESENTATION_CONTEXT(2) 
PARAMETRIC_REPRESENTATION_CONTEXT() REPRESENTATION_CONTEXT('2D SPACE',''
  ) );
#17721 = PCURVE('',#13012,#17722);
#17722 = DEFINITIONAL_REPRESENTATION('',(#17723),#17727);
#17723 = LINE('',#17724,#17725);
#17724 = CARTESIAN_POINT('',(-3.,-0.));
#17725 = VECTOR('',#17726,1.);
#17726 = DIRECTION('',(-0.,-1.));
#17727 = ( GEOMETRIC_REPRESENTATION_CONTEXT(2) 
PARAMETRIC_REPRESENTATION_CONTEXT() REPRESENTATION_CONTEXT('2D SPACE',''
  ) );
#17728 = ORIENTED_EDGE('',*,*,#13024,.T.);
#17729 = ORIENTED_EDGE('',*,*,#12795,.T.);
#17730 = ORIENTED_EDGE('',*,*,#12737,.T.);
#17731 = ORIENTED_EDGE('',*,*,#17682,.T.);
#17732 = ORIENTED_EDGE('',*,*,#17733,.F.);
#17733 = EDGE_CURVE('',#17707,#17660,#17734,.T.);
#17734 = SURFACE_CURVE('',#17735,(#17739,#17746),.PCURVE_S1.);
#17735 = LINE('',#17736,#17737);
#17736 = CARTESIAN_POINT('',(21.75,19.7,101.5));
#17737 = VECTOR('',#17738,1.);
#17738 = DIRECTION('',(-1.,-0.,-0.));
#17739 = PCURVE('',#12753,#17740);
#17740 = DEFINITIONAL_REPRESENTATION('',(#17741),#17745);
#17741 = LINE('',#17742,#17743);
#17742 = CARTESIAN_POINT('',(0.,0.9));
#17743 = VECTOR('',#17744,1.);
#17744 = DIRECTION('',(-1.,0.));
#17745 = ( GEOMETRIC_REPRESENTATION_CONTEXT(2) 
PARAMETRIC_REPRESENTATION_CONTEXT() REPRESENTATION_CONTEXT('2D SPACE',''
  ) );
#17746 = PCURVE('',#17642,#17747);
#17747 = DEFINITIONAL_REPRESENTATION('',(#17748),#17752);
#17748 = LINE('',#17749,#17750);
#17749 = CARTESIAN_POINT('',(-3.,-0.));
#17750 = VECTOR('',#17751,1.);
#17751 = DIRECTION('',(-0.,1.));
#17752 = ( GEOMETRIC_REPRESENTATION_CONTEXT(2) 
PARAMETRIC_REPRESENTATION_CONTEXT() REPRESENTATION_CONTEXT('2D SPACE',''
  ) );
#17753 = ADVANCED_FACE('',(#17754),#12860,.F.);
#17754 = FACE_BOUND('',#17755,.T.);
#17755 = EDGE_LOOP('',(#17756,#17757,#17758,#17779));
#17756 = ORIENTED_EDGE('',*,*,#12844,.F.);
#17757 = ORIENTED_EDGE('',*,*,#17223,.T.);
#17758 = ORIENTED_EDGE('',*,*,#17759,.T.);
#17759 = EDGE_CURVE('',#17224,#17351,#17760,.T.);
#17760 = SURFACE_CURVE('',#17761,(#17765,#17772),.PCURVE_S1.);
#17761 = LINE('',#17762,#17763);
#17762 = CARTESIAN_POINT('',(21.75,19.7,78.5));
#17763 = VECTOR('',#17764,1.);
#17764 = DIRECTION('',(-0.,-0.,1.));
#17765 = PCURVE('',#12860,#17766);
#17766 = DEFINITIONAL_REPRESENTATION('',(#17767),#17771);
#17767 = LINE('',#17768,#17769);
#17768 = CARTESIAN_POINT('',(-0.,-0.9));
#17769 = VECTOR('',#17770,1.);
#17770 = DIRECTION('',(-1.,-0.));
#17771 = ( GEOMETRIC_REPRESENTATION_CONTEXT(2) 
PARAMETRIC_REPRESENTATION_CONTEXT() REPRESENTATION_CONTEXT('2D SPACE',''
  ) );
#17772 = PCURVE('',#17286,#17773);
#17773 = DEFINITIONAL_REPRESENTATION('',(#17774),#17778);
#17774 = LINE('',#17775,#17776);
#17775 = CARTESIAN_POINT('',(-0.,-0.));
#17776 = VECTOR('',#17777,1.);
#17777 = DIRECTION('',(-1.,0.));
#17778 = ( GEOMETRIC_REPRESENTATION_CONTEXT(2) 
PARAMETRIC_REPRESENTATION_CONTEXT() REPRESENTATION_CONTEXT('2D SPACE',''
  ) );
#17779 = ORIENTED_EDGE('',*,*,#17350,.F.);
#17780 = ADVANCED_FACE('',(#17781),#12936,.F.);
#17781 = FACE_BOUND('',#17782,.T.);
#17782 = EDGE_LOOP('',(#17783,#17784,#17785,#17806));
#17783 = ORIENTED_EDGE('',*,*,#12920,.F.);
#17784 = ORIENTED_EDGE('',*,*,#17401,.T.);
#17785 = ORIENTED_EDGE('',*,*,#17786,.T.);
#17786 = EDGE_CURVE('',#17402,#17529,#17787,.T.);
#17787 = SURFACE_CURVE('',#17788,(#17792,#17799),.PCURVE_S1.);
#17788 = LINE('',#17789,#17790);
#17789 = CARTESIAN_POINT('',(21.75,19.7,88.5));
#17790 = VECTOR('',#17791,1.);
#17791 = DIRECTION('',(-0.,-0.,1.));
#17792 = PCURVE('',#12936,#17793);
#17793 = DEFINITIONAL_REPRESENTATION('',(#17794),#17798);
#17794 = LINE('',#17795,#17796);
#17795 = CARTESIAN_POINT('',(-0.,-0.9));
#17796 = VECTOR('',#17797,1.);
#17797 = DIRECTION('',(-1.,-0.));
#17798 = ( GEOMETRIC_REPRESENTATION_CONTEXT(2) 
PARAMETRIC_REPRESENTATION_CONTEXT() REPRESENTATION_CONTEXT('2D SPACE',''
  ) );
#17799 = PCURVE('',#17464,#17800);
#17800 = DEFINITIONAL_REPRESENTATION('',(#17801),#17805);
#17801 = LINE('',#17802,#17803);
#17802 = CARTESIAN_POINT('',(-0.,-0.));
#17803 = VECTOR('',#17804,1.);
#17804 = DIRECTION('',(-1.,0.));
#17805 = ( GEOMETRIC_REPRESENTATION_CONTEXT(2) 
PARAMETRIC_REPRESENTATION_CONTEXT() REPRESENTATION_CONTEXT('2D SPACE',''
  ) );
#17806 = ORIENTED_EDGE('',*,*,#17528,.F.);
#17807 = ADVANCED_FACE('',(#17808),#13012,.F.);
#17808 = FACE_BOUND('',#17809,.T.);
#17809 = EDGE_LOOP('',(#17810,#17811,#17812,#17833));
#17810 = ORIENTED_EDGE('',*,*,#12996,.F.);
#17811 = ORIENTED_EDGE('',*,*,#17579,.T.);
#17812 = ORIENTED_EDGE('',*,*,#17813,.T.);
#17813 = EDGE_CURVE('',#17580,#17707,#17814,.T.);
#17814 = SURFACE_CURVE('',#17815,(#17819,#17826),.PCURVE_S1.);
#17815 = LINE('',#17816,#17817);
#17816 = CARTESIAN_POINT('',(21.75,19.7,98.5));
#17817 = VECTOR('',#17818,1.);
#17818 = DIRECTION('',(-0.,-0.,1.));
#17819 = PCURVE('',#13012,#17820);
#17820 = DEFINITIONAL_REPRESENTATION('',(#17821),#17825);
#17821 = LINE('',#17822,#17823);
#17822 = CARTESIAN_POINT('',(-0.,-0.9));
#17823 = VECTOR('',#17824,1.);
#17824 = DIRECTION('',(-1.,-0.));
#17825 = ( GEOMETRIC_REPRESENTATION_CONTEXT(2) 
PARAMETRIC_REPRESENTATION_CONTEXT() REPRESENTATION_CONTEXT('2D SPACE',''
  ) );
#17826 = PCURVE('',#17642,#17827);
#17827 = DEFINITIONAL_REPRESENTATION('',(#17828),#17832);
#17828 = LINE('',#17829,#17830);
#17829 = CARTESIAN_POINT('',(-0.,-0.));
#17830 = VECTOR('',#17831,1.);
#17831 = DIRECTION('',(-1.,0.));
#17832 = ( GEOMETRIC_REPRESENTATION_CONTEXT(2) 
PARAMETRIC_REPRESENTATION_CONTEXT() REPRESENTATION_CONTEXT('2D SPACE',''
  ) );
#17833 = ORIENTED_EDGE('',*,*,#17706,.F.);
#17834 = ADVANCED_FACE('',(#17835),#13066,.F.);
#17835 = FACE_BOUND('',#17836,.T.);
#17836 = EDGE_LOOP('',(#17837,#17860,#17861,#17862,#17863,#17886));
#17837 = ORIENTED_EDGE('',*,*,#17838,.F.);
#17838 = EDGE_CURVE('',#13456,#17839,#17841,.T.);
#17839 = VERTEX_POINT('',#17840);
#17840 = CARTESIAN_POINT('',(21.75,19.7,28.5));
#17841 = SURFACE_CURVE('',#17842,(#17846,#17853),.PCURVE_S1.);
#17842 = LINE('',#17843,#17844);
#17843 = CARTESIAN_POINT('',(21.75,18.8,28.5));
#17844 = VECTOR('',#17845,1.);
#17845 = DIRECTION('',(-0.,1.,-0.));
#17846 = PCURVE('',#13066,#17847);
#17847 = DEFINITIONAL_REPRESENTATION('',(#17848),#17852);
#17848 = LINE('',#17849,#17850);
#17849 = CARTESIAN_POINT('',(0.,-0.));
#17850 = VECTOR('',#17851,1.);
#17851 = DIRECTION('',(-0.,1.));
#17852 = ( GEOMETRIC_REPRESENTATION_CONTEXT(2) 
PARAMETRIC_REPRESENTATION_CONTEXT() REPRESENTATION_CONTEXT('2D SPACE',''
  ) );
#17853 = PCURVE('',#13494,#17854);
#17854 = DEFINITIONAL_REPRESENTATION('',(#17855),#17859);
#17855 = LINE('',#17856,#17857);
#17856 = CARTESIAN_POINT('',(-0.,-0.));
#17857 = VECTOR('',#17858,1.);
#17858 = DIRECTION('',(-0.,-1.));
#17859 = ( GEOMETRIC_REPRESENTATION_CONTEXT(2) 
PARAMETRIC_REPRESENTATION_CONTEXT() REPRESENTATION_CONTEXT('2D SPACE',''
  ) );
#17860 = ORIENTED_EDGE('',*,*,#13455,.T.);
#17861 = ORIENTED_EDGE('',*,*,#13052,.T.);
#17862 = ORIENTED_EDGE('',*,*,#13081,.T.);
#17863 = ORIENTED_EDGE('',*,*,#17864,.T.);
#17864 = EDGE_CURVE('',#13082,#17865,#17867,.T.);
#17865 = VERTEX_POINT('',#17866);
#17866 = CARTESIAN_POINT('',(19.75,19.7,28.5));
#17867 = SURFACE_CURVE('',#17868,(#17872,#17879),.PCURVE_S1.);
#17868 = LINE('',#17869,#17870);
#17869 = CARTESIAN_POINT('',(19.75,18.8,28.5));
#17870 = VECTOR('',#17871,1.);
#17871 = DIRECTION('',(-0.,1.,-0.));
#17872 = PCURVE('',#13066,#17873);
#17873 = DEFINITIONAL_REPRESENTATION('',(#17874),#17878);
#17874 = LINE('',#17875,#17876);
#17875 = CARTESIAN_POINT('',(-2.,0.));
#17876 = VECTOR('',#17877,1.);
#17877 = DIRECTION('',(-0.,1.));
#17878 = ( GEOMETRIC_REPRESENTATION_CONTEXT(2) 
PARAMETRIC_REPRESENTATION_CONTEXT() REPRESENTATION_CONTEXT('2D SPACE',''
  ) );
#17879 = PCURVE('',#13147,#17880);
#17880 = DEFINITIONAL_REPRESENTATION('',(#17881),#17885);
#17881 = LINE('',#17882,#17883);
#17882 = CARTESIAN_POINT('',(-0.,-0.));
#17883 = VECTOR('',#17884,1.);
#17884 = DIRECTION('',(-0.,-1.));
#17885 = ( GEOMETRIC_REPRESENTATION_CONTEXT(2) 
PARAMETRIC_REPRESENTATION_CONTEXT() REPRESENTATION_CONTEXT('2D SPACE',''
  ) );
#17886 = ORIENTED_EDGE('',*,*,#17887,.F.);
#17887 = EDGE_CURVE('',#17839,#17865,#17888,.T.);
#17888 = SURFACE_CURVE('',#17889,(#17893,#17900),.PCURVE_S1.);
#17889 = LINE('',#17890,#17891);
#17890 = CARTESIAN_POINT('',(21.75,19.7,28.5));
#17891 = VECTOR('',#17892,1.);
#17892 = DIRECTION('',(-1.,-0.,-0.));
#17893 = PCURVE('',#13066,#17894);
#17894 = DEFINITIONAL_REPRESENTATION('',(#17895),#17899);
#17895 = LINE('',#17896,#17897);
#17896 = CARTESIAN_POINT('',(0.,0.9));
#17897 = VECTOR('',#17898,1.);
#17898 = DIRECTION('',(-1.,0.));
#17899 = ( GEOMETRIC_REPRESENTATION_CONTEXT(2) 
PARAMETRIC_REPRESENTATION_CONTEXT() REPRESENTATION_CONTEXT('2D SPACE',''
  ) );
#17900 = PCURVE('',#17901,#17906);
#17901 = PLANE('',#17902);
#17902 = AXIS2_PLACEMENT_3D('',#17903,#17904,#17905);
#17903 = CARTESIAN_POINT('',(21.75,19.7,28.5));
#17904 = DIRECTION('',(-0.,1.,-0.));
#17905 = DIRECTION('',(0.,0.,-1.));
#17906 = DEFINITIONAL_REPRESENTATION('',(#17907),#17911);
#17907 = LINE('',#17908,#17909);
#17908 = CARTESIAN_POINT('',(-0.,-0.));
#17909 = VECTOR('',#17910,1.);
#17910 = DIRECTION('',(-0.,1.));
#17911 = ( GEOMETRIC_REPRESENTATION_CONTEXT(2) 
PARAMETRIC_REPRESENTATION_CONTEXT() REPRESENTATION_CONTEXT('2D SPACE',''
  ) );
#17912 = ADVANCED_FACE('',(#17913),#13147,.T.);
#17913 = FACE_BOUND('',#17914,.F.);
#17914 = EDGE_LOOP('',(#17915,#17916,#17917,#17940));
#17915 = ORIENTED_EDGE('',*,*,#13133,.F.);
#17916 = ORIENTED_EDGE('',*,*,#17864,.T.);
#17917 = ORIENTED_EDGE('',*,*,#17918,.T.);
#17918 = EDGE_CURVE('',#17865,#17919,#17921,.T.);
#17919 = VERTEX_POINT('',#17920);
#17920 = CARTESIAN_POINT('',(19.75,19.7,31.5));
#17921 = SURFACE_CURVE('',#17922,(#17926,#17933),.PCURVE_S1.);
#17922 = LINE('',#17923,#17924);
#17923 = CARTESIAN_POINT('',(19.75,19.7,28.5));
#17924 = VECTOR('',#17925,1.);
#17925 = DIRECTION('',(-0.,-0.,1.));
#17926 = PCURVE('',#13147,#17927);
#17927 = DEFINITIONAL_REPRESENTATION('',(#17928),#17932);
#17928 = LINE('',#17929,#17930);
#17929 = CARTESIAN_POINT('',(-0.,-0.9));
#17930 = VECTOR('',#17931,1.);
#17931 = DIRECTION('',(-1.,-0.));
#17932 = ( GEOMETRIC_REPRESENTATION_CONTEXT(2) 
PARAMETRIC_REPRESENTATION_CONTEXT() REPRESENTATION_CONTEXT('2D SPACE',''
  ) );
#17933 = PCURVE('',#17901,#17934);
#17934 = DEFINITIONAL_REPRESENTATION('',(#17935),#17939);
#17935 = LINE('',#17936,#17937);
#17936 = CARTESIAN_POINT('',(-0.,2.));
#17937 = VECTOR('',#17938,1.);
#17938 = DIRECTION('',(-1.,0.));
#17939 = ( GEOMETRIC_REPRESENTATION_CONTEXT(2) 
PARAMETRIC_REPRESENTATION_CONTEXT() REPRESENTATION_CONTEXT('2D SPACE',''
  ) );
#17940 = ORIENTED_EDGE('',*,*,#17941,.F.);
#17941 = EDGE_CURVE('',#13106,#17919,#17942,.T.);
#17942 = SURFACE_CURVE('',#17943,(#17947,#17954),.PCURVE_S1.);
#17943 = LINE('',#17944,#17945);
#17944 = CARTESIAN_POINT('',(19.75,18.8,31.5));
#17945 = VECTOR('',#17946,1.);
#17946 = DIRECTION('',(-0.,1.,-0.));
#17947 = PCURVE('',#13147,#17948);
#17948 = DEFINITIONAL_REPRESENTATION('',(#17949),#17953);
#17949 = LINE('',#17950,#17951);
#17950 = CARTESIAN_POINT('',(-3.,-0.));
#17951 = VECTOR('',#17952,1.);
#17952 = DIRECTION('',(-0.,-1.));
#17953 = ( GEOMETRIC_REPRESENTATION_CONTEXT(2) 
PARAMETRIC_REPRESENTATION_CONTEXT() REPRESENTATION_CONTEXT('2D SPACE',''
  ) );
#17954 = PCURVE('',#13121,#17955);
#17955 = DEFINITIONAL_REPRESENTATION('',(#17956),#17960);
#17956 = LINE('',#17957,#17958);
#17957 = CARTESIAN_POINT('',(-2.,0.));
#17958 = VECTOR('',#17959,1.);
#17959 = DIRECTION('',(-0.,1.));
#17960 = ( GEOMETRIC_REPRESENTATION_CONTEXT(2) 
PARAMETRIC_REPRESENTATION_CONTEXT() REPRESENTATION_CONTEXT('2D SPACE',''
  ) );
#17961 = ADVANCED_FACE('',(#17962),#13121,.T.);
#17962 = FACE_BOUND('',#17963,.F.);
#17963 = EDGE_LOOP('',(#17964,#17987,#17988,#17989,#17990,#17991));
#17964 = ORIENTED_EDGE('',*,*,#17965,.F.);
#17965 = EDGE_CURVE('',#13479,#17966,#17968,.T.);
#17966 = VERTEX_POINT('',#17967);
#17967 = CARTESIAN_POINT('',(21.75,19.7,31.5));
#17968 = SURFACE_CURVE('',#17969,(#17973,#17980),.PCURVE_S1.);
#17969 = LINE('',#17970,#17971);
#17970 = CARTESIAN_POINT('',(21.75,18.8,31.5));
#17971 = VECTOR('',#17972,1.);
#17972 = DIRECTION('',(-0.,1.,-0.));
#17973 = PCURVE('',#13121,#17974);
#17974 = DEFINITIONAL_REPRESENTATION('',(#17975),#17979);
#17975 = LINE('',#17976,#17977);
#17976 = CARTESIAN_POINT('',(0.,-0.));
#17977 = VECTOR('',#17978,1.);
#17978 = DIRECTION('',(-0.,1.));
#17979 = ( GEOMETRIC_REPRESENTATION_CONTEXT(2) 
PARAMETRIC_REPRESENTATION_CONTEXT() REPRESENTATION_CONTEXT('2D SPACE',''
  ) );
#17980 = PCURVE('',#13494,#17981);
#17981 = DEFINITIONAL_REPRESENTATION('',(#17982),#17986);
#17982 = LINE('',#17983,#17984);
#17983 = CARTESIAN_POINT('',(-3.,-0.));
#17984 = VECTOR('',#17985,1.);
#17985 = DIRECTION('',(-0.,-1.));
#17986 = ( GEOMETRIC_REPRESENTATION_CONTEXT(2) 
PARAMETRIC_REPRESENTATION_CONTEXT() REPRESENTATION_CONTEXT('2D SPACE',''
  ) );
#17987 = ORIENTED_EDGE('',*,*,#13506,.T.);
#17988 = ORIENTED_EDGE('',*,*,#13163,.T.);
#17989 = ORIENTED_EDGE('',*,*,#13105,.T.);
#17990 = ORIENTED_EDGE('',*,*,#17941,.T.);
#17991 = ORIENTED_EDGE('',*,*,#17992,.F.);
#17992 = EDGE_CURVE('',#17966,#17919,#17993,.T.);
#17993 = SURFACE_CURVE('',#17994,(#17998,#18005),.PCURVE_S1.);
#17994 = LINE('',#17995,#17996);
#17995 = CARTESIAN_POINT('',(21.75,19.7,31.5));
#17996 = VECTOR('',#17997,1.);
#17997 = DIRECTION('',(-1.,-0.,-0.));
#17998 = PCURVE('',#13121,#17999);
#17999 = DEFINITIONAL_REPRESENTATION('',(#18000),#18004);
#18000 = LINE('',#18001,#18002);
#18001 = CARTESIAN_POINT('',(0.,0.9));
#18002 = VECTOR('',#18003,1.);
#18003 = DIRECTION('',(-1.,0.));
#18004 = ( GEOMETRIC_REPRESENTATION_CONTEXT(2) 
PARAMETRIC_REPRESENTATION_CONTEXT() REPRESENTATION_CONTEXT('2D SPACE',''
  ) );
#18005 = PCURVE('',#17901,#18006);
#18006 = DEFINITIONAL_REPRESENTATION('',(#18007),#18011);
#18007 = LINE('',#18008,#18009);
#18008 = CARTESIAN_POINT('',(-3.,-0.));
#18009 = VECTOR('',#18010,1.);
#18010 = DIRECTION('',(-0.,1.));
#18011 = ( GEOMETRIC_REPRESENTATION_CONTEXT(2) 
PARAMETRIC_REPRESENTATION_CONTEXT() REPRESENTATION_CONTEXT('2D SPACE',''
  ) );
#18012 = ADVANCED_FACE('',(#18013),#13199,.F.);
#18013 = FACE_BOUND('',#18014,.T.);
#18014 = EDGE_LOOP('',(#18015,#18038,#18039,#18040,#18041,#18064));
#18015 = ORIENTED_EDGE('',*,*,#18016,.F.);
#18016 = EDGE_CURVE('',#13532,#18017,#18019,.T.);
#18017 = VERTEX_POINT('',#18018);
#18018 = CARTESIAN_POINT('',(21.75,19.7,38.5));
#18019 = SURFACE_CURVE('',#18020,(#18024,#18031),.PCURVE_S1.);
#18020 = LINE('',#18021,#18022);
#18021 = CARTESIAN_POINT('',(21.75,18.8,38.5));
#18022 = VECTOR('',#18023,1.);
#18023 = DIRECTION('',(-0.,1.,-0.));
#18024 = PCURVE('',#13199,#18025);
#18025 = DEFINITIONAL_REPRESENTATION('',(#18026),#18030);
#18026 = LINE('',#18027,#18028);
#18027 = CARTESIAN_POINT('',(0.,-0.));
#18028 = VECTOR('',#18029,1.);
#18029 = DIRECTION('',(-0.,1.));
#18030 = ( GEOMETRIC_REPRESENTATION_CONTEXT(2) 
PARAMETRIC_REPRESENTATION_CONTEXT() REPRESENTATION_CONTEXT('2D SPACE',''
  ) );
#18031 = PCURVE('',#13570,#18032);
#18032 = DEFINITIONAL_REPRESENTATION('',(#18033),#18037);
#18033 = LINE('',#18034,#18035);
#18034 = CARTESIAN_POINT('',(-0.,-0.));
#18035 = VECTOR('',#18036,1.);
#18036 = DIRECTION('',(-0.,-1.));
#18037 = ( GEOMETRIC_REPRESENTATION_CONTEXT(2) 
PARAMETRIC_REPRESENTATION_CONTEXT() REPRESENTATION_CONTEXT('2D SPACE',''
  ) );
#18038 = ORIENTED_EDGE('',*,*,#13531,.T.);
#18039 = ORIENTED_EDGE('',*,*,#13185,.T.);
#18040 = ORIENTED_EDGE('',*,*,#13214,.T.);
#18041 = ORIENTED_EDGE('',*,*,#18042,.T.);
#18042 = EDGE_CURVE('',#13215,#18043,#18045,.T.);
#18043 = VERTEX_POINT('',#18044);
#18044 = CARTESIAN_POINT('',(19.75,19.7,38.5));
#18045 = SURFACE_CURVE('',#18046,(#18050,#18057),.PCURVE_S1.);
#18046 = LINE('',#18047,#18048);
#18047 = CARTESIAN_POINT('',(19.75,18.8,38.5));
#18048 = VECTOR('',#18049,1.);
#18049 = DIRECTION('',(-0.,1.,-0.));
#18050 = PCURVE('',#13199,#18051);
#18051 = DEFINITIONAL_REPRESENTATION('',(#18052),#18056);
#18052 = LINE('',#18053,#18054);
#18053 = CARTESIAN_POINT('',(-2.,0.));
#18054 = VECTOR('',#18055,1.);
#18055 = DIRECTION('',(-0.,1.));
#18056 = ( GEOMETRIC_REPRESENTATION_CONTEXT(2) 
PARAMETRIC_REPRESENTATION_CONTEXT() REPRESENTATION_CONTEXT('2D SPACE',''
  ) );
#18057 = PCURVE('',#13280,#18058);
#18058 = DEFINITIONAL_REPRESENTATION('',(#18059),#18063);
#18059 = LINE('',#18060,#18061);
#18060 = CARTESIAN_POINT('',(-0.,-0.));
#18061 = VECTOR('',#18062,1.);
#18062 = DIRECTION('',(-0.,-1.));
#18063 = ( GEOMETRIC_REPRESENTATION_CONTEXT(2) 
PARAMETRIC_REPRESENTATION_CONTEXT() REPRESENTATION_CONTEXT('2D SPACE',''
  ) );
#18064 = ORIENTED_EDGE('',*,*,#18065,.F.);
#18065 = EDGE_CURVE('',#18017,#18043,#18066,.T.);
#18066 = SURFACE_CURVE('',#18067,(#18071,#18078),.PCURVE_S1.);
#18067 = LINE('',#18068,#18069);
#18068 = CARTESIAN_POINT('',(21.75,19.7,38.5));
#18069 = VECTOR('',#18070,1.);
#18070 = DIRECTION('',(-1.,-0.,-0.));
#18071 = PCURVE('',#13199,#18072);
#18072 = DEFINITIONAL_REPRESENTATION('',(#18073),#18077);
#18073 = LINE('',#18074,#18075);
#18074 = CARTESIAN_POINT('',(0.,0.9));
#18075 = VECTOR('',#18076,1.);
#18076 = DIRECTION('',(-1.,0.));
#18077 = ( GEOMETRIC_REPRESENTATION_CONTEXT(2) 
PARAMETRIC_REPRESENTATION_CONTEXT() REPRESENTATION_CONTEXT('2D SPACE',''
  ) );
#18078 = PCURVE('',#18079,#18084);
#18079 = PLANE('',#18080);
#18080 = AXIS2_PLACEMENT_3D('',#18081,#18082,#18083);
#18081 = CARTESIAN_POINT('',(21.75,19.7,38.5));
#18082 = DIRECTION('',(-0.,1.,-0.));
#18083 = DIRECTION('',(0.,0.,-1.));
#18084 = DEFINITIONAL_REPRESENTATION('',(#18085),#18089);
#18085 = LINE('',#18086,#18087);
#18086 = CARTESIAN_POINT('',(-0.,-0.));
#18087 = VECTOR('',#18088,1.);
#18088 = DIRECTION('',(-0.,1.));
#18089 = ( GEOMETRIC_REPRESENTATION_CONTEXT(2) 
PARAMETRIC_REPRESENTATION_CONTEXT() REPRESENTATION_CONTEXT('2D SPACE',''
  ) );
#18090 = ADVANCED_FACE('',(#18091),#13280,.T.);
#18091 = FACE_BOUND('',#18092,.F.);
#18092 = EDGE_LOOP('',(#18093,#18094,#18095,#18118));
#18093 = ORIENTED_EDGE('',*,*,#13266,.F.);
#18094 = ORIENTED_EDGE('',*,*,#18042,.T.);
#18095 = ORIENTED_EDGE('',*,*,#18096,.T.);
#18096 = EDGE_CURVE('',#18043,#18097,#18099,.T.);
#18097 = VERTEX_POINT('',#18098);
#18098 = CARTESIAN_POINT('',(19.75,19.7,41.5));
#18099 = SURFACE_CURVE('',#18100,(#18104,#18111),.PCURVE_S1.);
#18100 = LINE('',#18101,#18102);
#18101 = CARTESIAN_POINT('',(19.75,19.7,38.5));
#18102 = VECTOR('',#18103,1.);
#18103 = DIRECTION('',(-0.,-0.,1.));
#18104 = PCURVE('',#13280,#18105);
#18105 = DEFINITIONAL_REPRESENTATION('',(#18106),#18110);
#18106 = LINE('',#18107,#18108);
#18107 = CARTESIAN_POINT('',(-0.,-0.9));
#18108 = VECTOR('',#18109,1.);
#18109 = DIRECTION('',(-1.,-0.));
#18110 = ( GEOMETRIC_REPRESENTATION_CONTEXT(2) 
PARAMETRIC_REPRESENTATION_CONTEXT() REPRESENTATION_CONTEXT('2D SPACE',''
  ) );
#18111 = PCURVE('',#18079,#18112);
#18112 = DEFINITIONAL_REPRESENTATION('',(#18113),#18117);
#18113 = LINE('',#18114,#18115);
#18114 = CARTESIAN_POINT('',(-0.,2.));
#18115 = VECTOR('',#18116,1.);
#18116 = DIRECTION('',(-1.,0.));
#18117 = ( GEOMETRIC_REPRESENTATION_CONTEXT(2) 
PARAMETRIC_REPRESENTATION_CONTEXT() REPRESENTATION_CONTEXT('2D SPACE',''
  ) );
#18118 = ORIENTED_EDGE('',*,*,#18119,.F.);
#18119 = EDGE_CURVE('',#13239,#18097,#18120,.T.);
#18120 = SURFACE_CURVE('',#18121,(#18125,#18132),.PCURVE_S1.);
#18121 = LINE('',#18122,#18123);
#18122 = CARTESIAN_POINT('',(19.75,18.8,41.5));
#18123 = VECTOR('',#18124,1.);
#18124 = DIRECTION('',(-0.,1.,-0.));
#18125 = PCURVE('',#13280,#18126);
#18126 = DEFINITIONAL_REPRESENTATION('',(#18127),#18131);
#18127 = LINE('',#18128,#18129);
#18128 = CARTESIAN_POINT('',(-3.,-0.));
#18129 = VECTOR('',#18130,1.);
#18130 = DIRECTION('',(-0.,-1.));
#18131 = ( GEOMETRIC_REPRESENTATION_CONTEXT(2) 
PARAMETRIC_REPRESENTATION_CONTEXT() REPRESENTATION_CONTEXT('2D SPACE',''
  ) );
#18132 = PCURVE('',#13254,#18133);
#18133 = DEFINITIONAL_REPRESENTATION('',(#18134),#18138);
#18134 = LINE('',#18135,#18136);
#18135 = CARTESIAN_POINT('',(-2.,0.));
#18136 = VECTOR('',#18137,1.);
#18137 = DIRECTION('',(-0.,1.));
#18138 = ( GEOMETRIC_REPRESENTATION_CONTEXT(2) 
PARAMETRIC_REPRESENTATION_CONTEXT() REPRESENTATION_CONTEXT('2D SPACE',''
  ) );
#18139 = ADVANCED_FACE('',(#18140),#13254,.T.);
#18140 = FACE_BOUND('',#18141,.F.);
#18141 = EDGE_LOOP('',(#18142,#18165,#18166,#18167,#18168,#18169));
#18142 = ORIENTED_EDGE('',*,*,#18143,.F.);
#18143 = EDGE_CURVE('',#13555,#18144,#18146,.T.);
#18144 = VERTEX_POINT('',#18145);
#18145 = CARTESIAN_POINT('',(21.75,19.7,41.5));
#18146 = SURFACE_CURVE('',#18147,(#18151,#18158),.PCURVE_S1.);
#18147 = LINE('',#18148,#18149);
#18148 = CARTESIAN_POINT('',(21.75,18.8,41.5));
#18149 = VECTOR('',#18150,1.);
#18150 = DIRECTION('',(-0.,1.,-0.));
#18151 = PCURVE('',#13254,#18152);
#18152 = DEFINITIONAL_REPRESENTATION('',(#18153),#18157);
#18153 = LINE('',#18154,#18155);
#18154 = CARTESIAN_POINT('',(0.,-0.));
#18155 = VECTOR('',#18156,1.);
#18156 = DIRECTION('',(-0.,1.));
#18157 = ( GEOMETRIC_REPRESENTATION_CONTEXT(2) 
PARAMETRIC_REPRESENTATION_CONTEXT() REPRESENTATION_CONTEXT('2D SPACE',''
  ) );
#18158 = PCURVE('',#13570,#18159);
#18159 = DEFINITIONAL_REPRESENTATION('',(#18160),#18164);
#18160 = LINE('',#18161,#18162);
#18161 = CARTESIAN_POINT('',(-3.,-0.));
#18162 = VECTOR('',#18163,1.);
#18163 = DIRECTION('',(-0.,-1.));
#18164 = ( GEOMETRIC_REPRESENTATION_CONTEXT(2) 
PARAMETRIC_REPRESENTATION_CONTEXT() REPRESENTATION_CONTEXT('2D SPACE',''
  ) );
#18165 = ORIENTED_EDGE('',*,*,#13582,.T.);
#18166 = ORIENTED_EDGE('',*,*,#13296,.T.);
#18167 = ORIENTED_EDGE('',*,*,#13238,.T.);
#18168 = ORIENTED_EDGE('',*,*,#18119,.T.);
#18169 = ORIENTED_EDGE('',*,*,#18170,.F.);
#18170 = EDGE_CURVE('',#18144,#18097,#18171,.T.);
#18171 = SURFACE_CURVE('',#18172,(#18176,#18183),.PCURVE_S1.);
#18172 = LINE('',#18173,#18174);
#18173 = CARTESIAN_POINT('',(21.75,19.7,41.5));
#18174 = VECTOR('',#18175,1.);
#18175 = DIRECTION('',(-1.,-0.,-0.));
#18176 = PCURVE('',#13254,#18177);
#18177 = DEFINITIONAL_REPRESENTATION('',(#18178),#18182);
#18178 = LINE('',#18179,#18180);
#18179 = CARTESIAN_POINT('',(0.,0.9));
#18180 = VECTOR('',#18181,1.);
#18181 = DIRECTION('',(-1.,0.));
#18182 = ( GEOMETRIC_REPRESENTATION_CONTEXT(2) 
PARAMETRIC_REPRESENTATION_CONTEXT() REPRESENTATION_CONTEXT('2D SPACE',''
  ) );
#18183 = PCURVE('',#18079,#18184);
#18184 = DEFINITIONAL_REPRESENTATION('',(#18185),#18189);
#18185 = LINE('',#18186,#18187);
#18186 = CARTESIAN_POINT('',(-3.,-0.));
#18187 = VECTOR('',#18188,1.);
#18188 = DIRECTION('',(-0.,1.));
#18189 = ( GEOMETRIC_REPRESENTATION_CONTEXT(2) 
PARAMETRIC_REPRESENTATION_CONTEXT() REPRESENTATION_CONTEXT('2D SPACE',''
  ) );
#18190 = ADVANCED_FACE('',(#18191),#13332,.F.);
#18191 = FACE_BOUND('',#18192,.T.);
#18192 = EDGE_LOOP('',(#18193,#18216,#18217,#18218,#18219,#18242));
#18193 = ORIENTED_EDGE('',*,*,#18194,.F.);
#18194 = EDGE_CURVE('',#13608,#18195,#18197,.T.);
#18195 = VERTEX_POINT('',#18196);
#18196 = CARTESIAN_POINT('',(21.75,19.7,48.5));
#18197 = SURFACE_CURVE('',#18198,(#18202,#18209),.PCURVE_S1.);
#18198 = LINE('',#18199,#18200);
#18199 = CARTESIAN_POINT('',(21.75,18.8,48.5));
#18200 = VECTOR('',#18201,1.);
#18201 = DIRECTION('',(-0.,1.,-0.));
#18202 = PCURVE('',#13332,#18203);
#18203 = DEFINITIONAL_REPRESENTATION('',(#18204),#18208);
#18204 = LINE('',#18205,#18206);
#18205 = CARTESIAN_POINT('',(0.,-0.));
#18206 = VECTOR('',#18207,1.);
#18207 = DIRECTION('',(-0.,1.));
#18208 = ( GEOMETRIC_REPRESENTATION_CONTEXT(2) 
PARAMETRIC_REPRESENTATION_CONTEXT() REPRESENTATION_CONTEXT('2D SPACE',''
  ) );
#18209 = PCURVE('',#13646,#18210);
#18210 = DEFINITIONAL_REPRESENTATION('',(#18211),#18215);
#18211 = LINE('',#18212,#18213);
#18212 = CARTESIAN_POINT('',(-0.,-0.));
#18213 = VECTOR('',#18214,1.);
#18214 = DIRECTION('',(-0.,-1.));
#18215 = ( GEOMETRIC_REPRESENTATION_CONTEXT(2) 
PARAMETRIC_REPRESENTATION_CONTEXT() REPRESENTATION_CONTEXT('2D SPACE',''
  ) );
#18216 = ORIENTED_EDGE('',*,*,#13607,.T.);
#18217 = ORIENTED_EDGE('',*,*,#13318,.T.);
#18218 = ORIENTED_EDGE('',*,*,#13347,.T.);
#18219 = ORIENTED_EDGE('',*,*,#18220,.T.);
#18220 = EDGE_CURVE('',#13348,#18221,#18223,.T.);
#18221 = VERTEX_POINT('',#18222);
#18222 = CARTESIAN_POINT('',(19.75,19.7,48.5));
#18223 = SURFACE_CURVE('',#18224,(#18228,#18235),.PCURVE_S1.);
#18224 = LINE('',#18225,#18226);
#18225 = CARTESIAN_POINT('',(19.75,18.8,48.5));
#18226 = VECTOR('',#18227,1.);
#18227 = DIRECTION('',(-0.,1.,-0.));
#18228 = PCURVE('',#13332,#18229);
#18229 = DEFINITIONAL_REPRESENTATION('',(#18230),#18234);
#18230 = LINE('',#18231,#18232);
#18231 = CARTESIAN_POINT('',(-2.,0.));
#18232 = VECTOR('',#18233,1.);
#18233 = DIRECTION('',(-0.,1.));
#18234 = ( GEOMETRIC_REPRESENTATION_CONTEXT(2) 
PARAMETRIC_REPRESENTATION_CONTEXT() REPRESENTATION_CONTEXT('2D SPACE',''
  ) );
#18235 = PCURVE('',#13413,#18236);
#18236 = DEFINITIONAL_REPRESENTATION('',(#18237),#18241);
#18237 = LINE('',#18238,#18239);
#18238 = CARTESIAN_POINT('',(-0.,-0.));
#18239 = VECTOR('',#18240,1.);
#18240 = DIRECTION('',(-0.,-1.));
#18241 = ( GEOMETRIC_REPRESENTATION_CONTEXT(2) 
PARAMETRIC_REPRESENTATION_CONTEXT() REPRESENTATION_CONTEXT('2D SPACE',''
  ) );
#18242 = ORIENTED_EDGE('',*,*,#18243,.F.);
#18243 = EDGE_CURVE('',#18195,#18221,#18244,.T.);
#18244 = SURFACE_CURVE('',#18245,(#18249,#18256),.PCURVE_S1.);
#18245 = LINE('',#18246,#18247);
#18246 = CARTESIAN_POINT('',(21.75,19.7,48.5));
#18247 = VECTOR('',#18248,1.);
#18248 = DIRECTION('',(-1.,-0.,-0.));
#18249 = PCURVE('',#13332,#18250);
#18250 = DEFINITIONAL_REPRESENTATION('',(#18251),#18255);
#18251 = LINE('',#18252,#18253);
#18252 = CARTESIAN_POINT('',(0.,0.9));
#18253 = VECTOR('',#18254,1.);
#18254 = DIRECTION('',(-1.,0.));
#18255 = ( GEOMETRIC_REPRESENTATION_CONTEXT(2) 
PARAMETRIC_REPRESENTATION_CONTEXT() REPRESENTATION_CONTEXT('2D SPACE',''
  ) );
#18256 = PCURVE('',#18257,#18262);
#18257 = PLANE('',#18258);
#18258 = AXIS2_PLACEMENT_3D('',#18259,#18260,#18261);
#18259 = CARTESIAN_POINT('',(21.75,19.7,48.5));
#18260 = DIRECTION('',(-0.,1.,-0.));
#18261 = DIRECTION('',(0.,0.,-1.));
#18262 = DEFINITIONAL_REPRESENTATION('',(#18263),#18267);
#18263 = LINE('',#18264,#18265);
#18264 = CARTESIAN_POINT('',(-0.,-0.));
#18265 = VECTOR('',#18266,1.);
#18266 = DIRECTION('',(-0.,1.));
#18267 = ( GEOMETRIC_REPRESENTATION_CONTEXT(2) 
PARAMETRIC_REPRESENTATION_CONTEXT() REPRESENTATION_CONTEXT('2D SPACE',''
  ) );
#18268 = ADVANCED_FACE('',(#18269),#13413,.T.);
#18269 = FACE_BOUND('',#18270,.F.);
#18270 = EDGE_LOOP('',(#18271,#18272,#18273,#18296));
#18271 = ORIENTED_EDGE('',*,*,#13399,.F.);
#18272 = ORIENTED_EDGE('',*,*,#18220,.T.);
#18273 = ORIENTED_EDGE('',*,*,#18274,.T.);
#18274 = EDGE_CURVE('',#18221,#18275,#18277,.T.);
#18275 = VERTEX_POINT('',#18276);
#18276 = CARTESIAN_POINT('',(19.75,19.7,51.5));
#18277 = SURFACE_CURVE('',#18278,(#18282,#18289),.PCURVE_S1.);
#18278 = LINE('',#18279,#18280);
#18279 = CARTESIAN_POINT('',(19.75,19.7,48.5));
#18280 = VECTOR('',#18281,1.);
#18281 = DIRECTION('',(-0.,-0.,1.));
#18282 = PCURVE('',#13413,#18283);
#18283 = DEFINITIONAL_REPRESENTATION('',(#18284),#18288);
#18284 = LINE('',#18285,#18286);
#18285 = CARTESIAN_POINT('',(-0.,-0.9));
#18286 = VECTOR('',#18287,1.);
#18287 = DIRECTION('',(-1.,-0.));
#18288 = ( GEOMETRIC_REPRESENTATION_CONTEXT(2) 
PARAMETRIC_REPRESENTATION_CONTEXT() REPRESENTATION_CONTEXT('2D SPACE',''
  ) );
#18289 = PCURVE('',#18257,#18290);
#18290 = DEFINITIONAL_REPRESENTATION('',(#18291),#18295);
#18291 = LINE('',#18292,#18293);
#18292 = CARTESIAN_POINT('',(-0.,2.));
#18293 = VECTOR('',#18294,1.);
#18294 = DIRECTION('',(-1.,0.));
#18295 = ( GEOMETRIC_REPRESENTATION_CONTEXT(2) 
PARAMETRIC_REPRESENTATION_CONTEXT() REPRESENTATION_CONTEXT('2D SPACE',''
  ) );
#18296 = ORIENTED_EDGE('',*,*,#18297,.F.);
#18297 = EDGE_CURVE('',#13372,#18275,#18298,.T.);
#18298 = SURFACE_CURVE('',#18299,(#18303,#18310),.PCURVE_S1.);
#18299 = LINE('',#18300,#18301);
#18300 = CARTESIAN_POINT('',(19.75,18.8,51.5));
#18301 = VECTOR('',#18302,1.);
#18302 = DIRECTION('',(-0.,1.,-0.));
#18303 = PCURVE('',#13413,#18304);
#18304 = DEFINITIONAL_REPRESENTATION('',(#18305),#18309);
#18305 = LINE('',#18306,#18307);
#18306 = CARTESIAN_POINT('',(-3.,-0.));
#18307 = VECTOR('',#18308,1.);
#18308 = DIRECTION('',(-0.,-1.));
#18309 = ( GEOMETRIC_REPRESENTATION_CONTEXT(2) 
PARAMETRIC_REPRESENTATION_CONTEXT() REPRESENTATION_CONTEXT('2D SPACE',''
  ) );
#18310 = PCURVE('',#13387,#18311);
#18311 = DEFINITIONAL_REPRESENTATION('',(#18312),#18316);
#18312 = LINE('',#18313,#18314);
#18313 = CARTESIAN_POINT('',(-2.,0.));
#18314 = VECTOR('',#18315,1.);
#18315 = DIRECTION('',(-0.,1.));
#18316 = ( GEOMETRIC_REPRESENTATION_CONTEXT(2) 
PARAMETRIC_REPRESENTATION_CONTEXT() REPRESENTATION_CONTEXT('2D SPACE',''
  ) );
#18317 = ADVANCED_FACE('',(#18318),#13387,.T.);
#18318 = FACE_BOUND('',#18319,.F.);
#18319 = EDGE_LOOP('',(#18320,#18343,#18344,#18345,#18346,#18347));
#18320 = ORIENTED_EDGE('',*,*,#18321,.F.);
#18321 = EDGE_CURVE('',#13631,#18322,#18324,.T.);
#18322 = VERTEX_POINT('',#18323);
#18323 = CARTESIAN_POINT('',(21.75,19.7,51.5));
#18324 = SURFACE_CURVE('',#18325,(#18329,#18336),.PCURVE_S1.);
#18325 = LINE('',#18326,#18327);
#18326 = CARTESIAN_POINT('',(21.75,18.8,51.5));
#18327 = VECTOR('',#18328,1.);
#18328 = DIRECTION('',(-0.,1.,-0.));
#18329 = PCURVE('',#13387,#18330);
#18330 = DEFINITIONAL_REPRESENTATION('',(#18331),#18335);
#18331 = LINE('',#18332,#18333);
#18332 = CARTESIAN_POINT('',(0.,-0.));
#18333 = VECTOR('',#18334,1.);
#18334 = DIRECTION('',(-0.,1.));
#18335 = ( GEOMETRIC_REPRESENTATION_CONTEXT(2) 
PARAMETRIC_REPRESENTATION_CONTEXT() REPRESENTATION_CONTEXT('2D SPACE',''
  ) );
#18336 = PCURVE('',#13646,#18337);
#18337 = DEFINITIONAL_REPRESENTATION('',(#18338),#18342);
#18338 = LINE('',#18339,#18340);
#18339 = CARTESIAN_POINT('',(-3.,-0.));
#18340 = VECTOR('',#18341,1.);
#18341 = DIRECTION('',(-0.,-1.));
#18342 = ( GEOMETRIC_REPRESENTATION_CONTEXT(2) 
PARAMETRIC_REPRESENTATION_CONTEXT() REPRESENTATION_CONTEXT('2D SPACE',''
  ) );
#18343 = ORIENTED_EDGE('',*,*,#13658,.T.);
#18344 = ORIENTED_EDGE('',*,*,#13429,.T.);
#18345 = ORIENTED_EDGE('',*,*,#13371,.T.);
#18346 = ORIENTED_EDGE('',*,*,#18297,.T.);
#18347 = ORIENTED_EDGE('',*,*,#18348,.F.);
#18348 = EDGE_CURVE('',#18322,#18275,#18349,.T.);
#18349 = SURFACE_CURVE('',#18350,(#18354,#18361),.PCURVE_S1.);
#18350 = LINE('',#18351,#18352);
#18351 = CARTESIAN_POINT('',(21.75,19.7,51.5));
#18352 = VECTOR('',#18353,1.);
#18353 = DIRECTION('',(-1.,-0.,-0.));
#18354 = PCURVE('',#13387,#18355);
#18355 = DEFINITIONAL_REPRESENTATION('',(#18356),#18360);
#18356 = LINE('',#18357,#18358);
#18357 = CARTESIAN_POINT('',(0.,0.9));
#18358 = VECTOR('',#18359,1.);
#18359 = DIRECTION('',(-1.,0.));
#18360 = ( GEOMETRIC_REPRESENTATION_CONTEXT(2) 
PARAMETRIC_REPRESENTATION_CONTEXT() REPRESENTATION_CONTEXT('2D SPACE',''
  ) );
#18361 = PCURVE('',#18257,#18362);
#18362 = DEFINITIONAL_REPRESENTATION('',(#18363),#18367);
#18363 = LINE('',#18364,#18365);
#18364 = CARTESIAN_POINT('',(-3.,-0.));
#18365 = VECTOR('',#18366,1.);
#18366 = DIRECTION('',(-0.,1.));
#18367 = ( GEOMETRIC_REPRESENTATION_CONTEXT(2) 
PARAMETRIC_REPRESENTATION_CONTEXT() REPRESENTATION_CONTEXT('2D SPACE',''
  ) );
#18368 = ADVANCED_FACE('',(#18369),#13494,.F.);
#18369 = FACE_BOUND('',#18370,.T.);
#18370 = EDGE_LOOP('',(#18371,#18372,#18373,#18394));
#18371 = ORIENTED_EDGE('',*,*,#13478,.F.);
#18372 = ORIENTED_EDGE('',*,*,#17838,.T.);
#18373 = ORIENTED_EDGE('',*,*,#18374,.T.);
#18374 = EDGE_CURVE('',#17839,#17966,#18375,.T.);
#18375 = SURFACE_CURVE('',#18376,(#18380,#18387),.PCURVE_S1.);
#18376 = LINE('',#18377,#18378);
#18377 = CARTESIAN_POINT('',(21.75,19.7,28.5));
#18378 = VECTOR('',#18379,1.);
#18379 = DIRECTION('',(-0.,-0.,1.));
#18380 = PCURVE('',#13494,#18381);
#18381 = DEFINITIONAL_REPRESENTATION('',(#18382),#18386);
#18382 = LINE('',#18383,#18384);
#18383 = CARTESIAN_POINT('',(-0.,-0.9));
#18384 = VECTOR('',#18385,1.);
#18385 = DIRECTION('',(-1.,-0.));
#18386 = ( GEOMETRIC_REPRESENTATION_CONTEXT(2) 
PARAMETRIC_REPRESENTATION_CONTEXT() REPRESENTATION_CONTEXT('2D SPACE',''
  ) );
#18387 = PCURVE('',#17901,#18388);
#18388 = DEFINITIONAL_REPRESENTATION('',(#18389),#18393);
#18389 = LINE('',#18390,#18391);
#18390 = CARTESIAN_POINT('',(-0.,-0.));
#18391 = VECTOR('',#18392,1.);
#18392 = DIRECTION('',(-1.,0.));
#18393 = ( GEOMETRIC_REPRESENTATION_CONTEXT(2) 
PARAMETRIC_REPRESENTATION_CONTEXT() REPRESENTATION_CONTEXT('2D SPACE',''
  ) );
#18394 = ORIENTED_EDGE('',*,*,#17965,.F.);
#18395 = ADVANCED_FACE('',(#18396),#13570,.F.);
#18396 = FACE_BOUND('',#18397,.T.);
#18397 = EDGE_LOOP('',(#18398,#18399,#18400,#18421));
#18398 = ORIENTED_EDGE('',*,*,#13554,.F.);
#18399 = ORIENTED_EDGE('',*,*,#18016,.T.);
#18400 = ORIENTED_EDGE('',*,*,#18401,.T.);
#18401 = EDGE_CURVE('',#18017,#18144,#18402,.T.);
#18402 = SURFACE_CURVE('',#18403,(#18407,#18414),.PCURVE_S1.);
#18403 = LINE('',#18404,#18405);
#18404 = CARTESIAN_POINT('',(21.75,19.7,38.5));
#18405 = VECTOR('',#18406,1.);
#18406 = DIRECTION('',(-0.,-0.,1.));
#18407 = PCURVE('',#13570,#18408);
#18408 = DEFINITIONAL_REPRESENTATION('',(#18409),#18413);
#18409 = LINE('',#18410,#18411);
#18410 = CARTESIAN_POINT('',(-0.,-0.9));
#18411 = VECTOR('',#18412,1.);
#18412 = DIRECTION('',(-1.,-0.));
#18413 = ( GEOMETRIC_REPRESENTATION_CONTEXT(2) 
PARAMETRIC_REPRESENTATION_CONTEXT() REPRESENTATION_CONTEXT('2D SPACE',''
  ) );
#18414 = PCURVE('',#18079,#18415);
#18415 = DEFINITIONAL_REPRESENTATION('',(#18416),#18420);
#18416 = LINE('',#18417,#18418);
#18417 = CARTESIAN_POINT('',(-0.,-0.));
#18418 = VECTOR('',#18419,1.);
#18419 = DIRECTION('',(-1.,0.));
#18420 = ( GEOMETRIC_REPRESENTATION_CONTEXT(2) 
PARAMETRIC_REPRESENTATION_CONTEXT() REPRESENTATION_CONTEXT('2D SPACE',''
  ) );
#18421 = ORIENTED_EDGE('',*,*,#18143,.F.);
#18422 = ADVANCED_FACE('',(#18423),#13646,.F.);
#18423 = FACE_BOUND('',#18424,.T.);
#18424 = EDGE_LOOP('',(#18425,#18426,#18427,#18448));
#18425 = ORIENTED_EDGE('',*,*,#13630,.F.);
#18426 = ORIENTED_EDGE('',*,*,#18194,.T.);
#18427 = ORIENTED_EDGE('',*,*,#18428,.T.);
#18428 = EDGE_CURVE('',#18195,#18322,#18429,.T.);
#18429 = SURFACE_CURVE('',#18430,(#18434,#18441),.PCURVE_S1.);
#18430 = LINE('',#18431,#18432);
#18431 = CARTESIAN_POINT('',(21.75,19.7,48.5));
#18432 = VECTOR('',#18433,1.);
#18433 = DIRECTION('',(-0.,-0.,1.));
#18434 = PCURVE('',#13646,#18435);
#18435 = DEFINITIONAL_REPRESENTATION('',(#18436),#18440);
#18436 = LINE('',#18437,#18438);
#18437 = CARTESIAN_POINT('',(-0.,-0.9));
#18438 = VECTOR('',#18439,1.);
#18439 = DIRECTION('',(-1.,-0.));
#18440 = ( GEOMETRIC_REPRESENTATION_CONTEXT(2) 
PARAMETRIC_REPRESENTATION_CONTEXT() REPRESENTATION_CONTEXT('2D SPACE',''
  ) );
#18441 = PCURVE('',#18257,#18442);
#18442 = DEFINITIONAL_REPRESENTATION('',(#18443),#18447);
#18443 = LINE('',#18444,#18445);
#18444 = CARTESIAN_POINT('',(-0.,-0.));
#18445 = VECTOR('',#18446,1.);
#18446 = DIRECTION('',(-1.,0.));
#18447 = ( GEOMETRIC_REPRESENTATION_CONTEXT(2) 
PARAMETRIC_REPRESENTATION_CONTEXT() REPRESENTATION_CONTEXT('2D SPACE',''
  ) );
#18448 = ORIENTED_EDGE('',*,*,#18321,.F.);
#18449 = ADVANCED_FACE('',(#18450),#13800,.T.);
#18450 = FACE_BOUND('',#18451,.F.);
#18451 = EDGE_LOOP('',(#18452,#18453,#18454,#18455));
#18452 = ORIENTED_EDGE('',*,*,#13786,.F.);
#18453 = ORIENTED_EDGE('',*,*,#13889,.T.);
#18454 = ORIENTED_EDGE('',*,*,#13916,.T.);
#18455 = ORIENTED_EDGE('',*,*,#13840,.F.);
#18456 = ADVANCED_FACE('',(#18457),#14001,.T.);
#18457 = FACE_BOUND('',#18458,.F.);
#18458 = EDGE_LOOP('',(#18459,#18460,#18461,#18462));
#18459 = ORIENTED_EDGE('',*,*,#13987,.F.);
#18460 = ORIENTED_EDGE('',*,*,#14090,.T.);
#18461 = ORIENTED_EDGE('',*,*,#14117,.T.);
#18462 = ORIENTED_EDGE('',*,*,#14041,.F.);
#18463 = ADVANCED_FACE('',(#18464),#14202,.T.);
#18464 = FACE_BOUND('',#18465,.F.);
#18465 = EDGE_LOOP('',(#18466,#18467,#18468,#18469));
#18466 = ORIENTED_EDGE('',*,*,#14188,.F.);
#18467 = ORIENTED_EDGE('',*,*,#14291,.T.);
#18468 = ORIENTED_EDGE('',*,*,#14318,.T.);
#18469 = ORIENTED_EDGE('',*,*,#14242,.F.);
#18470 = ADVANCED_FACE('',(#18471),#14403,.T.);
#18471 = FACE_BOUND('',#18472,.F.);
#18472 = EDGE_LOOP('',(#18473,#18474,#18475,#18476));
#18473 = ORIENTED_EDGE('',*,*,#14389,.F.);
#18474 = ORIENTED_EDGE('',*,*,#14492,.T.);
#18475 = ORIENTED_EDGE('',*,*,#14519,.T.);
#18476 = ORIENTED_EDGE('',*,*,#14443,.F.);
#18477 = ADVANCED_FACE('',(#18478),#14604,.T.);
#18478 = FACE_BOUND('',#18479,.F.);
#18479 = EDGE_LOOP('',(#18480,#18481,#18482,#18483));
#18480 = ORIENTED_EDGE('',*,*,#14590,.F.);
#18481 = ORIENTED_EDGE('',*,*,#14693,.T.);
#18482 = ORIENTED_EDGE('',*,*,#14720,.T.);
#18483 = ORIENTED_EDGE('',*,*,#14644,.F.);
#18484 = ADVANCED_FACE('',(#18485),#14983,.T.);
#18485 = FACE_BOUND('',#18486,.F.);
#18486 = EDGE_LOOP('',(#18487,#18488,#18489,#18490));
#18487 = ORIENTED_EDGE('',*,*,#14969,.F.);
#18488 = ORIENTED_EDGE('',*,*,#15247,.T.);
#18489 = ORIENTED_EDGE('',*,*,#15220,.T.);
#18490 = ORIENTED_EDGE('',*,*,#18491,.F.);
#18491 = EDGE_CURVE('',#14942,#15198,#18492,.T.);
#18492 = SURFACE_CURVE('',#18493,(#18497,#18504),.PCURVE_S1.);
#18493 = LINE('',#18494,#18495);
#18494 = CARTESIAN_POINT('',(7.,17.5,7.75));
#18495 = VECTOR('',#18496,1.);
#18496 = DIRECTION('',(-0.,-0.,1.));
#18497 = PCURVE('',#14983,#18498);
#18498 = DEFINITIONAL_REPRESENTATION('',(#18499),#18503);
#18499 = LINE('',#18500,#18501);
#18500 = CARTESIAN_POINT('',(-2.25,8.5));
#18501 = VECTOR('',#18502,1.);
#18502 = DIRECTION('',(-1.,0.));
#18503 = ( GEOMETRIC_REPRESENTATION_CONTEXT(2) 
PARAMETRIC_REPRESENTATION_CONTEXT() REPRESENTATION_CONTEXT('2D SPACE',''
  ) );
#18504 = PCURVE('',#14957,#18505);
#18505 = DEFINITIONAL_REPRESENTATION('',(#18506),#18510);
#18506 = LINE('',#18507,#18508);
#18507 = CARTESIAN_POINT('',(-2.25,-3.5));
#18508 = VECTOR('',#18509,1.);
#18509 = DIRECTION('',(1.,-0.));
#18510 = ( GEOMETRIC_REPRESENTATION_CONTEXT(2) 
PARAMETRIC_REPRESENTATION_CONTEXT() REPRESENTATION_CONTEXT('2D SPACE',''
  ) );
#18511 = ADVANCED_FACE('',(#18512),#14957,.F.);
#18512 = FACE_BOUND('',#18513,.T.);
#18513 = EDGE_LOOP('',(#18514,#18515,#18536,#18537));
#18514 = ORIENTED_EDGE('',*,*,#14941,.T.);
#18515 = ORIENTED_EDGE('',*,*,#18516,.T.);
#18516 = EDGE_CURVE('',#14909,#15170,#18517,.T.);
#18517 = SURFACE_CURVE('',#18518,(#18522,#18529),.PCURVE_S1.);
#18518 = LINE('',#18519,#18520);
#18519 = CARTESIAN_POINT('',(7.,15.6,-1.));
#18520 = VECTOR('',#18521,1.);
#18521 = DIRECTION('',(-0.,-0.,1.));
#18522 = PCURVE('',#14957,#18523);
#18523 = DEFINITIONAL_REPRESENTATION('',(#18524),#18528);
#18524 = LINE('',#18525,#18526);
#18525 = CARTESIAN_POINT('',(-11.,-1.6));
#18526 = VECTOR('',#18527,1.);
#18527 = DIRECTION('',(1.,-0.));
#18528 = ( GEOMETRIC_REPRESENTATION_CONTEXT(2) 
PARAMETRIC_REPRESENTATION_CONTEXT() REPRESENTATION_CONTEXT('2D SPACE',''
  ) );
#18529 = PCURVE('',#14929,#18530);
#18530 = DEFINITIONAL_REPRESENTATION('',(#18531),#18535);
#18531 = LINE('',#18532,#18533);
#18532 = CARTESIAN_POINT('',(1.570796326795,0.));
#18533 = VECTOR('',#18534,1.);
#18534 = DIRECTION('',(0.,1.));
#18535 = ( GEOMETRIC_REPRESENTATION_CONTEXT(2) 
PARAMETRIC_REPRESENTATION_CONTEXT() REPRESENTATION_CONTEXT('2D SPACE',''
  ) );
#18536 = ORIENTED_EDGE('',*,*,#15197,.F.);
#18537 = ORIENTED_EDGE('',*,*,#18491,.F.);
#18538 = ADVANCED_FACE('',(#18539),#14929,.F.);
#18539 = FACE_BOUND('',#18540,.F.);
#18540 = EDGE_LOOP('',(#18541,#18562,#18563,#18564));
#18541 = ORIENTED_EDGE('',*,*,#18542,.F.);
#18542 = EDGE_CURVE('',#14881,#15147,#18543,.T.);
#18543 = SURFACE_CURVE('',#18544,(#18548,#18555),.PCURVE_S1.);
#18544 = LINE('',#18545,#18546);
#18545 = CARTESIAN_POINT('',(5.4,14.,-1.));
#18546 = VECTOR('',#18547,1.);
#18547 = DIRECTION('',(-0.,-0.,1.));
#18548 = PCURVE('',#14929,#18549);
#18549 = DEFINITIONAL_REPRESENTATION('',(#18550),#18554);
#18550 = LINE('',#18551,#18552);
#18551 = CARTESIAN_POINT('',(0.,0.));
#18552 = VECTOR('',#18553,1.);
#18553 = DIRECTION('',(0.,1.));
#18554 = ( GEOMETRIC_REPRESENTATION_CONTEXT(2) 
PARAMETRIC_REPRESENTATION_CONTEXT() REPRESENTATION_CONTEXT('2D SPACE',''
  ) );
#18555 = PCURVE('',#14896,#18556);
#18556 = DEFINITIONAL_REPRESENTATION('',(#18557),#18561);
#18557 = LINE('',#18558,#18559);
#18558 = CARTESIAN_POINT('',(-1.,-5.4));
#18559 = VECTOR('',#18560,1.);
#18560 = DIRECTION('',(1.,-0.));
#18561 = ( GEOMETRIC_REPRESENTATION_CONTEXT(2) 
PARAMETRIC_REPRESENTATION_CONTEXT() REPRESENTATION_CONTEXT('2D SPACE',''
  ) );
#18562 = ORIENTED_EDGE('',*,*,#14908,.F.);
#18563 = ORIENTED_EDGE('',*,*,#18516,.T.);
#18564 = ORIENTED_EDGE('',*,*,#15169,.T.);
#18565 = ADVANCED_FACE('',(#18566),#14896,.F.);
#18566 = FACE_BOUND('',#18567,.T.);
#18567 = EDGE_LOOP('',(#18568,#18569,#18570,#18571));
#18568 = ORIENTED_EDGE('',*,*,#15146,.F.);
#18569 = ORIENTED_EDGE('',*,*,#18542,.F.);
#18570 = ORIENTED_EDGE('',*,*,#14880,.T.);
#18571 = ORIENTED_EDGE('',*,*,#18572,.T.);
#18572 = EDGE_CURVE('',#14848,#15119,#18573,.T.);
#18573 = SURFACE_CURVE('',#18574,(#18578,#18585),.PCURVE_S1.);
#18574 = LINE('',#18575,#18576);
#18575 = CARTESIAN_POINT('',(-5.4,14.,-1.));
#18576 = VECTOR('',#18577,1.);
#18577 = DIRECTION('',(-0.,-0.,1.));
#18578 = PCURVE('',#14896,#18579);
#18579 = DEFINITIONAL_REPRESENTATION('',(#18580),#18584);
#18580 = LINE('',#18581,#18582);
#18581 = CARTESIAN_POINT('',(-1.,5.4));
#18582 = VECTOR('',#18583,1.);
#18583 = DIRECTION('',(1.,-0.));
#18584 = ( GEOMETRIC_REPRESENTATION_CONTEXT(2) 
PARAMETRIC_REPRESENTATION_CONTEXT() REPRESENTATION_CONTEXT('2D SPACE',''
  ) );
#18585 = PCURVE('',#14868,#18586);
#18586 = DEFINITIONAL_REPRESENTATION('',(#18587),#18591);
#18587 = LINE('',#18588,#18589);
#18588 = CARTESIAN_POINT('',(-0.,0.));
#18589 = VECTOR('',#18590,1.);
#18590 = DIRECTION('',(-0.,1.));
#18591 = ( GEOMETRIC_REPRESENTATION_CONTEXT(2) 
PARAMETRIC_REPRESENTATION_CONTEXT() REPRESENTATION_CONTEXT('2D SPACE',''
  ) );
#18592 = ADVANCED_FACE('',(#18593),#14868,.F.);
#18593 = FACE_BOUND('',#18594,.T.);
#18594 = EDGE_LOOP('',(#18595,#18596,#18597,#18618));
#18595 = ORIENTED_EDGE('',*,*,#18572,.F.);
#18596 = ORIENTED_EDGE('',*,*,#14847,.T.);
#18597 = ORIENTED_EDGE('',*,*,#18598,.T.);
#18598 = EDGE_CURVE('',#14820,#15096,#18599,.T.);
#18599 = SURFACE_CURVE('',#18600,(#18604,#18611),.PCURVE_S1.);
#18600 = LINE('',#18601,#18602);
#18601 = CARTESIAN_POINT('',(-7.,15.6,-1.));
#18602 = VECTOR('',#18603,1.);
#18603 = DIRECTION('',(-0.,-0.,1.));
#18604 = PCURVE('',#14868,#18605);
#18605 = DEFINITIONAL_REPRESENTATION('',(#18606),#18610);
#18606 = LINE('',#18607,#18608);
#18607 = CARTESIAN_POINT('',(-1.570796326795,0.));
#18608 = VECTOR('',#18609,1.);
#18609 = DIRECTION('',(-0.,1.));
#18610 = ( GEOMETRIC_REPRESENTATION_CONTEXT(2) 
PARAMETRIC_REPRESENTATION_CONTEXT() REPRESENTATION_CONTEXT('2D SPACE',''
  ) );
#18611 = PCURVE('',#14835,#18612);
#18612 = DEFINITIONAL_REPRESENTATION('',(#18613),#18617);
#18613 = LINE('',#18614,#18615);
#18614 = CARTESIAN_POINT('',(-9.,-1.6));
#18615 = VECTOR('',#18616,1.);
#18616 = DIRECTION('',(-1.,-0.));
#18617 = ( GEOMETRIC_REPRESENTATION_CONTEXT(2) 
PARAMETRIC_REPRESENTATION_CONTEXT() REPRESENTATION_CONTEXT('2D SPACE',''
  ) );
#18618 = ORIENTED_EDGE('',*,*,#15118,.F.);
#18619 = ADVANCED_FACE('',(#18620),#14835,.F.);
#18620 = FACE_BOUND('',#18621,.T.);
#18621 = EDGE_LOOP('',(#18622,#18623,#18624,#18625));
#18622 = ORIENTED_EDGE('',*,*,#15095,.F.);
#18623 = ORIENTED_EDGE('',*,*,#18598,.F.);
#18624 = ORIENTED_EDGE('',*,*,#14819,.T.);
#18625 = ORIENTED_EDGE('',*,*,#18626,.F.);
#18626 = EDGE_CURVE('',#15073,#14792,#18627,.T.);
#18627 = SURFACE_CURVE('',#18628,(#18632,#18639),.PCURVE_S1.);
#18628 = LINE('',#18629,#18630);
#18629 = CARTESIAN_POINT('',(-7.,17.5,-2.25));
#18630 = VECTOR('',#18631,1.);
#18631 = DIRECTION('',(-0.,0.,-1.));
#18632 = PCURVE('',#14835,#18633);
#18633 = DEFINITIONAL_REPRESENTATION('',(#18634),#18638);
#18634 = LINE('',#18635,#18636);
#18635 = CARTESIAN_POINT('',(-7.75,-3.5));
#18636 = VECTOR('',#18637,1.);
#18637 = DIRECTION('',(1.,-0.));
#18638 = ( GEOMETRIC_REPRESENTATION_CONTEXT(2) 
PARAMETRIC_REPRESENTATION_CONTEXT() REPRESENTATION_CONTEXT('2D SPACE',''
  ) );
#18639 = PCURVE('',#14807,#18640);
#18640 = DEFINITIONAL_REPRESENTATION('',(#18641),#18645);
#18641 = LINE('',#18642,#18643);
#18642 = CARTESIAN_POINT('',(7.75,22.5));
#18643 = VECTOR('',#18644,1.);
#18644 = DIRECTION('',(1.,-0.));
#18645 = ( GEOMETRIC_REPRESENTATION_CONTEXT(2) 
PARAMETRIC_REPRESENTATION_CONTEXT() REPRESENTATION_CONTEXT('2D SPACE',''
  ) );
#18646 = ADVANCED_FACE('',(#18647),#14807,.T.);
#18647 = FACE_BOUND('',#18648,.F.);
#18648 = EDGE_LOOP('',(#18649,#18650,#18651,#18652));
#18649 = ORIENTED_EDGE('',*,*,#14791,.F.);
#18650 = ORIENTED_EDGE('',*,*,#18626,.F.);
#18651 = ORIENTED_EDGE('',*,*,#15072,.T.);
#18652 = ORIENTED_EDGE('',*,*,#15023,.F.);
#18653 = ADVANCED_FACE('',(#18654),#15332,.T.);
#18654 = FACE_BOUND('',#18655,.F.);
#18655 = EDGE_LOOP('',(#18656,#18657,#18658,#18659));
#18656 = ORIENTED_EDGE('',*,*,#15318,.F.);
#18657 = ORIENTED_EDGE('',*,*,#15421,.T.);
#18658 = ORIENTED_EDGE('',*,*,#15448,.T.);
#18659 = ORIENTED_EDGE('',*,*,#15372,.F.);
#18660 = ADVANCED_FACE('',(#18661),#15646,.T.);
#18661 = FACE_BOUND('',#18662,.F.);
#18662 = EDGE_LOOP('',(#18663,#18664,#18665,#18666));
#18663 = ORIENTED_EDGE('',*,*,#15632,.F.);
#18664 = ORIENTED_EDGE('',*,*,#15763,.T.);
#18665 = ORIENTED_EDGE('',*,*,#15737,.T.);
#18666 = ORIENTED_EDGE('',*,*,#15663,.F.);
#18667 = ADVANCED_FACE('',(#18668),#15851,.T.);
#18668 = FACE_BOUND('',#18669,.F.);
#18669 = EDGE_LOOP('',(#18670,#18671,#18672,#18673));
#18670 = ORIENTED_EDGE('',*,*,#15837,.F.);
#18671 = ORIENTED_EDGE('',*,*,#16324,.T.);
#18672 = ORIENTED_EDGE('',*,*,#15942,.T.);
#18673 = ORIENTED_EDGE('',*,*,#15868,.F.);
#18674 = ADVANCED_FACE('',(#18675),#16029,.T.);
#18675 = FACE_BOUND('',#18676,.F.);
#18676 = EDGE_LOOP('',(#18677,#18678,#18679,#18680));
#18677 = ORIENTED_EDGE('',*,*,#16015,.F.);
#18678 = ORIENTED_EDGE('',*,*,#16351,.T.);
#18679 = ORIENTED_EDGE('',*,*,#16120,.T.);
#18680 = ORIENTED_EDGE('',*,*,#16046,.F.);
#18681 = ADVANCED_FACE('',(#18682),#16207,.T.);
#18682 = FACE_BOUND('',#18683,.F.);
#18683 = EDGE_LOOP('',(#18684,#18685,#18686,#18687));
#18684 = ORIENTED_EDGE('',*,*,#16193,.F.);
#18685 = ORIENTED_EDGE('',*,*,#16378,.T.);
#18686 = ORIENTED_EDGE('',*,*,#16298,.T.);
#18687 = ORIENTED_EDGE('',*,*,#16224,.F.);
#18688 = ADVANCED_FACE('',(#18689),#16466,.T.);
#18689 = FACE_BOUND('',#18690,.F.);
#18690 = EDGE_LOOP('',(#18691,#18692,#18693,#18694));
#18691 = ORIENTED_EDGE('',*,*,#16452,.F.);
#18692 = ORIENTED_EDGE('',*,*,#16939,.T.);
#18693 = ORIENTED_EDGE('',*,*,#16557,.T.);
#18694 = ORIENTED_EDGE('',*,*,#16483,.F.);
#18695 = ADVANCED_FACE('',(#18696),#16644,.T.);
#18696 = FACE_BOUND('',#18697,.F.);
#18697 = EDGE_LOOP('',(#18698,#18699,#18700,#18701));
#18698 = ORIENTED_EDGE('',*,*,#16630,.F.);
#18699 = ORIENTED_EDGE('',*,*,#16966,.T.);
#18700 = ORIENTED_EDGE('',*,*,#16735,.T.);
#18701 = ORIENTED_EDGE('',*,*,#16661,.F.);
#18702 = ADVANCED_FACE('',(#18703),#16822,.T.);
#18703 = FACE_BOUND('',#18704,.F.);
#18704 = EDGE_LOOP('',(#18705,#18706,#18707,#18708));
#18705 = ORIENTED_EDGE('',*,*,#16808,.F.);
#18706 = ORIENTED_EDGE('',*,*,#16993,.T.);
#18707 = ORIENTED_EDGE('',*,*,#16913,.T.);
#18708 = ORIENTED_EDGE('',*,*,#16839,.F.);
#18709 = ADVANCED_FACE('',(#18710),#17081,.T.);
#18710 = FACE_BOUND('',#18711,.F.);
#18711 = EDGE_LOOP('',(#18712,#18713,#18714,#18715));
#18712 = ORIENTED_EDGE('',*,*,#17067,.F.);
#18713 = ORIENTED_EDGE('',*,*,#17198,.T.);
#18714 = ORIENTED_EDGE('',*,*,#17172,.T.);
#18715 = ORIENTED_EDGE('',*,*,#17098,.F.);
#18716 = ADVANCED_FACE('',(#18717),#17286,.T.);
#18717 = FACE_BOUND('',#18718,.F.);
#18718 = EDGE_LOOP('',(#18719,#18720,#18721,#18722));
#18719 = ORIENTED_EDGE('',*,*,#17272,.F.);
#18720 = ORIENTED_EDGE('',*,*,#17759,.T.);
#18721 = ORIENTED_EDGE('',*,*,#17377,.T.);
#18722 = ORIENTED_EDGE('',*,*,#17303,.F.);
#18723 = ADVANCED_FACE('',(#18724),#17464,.T.);
#18724 = FACE_BOUND('',#18725,.F.);
#18725 = EDGE_LOOP('',(#18726,#18727,#18728,#18729));
#18726 = ORIENTED_EDGE('',*,*,#17450,.F.);
#18727 = ORIENTED_EDGE('',*,*,#17786,.T.);
#18728 = ORIENTED_EDGE('',*,*,#17555,.T.);
#18729 = ORIENTED_EDGE('',*,*,#17481,.F.);
#18730 = ADVANCED_FACE('',(#18731),#17642,.T.);
#18731 = FACE_BOUND('',#18732,.F.);
#18732 = EDGE_LOOP('',(#18733,#18734,#18735,#18736));
#18733 = ORIENTED_EDGE('',*,*,#17628,.F.);
#18734 = ORIENTED_EDGE('',*,*,#17813,.T.);
#18735 = ORIENTED_EDGE('',*,*,#17733,.T.);
#18736 = ORIENTED_EDGE('',*,*,#17659,.F.);
#18737 = ADVANCED_FACE('',(#18738),#17901,.T.);
#18738 = FACE_BOUND('',#18739,.F.);
#18739 = EDGE_LOOP('',(#18740,#18741,#18742,#18743));
#18740 = ORIENTED_EDGE('',*,*,#17887,.F.);
#18741 = ORIENTED_EDGE('',*,*,#18374,.T.);
#18742 = ORIENTED_EDGE('',*,*,#17992,.T.);
#18743 = ORIENTED_EDGE('',*,*,#17918,.F.);
#18744 = ADVANCED_FACE('',(#18745),#18079,.T.);
#18745 = FACE_BOUND('',#18746,.F.);
#18746 = EDGE_LOOP('',(#18747,#18748,#18749,#18750));
#18747 = ORIENTED_EDGE('',*,*,#18065,.F.);
#18748 = ORIENTED_EDGE('',*,*,#18401,.T.);
#18749 = ORIENTED_EDGE('',*,*,#18170,.T.);
#18750 = ORIENTED_EDGE('',*,*,#18096,.F.);
#18751 = ADVANCED_FACE('',(#18752),#18257,.T.);
#18752 = FACE_BOUND('',#18753,.F.);
#18753 = EDGE_LOOP('',(#18754,#18755,#18756,#18757));
#18754 = ORIENTED_EDGE('',*,*,#18243,.F.);
#18755 = ORIENTED_EDGE('',*,*,#18428,.T.);
#18756 = ORIENTED_EDGE('',*,*,#18348,.T.);
#18757 = ORIENTED_EDGE('',*,*,#18274,.F.);
#18758 = ( GEOMETRIC_REPRESENTATION_CONTEXT(3) 
GLOBAL_UNCERTAINTY_ASSIGNED_CONTEXT((#18762)) 
GLOBAL_UNIT_ASSIGNED_CONTEXT((#18759,#18760,#18761)) 
REPRESENTATION_CONTEXT('Context #1',
  '3D Context with UNIT and UNCERTAINTY') );
#18759 = ( LENGTH_UNIT() NAMED_UNIT(*) SI_UNIT(.MILLI.,.METRE.) );
#18760 = ( NAMED_UNIT(*) PLANE_ANGLE_UNIT() SI_UNIT($,.RADIAN.) );
#18761 = ( NAMED_UNIT(*) SI_UNIT($,.STERADIAN.) SOLID_ANGLE_UNIT() );
#18762 = UNCERTAINTY_MEASURE_WITH_UNIT(LENGTH_MEASURE(1.E-07),#18759,
  'distance_accuracy_value','confusion accuracy');
#18763 = PRODUCT_RELATED_PRODUCT_CATEGORY('part',$,(#7));
ENDSEC;
END-ISO-10303-21;
